id,supabase_user_id,user_id,badge_number,name,rank,station,district,designation,phone,email,status,image_url,dataset_provenance,source_import_job_id,source_file,source_row_ref
8ceee794-99c8-5849-affd-e7d213e97f13,,,TN-OFFICER-000001,Tamil Nadu Officer OFFICER-000001,Inspector,THIRUVALLUR Station,THIRUVALLUR,Sub-Inspector,,,retired,,imported,12fe593e-e883-5cac-9710-f2ba74198299,13_officer.csv,OFFICER-000001
7f9b70bb-7443-54fb-b2af-5a3803d8f4fc,,,TN-OFFICER-000002,Tamil Nadu Officer OFFICER-000002,Inspector,TIRUNELVELI Station,TIRUNELVELI,Station House Officer,,,transferred,,imported,12fe593e-e883-5cac-9710-f2ba74198299,13_officer.csv,OFFICER-000002
3ccb787c-2a90-5c11-984e-0353010cc611,,,TN-OFFICER-000003,Tamil Nadu Officer OFFICER-000003,Sub-Inspector,MADURAI Station,MADURAI,Police Officer,,,retired,,imported,12fe593e-e883-5cac-9710-f2ba74198299,13_officer.csv,OFFICER-000003
f3d1c80c-d5dd-5274-b0b9-1e25d9b670b7,,,TN-OFFICER-000004,Tamil Nadu Officer OFFICER-000004,Assistant Superintendent,TIRUVANNAMALAI Station,TIRUVANNAMALAI,Investigator,,,suspended,,imported,12fe593e-e883-5cac-9710-f2ba74198299,13_officer.csv,OFFICER-000004
ed9a03b2-e4fa-5a36-aa6e-72fd625252cf,,,TN-OFFICER-000005,Tamil Nadu Officer OFFICER-000005,Deputy Superintendent,KALLAKURICHI Station,KALLAKURICHI,Sub-Inspector,,,transferred,,imported,12fe593e-e883-5cac-9710-f2ba74198299,13_officer.csv,OFFICER-000005
771d2ab2-ca97-5a2b-9d51-62fdd9375997,,,TN-OFFICER-000006,Tamil Nadu Officer OFFICER-000006,Assistant Superintendent,KANCHEEPURAM Station,KANCHEEPURAM,Investigator,,,retired,,imported,12fe593e-e883-5cac-9710-f2ba74198299,13_officer.csv,OFFICER-000006
2e0cae76-e174-58bf-8333-c68191eaf707,,,TN-OFFICER-000007,Tamil Nadu Officer OFFICER-000007,Sub-Inspector,VILUPPURAM Station,VILUPPURAM,Circle Inspector,,,transferred,,imported,12fe593e-e883-5cac-9710-f2ba74198299,13_officer.csv,OFFICER-000007
24222640-5402-5f16-a67f-4fe2cf61187c,,,TN-OFFICER-000008,Tamil Nadu Officer OFFICER-000008,Constable,DHARMAPURI Station,DHARMAPURI,Police Officer,,,active,,imported,12fe593e-e883-5cac-9710-f2ba74198299,13_officer.csv,OFFICER-000008
63aeb6b4-2763-5dcc-a112-6de787554600,,,TN-OFFICER-000009,Tamil Nadu Officer OFFICER-000009,Constable,RAMANATHAPURAM Station,RAMANATHAPURAM,Police Officer,,,retired,,imported,12fe593e-e883-5cac-9710-f2ba74198299,13_officer.csv,OFFICER-000009
14dd93ff-3e9b-50f6-84c5-2c4584a4aac2,,,TN-OFFICER-000010,Tamil Nadu Officer OFFICER-000010,Sub-Inspector,CHENGALPATTU Station,CHENGALPATTU,Circle Inspector,,,transferred,,imported,12fe593e-e883-5cac-9710-f2ba74198299,13_officer.csv,OFFICER-000010
9c18ffdc-08c0-5281-9936-b430e7402506,,,TN-OFFICER-000011,Tamil Nadu Officer OFFICER-000011,Superintendent,NAGAPATTINAM Station,NAGAPATTINAM,Station House Officer,,,retired,,imported,12fe593e-e883-5cac-9710-f2ba74198299,13_officer.csv,OFFICER-000011
f8ecf275-9279-5554-aaa7-29637d570bc0,,,TN-OFFICER-000012,Tamil Nadu Officer OFFICER-000012,Assistant Superintendent,MAYILADUTHURAI Station,MAYILADUTHURAI,Police Officer,,,transferred,,imported,12fe593e-e883-5cac-9710-f2ba74198299,13_officer.csv,OFFICER-000012
82764128-d9bd-5a55-8d0d-e252fa43381c,,,TN-OFFICER-000013,Tamil Nadu Officer OFFICER-000013,Inspector,TIRUPATHUR Station,TIRUPATHUR,Station House Officer,,,transferred,,imported,12fe593e-e883-5cac-9710-f2ba74198299,13_officer.csv,OFFICER-000013
3fc2a647-89e4-51cc-9bbb-fc1ebb80fc0d,,,TN-OFFICER-000014,Tamil Nadu Officer OFFICER-000014,Deputy Superintendent,ERODE Station,ERODE,Sub-Inspector,,,transferred,,imported,12fe593e-e883-5cac-9710-f2ba74198299,13_officer.csv,OFFICER-000014
4b81bb68-263d-5620-a8cf-445c899a8983,,,TN-OFFICER-000015,Tamil Nadu Officer OFFICER-000015,Inspector,DINDIGUL Station,DINDIGUL,Station House Officer,,,transferred,,imported,12fe593e-e883-5cac-9710-f2ba74198299,13_officer.csv,OFFICER-000015
696e6484-b20f-5f13-a197-e5cf60eb22d6,,,TN-OFFICER-000016,Tamil Nadu Officer OFFICER-000016,Assistant Superintendent,KALLAKURICHI Station,KALLAKURICHI,Station House Officer,,,suspended,,imported,12fe593e-e883-5cac-9710-f2ba74198299,13_officer.csv,OFFICER-000016
52f06046-f437-5adb-a8cd-59f75383ece0,,,TN-OFFICER-000017,Tamil Nadu Officer OFFICER-000017,Deputy Superintendent,KANYAKUMARI Station,KANYAKUMARI,Sub-Inspector,,,active,,imported,12fe593e-e883-5cac-9710-f2ba74198299,13_officer.csv,OFFICER-000017
acc858d7-dc3e-591e-a891-113673da720a,,,TN-OFFICER-000018,Tamil Nadu Officer OFFICER-000018,Superintendent,ARIYALUR Station,ARIYALUR,Sub-Inspector,,,transferred,,imported,12fe593e-e883-5cac-9710-f2ba74198299,13_officer.csv,OFFICER-000018
b6188cbd-00c5-5972-bb28-43ebf4f7419f,,,TN-OFFICER-000019,Tamil Nadu Officer OFFICER-000019,Sub-Inspector,NAMAKKAL Station,NAMAKKAL,Police Officer,,,retired,,imported,12fe593e-e883-5cac-9710-f2ba74198299,13_officer.csv,OFFICER-000019
dc30e74d-7a01-50dd-9d08-1a75ff3faa65,,,TN-OFFICER-000020,Tamil Nadu Officer OFFICER-000020,Deputy Superintendent,THENI Station,THENI,Station House Officer,,,active,,imported,12fe593e-e883-5cac-9710-f2ba74198299,13_officer.csv,OFFICER-000020
e1342277-6279-5778-8d73-d80f53a23563,,,TN-OFFICER-000021,Tamil Nadu Officer OFFICER-000021,Sub-Inspector,THENI Station,THENI,Station House Officer,,,transferred,,imported,12fe593e-e883-5cac-9710-f2ba74198299,13_officer.csv,OFFICER-000021
dbcf748e-9346-5f48-b476-487965607bb1,,,TN-OFFICER-000022,Tamil Nadu Officer OFFICER-000022,Deputy Superintendent,KRISHNAGIRI Station,KRISHNAGIRI,Investigator,,,transferred,,imported,12fe593e-e883-5cac-9710-f2ba74198299,13_officer.csv,OFFICER-000022
409a3a0c-6443-5a3d-bc16-fada10dff36d,,,TN-OFFICER-000023,Tamil Nadu Officer OFFICER-000023,Assistant Superintendent,KALLAKURICHI Station,KALLAKURICHI,Station House Officer,,,active,,imported,12fe593e-e883-5cac-9710-f2ba74198299,13_officer.csv,OFFICER-000023
eaee4615-9387-5fa1-b86f-6ffb713011e8,,,TN-OFFICER-000024,Tamil Nadu Officer OFFICER-000024,Inspector,CHENGALPATTU Station,CHENGALPATTU,Sub-Inspector,,,retired,,imported,12fe593e-e883-5cac-9710-f2ba74198299,13_officer.csv,OFFICER-000024
ca579d66-d5bd-52be-b560-ecfd976735fc,,,TN-OFFICER-000025,Tamil Nadu Officer OFFICER-000025,Sub-Inspector,RAMESWARAM Station,RAMESWARAM,Circle Inspector,,,transferred,,imported,12fe593e-e883-5cac-9710-f2ba74198299,13_officer.csv,OFFICER-000025
699f6adb-7eec-56ef-bed7-374f9f77dded,,,TN-OFFICER-000026,Tamil Nadu Officer OFFICER-000026,Constable,KARUR Station,KARUR,Sub-Inspector,,,retired,,imported,12fe593e-e883-5cac-9710-f2ba74198299,13_officer.csv,OFFICER-000026
0cf1eaa1-1b42-59fb-a8bb-28fb7bf30e73,,,TN-OFFICER-000027,Tamil Nadu Officer OFFICER-000027,Superintendent,THIRUVALLUR Station,THIRUVALLUR,Police Officer,,,retired,,imported,12fe593e-e883-5cac-9710-f2ba74198299,13_officer.csv,OFFICER-000027
a8358513-0287-5ec9-b89b-59d32ee4b9d8,,,TN-OFFICER-000028,Tamil Nadu Officer OFFICER-000028,Sub-Inspector,RAMANATHAPURAM Station,RAMANATHAPURAM,Station House Officer,,,transferred,,imported,12fe593e-e883-5cac-9710-f2ba74198299,13_officer.csv,OFFICER-000028
72d71689-7d53-52a3-9d39-2fd51c3fee89,,,TN-OFFICER-000029,Tamil Nadu Officer OFFICER-000029,Constable,TIRUVANNAMALAI Station,TIRUVANNAMALAI,Circle Inspector,,,retired,,imported,12fe593e-e883-5cac-9710-f2ba74198299,13_officer.csv,OFFICER-000029
f37a0b71-0175-567a-99ba-642dbe2211c5,,,TN-OFFICER-000030,Tamil Nadu Officer OFFICER-000030,Deputy Superintendent,TENKASI Station,TENKASI,Circle Inspector,,,active,,imported,12fe593e-e883-5cac-9710-f2ba74198299,13_officer.csv,OFFICER-000030
8914a91d-ac4d-5643-8648-8f286947b444,,,TN-OFFICER-000031,Tamil Nadu Officer OFFICER-000031,Assistant Superintendent,KUMBAKONAM Station,KUMBAKONAM,Station House Officer,,,suspended,,imported,12fe593e-e883-5cac-9710-f2ba74198299,13_officer.csv,OFFICER-000031
179f940c-1694-5516-8e54-ae26103dbe59,,,TN-OFFICER-000032,Tamil Nadu Officer OFFICER-000032,Deputy Superintendent,NAGAPATTINAM Station,NAGAPATTINAM,Investigator,,,retired,,imported,12fe593e-e883-5cac-9710-f2ba74198299,13_officer.csv,OFFICER-000032
f38283be-0dfd-5dc0-9823-5d362a0dba99,,,TN-OFFICER-000033,Tamil Nadu Officer OFFICER-000033,Constable,VIRUDHUNAGAR Station,VIRUDHUNAGAR,Investigator,,,active,,imported,12fe593e-e883-5cac-9710-f2ba74198299,13_officer.csv,OFFICER-000033
0d3084e3-04d3-5ed1-8f9a-0bfcaf303df8,,,TN-OFFICER-000034,Tamil Nadu Officer OFFICER-000034,Assistant Superintendent,TIRUVANNAMALAI Station,TIRUVANNAMALAI,Police Officer,,,suspended,,imported,12fe593e-e883-5cac-9710-f2ba74198299,13_officer.csv,OFFICER-000034
2eac2501-6831-50ac-a6d4-4bbedcaadf01,,,TN-OFFICER-000035,Tamil Nadu Officer OFFICER-000035,Deputy Superintendent,KARUR Station,KARUR,Sub-Inspector,,,transferred,,imported,12fe593e-e883-5cac-9710-f2ba74198299,13_officer.csv,OFFICER-000035
78ceeca1-5ad8-518b-a99b-74a33161432a,,,TN-OFFICER-000036,Tamil Nadu Officer OFFICER-000036,Sub-Inspector,RAMANATHAPURAM Station,RAMANATHAPURAM,Station House Officer,,,retired,,imported,12fe593e-e883-5cac-9710-f2ba74198299,13_officer.csv,OFFICER-000036
4b52887a-45ea-54e2-b4d8-50ac129e26d0,,,TN-OFFICER-000037,Tamil Nadu Officer OFFICER-000037,Sub-Inspector,RAMESWARAM Station,RAMESWARAM,Station House Officer,,,active,,imported,12fe593e-e883-5cac-9710-f2ba74198299,13_officer.csv,OFFICER-000037
53c4e923-ce35-5a5f-9ce2-2577587017af,,,TN-OFFICER-000038,Tamil Nadu Officer OFFICER-000038,Assistant Superintendent,THOOTHUKUDI Station,THOOTHUKUDI,Sub-Inspector,,,active,,imported,12fe593e-e883-5cac-9710-f2ba74198299,13_officer.csv,OFFICER-000038
0bba3245-388c-5251-a324-9778de293438,,,TN-OFFICER-000039,Tamil Nadu Officer OFFICER-000039,Sub-Inspector,DINDIGUL Station,DINDIGUL,Station House Officer,,,retired,,imported,12fe593e-e883-5cac-9710-f2ba74198299,13_officer.csv,OFFICER-000039
de2acd09-37cb-57d4-b1cf-b17177e11ed4,,,TN-OFFICER-000040,Tamil Nadu Officer OFFICER-000040,Constable,MADURAI Station,MADURAI,Investigator,,,transferred,,imported,12fe593e-e883-5cac-9710-f2ba74198299,13_officer.csv,OFFICER-000040
abc83664-ecb7-5c11-b890-c400ef855e23,,,TN-OFFICER-000041,Tamil Nadu Officer OFFICER-000041,Superintendent,COIMBATORE Station,COIMBATORE,Police Officer,,,retired,,imported,12fe593e-e883-5cac-9710-f2ba74198299,13_officer.csv,OFFICER-000041
ad9e9eef-1fd5-5887-be01-7ddb42ce618d,,,TN-OFFICER-000042,Tamil Nadu Officer OFFICER-000042,Superintendent,RANIPET Station,RANIPET,Investigator,,,active,,imported,12fe593e-e883-5cac-9710-f2ba74198299,13_officer.csv,OFFICER-000042
05b6880e-2ba4-59e6-b446-38767b494781,,,TN-OFFICER-000043,Tamil Nadu Officer OFFICER-000043,Constable,THE_NILGIRIS Station,THE_NILGIRIS,Circle Inspector,,,retired,,imported,12fe593e-e883-5cac-9710-f2ba74198299,13_officer.csv,OFFICER-000043
5b77db7e-4e07-50ce-9a00-8dfc67addbff,,,TN-OFFICER-000044,Tamil Nadu Officer OFFICER-000044,Assistant Superintendent,KUMBAKONAM Station,KUMBAKONAM,Police Officer,,,transferred,,imported,12fe593e-e883-5cac-9710-f2ba74198299,13_officer.csv,OFFICER-000044
f41cc88c-8f58-590b-9d23-d7b272f1bd0d,,,TN-OFFICER-000045,Tamil Nadu Officer OFFICER-000045,Superintendent,ARIYALUR Station,ARIYALUR,Circle Inspector,,,retired,,imported,12fe593e-e883-5cac-9710-f2ba74198299,13_officer.csv,OFFICER-000045
db31ec31-d850-5d4e-ab75-f0f1818c0a3e,,,TN-OFFICER-000046,Tamil Nadu Officer OFFICER-000046,Inspector,CHENGALPATTU Station,CHENGALPATTU,Police Officer,,,active,,imported,12fe593e-e883-5cac-9710-f2ba74198299,13_officer.csv,OFFICER-000046
6ceb1210-9d73-531c-9ae5-e17c21fdc3d3,,,TN-OFFICER-000047,Tamil Nadu Officer OFFICER-000047,Superintendent,THE_NILGIRIS Station,THE_NILGIRIS,Investigator,,,suspended,,imported,12fe593e-e883-5cac-9710-f2ba74198299,13_officer.csv,OFFICER-000047
72e3c1a5-e136-5d84-9e6e-d1afa3de5638,,,TN-OFFICER-000048,Tamil Nadu Officer OFFICER-000048,Superintendent,KANCHEEPURAM Station,KANCHEEPURAM,Circle Inspector,,,retired,,imported,12fe593e-e883-5cac-9710-f2ba74198299,13_officer.csv,OFFICER-000048
4a18635b-08e5-5599-99c5-c3189af13aa0,,,TN-OFFICER-000049,Tamil Nadu Officer OFFICER-000049,Superintendent,DHARMAPURI Station,DHARMAPURI,Station House Officer,,,retired,,imported,12fe593e-e883-5cac-9710-f2ba74198299,13_officer.csv,OFFICER-000049
fcbe5ce5-69bf-5d2c-a251-3c8ea012cd2e,,,TN-OFFICER-000050,Tamil Nadu Officer OFFICER-000050,Inspector,VIRUDHUNAGAR Station,VIRUDHUNAGAR,Investigator,,,retired,,imported,12fe593e-e883-5cac-9710-f2ba74198299,13_officer.csv,OFFICER-000050
fca1e715-01f5-5e35-844d-7e4b4751a294,,,TN-OFFICER-000051,Tamil Nadu Officer OFFICER-000051,Deputy Superintendent,ERODE Station,ERODE,Police Officer,,,retired,,imported,12fe593e-e883-5cac-9710-f2ba74198299,13_officer.csv,OFFICER-000051
915b0279-ecd1-5d4b-b8db-1ff16a5f3255,,,TN-OFFICER-000052,Tamil Nadu Officer OFFICER-000052,Constable,DHARMAPURI Station,DHARMAPURI,Investigator,,,transferred,,imported,12fe593e-e883-5cac-9710-f2ba74198299,13_officer.csv,OFFICER-000052
1ef65002-5059-5c14-81d4-1c27c93229c8,,,TN-OFFICER-000053,Tamil Nadu Officer OFFICER-000053,Constable,NAMAKKAL Station,NAMAKKAL,Police Officer,,,retired,,imported,12fe593e-e883-5cac-9710-f2ba74198299,13_officer.csv,OFFICER-000053
b9344789-1700-58e9-86d4-1fd7786d154e,,,TN-OFFICER-000054,Tamil Nadu Officer OFFICER-000054,Deputy Superintendent,RAMANATHAPURAM Station,RAMANATHAPURAM,Circle Inspector,,,retired,,imported,12fe593e-e883-5cac-9710-f2ba74198299,13_officer.csv,OFFICER-000054
0377d6a3-a071-528a-a525-5f6efb14b2a5,,,TN-OFFICER-000055,Tamil Nadu Officer OFFICER-000055,Deputy Superintendent,KANCHEEPURAM Station,KANCHEEPURAM,Sub-Inspector,,,transferred,,imported,12fe593e-e883-5cac-9710-f2ba74198299,13_officer.csv,OFFICER-000055
89d9f72e-d834-58cc-8e1c-caad3cd1c73d,,,TN-OFFICER-000056,Tamil Nadu Officer OFFICER-000056,Deputy Superintendent,THENI Station,THENI,Police Officer,,,retired,,imported,12fe593e-e883-5cac-9710-f2ba74198299,13_officer.csv,OFFICER-000056
5fbfd655-07ba-5d5d-b216-2cebef5b4cf7,,,TN-OFFICER-000057,Tamil Nadu Officer OFFICER-000057,Assistant Superintendent,THIRUVALLUR Station,THIRUVALLUR,Investigator,,,transferred,,imported,12fe593e-e883-5cac-9710-f2ba74198299,13_officer.csv,OFFICER-000057
5c394562-00d4-50bb-88b4-73cd1823d474,,,TN-OFFICER-000058,Tamil Nadu Officer OFFICER-000058,Constable,DHARMAPURI Station,DHARMAPURI,Station House Officer,,,retired,,imported,12fe593e-e883-5cac-9710-f2ba74198299,13_officer.csv,OFFICER-000058
6d4848ae-56f4-51bf-851a-c747c18d2b19,,,TN-OFFICER-000059,Tamil Nadu Officer OFFICER-000059,Inspector,KARUR Station,KARUR,Investigator,,,active,,imported,12fe593e-e883-5cac-9710-f2ba74198299,13_officer.csv,OFFICER-000059
0c9a5fa9-e9d0-5968-aba2-0c21414ae112,,,TN-OFFICER-000060,Tamil Nadu Officer OFFICER-000060,Superintendent,ERODE Station,ERODE,Investigator,,,active,,imported,12fe593e-e883-5cac-9710-f2ba74198299,13_officer.csv,OFFICER-000060
4c186d32-3737-5e43-97ee-565c196c20cc,,,TN-OFFICER-000061,Tamil Nadu Officer OFFICER-000061,Constable,MAYILADUTHURAI Station,MAYILADUTHURAI,Investigator,,,suspended,,imported,12fe593e-e883-5cac-9710-f2ba74198299,13_officer.csv,OFFICER-000061
d20ab122-aa38-5cf0-857a-574c72657368,,,TN-OFFICER-000062,Tamil Nadu Officer OFFICER-000062,Constable,TIRUPPUR Station,TIRUPPUR,Police Officer,,,retired,,imported,12fe593e-e883-5cac-9710-f2ba74198299,13_officer.csv,OFFICER-000062
e9416233-c610-59e6-a631-1e9f08f1cc7c,,,TN-OFFICER-000063,Tamil Nadu Officer OFFICER-000063,Sub-Inspector,VIRUDHUNAGAR Station,VIRUDHUNAGAR,Circle Inspector,,,suspended,,imported,12fe593e-e883-5cac-9710-f2ba74198299,13_officer.csv,OFFICER-000063
867ba876-e8fb-5d61-a033-04ae64b18c79,,,TN-OFFICER-000064,Tamil Nadu Officer OFFICER-000064,Constable,THE_NILGIRIS Station,THE_NILGIRIS,Circle Inspector,,,active,,imported,12fe593e-e883-5cac-9710-f2ba74198299,13_officer.csv,OFFICER-000064
a1bcb78f-4fb7-5524-b1e6-6972ba347ec6,,,TN-OFFICER-000065,Tamil Nadu Officer OFFICER-000065,Deputy Superintendent,KANYAKUMARI Station,KANYAKUMARI,Investigator,,,transferred,,imported,12fe593e-e883-5cac-9710-f2ba74198299,13_officer.csv,OFFICER-000065
ac1bbf09-2a87-514c-a84c-79608042dd64,,,TN-OFFICER-000066,Tamil Nadu Officer OFFICER-000066,Constable,CHENNAI Station,CHENNAI,Police Officer,,,active,,imported,12fe593e-e883-5cac-9710-f2ba74198299,13_officer.csv,OFFICER-000066
8e3482a4-6856-51a0-b827-833bae5728f0,,,TN-OFFICER-000067,Tamil Nadu Officer OFFICER-000067,Deputy Superintendent,THIRUVALLUR Station,THIRUVALLUR,Investigator,,,suspended,,imported,12fe593e-e883-5cac-9710-f2ba74198299,13_officer.csv,OFFICER-000067
8a7fb721-0204-5e43-9d1e-45ebf1678b92,,,TN-OFFICER-000068,Tamil Nadu Officer OFFICER-000068,Assistant Superintendent,KANCHEEPURAM Station,KANCHEEPURAM,Police Officer,,,suspended,,imported,12fe593e-e883-5cac-9710-f2ba74198299,13_officer.csv,OFFICER-000068
3655d181-f9d7-5bdd-853d-0e14113c3b21,,,TN-OFFICER-000069,Tamil Nadu Officer OFFICER-000069,Inspector,CHENGALPATTU Station,CHENGALPATTU,Station House Officer,,,retired,,imported,12fe593e-e883-5cac-9710-f2ba74198299,13_officer.csv,OFFICER-000069
2088bb64-8f29-55d2-9800-4e82cf40e64f,,,TN-OFFICER-000070,Tamil Nadu Officer OFFICER-000070,Sub-Inspector,SIVAGANGA Station,SIVAGANGA,Police Officer,,,retired,,imported,12fe593e-e883-5cac-9710-f2ba74198299,13_officer.csv,OFFICER-000070
541ca7e8-c2c1-5b17-bf77-1216bfc12456,,,TN-OFFICER-000071,Tamil Nadu Officer OFFICER-000071,Deputy Superintendent,TIRUPATHUR Station,TIRUPATHUR,Sub-Inspector,,,retired,,imported,12fe593e-e883-5cac-9710-f2ba74198299,13_officer.csv,OFFICER-000071
7a15d863-f84c-5b2d-ab9e-bdf77d506600,,,TN-OFFICER-000072,Tamil Nadu Officer OFFICER-000072,Constable,THIRUVARUR Station,THIRUVARUR,Police Officer,,,transferred,,imported,12fe593e-e883-5cac-9710-f2ba74198299,13_officer.csv,OFFICER-000072
9c185987-e685-50e2-bab9-ba20729dbef3,,,TN-OFFICER-000073,Tamil Nadu Officer OFFICER-000073,Superintendent,MADURAI Station,MADURAI,Station House Officer,,,suspended,,imported,12fe593e-e883-5cac-9710-f2ba74198299,13_officer.csv,OFFICER-000073
df5a1d87-0b66-5c8b-9f1c-469f795406e7,,,TN-OFFICER-000074,Tamil Nadu Officer OFFICER-000074,Superintendent,KANCHEEPURAM Station,KANCHEEPURAM,Police Officer,,,active,,imported,12fe593e-e883-5cac-9710-f2ba74198299,13_officer.csv,OFFICER-000074
b86c3ae0-d1fd-5545-944c-57d073e01b1e,,,TN-OFFICER-000075,Tamil Nadu Officer OFFICER-000075,Assistant Superintendent,TIRUVANNAMALAI Station,TIRUVANNAMALAI,Sub-Inspector,,,suspended,,imported,12fe593e-e883-5cac-9710-f2ba74198299,13_officer.csv,OFFICER-000075
a93fce13-bd22-5d6b-9cd9-db019d81d316,,,TN-OFFICER-000076,Tamil Nadu Officer OFFICER-000076,Deputy Superintendent,KARUR Station,KARUR,Police Officer,,,active,,imported,12fe593e-e883-5cac-9710-f2ba74198299,13_officer.csv,OFFICER-000076
0589ff8b-4b1c-59af-ac07-1d7c19a34ca0,,,TN-OFFICER-000077,Tamil Nadu Officer OFFICER-000077,Deputy Superintendent,KANYAKUMARI Station,KANYAKUMARI,Investigator,,,suspended,,imported,12fe593e-e883-5cac-9710-f2ba74198299,13_officer.csv,OFFICER-000077
0f3e0985-b1b9-542c-a8e8-53565c58f185,,,TN-OFFICER-000078,Tamil Nadu Officer OFFICER-000078,Sub-Inspector,VILUPPURAM Station,VILUPPURAM,Station House Officer,,,retired,,imported,12fe593e-e883-5cac-9710-f2ba74198299,13_officer.csv,OFFICER-000078
c589b4a4-4052-5b2d-a83a-8d6619c1163a,,,TN-OFFICER-000079,Tamil Nadu Officer OFFICER-000079,Sub-Inspector,PUDUKOTTAI Station,PUDUKOTTAI,Sub-Inspector,,,transferred,,imported,12fe593e-e883-5cac-9710-f2ba74198299,13_officer.csv,OFFICER-000079
5293bd96-0288-5ab6-a8dd-fc03f6be6f86,,,TN-OFFICER-000080,Tamil Nadu Officer OFFICER-000080,Constable,MADURAI Station,MADURAI,Police Officer,,,active,,imported,12fe593e-e883-5cac-9710-f2ba74198299,13_officer.csv,OFFICER-000080
c5440dcc-7794-503d-81b7-171ad78402ab,,,TN-OFFICER-000081,Tamil Nadu Officer OFFICER-000081,Sub-Inspector,KARUR Station,KARUR,Investigator,,,suspended,,imported,12fe593e-e883-5cac-9710-f2ba74198299,13_officer.csv,OFFICER-000081
8a03d4ff-02c9-52a9-8871-d5afbc007a53,,,TN-OFFICER-000082,Tamil Nadu Officer OFFICER-000082,Superintendent,PUDUKOTTAI Station,PUDUKOTTAI,Sub-Inspector,,,retired,,imported,12fe593e-e883-5cac-9710-f2ba74198299,13_officer.csv,OFFICER-000082
3159bd29-5798-5c50-a3e1-67efed861512,,,TN-OFFICER-000083,Tamil Nadu Officer OFFICER-000083,Sub-Inspector,CHENNAI Station,CHENNAI,Sub-Inspector,,,suspended,,imported,12fe593e-e883-5cac-9710-f2ba74198299,13_officer.csv,OFFICER-000083
6d31420c-0f65-51ee-a954-bd8417678143,,,TN-OFFICER-000084,Tamil Nadu Officer OFFICER-000084,Inspector,MADURAI Station,MADURAI,Police Officer,,,retired,,imported,12fe593e-e883-5cac-9710-f2ba74198299,13_officer.csv,OFFICER-000084
128b6ccb-9bab-529b-b5ee-23c03e640f89,,,TN-OFFICER-000085,Tamil Nadu Officer OFFICER-000085,Inspector,PUDUKOTTAI Station,PUDUKOTTAI,Police Officer,,,active,,imported,12fe593e-e883-5cac-9710-f2ba74198299,13_officer.csv,OFFICER-000085
d8a5e9af-356c-5775-b949-e83d7e16f78a,,,TN-OFFICER-000086,Tamil Nadu Officer OFFICER-000086,Assistant Superintendent,NAGAPATTINAM Station,NAGAPATTINAM,Investigator,,,active,,imported,12fe593e-e883-5cac-9710-f2ba74198299,13_officer.csv,OFFICER-000086
d48b5ae9-b075-523b-be8a-7fb3975ae973,,,TN-OFFICER-000087,Tamil Nadu Officer OFFICER-000087,Inspector,KANCHEEPURAM Station,KANCHEEPURAM,Police Officer,,,transferred,,imported,12fe593e-e883-5cac-9710-f2ba74198299,13_officer.csv,OFFICER-000087
7e759853-e7fe-59b1-b848-26bc02313259,,,TN-OFFICER-000088,Tamil Nadu Officer OFFICER-000088,Deputy Superintendent,PUDUKOTTAI Station,PUDUKOTTAI,Station House Officer,,,suspended,,imported,12fe593e-e883-5cac-9710-f2ba74198299,13_officer.csv,OFFICER-000088
9d3f5bcb-ee0b-5ed1-8723-e2c99bb3a1f9,,,TN-OFFICER-000089,Tamil Nadu Officer OFFICER-000089,Assistant Superintendent,NAGAPATTINAM Station,NAGAPATTINAM,Police Officer,,,retired,,imported,12fe593e-e883-5cac-9710-f2ba74198299,13_officer.csv,OFFICER-000089
ef876810-5b67-5b53-b3a9-35ecdc04c60f,,,TN-OFFICER-000090,Tamil Nadu Officer OFFICER-000090,Assistant Superintendent,ARIYALUR Station,ARIYALUR,Circle Inspector,,,transferred,,imported,12fe593e-e883-5cac-9710-f2ba74198299,13_officer.csv,OFFICER-000090
35107fab-8d72-52a9-80e6-4209b4713134,,,TN-OFFICER-000091,Tamil Nadu Officer OFFICER-000091,Constable,ARIYALUR Station,ARIYALUR,Circle Inspector,,,active,,imported,12fe593e-e883-5cac-9710-f2ba74198299,13_officer.csv,OFFICER-000091
8fb10280-c116-5007-914f-542c59b7f716,,,TN-OFFICER-000092,Tamil Nadu Officer OFFICER-000092,Sub-Inspector,DINDIGUL Station,DINDIGUL,Station House Officer,,,suspended,,imported,12fe593e-e883-5cac-9710-f2ba74198299,13_officer.csv,OFFICER-000092
76c2b881-9d99-5063-af02-e1a761939a9a,,,TN-OFFICER-000093,Tamil Nadu Officer OFFICER-000093,Constable,KUMBAKONAM Station,KUMBAKONAM,Circle Inspector,,,active,,imported,12fe593e-e883-5cac-9710-f2ba74198299,13_officer.csv,OFFICER-000093
cdbb3c67-1ba4-50b0-a523-a8b7d4b49195,,,TN-OFFICER-000094,Tamil Nadu Officer OFFICER-000094,Superintendent,VIRUDHUNAGAR Station,VIRUDHUNAGAR,Circle Inspector,,,transferred,,imported,12fe593e-e883-5cac-9710-f2ba74198299,13_officer.csv,OFFICER-000094
2a04d128-1456-538d-a576-aaefc7cd65ad,,,TN-OFFICER-000095,Tamil Nadu Officer OFFICER-000095,Superintendent,RAMANATHAPURAM Station,RAMANATHAPURAM,Police Officer,,,retired,,imported,12fe593e-e883-5cac-9710-f2ba74198299,13_officer.csv,OFFICER-000095
61890ec3-810c-5edf-8781-6e0f5fa4ff1d,,,TN-OFFICER-000096,Tamil Nadu Officer OFFICER-000096,Assistant Superintendent,RAMANATHAPURAM Station,RAMANATHAPURAM,Station House Officer,,,suspended,,imported,12fe593e-e883-5cac-9710-f2ba74198299,13_officer.csv,OFFICER-000096
ee118e3c-fc2f-5778-ae8a-561d7ecca147,,,TN-OFFICER-000097,Tamil Nadu Officer OFFICER-000097,Constable,RANIPET Station,RANIPET,Station House Officer,,,suspended,,imported,12fe593e-e883-5cac-9710-f2ba74198299,13_officer.csv,OFFICER-000097
49fe4cdf-721d-59ca-84ac-0e9f2a0e1f0e,,,TN-OFFICER-000098,Tamil Nadu Officer OFFICER-000098,Superintendent,NAGAPATTINAM Station,NAGAPATTINAM,Sub-Inspector,,,active,,imported,12fe593e-e883-5cac-9710-f2ba74198299,13_officer.csv,OFFICER-000098
6d2973e9-4c14-5aeb-807a-e4cfc4b84162,,,TN-OFFICER-000099,Tamil Nadu Officer OFFICER-000099,Assistant Superintendent,RAMANATHAPURAM Station,RAMANATHAPURAM,Investigator,,,active,,imported,12fe593e-e883-5cac-9710-f2ba74198299,13_officer.csv,OFFICER-000099
dfb1d7a5-e49a-5a57-b4ce-89d9cda1d20b,,,TN-OFFICER-000100,Tamil Nadu Officer OFFICER-000100,Assistant Superintendent,CHENGALPATTU Station,CHENGALPATTU,Circle Inspector,,,active,,imported,12fe593e-e883-5cac-9710-f2ba74198299,13_officer.csv,OFFICER-000100
9333215f-e05a-52ed-a3cd-9cdefa5c4a50,,,TN-OFFICER-000101,Tamil Nadu Officer OFFICER-000101,Assistant Superintendent,ERODE Station,ERODE,Police Officer,,,suspended,,imported,12fe593e-e883-5cac-9710-f2ba74198299,13_officer.csv,OFFICER-000101
2e7c63c0-da46-5083-8311-7a721fbf7222,,,TN-OFFICER-000102,Tamil Nadu Officer OFFICER-000102,Deputy Superintendent,MADURAI Station,MADURAI,Station House Officer,,,active,,imported,12fe593e-e883-5cac-9710-f2ba74198299,13_officer.csv,OFFICER-000102
cc71cde3-9c23-5c3d-87d0-3b714a27b7b5,,,TN-OFFICER-000103,Tamil Nadu Officer OFFICER-000103,Superintendent,KUMBAKONAM Station,KUMBAKONAM,Sub-Inspector,,,transferred,,imported,12fe593e-e883-5cac-9710-f2ba74198299,13_officer.csv,OFFICER-000103
055c3f10-3ca0-5156-85ac-f515bb1bd878,,,TN-OFFICER-000104,Tamil Nadu Officer OFFICER-000104,Constable,ARIYALUR Station,ARIYALUR,Police Officer,,,retired,,imported,12fe593e-e883-5cac-9710-f2ba74198299,13_officer.csv,OFFICER-000104
d2451623-0f63-53a4-9f7f-11e2c0ab68dc,,,TN-OFFICER-000105,Tamil Nadu Officer OFFICER-000105,Superintendent,KUMBAKONAM Station,KUMBAKONAM,Police Officer,,,retired,,imported,12fe593e-e883-5cac-9710-f2ba74198299,13_officer.csv,OFFICER-000105
73236e9d-5c08-59e4-91d5-462177cff3e6,,,TN-OFFICER-000106,Tamil Nadu Officer OFFICER-000106,Superintendent,THIRUVALLUR Station,THIRUVALLUR,Police Officer,,,suspended,,imported,12fe593e-e883-5cac-9710-f2ba74198299,13_officer.csv,OFFICER-000106
5b20a29a-0994-5988-97cc-e9e2d0a152d2,,,TN-OFFICER-000107,Tamil Nadu Officer OFFICER-000107,Superintendent,MADURAI Station,MADURAI,Sub-Inspector,,,active,,imported,12fe593e-e883-5cac-9710-f2ba74198299,13_officer.csv,OFFICER-000107
a87890b2-5b48-56a0-b11c-c3054aba9cbf,,,TN-OFFICER-000108,Tamil Nadu Officer OFFICER-000108,Deputy Superintendent,THIRUVARUR Station,THIRUVARUR,Investigator,,,suspended,,imported,12fe593e-e883-5cac-9710-f2ba74198299,13_officer.csv,OFFICER-000108
450d5393-6c35-55fc-bf15-650bf34d52bd,,,TN-OFFICER-000109,Tamil Nadu Officer OFFICER-000109,Inspector,DHARMAPURI Station,DHARMAPURI,Sub-Inspector,,,suspended,,imported,12fe593e-e883-5cac-9710-f2ba74198299,13_officer.csv,OFFICER-000109
846e641c-a10c-5651-b36a-10c24179787b,,,TN-OFFICER-000110,Tamil Nadu Officer OFFICER-000110,Sub-Inspector,TIRUNELVELI Station,TIRUNELVELI,Station House Officer,,,transferred,,imported,12fe593e-e883-5cac-9710-f2ba74198299,13_officer.csv,OFFICER-000110
003fb900-1f87-5585-bc48-cf34cd80216d,,,TN-OFFICER-000111,Tamil Nadu Officer OFFICER-000111,Constable,CHENNAI Station,CHENNAI,Investigator,,,retired,,imported,12fe593e-e883-5cac-9710-f2ba74198299,13_officer.csv,OFFICER-000111
b9187a3d-796c-544a-b927-a7eddf32cc54,,,TN-OFFICER-000112,Tamil Nadu Officer OFFICER-000112,Constable,COIMBATORE Station,COIMBATORE,Circle Inspector,,,transferred,,imported,12fe593e-e883-5cac-9710-f2ba74198299,13_officer.csv,OFFICER-000112
86b966ed-ae26-551b-ae2c-d5776b1ed93b,,,TN-OFFICER-000113,Tamil Nadu Officer OFFICER-000113,Assistant Superintendent,DINDIGUL Station,DINDIGUL,Sub-Inspector,,,transferred,,imported,12fe593e-e883-5cac-9710-f2ba74198299,13_officer.csv,OFFICER-000113
eed39310-c6da-53b5-afdb-79e9266d516f,,,TN-OFFICER-000114,Tamil Nadu Officer OFFICER-000114,Deputy Superintendent,NAGAPATTINAM Station,NAGAPATTINAM,Police Officer,,,suspended,,imported,12fe593e-e883-5cac-9710-f2ba74198299,13_officer.csv,OFFICER-000114
c797c734-ec75-5fb5-93c1-7233482e531f,,,TN-OFFICER-000115,Tamil Nadu Officer OFFICER-000115,Sub-Inspector,CUDDALORE Station,CUDDALORE,Investigator,,,suspended,,imported,12fe593e-e883-5cac-9710-f2ba74198299,13_officer.csv,OFFICER-000115
6b5a38d1-b724-5aa5-b06e-472ef8d28a04,,,TN-OFFICER-000116,Tamil Nadu Officer OFFICER-000116,Deputy Superintendent,NAMAKKAL Station,NAMAKKAL,Police Officer,,,suspended,,imported,12fe593e-e883-5cac-9710-f2ba74198299,13_officer.csv,OFFICER-000116
adaf95b9-3827-541f-a049-ea91cc380b83,,,TN-OFFICER-000117,Tamil Nadu Officer OFFICER-000117,Assistant Superintendent,NAGAPATTINAM Station,NAGAPATTINAM,Station House Officer,,,active,,imported,12fe593e-e883-5cac-9710-f2ba74198299,13_officer.csv,OFFICER-000117
b878a6ef-6c22-5e09-9a87-d804d22c8187,,,TN-OFFICER-000118,Tamil Nadu Officer OFFICER-000118,Sub-Inspector,CHENGALPATTU Station,CHENGALPATTU,Investigator,,,suspended,,imported,12fe593e-e883-5cac-9710-f2ba74198299,13_officer.csv,OFFICER-000118
5c011572-2860-52f6-ad59-a54189777950,,,TN-OFFICER-000119,Tamil Nadu Officer OFFICER-000119,Inspector,THIRUVARUR Station,THIRUVARUR,Investigator,,,transferred,,imported,12fe593e-e883-5cac-9710-f2ba74198299,13_officer.csv,OFFICER-000119
f260bf17-2e7e-533e-9fc3-2798c337c5aa,,,TN-OFFICER-000120,Tamil Nadu Officer OFFICER-000120,Inspector,PUDUKOTTAI Station,PUDUKOTTAI,Circle Inspector,,,retired,,imported,12fe593e-e883-5cac-9710-f2ba74198299,13_officer.csv,OFFICER-000120
3f343513-5eac-5aaa-92ed-c11169185991,,,TN-OFFICER-000121,Tamil Nadu Officer OFFICER-000121,Sub-Inspector,VIRUDHUNAGAR Station,VIRUDHUNAGAR,Investigator,,,retired,,imported,12fe593e-e883-5cac-9710-f2ba74198299,13_officer.csv,OFFICER-000121
6c10a557-d663-5c0a-a091-5161a106cb8c,,,TN-OFFICER-000122,Tamil Nadu Officer OFFICER-000122,Sub-Inspector,KARUR Station,KARUR,Circle Inspector,,,active,,imported,12fe593e-e883-5cac-9710-f2ba74198299,13_officer.csv,OFFICER-000122
7b2bd52f-71db-5925-9d3c-73480042fc7b,,,TN-OFFICER-000123,Tamil Nadu Officer OFFICER-000123,Superintendent,DHARMAPURI Station,DHARMAPURI,Police Officer,,,transferred,,imported,12fe593e-e883-5cac-9710-f2ba74198299,13_officer.csv,OFFICER-000123
c8297b19-c010-5c00-9b72-4efdba73511b,,,TN-OFFICER-000124,Tamil Nadu Officer OFFICER-000124,Constable,DINDIGUL Station,DINDIGUL,Investigator,,,suspended,,imported,12fe593e-e883-5cac-9710-f2ba74198299,13_officer.csv,OFFICER-000124
63c5549d-c9a6-527f-adda-f5f1bc1993bf,,,TN-OFFICER-000125,Tamil Nadu Officer OFFICER-000125,Deputy Superintendent,RAMESWARAM Station,RAMESWARAM,Circle Inspector,,,active,,imported,12fe593e-e883-5cac-9710-f2ba74198299,13_officer.csv,OFFICER-000125
f42ab432-0d13-5764-bed8-679b1c75bcdc,,,TN-OFFICER-000126,Tamil Nadu Officer OFFICER-000126,Superintendent,PERAMBALUR Station,PERAMBALUR,Investigator,,,retired,,imported,12fe593e-e883-5cac-9710-f2ba74198299,13_officer.csv,OFFICER-000126
f827b1b3-75b6-5260-b759-a228c2762c82,,,TN-OFFICER-000127,Tamil Nadu Officer OFFICER-000127,Inspector,DINDIGUL Station,DINDIGUL,Investigator,,,active,,imported,12fe593e-e883-5cac-9710-f2ba74198299,13_officer.csv,OFFICER-000127
681ee4e0-21b5-5649-8906-d0e37451a4c9,,,TN-OFFICER-000128,Tamil Nadu Officer OFFICER-000128,Assistant Superintendent,THIRUVARUR Station,THIRUVARUR,Circle Inspector,,,retired,,imported,12fe593e-e883-5cac-9710-f2ba74198299,13_officer.csv,OFFICER-000128
1078dd14-9af0-5edf-a9ef-93796893063b,,,TN-OFFICER-000129,Tamil Nadu Officer OFFICER-000129,Constable,CHENGALPATTU Station,CHENGALPATTU,Circle Inspector,,,retired,,imported,12fe593e-e883-5cac-9710-f2ba74198299,13_officer.csv,OFFICER-000129
08c53ae3-3e87-5cd3-9eb1-52906470a2d3,,,TN-OFFICER-000130,Tamil Nadu Officer OFFICER-000130,Assistant Superintendent,NAGAPATTINAM Station,NAGAPATTINAM,Investigator,,,retired,,imported,12fe593e-e883-5cac-9710-f2ba74198299,13_officer.csv,OFFICER-000130
13dedfbe-350f-5a98-8cc7-10d006765113,,,TN-OFFICER-000131,Tamil Nadu Officer OFFICER-000131,Assistant Superintendent,MADURAI Station,MADURAI,Sub-Inspector,,,suspended,,imported,12fe593e-e883-5cac-9710-f2ba74198299,13_officer.csv,OFFICER-000131
11d8d848-8d4d-5000-93b1-e6fb202240c9,,,TN-OFFICER-000132,Tamil Nadu Officer OFFICER-000132,Deputy Superintendent,TIRUVANNAMALAI Station,TIRUVANNAMALAI,Police Officer,,,transferred,,imported,12fe593e-e883-5cac-9710-f2ba74198299,13_officer.csv,OFFICER-000132
04213957-a2fa-5005-8c9d-f94e7efd64a5,,,TN-OFFICER-000133,Tamil Nadu Officer OFFICER-000133,Sub-Inspector,RAMESWARAM Station,RAMESWARAM,Investigator,,,active,,imported,12fe593e-e883-5cac-9710-f2ba74198299,13_officer.csv,OFFICER-000133
555b46ee-572c-5341-bf1b-1b8c066c89b5,,,TN-OFFICER-000134,Tamil Nadu Officer OFFICER-000134,Constable,TIRUPATHUR Station,TIRUPATHUR,Sub-Inspector,,,active,,imported,12fe593e-e883-5cac-9710-f2ba74198299,13_officer.csv,OFFICER-000134
4932e991-3224-5066-a90c-f5955b053993,,,TN-OFFICER-000135,Tamil Nadu Officer OFFICER-000135,Sub-Inspector,NAGAPATTINAM Station,NAGAPATTINAM,Sub-Inspector,,,suspended,,imported,12fe593e-e883-5cac-9710-f2ba74198299,13_officer.csv,OFFICER-000135
5cb93a1f-14f5-5e32-919e-538c30f83868,,,TN-OFFICER-000136,Tamil Nadu Officer OFFICER-000136,Assistant Superintendent,NAGAPATTINAM Station,NAGAPATTINAM,Station House Officer,,,transferred,,imported,12fe593e-e883-5cac-9710-f2ba74198299,13_officer.csv,OFFICER-000136
8ce26888-0835-53b8-b0d4-81dfe74bee63,,,TN-OFFICER-000137,Tamil Nadu Officer OFFICER-000137,Inspector,PUDUKOTTAI Station,PUDUKOTTAI,Station House Officer,,,active,,imported,12fe593e-e883-5cac-9710-f2ba74198299,13_officer.csv,OFFICER-000137
f817a1d3-fdf6-56a6-b9d6-44b59fc7e199,,,TN-OFFICER-000138,Tamil Nadu Officer OFFICER-000138,Inspector,TIRUVANNAMALAI Station,TIRUVANNAMALAI,Sub-Inspector,,,retired,,imported,12fe593e-e883-5cac-9710-f2ba74198299,13_officer.csv,OFFICER-000138
95f9228b-720d-5b77-a3ee-4f1b0ee92371,,,TN-OFFICER-000139,Tamil Nadu Officer OFFICER-000139,Inspector,TIRUVANNAMALAI Station,TIRUVANNAMALAI,Police Officer,,,active,,imported,12fe593e-e883-5cac-9710-f2ba74198299,13_officer.csv,OFFICER-000139
f414c170-49ce-5b9c-93f3-48785b598538,,,TN-OFFICER-000140,Tamil Nadu Officer OFFICER-000140,Superintendent,KANYAKUMARI Station,KANYAKUMARI,Circle Inspector,,,active,,imported,12fe593e-e883-5cac-9710-f2ba74198299,13_officer.csv,OFFICER-000140
673aa11e-099c-52d8-a0dc-7bf462ea5946,,,TN-OFFICER-000141,Tamil Nadu Officer OFFICER-000141,Constable,KANCHEEPURAM Station,KANCHEEPURAM,Station House Officer,,,active,,imported,12fe593e-e883-5cac-9710-f2ba74198299,13_officer.csv,OFFICER-000141
12efc02d-b6ce-5898-8f40-d85c78c5491f,,,TN-OFFICER-000142,Tamil Nadu Officer OFFICER-000142,Sub-Inspector,CHENGALPATTU Station,CHENGALPATTU,Investigator,,,transferred,,imported,12fe593e-e883-5cac-9710-f2ba74198299,13_officer.csv,OFFICER-000142
e6e03609-8a98-5c5d-ade1-78989ab7c40f,,,TN-OFFICER-000143,Tamil Nadu Officer OFFICER-000143,Sub-Inspector,KUMBAKONAM Station,KUMBAKONAM,Station House Officer,,,suspended,,imported,12fe593e-e883-5cac-9710-f2ba74198299,13_officer.csv,OFFICER-000143
25b15a58-1174-5257-8531-dcda2f38ff75,,,TN-OFFICER-000144,Tamil Nadu Officer OFFICER-000144,Constable,THENI Station,THENI,Investigator,,,retired,,imported,12fe593e-e883-5cac-9710-f2ba74198299,13_officer.csv,OFFICER-000144
f0da0e2e-5373-58cc-a523-0982b7a1657e,,,TN-OFFICER-000145,Tamil Nadu Officer OFFICER-000145,Superintendent,COIMBATORE Station,COIMBATORE,Circle Inspector,,,retired,,imported,12fe593e-e883-5cac-9710-f2ba74198299,13_officer.csv,OFFICER-000145
7410bbad-7779-5a32-8108-230498c898dd,,,TN-OFFICER-000146,Tamil Nadu Officer OFFICER-000146,Superintendent,CHENNAI Station,CHENNAI,Investigator,,,suspended,,imported,12fe593e-e883-5cac-9710-f2ba74198299,13_officer.csv,OFFICER-000146
e735cccc-f745-5a01-a307-b1742c18a51f,,,TN-OFFICER-000147,Tamil Nadu Officer OFFICER-000147,Assistant Superintendent,KANCHEEPURAM Station,KANCHEEPURAM,Sub-Inspector,,,active,,imported,12fe593e-e883-5cac-9710-f2ba74198299,13_officer.csv,OFFICER-000147
e3989367-9fd9-5395-8ba3-bfa5c90f1b71,,,TN-OFFICER-000148,Tamil Nadu Officer OFFICER-000148,Sub-Inspector,KRISHNAGIRI Station,KRISHNAGIRI,Station House Officer,,,active,,imported,12fe593e-e883-5cac-9710-f2ba74198299,13_officer.csv,OFFICER-000148
9b3a6eab-c9ff-546b-97b0-ac7cf92798a1,,,TN-OFFICER-000149,Tamil Nadu Officer OFFICER-000149,Assistant Superintendent,THIRUVALLUR Station,THIRUVALLUR,Sub-Inspector,,,transferred,,imported,12fe593e-e883-5cac-9710-f2ba74198299,13_officer.csv,OFFICER-000149
9e07f78a-e501-560f-aa0c-dab181107255,,,TN-OFFICER-000150,Tamil Nadu Officer OFFICER-000150,Assistant Superintendent,KALLAKURICHI Station,KALLAKURICHI,Station House Officer,,,suspended,,imported,12fe593e-e883-5cac-9710-f2ba74198299,13_officer.csv,OFFICER-000150
2ea4a69e-21d1-5ecc-900e-775df9a0ec80,,,TN-OFFICER-000151,Tamil Nadu Officer OFFICER-000151,Sub-Inspector,ARIYALUR Station,ARIYALUR,Investigator,,,suspended,,imported,12fe593e-e883-5cac-9710-f2ba74198299,13_officer.csv,OFFICER-000151
956deeca-4633-5685-ba34-42a005fb7ada,,,TN-OFFICER-000152,Tamil Nadu Officer OFFICER-000152,Sub-Inspector,KARUR Station,KARUR,Police Officer,,,retired,,imported,12fe593e-e883-5cac-9710-f2ba74198299,13_officer.csv,OFFICER-000152
57f8076f-ea65-5db7-a08f-edff3eb250c5,,,TN-OFFICER-000153,Tamil Nadu Officer OFFICER-000153,Deputy Superintendent,THIRUVARUR Station,THIRUVARUR,Station House Officer,,,retired,,imported,12fe593e-e883-5cac-9710-f2ba74198299,13_officer.csv,OFFICER-000153
8d822d83-837b-5a89-ac19-1ad7045369ec,,,TN-OFFICER-000154,Tamil Nadu Officer OFFICER-000154,Superintendent,DINDIGUL Station,DINDIGUL,Circle Inspector,,,active,,imported,12fe593e-e883-5cac-9710-f2ba74198299,13_officer.csv,OFFICER-000154
dff6a165-7943-56e5-a71c-8e8b2e61ad44,,,TN-OFFICER-000155,Tamil Nadu Officer OFFICER-000155,Superintendent,KARUR Station,KARUR,Police Officer,,,suspended,,imported,12fe593e-e883-5cac-9710-f2ba74198299,13_officer.csv,OFFICER-000155
a06b503e-4744-5b8f-84cb-d861208c2be8,,,TN-OFFICER-000156,Tamil Nadu Officer OFFICER-000156,Inspector,THENI Station,THENI,Police Officer,,,suspended,,imported,12fe593e-e883-5cac-9710-f2ba74198299,13_officer.csv,OFFICER-000156
f8ef4351-9518-5550-ade6-0c989cff2fa9,,,TN-OFFICER-000157,Tamil Nadu Officer OFFICER-000157,Sub-Inspector,THOOTHUKUDI Station,THOOTHUKUDI,Circle Inspector,,,transferred,,imported,12fe593e-e883-5cac-9710-f2ba74198299,13_officer.csv,OFFICER-000157
328ad4c7-7a9e-52fc-9604-b2b3742b7dc1,,,TN-OFFICER-000158,Tamil Nadu Officer OFFICER-000158,Deputy Superintendent,TIRUVANNAMALAI Station,TIRUVANNAMALAI,Investigator,,,active,,imported,12fe593e-e883-5cac-9710-f2ba74198299,13_officer.csv,OFFICER-000158
f999c7d3-2e4c-5d5d-bca3-d724eedea85d,,,TN-OFFICER-000159,Tamil Nadu Officer OFFICER-000159,Constable,TENKASI Station,TENKASI,Investigator,,,active,,imported,12fe593e-e883-5cac-9710-f2ba74198299,13_officer.csv,OFFICER-000159
97775d55-1a4b-520e-9ef8-cbd844f0b404,,,TN-OFFICER-000160,Tamil Nadu Officer OFFICER-000160,Assistant Superintendent,THENI Station,THENI,Investigator,,,suspended,,imported,12fe593e-e883-5cac-9710-f2ba74198299,13_officer.csv,OFFICER-000160
9f54db25-7152-512a-a894-91546073d9c9,,,TN-OFFICER-000161,Tamil Nadu Officer OFFICER-000161,Superintendent,TIRUPATHUR Station,TIRUPATHUR,Station House Officer,,,retired,,imported,12fe593e-e883-5cac-9710-f2ba74198299,13_officer.csv,OFFICER-000161
b3306f97-86d0-5355-b2a3-ec35c5e079a7,,,TN-OFFICER-000162,Tamil Nadu Officer OFFICER-000162,Inspector,CHENNAI Station,CHENNAI,Police Officer,,,retired,,imported,12fe593e-e883-5cac-9710-f2ba74198299,13_officer.csv,OFFICER-000162
7d134411-f814-5b7d-8fb0-69f675dd10d9,,,TN-OFFICER-000163,Tamil Nadu Officer OFFICER-000163,Assistant Superintendent,TIRUPPUR Station,TIRUPPUR,Sub-Inspector,,,active,,imported,12fe593e-e883-5cac-9710-f2ba74198299,13_officer.csv,OFFICER-000163
fdfae00e-122c-56b0-9103-b15a78e4547f,,,TN-OFFICER-000164,Tamil Nadu Officer OFFICER-000164,Assistant Superintendent,SALEM Station,SALEM,Investigator,,,active,,imported,12fe593e-e883-5cac-9710-f2ba74198299,13_officer.csv,OFFICER-000164
61eb1fbb-d793-5583-b5d7-a63d44774848,,,TN-OFFICER-000165,Tamil Nadu Officer OFFICER-000165,Deputy Superintendent,TIRUCHIRAPPALLI Station,TIRUCHIRAPPALLI,Police Officer,,,retired,,imported,12fe593e-e883-5cac-9710-f2ba74198299,13_officer.csv,OFFICER-000165
ba1a8dc6-a976-5c03-857c-7b138f72702c,,,TN-OFFICER-000166,Tamil Nadu Officer OFFICER-000166,Inspector,TENKASI Station,TENKASI,Station House Officer,,,suspended,,imported,12fe593e-e883-5cac-9710-f2ba74198299,13_officer.csv,OFFICER-000166
98213a7d-093c-5d7e-b795-1fd4c39838bd,,,TN-OFFICER-000167,Tamil Nadu Officer OFFICER-000167,Sub-Inspector,PUDUKOTTAI Station,PUDUKOTTAI,Circle Inspector,,,suspended,,imported,12fe593e-e883-5cac-9710-f2ba74198299,13_officer.csv,OFFICER-000167
42f435ac-05d1-5694-8640-4b15d46ce68c,,,TN-OFFICER-000168,Tamil Nadu Officer OFFICER-000168,Deputy Superintendent,KUMBAKONAM Station,KUMBAKONAM,Circle Inspector,,,active,,imported,12fe593e-e883-5cac-9710-f2ba74198299,13_officer.csv,OFFICER-000168
e405f439-f6c4-5bf7-991b-5206324ac40c,,,TN-OFFICER-000169,Tamil Nadu Officer OFFICER-000169,Sub-Inspector,PUDUKOTTAI Station,PUDUKOTTAI,Sub-Inspector,,,transferred,,imported,12fe593e-e883-5cac-9710-f2ba74198299,13_officer.csv,OFFICER-000169
e5e2ab8a-78f0-5a9e-9bfc-4f155e7e19d8,,,TN-OFFICER-000170,Tamil Nadu Officer OFFICER-000170,Deputy Superintendent,ARIYALUR Station,ARIYALUR,Circle Inspector,,,active,,imported,12fe593e-e883-5cac-9710-f2ba74198299,13_officer.csv,OFFICER-000170
cd81d54f-0f66-5997-ba8e-c54ba8e09e20,,,TN-OFFICER-000171,Tamil Nadu Officer OFFICER-000171,Superintendent,CHENNAI Station,CHENNAI,Investigator,,,suspended,,imported,12fe593e-e883-5cac-9710-f2ba74198299,13_officer.csv,OFFICER-000171
a8fa6a97-3a7a-50b3-b644-53c3103ffc2a,,,TN-OFFICER-000172,Tamil Nadu Officer OFFICER-000172,Constable,CUDDALORE Station,CUDDALORE,Circle Inspector,,,transferred,,imported,12fe593e-e883-5cac-9710-f2ba74198299,13_officer.csv,OFFICER-000172
3a596156-1e22-5d23-aab8-306d346513e8,,,TN-OFFICER-000173,Tamil Nadu Officer OFFICER-000173,Sub-Inspector,PUDUKOTTAI Station,PUDUKOTTAI,Sub-Inspector,,,transferred,,imported,12fe593e-e883-5cac-9710-f2ba74198299,13_officer.csv,OFFICER-000173
4c5bb490-3909-5914-ba24-7ff758465828,,,TN-OFFICER-000174,Tamil Nadu Officer OFFICER-000174,Superintendent,PERAMBALUR Station,PERAMBALUR,Investigator,,,transferred,,imported,12fe593e-e883-5cac-9710-f2ba74198299,13_officer.csv,OFFICER-000174
f3b44f12-6e28-52d0-99c7-e1e72e402ce4,,,TN-OFFICER-000175,Tamil Nadu Officer OFFICER-000175,Assistant Superintendent,TIRUVANNAMALAI Station,TIRUVANNAMALAI,Station House Officer,,,retired,,imported,12fe593e-e883-5cac-9710-f2ba74198299,13_officer.csv,OFFICER-000175
aa00212f-34a6-5c35-ad35-f5126020cfe2,,,TN-OFFICER-000176,Tamil Nadu Officer OFFICER-000176,Deputy Superintendent,THOOTHUKUDI Station,THOOTHUKUDI,Investigator,,,active,,imported,12fe593e-e883-5cac-9710-f2ba74198299,13_officer.csv,OFFICER-000176
bcd8dabe-0935-5ba7-ad55-ccd7bff0c2e1,,,TN-OFFICER-000177,Tamil Nadu Officer OFFICER-000177,Inspector,TENKASI Station,TENKASI,Circle Inspector,,,transferred,,imported,12fe593e-e883-5cac-9710-f2ba74198299,13_officer.csv,OFFICER-000177
560363f6-c138-5da0-aa13-66c49fc2db90,,,TN-OFFICER-000178,Tamil Nadu Officer OFFICER-000178,Constable,CHENNAI Station,CHENNAI,Police Officer,,,retired,,imported,12fe593e-e883-5cac-9710-f2ba74198299,13_officer.csv,OFFICER-000178
4f9625f3-a0d7-5422-b9da-4aaa2e9b961e,,,TN-OFFICER-000179,Tamil Nadu Officer OFFICER-000179,Sub-Inspector,KALLAKURICHI Station,KALLAKURICHI,Investigator,,,retired,,imported,12fe593e-e883-5cac-9710-f2ba74198299,13_officer.csv,OFFICER-000179
1d2add3b-fc31-5496-b13b-ff38626576a7,,,TN-OFFICER-000180,Tamil Nadu Officer OFFICER-000180,Constable,KANCHEEPURAM Station,KANCHEEPURAM,Sub-Inspector,,,active,,imported,12fe593e-e883-5cac-9710-f2ba74198299,13_officer.csv,OFFICER-000180
4460eb2d-02f6-51a8-9a23-788c5797680d,,,TN-OFFICER-000181,Tamil Nadu Officer OFFICER-000181,Inspector,TIRUPATHUR Station,TIRUPATHUR,Police Officer,,,retired,,imported,12fe593e-e883-5cac-9710-f2ba74198299,13_officer.csv,OFFICER-000181
3c5e2a2d-48e7-5d94-8b18-0ae38593d3ec,,,TN-OFFICER-000182,Tamil Nadu Officer OFFICER-000182,Assistant Superintendent,TIRUVANNAMALAI Station,TIRUVANNAMALAI,Circle Inspector,,,retired,,imported,12fe593e-e883-5cac-9710-f2ba74198299,13_officer.csv,OFFICER-000182
3764ce07-0452-5b87-9994-9bb07c069a7c,,,TN-OFFICER-000183,Tamil Nadu Officer OFFICER-000183,Constable,KUMBAKONAM Station,KUMBAKONAM,Station House Officer,,,suspended,,imported,12fe593e-e883-5cac-9710-f2ba74198299,13_officer.csv,OFFICER-000183
8fc65ee3-a996-5443-a243-4a2093d72201,,,TN-OFFICER-000184,Tamil Nadu Officer OFFICER-000184,Deputy Superintendent,KRISHNAGIRI Station,KRISHNAGIRI,Investigator,,,retired,,imported,12fe593e-e883-5cac-9710-f2ba74198299,13_officer.csv,OFFICER-000184
41eaf063-2157-5b4e-ae60-e96cedad3fb1,,,TN-OFFICER-000185,Tamil Nadu Officer OFFICER-000185,Sub-Inspector,CHENGALPATTU Station,CHENGALPATTU,Station House Officer,,,active,,imported,12fe593e-e883-5cac-9710-f2ba74198299,13_officer.csv,OFFICER-000185
45a550b0-dc05-554b-bef0-c63528c06e76,,,TN-OFFICER-000186,Tamil Nadu Officer OFFICER-000186,Constable,KANCHEEPURAM Station,KANCHEEPURAM,Investigator,,,active,,imported,12fe593e-e883-5cac-9710-f2ba74198299,13_officer.csv,OFFICER-000186
627a3639-240f-5218-8f1a-8c9c544fd27c,,,TN-OFFICER-000187,Tamil Nadu Officer OFFICER-000187,Assistant Superintendent,KALLAKURICHI Station,KALLAKURICHI,Sub-Inspector,,,suspended,,imported,12fe593e-e883-5cac-9710-f2ba74198299,13_officer.csv,OFFICER-000187
9f59dd36-5847-5263-ae2e-46811a75dd1d,,,TN-OFFICER-000188,Tamil Nadu Officer OFFICER-000188,Superintendent,TIRUPATHUR Station,TIRUPATHUR,Sub-Inspector,,,suspended,,imported,12fe593e-e883-5cac-9710-f2ba74198299,13_officer.csv,OFFICER-000188
5de02cf6-b2fe-5859-83cb-b355ae9e7a33,,,TN-OFFICER-000189,Tamil Nadu Officer OFFICER-000189,Deputy Superintendent,TIRUPATHUR Station,TIRUPATHUR,Station House Officer,,,transferred,,imported,12fe593e-e883-5cac-9710-f2ba74198299,13_officer.csv,OFFICER-000189
147397d6-55bf-5c40-8c45-a2671c93174a,,,TN-OFFICER-000190,Tamil Nadu Officer OFFICER-000190,Constable,KALLAKURICHI Station,KALLAKURICHI,Sub-Inspector,,,suspended,,imported,12fe593e-e883-5cac-9710-f2ba74198299,13_officer.csv,OFFICER-000190
ddfcfea6-3556-53c1-9f3e-3320348cf78d,,,TN-OFFICER-000191,Tamil Nadu Officer OFFICER-000191,Sub-Inspector,SIVAGANGA Station,SIVAGANGA,Circle Inspector,,,active,,imported,12fe593e-e883-5cac-9710-f2ba74198299,13_officer.csv,OFFICER-000191
15cda3a6-bf64-547f-bb0b-bd4ea605ceed,,,TN-OFFICER-000192,Tamil Nadu Officer OFFICER-000192,Inspector,KANCHEEPURAM Station,KANCHEEPURAM,Station House Officer,,,active,,imported,12fe593e-e883-5cac-9710-f2ba74198299,13_officer.csv,OFFICER-000192
f590ee1d-b7cb-5c8a-a396-26f7f6190486,,,TN-OFFICER-000193,Tamil Nadu Officer OFFICER-000193,Inspector,THOOTHUKUDI Station,THOOTHUKUDI,Police Officer,,,active,,imported,12fe593e-e883-5cac-9710-f2ba74198299,13_officer.csv,OFFICER-000193
604df112-935a-5aa5-8939-2e5f2cef0220,,,TN-OFFICER-000194,Tamil Nadu Officer OFFICER-000194,Constable,PERAMBALUR Station,PERAMBALUR,Investigator,,,active,,imported,12fe593e-e883-5cac-9710-f2ba74198299,13_officer.csv,OFFICER-000194
58ca9440-f44d-5d51-8812-139e133e728b,,,TN-OFFICER-000195,Tamil Nadu Officer OFFICER-000195,Superintendent,KRISHNAGIRI Station,KRISHNAGIRI,Station House Officer,,,retired,,imported,12fe593e-e883-5cac-9710-f2ba74198299,13_officer.csv,OFFICER-000195
74eec23a-b06e-5500-b756-3d4fbde575af,,,TN-OFFICER-000196,Tamil Nadu Officer OFFICER-000196,Deputy Superintendent,THIRUVALLUR Station,THIRUVALLUR,Station House Officer,,,transferred,,imported,12fe593e-e883-5cac-9710-f2ba74198299,13_officer.csv,OFFICER-000196
322a5ace-a5c6-5909-bb2c-4c386a0ea143,,,TN-OFFICER-000197,Tamil Nadu Officer OFFICER-000197,Sub-Inspector,TIRUPATHUR Station,TIRUPATHUR,Circle Inspector,,,active,,imported,12fe593e-e883-5cac-9710-f2ba74198299,13_officer.csv,OFFICER-000197
cb679781-4d5f-533d-a2dc-879816d69a46,,,TN-OFFICER-000198,Tamil Nadu Officer OFFICER-000198,Assistant Superintendent,PUDUKOTTAI Station,PUDUKOTTAI,Sub-Inspector,,,suspended,,imported,12fe593e-e883-5cac-9710-f2ba74198299,13_officer.csv,OFFICER-000198
655a8c0d-80c6-5473-a280-a356d3ea200b,,,TN-OFFICER-000199,Tamil Nadu Officer OFFICER-000199,Deputy Superintendent,THENI Station,THENI,Station House Officer,,,transferred,,imported,12fe593e-e883-5cac-9710-f2ba74198299,13_officer.csv,OFFICER-000199
f13f5dad-f1ba-590b-9dad-71c69814ba75,,,TN-OFFICER-000200,Tamil Nadu Officer OFFICER-000200,Assistant Superintendent,RANIPET Station,RANIPET,Station House Officer,,,active,,imported,12fe593e-e883-5cac-9710-f2ba74198299,13_officer.csv,OFFICER-000200
d3d0cc2c-6c24-51fa-8bad-5d7b01fadad3,,,TN-OFFICER-000201,Tamil Nadu Officer OFFICER-000201,Deputy Superintendent,CUDDALORE Station,CUDDALORE,Circle Inspector,,,transferred,,imported,12fe593e-e883-5cac-9710-f2ba74198299,13_officer.csv,OFFICER-000201
fe000b22-a07c-5d5e-a320-f58bb13672a2,,,TN-OFFICER-000202,Tamil Nadu Officer OFFICER-000202,Deputy Superintendent,THIRUVALLUR Station,THIRUVALLUR,Police Officer,,,suspended,,imported,12fe593e-e883-5cac-9710-f2ba74198299,13_officer.csv,OFFICER-000202
46377f88-a720-5363-9b95-f7793870f673,,,TN-OFFICER-000203,Tamil Nadu Officer OFFICER-000203,Constable,THENI Station,THENI,Sub-Inspector,,,suspended,,imported,12fe593e-e883-5cac-9710-f2ba74198299,13_officer.csv,OFFICER-000203
15af0c57-b279-5aa7-9b3c-c7dd22aaaa2e,,,TN-OFFICER-000204,Tamil Nadu Officer OFFICER-000204,Inspector,RAMANATHAPURAM Station,RAMANATHAPURAM,Investigator,,,transferred,,imported,12fe593e-e883-5cac-9710-f2ba74198299,13_officer.csv,OFFICER-000204
559cd053-3466-5b6e-88b9-08a24769eb76,,,TN-OFFICER-000205,Tamil Nadu Officer OFFICER-000205,Inspector,KUMBAKONAM Station,KUMBAKONAM,Investigator,,,transferred,,imported,12fe593e-e883-5cac-9710-f2ba74198299,13_officer.csv,OFFICER-000205
f0040be4-563b-5288-8a2f-34252e07c490,,,TN-OFFICER-000206,Tamil Nadu Officer OFFICER-000206,Constable,KRISHNAGIRI Station,KRISHNAGIRI,Police Officer,,,retired,,imported,12fe593e-e883-5cac-9710-f2ba74198299,13_officer.csv,OFFICER-000206
15fe858e-bf9f-5549-aded-e5f0ae62b390,,,TN-OFFICER-000207,Tamil Nadu Officer OFFICER-000207,Deputy Superintendent,TENKASI Station,TENKASI,Investigator,,,retired,,imported,12fe593e-e883-5cac-9710-f2ba74198299,13_officer.csv,OFFICER-000207
43e20691-9733-539f-b8e2-66cabf198823,,,TN-OFFICER-000208,Tamil Nadu Officer OFFICER-000208,Sub-Inspector,NAGAPATTINAM Station,NAGAPATTINAM,Station House Officer,,,retired,,imported,12fe593e-e883-5cac-9710-f2ba74198299,13_officer.csv,OFFICER-000208
504c398e-7b9a-506a-8e28-62e070b9bb64,,,TN-OFFICER-000209,Tamil Nadu Officer OFFICER-000209,Inspector,PUDUKOTTAI Station,PUDUKOTTAI,Investigator,,,suspended,,imported,12fe593e-e883-5cac-9710-f2ba74198299,13_officer.csv,OFFICER-000209
222e3e53-95b0-535e-8b51-820ec03c2f6c,,,TN-OFFICER-000210,Tamil Nadu Officer OFFICER-000210,Superintendent,DINDIGUL Station,DINDIGUL,Police Officer,,,retired,,imported,12fe593e-e883-5cac-9710-f2ba74198299,13_officer.csv,OFFICER-000210
9579bedb-c5f3-51fd-8c6e-2eee232f569a,,,TN-OFFICER-000211,Tamil Nadu Officer OFFICER-000211,Assistant Superintendent,KUMBAKONAM Station,KUMBAKONAM,Station House Officer,,,suspended,,imported,12fe593e-e883-5cac-9710-f2ba74198299,13_officer.csv,OFFICER-000211
71062533-fec2-5c01-8fc6-be0e2fef528b,,,TN-OFFICER-000212,Tamil Nadu Officer OFFICER-000212,Inspector,TIRUPATHUR Station,TIRUPATHUR,Station House Officer,,,transferred,,imported,12fe593e-e883-5cac-9710-f2ba74198299,13_officer.csv,OFFICER-000212
6c403c5c-6a3a-5819-b482-ab56383cffca,,,TN-OFFICER-000213,Tamil Nadu Officer OFFICER-000213,Superintendent,THIRUVARUR Station,THIRUVARUR,Circle Inspector,,,transferred,,imported,12fe593e-e883-5cac-9710-f2ba74198299,13_officer.csv,OFFICER-000213
c5f2ab13-7a8e-5f06-80b3-e34fe87c8b97,,,TN-OFFICER-000214,Tamil Nadu Officer OFFICER-000214,Assistant Superintendent,NAGAPATTINAM Station,NAGAPATTINAM,Station House Officer,,,transferred,,imported,12fe593e-e883-5cac-9710-f2ba74198299,13_officer.csv,OFFICER-000214
3b560775-0b46-5b85-85a0-77f5302915a8,,,TN-OFFICER-000215,Tamil Nadu Officer OFFICER-000215,Deputy Superintendent,KUMBAKONAM Station,KUMBAKONAM,Station House Officer,,,active,,imported,12fe593e-e883-5cac-9710-f2ba74198299,13_officer.csv,OFFICER-000215
6a021c92-0c2a-59ec-886a-13a0ff407379,,,TN-OFFICER-000216,Tamil Nadu Officer OFFICER-000216,Assistant Superintendent,DHARMAPURI Station,DHARMAPURI,Police Officer,,,suspended,,imported,12fe593e-e883-5cac-9710-f2ba74198299,13_officer.csv,OFFICER-000216
ed8d56c2-1c32-5be2-92cc-a6f2dcefc6ee,,,TN-OFFICER-000217,Tamil Nadu Officer OFFICER-000217,Superintendent,THIRUVARUR Station,THIRUVARUR,Station House Officer,,,active,,imported,12fe593e-e883-5cac-9710-f2ba74198299,13_officer.csv,OFFICER-000217
e50641f7-49f2-5d39-94f7-71bb35cfaa03,,,TN-OFFICER-000218,Tamil Nadu Officer OFFICER-000218,Sub-Inspector,RANIPET Station,RANIPET,Investigator,,,transferred,,imported,12fe593e-e883-5cac-9710-f2ba74198299,13_officer.csv,OFFICER-000218
afaeec63-7c77-5bb9-85bc-81afdc4c1c68,,,TN-OFFICER-000219,Tamil Nadu Officer OFFICER-000219,Assistant Superintendent,KALLAKURICHI Station,KALLAKURICHI,Sub-Inspector,,,suspended,,imported,12fe593e-e883-5cac-9710-f2ba74198299,13_officer.csv,OFFICER-000219
60082450-fe25-5493-b9e3-66cedf968f0c,,,TN-OFFICER-000220,Tamil Nadu Officer OFFICER-000220,Deputy Superintendent,KUMBAKONAM Station,KUMBAKONAM,Investigator,,,active,,imported,12fe593e-e883-5cac-9710-f2ba74198299,13_officer.csv,OFFICER-000220
2e462972-06f8-5b29-8a91-f21505e9ebfd,,,TN-OFFICER-000221,Tamil Nadu Officer OFFICER-000221,Deputy Superintendent,KUMBAKONAM Station,KUMBAKONAM,Investigator,,,active,,imported,12fe593e-e883-5cac-9710-f2ba74198299,13_officer.csv,OFFICER-000221
82e8aad8-1483-5cf2-a740-ccfc9d717845,,,TN-OFFICER-000222,Tamil Nadu Officer OFFICER-000222,Assistant Superintendent,KALLAKURICHI Station,KALLAKURICHI,Station House Officer,,,active,,imported,12fe593e-e883-5cac-9710-f2ba74198299,13_officer.csv,OFFICER-000222
025d18d9-63f8-5205-8c21-d3fff369067f,,,TN-OFFICER-000223,Tamil Nadu Officer OFFICER-000223,Sub-Inspector,KRISHNAGIRI Station,KRISHNAGIRI,Police Officer,,,transferred,,imported,12fe593e-e883-5cac-9710-f2ba74198299,13_officer.csv,OFFICER-000223
ad180932-ef65-5bdd-9e02-504f7f08a7e2,,,TN-OFFICER-000224,Tamil Nadu Officer OFFICER-000224,Deputy Superintendent,KANCHEEPURAM Station,KANCHEEPURAM,Station House Officer,,,transferred,,imported,12fe593e-e883-5cac-9710-f2ba74198299,13_officer.csv,OFFICER-000224
eda8524f-42d7-51f9-a062-fe60bf61b9b1,,,TN-OFFICER-000225,Tamil Nadu Officer OFFICER-000225,Constable,THIRUVARUR Station,THIRUVARUR,Sub-Inspector,,,active,,imported,12fe593e-e883-5cac-9710-f2ba74198299,13_officer.csv,OFFICER-000225
74cd69e3-9722-5a5a-9c07-97bed4a33d05,,,TN-OFFICER-000226,Tamil Nadu Officer OFFICER-000226,Inspector,PERAMBALUR Station,PERAMBALUR,Sub-Inspector,,,suspended,,imported,12fe593e-e883-5cac-9710-f2ba74198299,13_officer.csv,OFFICER-000226
bcbbf4e4-359e-5c39-aec9-cedbd5acbe61,,,TN-OFFICER-000227,Tamil Nadu Officer OFFICER-000227,Deputy Superintendent,THENI Station,THENI,Investigator,,,active,,imported,12fe593e-e883-5cac-9710-f2ba74198299,13_officer.csv,OFFICER-000227
075f2246-aca3-57b1-85ac-5dc82fca86d5,,,TN-OFFICER-000228,Tamil Nadu Officer OFFICER-000228,Deputy Superintendent,TIRUCHIRAPPALLI Station,TIRUCHIRAPPALLI,Sub-Inspector,,,active,,imported,12fe593e-e883-5cac-9710-f2ba74198299,13_officer.csv,OFFICER-000228
0d8d165c-ce95-5385-b3bf-df9af9aaca16,,,TN-OFFICER-000229,Tamil Nadu Officer OFFICER-000229,Superintendent,ARIYALUR Station,ARIYALUR,Circle Inspector,,,suspended,,imported,12fe593e-e883-5cac-9710-f2ba74198299,13_officer.csv,OFFICER-000229
d6ccc447-83da-5005-aac7-e76fd8d783ef,,,TN-OFFICER-000230,Tamil Nadu Officer OFFICER-000230,Deputy Superintendent,CHENNAI Station,CHENNAI,Circle Inspector,,,transferred,,imported,12fe593e-e883-5cac-9710-f2ba74198299,13_officer.csv,OFFICER-000230
d53f0c26-08f0-5f67-b597-c50152ff2b59,,,TN-OFFICER-000231,Tamil Nadu Officer OFFICER-000231,Deputy Superintendent,DINDIGUL Station,DINDIGUL,Sub-Inspector,,,active,,imported,12fe593e-e883-5cac-9710-f2ba74198299,13_officer.csv,OFFICER-000231
b2da6f5e-66e9-5482-8128-ad5f3d8d4f49,,,TN-OFFICER-000232,Tamil Nadu Officer OFFICER-000232,Assistant Superintendent,NAMAKKAL Station,NAMAKKAL,Police Officer,,,active,,imported,12fe593e-e883-5cac-9710-f2ba74198299,13_officer.csv,OFFICER-000232
1d53f203-5ab7-5bbc-9c4b-58dca5863fda,,,TN-OFFICER-000233,Tamil Nadu Officer OFFICER-000233,Deputy Superintendent,DHARMAPURI Station,DHARMAPURI,Station House Officer,,,transferred,,imported,12fe593e-e883-5cac-9710-f2ba74198299,13_officer.csv,OFFICER-000233
4ebe90df-b938-5684-94a4-416cb2c4fbee,,,TN-OFFICER-000234,Tamil Nadu Officer OFFICER-000234,Constable,ERODE Station,ERODE,Circle Inspector,,,retired,,imported,12fe593e-e883-5cac-9710-f2ba74198299,13_officer.csv,OFFICER-000234
58b5fa11-49a8-594e-b202-edb4071e27d3,,,TN-OFFICER-000235,Tamil Nadu Officer OFFICER-000235,Sub-Inspector,KANYAKUMARI Station,KANYAKUMARI,Police Officer,,,suspended,,imported,12fe593e-e883-5cac-9710-f2ba74198299,13_officer.csv,OFFICER-000235
16e54585-71cf-5a03-b6f0-caff3158565b,,,TN-OFFICER-000236,Tamil Nadu Officer OFFICER-000236,Deputy Superintendent,THIRUVARUR Station,THIRUVARUR,Circle Inspector,,,retired,,imported,12fe593e-e883-5cac-9710-f2ba74198299,13_officer.csv,OFFICER-000236
bdadd1c3-1c78-5b56-8d83-5c2eb076970e,,,TN-OFFICER-000237,Tamil Nadu Officer OFFICER-000237,Inspector,VIRUDHUNAGAR Station,VIRUDHUNAGAR,Police Officer,,,retired,,imported,12fe593e-e883-5cac-9710-f2ba74198299,13_officer.csv,OFFICER-000237
5926064d-2874-5748-9dab-d4b11a76cc69,,,TN-OFFICER-000238,Tamil Nadu Officer OFFICER-000238,Inspector,RAMESWARAM Station,RAMESWARAM,Sub-Inspector,,,transferred,,imported,12fe593e-e883-5cac-9710-f2ba74198299,13_officer.csv,OFFICER-000238
7f882d24-70e3-5171-ac25-a15cb04a61f0,,,TN-OFFICER-000239,Tamil Nadu Officer OFFICER-000239,Constable,NAMAKKAL Station,NAMAKKAL,Police Officer,,,retired,,imported,12fe593e-e883-5cac-9710-f2ba74198299,13_officer.csv,OFFICER-000239
f1ff9481-8290-57da-933b-1f0d12bef7a2,,,TN-OFFICER-000240,Tamil Nadu Officer OFFICER-000240,Deputy Superintendent,PERAMBALUR Station,PERAMBALUR,Sub-Inspector,,,transferred,,imported,12fe593e-e883-5cac-9710-f2ba74198299,13_officer.csv,OFFICER-000240
0f3b77e6-429e-5991-9b04-ccc8c0d5cabb,,,TN-OFFICER-000241,Tamil Nadu Officer OFFICER-000241,Constable,THE_NILGIRIS Station,THE_NILGIRIS,Circle Inspector,,,retired,,imported,12fe593e-e883-5cac-9710-f2ba74198299,13_officer.csv,OFFICER-000241
b8149314-19f3-5c98-b14c-db8adda47321,,,TN-OFFICER-000242,Tamil Nadu Officer OFFICER-000242,Sub-Inspector,KANCHEEPURAM Station,KANCHEEPURAM,Police Officer,,,retired,,imported,12fe593e-e883-5cac-9710-f2ba74198299,13_officer.csv,OFFICER-000242
fe63ec2f-7888-55ec-a853-bc201a0acb3b,,,TN-OFFICER-000243,Tamil Nadu Officer OFFICER-000243,Sub-Inspector,SALEM Station,SALEM,Investigator,,,retired,,imported,12fe593e-e883-5cac-9710-f2ba74198299,13_officer.csv,OFFICER-000243
fd2b3232-6483-5d56-96ee-000359d19d50,,,TN-OFFICER-000244,Tamil Nadu Officer OFFICER-000244,Superintendent,RAMESWARAM Station,RAMESWARAM,Investigator,,,retired,,imported,12fe593e-e883-5cac-9710-f2ba74198299,13_officer.csv,OFFICER-000244
f27bb2b0-6f28-5698-9a34-45914e04f875,,,TN-OFFICER-000245,Tamil Nadu Officer OFFICER-000245,Constable,KALLAKURICHI Station,KALLAKURICHI,Sub-Inspector,,,active,,imported,12fe593e-e883-5cac-9710-f2ba74198299,13_officer.csv,OFFICER-000245
9ec81453-2926-5559-838b-f4f240bda3fb,,,TN-OFFICER-000246,Tamil Nadu Officer OFFICER-000246,Superintendent,KALLAKURICHI Station,KALLAKURICHI,Station House Officer,,,retired,,imported,12fe593e-e883-5cac-9710-f2ba74198299,13_officer.csv,OFFICER-000246
64e70657-8950-5825-8343-057deb0501f0,,,TN-OFFICER-000247,Tamil Nadu Officer OFFICER-000247,Superintendent,DHARMAPURI Station,DHARMAPURI,Police Officer,,,transferred,,imported,12fe593e-e883-5cac-9710-f2ba74198299,13_officer.csv,OFFICER-000247
5ed7ac51-8021-536d-a749-9e9a0a200621,,,TN-OFFICER-000248,Tamil Nadu Officer OFFICER-000248,Constable,THOOTHUKUDI Station,THOOTHUKUDI,Police Officer,,,retired,,imported,12fe593e-e883-5cac-9710-f2ba74198299,13_officer.csv,OFFICER-000248
06b84998-3dec-51f1-bfe2-10c533e1dad7,,,TN-OFFICER-000249,Tamil Nadu Officer OFFICER-000249,Superintendent,RAMANATHAPURAM Station,RAMANATHAPURAM,Police Officer,,,retired,,imported,12fe593e-e883-5cac-9710-f2ba74198299,13_officer.csv,OFFICER-000249
4aa37a64-0c78-5d68-84d2-17abfbb48dd6,,,TN-OFFICER-000250,Tamil Nadu Officer OFFICER-000250,Inspector,SALEM Station,SALEM,Investigator,,,active,,imported,12fe593e-e883-5cac-9710-f2ba74198299,13_officer.csv,OFFICER-000250
f9474994-2d24-58b8-84b7-9bc445ca5ff8,,,TN-OFFICER-000251,Tamil Nadu Officer OFFICER-000251,Deputy Superintendent,NAMAKKAL Station,NAMAKKAL,Police Officer,,,suspended,,imported,12fe593e-e883-5cac-9710-f2ba74198299,13_officer.csv,OFFICER-000251
c1f22ff7-5e67-5ec4-ac8d-31f197f28676,,,TN-OFFICER-000252,Tamil Nadu Officer OFFICER-000252,Superintendent,KUMBAKONAM Station,KUMBAKONAM,Investigator,,,suspended,,imported,12fe593e-e883-5cac-9710-f2ba74198299,13_officer.csv,OFFICER-000252
707ee2fc-a792-553a-bcea-0fecab47c912,,,TN-OFFICER-000253,Tamil Nadu Officer OFFICER-000253,Sub-Inspector,RAMESWARAM Station,RAMESWARAM,Sub-Inspector,,,suspended,,imported,12fe593e-e883-5cac-9710-f2ba74198299,13_officer.csv,OFFICER-000253
6b9f5dd6-9a40-5994-9d56-e57cb40542bb,,,TN-OFFICER-000254,Tamil Nadu Officer OFFICER-000254,Constable,MADURAI Station,MADURAI,Investigator,,,suspended,,imported,12fe593e-e883-5cac-9710-f2ba74198299,13_officer.csv,OFFICER-000254
9541e895-2ec7-5956-9899-543d41a3467d,,,TN-OFFICER-000255,Tamil Nadu Officer OFFICER-000255,Deputy Superintendent,DINDIGUL Station,DINDIGUL,Investigator,,,retired,,imported,12fe593e-e883-5cac-9710-f2ba74198299,13_officer.csv,OFFICER-000255
0cdc1957-8d2b-50c5-9ee2-8868dc6ada93,,,TN-OFFICER-000256,Tamil Nadu Officer OFFICER-000256,Deputy Superintendent,ERODE Station,ERODE,Investigator,,,active,,imported,12fe593e-e883-5cac-9710-f2ba74198299,13_officer.csv,OFFICER-000256
7dabc64e-a3ba-5d43-ad98-885e96616f11,,,TN-OFFICER-000257,Tamil Nadu Officer OFFICER-000257,Assistant Superintendent,TIRUCHIRAPPALLI Station,TIRUCHIRAPPALLI,Investigator,,,suspended,,imported,12fe593e-e883-5cac-9710-f2ba74198299,13_officer.csv,OFFICER-000257
f8ee2559-db5b-5196-b252-24664b95b288,,,TN-OFFICER-000258,Tamil Nadu Officer OFFICER-000258,Superintendent,PERAMBALUR Station,PERAMBALUR,Sub-Inspector,,,active,,imported,12fe593e-e883-5cac-9710-f2ba74198299,13_officer.csv,OFFICER-000258
13a121e8-a245-5e68-9528-5f39e963b754,,,TN-OFFICER-000259,Tamil Nadu Officer OFFICER-000259,Inspector,KANCHEEPURAM Station,KANCHEEPURAM,Sub-Inspector,,,active,,imported,12fe593e-e883-5cac-9710-f2ba74198299,13_officer.csv,OFFICER-000259
11c9425b-7232-529c-af4a-2e837c594574,,,TN-OFFICER-000260,Tamil Nadu Officer OFFICER-000260,Inspector,RANIPET Station,RANIPET,Investigator,,,transferred,,imported,12fe593e-e883-5cac-9710-f2ba74198299,13_officer.csv,OFFICER-000260
8349f028-4298-57ee-b9de-61e99fefa033,,,TN-OFFICER-000261,Tamil Nadu Officer OFFICER-000261,Inspector,THIRUVALLUR Station,THIRUVALLUR,Circle Inspector,,,transferred,,imported,12fe593e-e883-5cac-9710-f2ba74198299,13_officer.csv,OFFICER-000261
be600be9-fccf-5a25-9d38-e67a126b83f3,,,TN-OFFICER-000262,Tamil Nadu Officer OFFICER-000262,Superintendent,THE_NILGIRIS Station,THE_NILGIRIS,Police Officer,,,suspended,,imported,12fe593e-e883-5cac-9710-f2ba74198299,13_officer.csv,OFFICER-000262
0e324620-5f12-52d4-8bac-3f74c9e9dab3,,,TN-OFFICER-000263,Tamil Nadu Officer OFFICER-000263,Deputy Superintendent,THIRUVARUR Station,THIRUVARUR,Police Officer,,,suspended,,imported,12fe593e-e883-5cac-9710-f2ba74198299,13_officer.csv,OFFICER-000263
7dc1ea25-da19-589e-b9e5-adbb086c6df4,,,TN-OFFICER-000264,Tamil Nadu Officer OFFICER-000264,Constable,KALLAKURICHI Station,KALLAKURICHI,Investigator,,,transferred,,imported,12fe593e-e883-5cac-9710-f2ba74198299,13_officer.csv,OFFICER-000264
a783222a-668b-5e2b-b5f4-e377d208a805,,,TN-OFFICER-000265,Tamil Nadu Officer OFFICER-000265,Assistant Superintendent,NAGAPATTINAM Station,NAGAPATTINAM,Sub-Inspector,,,suspended,,imported,12fe593e-e883-5cac-9710-f2ba74198299,13_officer.csv,OFFICER-000265
4b59cd94-fd0d-5c95-a8fc-b84e7116cd94,,,TN-OFFICER-000266,Tamil Nadu Officer OFFICER-000266,Superintendent,KARUR Station,KARUR,Investigator,,,transferred,,imported,12fe593e-e883-5cac-9710-f2ba74198299,13_officer.csv,OFFICER-000266
7c7e0e80-6db7-542c-b358-555099a4f959,,,TN-OFFICER-000267,Tamil Nadu Officer OFFICER-000267,Superintendent,RAMANATHAPURAM Station,RAMANATHAPURAM,Investigator,,,suspended,,imported,12fe593e-e883-5cac-9710-f2ba74198299,13_officer.csv,OFFICER-000267
d5766c7b-097a-5776-b3f0-9f6fbdb2ceae,,,TN-OFFICER-000268,Tamil Nadu Officer OFFICER-000268,Superintendent,CHENNAI Station,CHENNAI,Police Officer,,,transferred,,imported,12fe593e-e883-5cac-9710-f2ba74198299,13_officer.csv,OFFICER-000268
f5106604-712e-59c7-80b3-54113799282d,,,TN-OFFICER-000269,Tamil Nadu Officer OFFICER-000269,Assistant Superintendent,KRISHNAGIRI Station,KRISHNAGIRI,Police Officer,,,retired,,imported,12fe593e-e883-5cac-9710-f2ba74198299,13_officer.csv,OFFICER-000269
8b4a314f-65c3-5fb1-b0fa-fe6e70c109a9,,,TN-OFFICER-000270,Tamil Nadu Officer OFFICER-000270,Deputy Superintendent,KRISHNAGIRI Station,KRISHNAGIRI,Sub-Inspector,,,suspended,,imported,12fe593e-e883-5cac-9710-f2ba74198299,13_officer.csv,OFFICER-000270
eda3366f-dd7f-50a7-901f-638d2f5b9d2e,,,TN-OFFICER-000271,Tamil Nadu Officer OFFICER-000271,Superintendent,NAGAPATTINAM Station,NAGAPATTINAM,Investigator,,,suspended,,imported,12fe593e-e883-5cac-9710-f2ba74198299,13_officer.csv,OFFICER-000271
fd51b5fd-cc89-5cde-b4ed-a7da9eedfd10,,,TN-OFFICER-000272,Tamil Nadu Officer OFFICER-000272,Inspector,TIRUPATHUR Station,TIRUPATHUR,Circle Inspector,,,transferred,,imported,12fe593e-e883-5cac-9710-f2ba74198299,13_officer.csv,OFFICER-000272
10e27ac6-4047-5aab-8de9-43ed1a416a05,,,TN-OFFICER-000273,Tamil Nadu Officer OFFICER-000273,Inspector,NAMAKKAL Station,NAMAKKAL,Investigator,,,suspended,,imported,12fe593e-e883-5cac-9710-f2ba74198299,13_officer.csv,OFFICER-000273
3b4e278b-d644-5d5c-8271-0e160b644338,,,TN-OFFICER-000274,Tamil Nadu Officer OFFICER-000274,Inspector,CUDDALORE Station,CUDDALORE,Police Officer,,,retired,,imported,12fe593e-e883-5cac-9710-f2ba74198299,13_officer.csv,OFFICER-000274
15bfedf0-64ff-5c45-bc2a-2aa26f9a3278,,,TN-OFFICER-000275,Tamil Nadu Officer OFFICER-000275,Assistant Superintendent,ARIYALUR Station,ARIYALUR,Circle Inspector,,,retired,,imported,12fe593e-e883-5cac-9710-f2ba74198299,13_officer.csv,OFFICER-000275
8276c71b-bde5-51f0-af43-41c6acdf3954,,,TN-OFFICER-000276,Tamil Nadu Officer OFFICER-000276,Deputy Superintendent,KALLAKURICHI Station,KALLAKURICHI,Sub-Inspector,,,transferred,,imported,12fe593e-e883-5cac-9710-f2ba74198299,13_officer.csv,OFFICER-000276
3f3b3ae0-4e50-580c-8cc0-bf9d2f33efcf,,,TN-OFFICER-000277,Tamil Nadu Officer OFFICER-000277,Assistant Superintendent,DINDIGUL Station,DINDIGUL,Circle Inspector,,,suspended,,imported,12fe593e-e883-5cac-9710-f2ba74198299,13_officer.csv,OFFICER-000277
2e6132c7-3418-5dce-a78c-23879ee8bac1,,,TN-OFFICER-000278,Tamil Nadu Officer OFFICER-000278,Assistant Superintendent,NAGAPATTINAM Station,NAGAPATTINAM,Police Officer,,,active,,imported,12fe593e-e883-5cac-9710-f2ba74198299,13_officer.csv,OFFICER-000278
70f2fe33-c4eb-5636-aac3-e4c4545006ab,,,TN-OFFICER-000279,Tamil Nadu Officer OFFICER-000279,Constable,VILUPPURAM Station,VILUPPURAM,Police Officer,,,transferred,,imported,12fe593e-e883-5cac-9710-f2ba74198299,13_officer.csv,OFFICER-000279
6ec51b7f-ea22-5cae-9cd8-f81bbec06d4c,,,TN-OFFICER-000280,Tamil Nadu Officer OFFICER-000280,Deputy Superintendent,KUMBAKONAM Station,KUMBAKONAM,Station House Officer,,,active,,imported,12fe593e-e883-5cac-9710-f2ba74198299,13_officer.csv,OFFICER-000280
2ee74cf8-e1db-5026-9260-3bd2ac634ede,,,TN-OFFICER-000281,Tamil Nadu Officer OFFICER-000281,Inspector,THIRUVALLUR Station,THIRUVALLUR,Investigator,,,suspended,,imported,12fe593e-e883-5cac-9710-f2ba74198299,13_officer.csv,OFFICER-000281
95be3803-2ee3-5a84-9eee-c03f031ac0a5,,,TN-OFFICER-000282,Tamil Nadu Officer OFFICER-000282,Superintendent,RAMANATHAPURAM Station,RAMANATHAPURAM,Station House Officer,,,active,,imported,12fe593e-e883-5cac-9710-f2ba74198299,13_officer.csv,OFFICER-000282
89882efa-6c09-596a-a9ee-990c95a2b3ce,,,TN-OFFICER-000283,Tamil Nadu Officer OFFICER-000283,Deputy Superintendent,RANIPET Station,RANIPET,Investigator,,,active,,imported,12fe593e-e883-5cac-9710-f2ba74198299,13_officer.csv,OFFICER-000283
6cfe4d32-a683-594a-a332-6b268ef6b441,,,TN-OFFICER-000284,Tamil Nadu Officer OFFICER-000284,Inspector,KRISHNAGIRI Station,KRISHNAGIRI,Station House Officer,,,suspended,,imported,12fe593e-e883-5cac-9710-f2ba74198299,13_officer.csv,OFFICER-000284
3362d1b1-47e2-5f96-93eb-80e6d3a2ecba,,,TN-OFFICER-000285,Tamil Nadu Officer OFFICER-000285,Superintendent,SALEM Station,SALEM,Station House Officer,,,transferred,,imported,12fe593e-e883-5cac-9710-f2ba74198299,13_officer.csv,OFFICER-000285
bb16c2ce-4a92-580c-ac08-65fba63266ec,,,TN-OFFICER-000286,Tamil Nadu Officer OFFICER-000286,Sub-Inspector,RAMANATHAPURAM Station,RAMANATHAPURAM,Investigator,,,suspended,,imported,12fe593e-e883-5cac-9710-f2ba74198299,13_officer.csv,OFFICER-000286
e78465e8-11ea-527e-a384-c78853f70545,,,TN-OFFICER-000287,Tamil Nadu Officer OFFICER-000287,Deputy Superintendent,TIRUPATHUR Station,TIRUPATHUR,Circle Inspector,,,active,,imported,12fe593e-e883-5cac-9710-f2ba74198299,13_officer.csv,OFFICER-000287
b8f05d0c-8ffc-5cd1-88e1-6d5e378361e9,,,TN-OFFICER-000288,Tamil Nadu Officer OFFICER-000288,Superintendent,CHENNAI Station,CHENNAI,Station House Officer,,,transferred,,imported,12fe593e-e883-5cac-9710-f2ba74198299,13_officer.csv,OFFICER-000288
d324dc67-5a2c-59a8-b741-0483b3f27466,,,TN-OFFICER-000289,Tamil Nadu Officer OFFICER-000289,Inspector,CHENNAI Station,CHENNAI,Circle Inspector,,,suspended,,imported,12fe593e-e883-5cac-9710-f2ba74198299,13_officer.csv,OFFICER-000289
edb209cd-7c16-5188-a879-8ca012a50793,,,TN-OFFICER-000290,Tamil Nadu Officer OFFICER-000290,Superintendent,CHENGALPATTU Station,CHENGALPATTU,Police Officer,,,active,,imported,12fe593e-e883-5cac-9710-f2ba74198299,13_officer.csv,OFFICER-000290
2f4a262d-1d22-5dfd-9eef-cf4b90533f63,,,TN-OFFICER-000291,Tamil Nadu Officer OFFICER-000291,Sub-Inspector,THE_NILGIRIS Station,THE_NILGIRIS,Circle Inspector,,,active,,imported,12fe593e-e883-5cac-9710-f2ba74198299,13_officer.csv,OFFICER-000291
096091bb-0e87-5744-a55c-f10596227179,,,TN-OFFICER-000292,Tamil Nadu Officer OFFICER-000292,Assistant Superintendent,PERAMBALUR Station,PERAMBALUR,Station House Officer,,,suspended,,imported,12fe593e-e883-5cac-9710-f2ba74198299,13_officer.csv,OFFICER-000292
92533310-db03-5acf-abb3-ab9522a7f8e3,,,TN-OFFICER-000293,Tamil Nadu Officer OFFICER-000293,Sub-Inspector,CUDDALORE Station,CUDDALORE,Station House Officer,,,suspended,,imported,12fe593e-e883-5cac-9710-f2ba74198299,13_officer.csv,OFFICER-000293
ba1f955e-bdf0-58af-b9ae-d5982a81dbb9,,,TN-OFFICER-000294,Tamil Nadu Officer OFFICER-000294,Inspector,DHARMAPURI Station,DHARMAPURI,Station House Officer,,,active,,imported,12fe593e-e883-5cac-9710-f2ba74198299,13_officer.csv,OFFICER-000294
47e8e9e2-9713-5dcc-addf-44fbabee86e2,,,TN-OFFICER-000295,Tamil Nadu Officer OFFICER-000295,Superintendent,TIRUCHIRAPPALLI Station,TIRUCHIRAPPALLI,Police Officer,,,suspended,,imported,12fe593e-e883-5cac-9710-f2ba74198299,13_officer.csv,OFFICER-000295
1b10b8e1-c9c6-52ff-87a1-bff9ac80afed,,,TN-OFFICER-000296,Tamil Nadu Officer OFFICER-000296,Sub-Inspector,CHENGALPATTU Station,CHENGALPATTU,Station House Officer,,,retired,,imported,12fe593e-e883-5cac-9710-f2ba74198299,13_officer.csv,OFFICER-000296
d590766d-afaf-59c0-8d91-a4e462293850,,,TN-OFFICER-000297,Tamil Nadu Officer OFFICER-000297,Sub-Inspector,MAYILADUTHURAI Station,MAYILADUTHURAI,Sub-Inspector,,,active,,imported,12fe593e-e883-5cac-9710-f2ba74198299,13_officer.csv,OFFICER-000297
3921a41d-9e23-585d-94e4-01cbc179de3c,,,TN-OFFICER-000298,Tamil Nadu Officer OFFICER-000298,Inspector,KARUR Station,KARUR,Police Officer,,,retired,,imported,12fe593e-e883-5cac-9710-f2ba74198299,13_officer.csv,OFFICER-000298
032d1169-49e6-5f02-90c1-0f71e5e7afd8,,,TN-OFFICER-000299,Tamil Nadu Officer OFFICER-000299,Constable,PUDUKOTTAI Station,PUDUKOTTAI,Sub-Inspector,,,suspended,,imported,12fe593e-e883-5cac-9710-f2ba74198299,13_officer.csv,OFFICER-000299
b2a27edf-b7d5-5ebe-a2fe-522d6d5ce65a,,,TN-OFFICER-000300,Tamil Nadu Officer OFFICER-000300,Superintendent,CHENNAI Station,CHENNAI,Investigator,,,retired,,imported,12fe593e-e883-5cac-9710-f2ba74198299,13_officer.csv,OFFICER-000300
76663977-2f8e-5daf-ac8c-d98c41a17869,,,TN-OFFICER-000301,Tamil Nadu Officer OFFICER-000301,Superintendent,ARIYALUR Station,ARIYALUR,Circle Inspector,,,active,,imported,12fe593e-e883-5cac-9710-f2ba74198299,13_officer.csv,OFFICER-000301
428f1efb-0bf2-526b-834b-a9cbb2953a61,,,TN-OFFICER-000302,Tamil Nadu Officer OFFICER-000302,Inspector,THOOTHUKUDI Station,THOOTHUKUDI,Investigator,,,transferred,,imported,12fe593e-e883-5cac-9710-f2ba74198299,13_officer.csv,OFFICER-000302
1e3af858-7e67-5193-b564-f8913d21d2f4,,,TN-OFFICER-000303,Tamil Nadu Officer OFFICER-000303,Constable,KARUR Station,KARUR,Sub-Inspector,,,suspended,,imported,12fe593e-e883-5cac-9710-f2ba74198299,13_officer.csv,OFFICER-000303
b7b413e8-4b5c-5741-875c-cc1dce4a99b2,,,TN-OFFICER-000304,Tamil Nadu Officer OFFICER-000304,Assistant Superintendent,TIRUNELVELI Station,TIRUNELVELI,Circle Inspector,,,transferred,,imported,12fe593e-e883-5cac-9710-f2ba74198299,13_officer.csv,OFFICER-000304
dba6a5db-18ab-564c-be2c-195b1ecb835f,,,TN-OFFICER-000305,Tamil Nadu Officer OFFICER-000305,Inspector,RAMESWARAM Station,RAMESWARAM,Police Officer,,,retired,,imported,12fe593e-e883-5cac-9710-f2ba74198299,13_officer.csv,OFFICER-000305
a88cf8f0-5563-5cb5-bf63-f8e885b0ff8c,,,TN-OFFICER-000306,Tamil Nadu Officer OFFICER-000306,Assistant Superintendent,ARIYALUR Station,ARIYALUR,Police Officer,,,active,,imported,12fe593e-e883-5cac-9710-f2ba74198299,13_officer.csv,OFFICER-000306
e8c58dd4-db7f-5ae9-8d7f-10ad41ccd19e,,,TN-OFFICER-000307,Tamil Nadu Officer OFFICER-000307,Superintendent,TIRUVANNAMALAI Station,TIRUVANNAMALAI,Investigator,,,transferred,,imported,12fe593e-e883-5cac-9710-f2ba74198299,13_officer.csv,OFFICER-000307
7dc40131-3fa8-5e4c-8c14-f6f89df84217,,,TN-OFFICER-000308,Tamil Nadu Officer OFFICER-000308,Constable,THIRUVARUR Station,THIRUVARUR,Station House Officer,,,transferred,,imported,12fe593e-e883-5cac-9710-f2ba74198299,13_officer.csv,OFFICER-000308
21d7838b-67b1-5f6f-8ae5-a9a808af1046,,,TN-OFFICER-000309,Tamil Nadu Officer OFFICER-000309,Deputy Superintendent,TIRUNELVELI Station,TIRUNELVELI,Sub-Inspector,,,suspended,,imported,12fe593e-e883-5cac-9710-f2ba74198299,13_officer.csv,OFFICER-000309
1c07cd8c-a020-54ed-a94d-1371f31fe3a1,,,TN-OFFICER-000310,Tamil Nadu Officer OFFICER-000310,Deputy Superintendent,THENI Station,THENI,Investigator,,,suspended,,imported,12fe593e-e883-5cac-9710-f2ba74198299,13_officer.csv,OFFICER-000310
1315ee1a-b462-5ca9-bebf-3c576365ff2e,,,TN-OFFICER-000311,Tamil Nadu Officer OFFICER-000311,Superintendent,KANYAKUMARI Station,KANYAKUMARI,Police Officer,,,retired,,imported,12fe593e-e883-5cac-9710-f2ba74198299,13_officer.csv,OFFICER-000311
90ab91fd-40ee-5bcd-a10f-f0fda76077dd,,,TN-OFFICER-000312,Tamil Nadu Officer OFFICER-000312,Sub-Inspector,KANCHEEPURAM Station,KANCHEEPURAM,Police Officer,,,active,,imported,12fe593e-e883-5cac-9710-f2ba74198299,13_officer.csv,OFFICER-000312
d46d5f81-459c-5bc8-8702-4d6657a1e91c,,,TN-OFFICER-000313,Tamil Nadu Officer OFFICER-000313,Inspector,TIRUNELVELI Station,TIRUNELVELI,Police Officer,,,retired,,imported,12fe593e-e883-5cac-9710-f2ba74198299,13_officer.csv,OFFICER-000313
70bde9d9-e1a2-5e31-8b01-47423a1b218c,,,TN-OFFICER-000314,Tamil Nadu Officer OFFICER-000314,Constable,PUDUKOTTAI Station,PUDUKOTTAI,Police Officer,,,suspended,,imported,12fe593e-e883-5cac-9710-f2ba74198299,13_officer.csv,OFFICER-000314
20b81a93-3cac-56c8-aab1-61c298e0314c,,,TN-OFFICER-000315,Tamil Nadu Officer OFFICER-000315,Sub-Inspector,CHENGALPATTU Station,CHENGALPATTU,Station House Officer,,,active,,imported,12fe593e-e883-5cac-9710-f2ba74198299,13_officer.csv,OFFICER-000315
73933ee7-9649-5862-9a61-9a1cea690c53,,,TN-OFFICER-000316,Tamil Nadu Officer OFFICER-000316,Assistant Superintendent,NAMAKKAL Station,NAMAKKAL,Police Officer,,,suspended,,imported,12fe593e-e883-5cac-9710-f2ba74198299,13_officer.csv,OFFICER-000316
75fd409e-a2ec-56f6-aaa3-6bdddd3903b2,,,TN-OFFICER-000317,Tamil Nadu Officer OFFICER-000317,Constable,NAGAPATTINAM Station,NAGAPATTINAM,Sub-Inspector,,,transferred,,imported,12fe593e-e883-5cac-9710-f2ba74198299,13_officer.csv,OFFICER-000317
21309571-474f-5c58-b33f-6d88f602036d,,,TN-OFFICER-000318,Tamil Nadu Officer OFFICER-000318,Assistant Superintendent,PUDUKOTTAI Station,PUDUKOTTAI,Investigator,,,retired,,imported,12fe593e-e883-5cac-9710-f2ba74198299,13_officer.csv,OFFICER-000318
693ab145-09ce-5ea1-a97a-652686d18e74,,,TN-OFFICER-000319,Tamil Nadu Officer OFFICER-000319,Inspector,SALEM Station,SALEM,Investigator,,,active,,imported,12fe593e-e883-5cac-9710-f2ba74198299,13_officer.csv,OFFICER-000319
a9dff066-6341-5090-9632-8229a6a460c0,,,TN-OFFICER-000320,Tamil Nadu Officer OFFICER-000320,Superintendent,NAGAPATTINAM Station,NAGAPATTINAM,Station House Officer,,,active,,imported,12fe593e-e883-5cac-9710-f2ba74198299,13_officer.csv,OFFICER-000320
5fa079ee-83b6-5912-931f-1edac4e4fa13,,,TN-OFFICER-000321,Tamil Nadu Officer OFFICER-000321,Superintendent,RAMANATHAPURAM Station,RAMANATHAPURAM,Investigator,,,active,,imported,12fe593e-e883-5cac-9710-f2ba74198299,13_officer.csv,OFFICER-000321
20da44b8-cbab-5616-9183-0648b80c5e73,,,TN-OFFICER-000322,Tamil Nadu Officer OFFICER-000322,Sub-Inspector,THIRUVALLUR Station,THIRUVALLUR,Circle Inspector,,,suspended,,imported,12fe593e-e883-5cac-9710-f2ba74198299,13_officer.csv,OFFICER-000322
11eb2740-5f05-55a3-a7c9-34ce8a322475,,,TN-OFFICER-000323,Tamil Nadu Officer OFFICER-000323,Inspector,CHENGALPATTU Station,CHENGALPATTU,Station House Officer,,,active,,imported,12fe593e-e883-5cac-9710-f2ba74198299,13_officer.csv,OFFICER-000323
3e94cee8-b03f-5a63-a558-878e9a1e17aa,,,TN-OFFICER-000324,Tamil Nadu Officer OFFICER-000324,Sub-Inspector,RAMANATHAPURAM Station,RAMANATHAPURAM,Station House Officer,,,transferred,,imported,12fe593e-e883-5cac-9710-f2ba74198299,13_officer.csv,OFFICER-000324
c3f7dd3b-6451-5d6e-9b70-933fd801d0d8,,,TN-OFFICER-000325,Tamil Nadu Officer OFFICER-000325,Constable,CHENNAI Station,CHENNAI,Station House Officer,,,retired,,imported,12fe593e-e883-5cac-9710-f2ba74198299,13_officer.csv,OFFICER-000325
53ddc3a9-3f7c-5006-9962-f3d02c4a830e,,,TN-OFFICER-000326,Tamil Nadu Officer OFFICER-000326,Deputy Superintendent,CHENNAI Station,CHENNAI,Station House Officer,,,suspended,,imported,12fe593e-e883-5cac-9710-f2ba74198299,13_officer.csv,OFFICER-000326
2e3d6198-738e-5190-aea1-8ef4ac04864b,,,TN-OFFICER-000327,Tamil Nadu Officer OFFICER-000327,Assistant Superintendent,PUDUKOTTAI Station,PUDUKOTTAI,Investigator,,,active,,imported,12fe593e-e883-5cac-9710-f2ba74198299,13_officer.csv,OFFICER-000327
dbe7489f-06c1-53cb-b370-61864b8f1d1f,,,TN-OFFICER-000328,Tamil Nadu Officer OFFICER-000328,Assistant Superintendent,TIRUVANNAMALAI Station,TIRUVANNAMALAI,Police Officer,,,suspended,,imported,12fe593e-e883-5cac-9710-f2ba74198299,13_officer.csv,OFFICER-000328
43519298-c666-583f-8293-b3a8f751d793,,,TN-OFFICER-000329,Tamil Nadu Officer OFFICER-000329,Constable,CHENGALPATTU Station,CHENGALPATTU,Police Officer,,,suspended,,imported,12fe593e-e883-5cac-9710-f2ba74198299,13_officer.csv,OFFICER-000329
a6d4015f-1541-527b-aaec-07e16757d2f6,,,TN-OFFICER-000330,Tamil Nadu Officer OFFICER-000330,Deputy Superintendent,NAMAKKAL Station,NAMAKKAL,Investigator,,,active,,imported,12fe593e-e883-5cac-9710-f2ba74198299,13_officer.csv,OFFICER-000330
c689b1be-99c8-582a-a291-314bc5733bcb,,,TN-OFFICER-000331,Tamil Nadu Officer OFFICER-000331,Superintendent,KALLAKURICHI Station,KALLAKURICHI,Sub-Inspector,,,suspended,,imported,12fe593e-e883-5cac-9710-f2ba74198299,13_officer.csv,OFFICER-000331
7c7e11f8-54e3-5f08-871d-3c9831c1715c,,,TN-OFFICER-000332,Tamil Nadu Officer OFFICER-000332,Assistant Superintendent,RANIPET Station,RANIPET,Investigator,,,active,,imported,12fe593e-e883-5cac-9710-f2ba74198299,13_officer.csv,OFFICER-000332
e4b8adc6-017c-5ca3-9bf3-b990f4dccafa,,,TN-OFFICER-000333,Tamil Nadu Officer OFFICER-000333,Superintendent,PERAMBALUR Station,PERAMBALUR,Investigator,,,active,,imported,12fe593e-e883-5cac-9710-f2ba74198299,13_officer.csv,OFFICER-000333
7214a8d4-e2dc-5d30-a2f0-6436c40d138d,,,TN-OFFICER-000334,Tamil Nadu Officer OFFICER-000334,Deputy Superintendent,PUDUKOTTAI Station,PUDUKOTTAI,Station House Officer,,,active,,imported,12fe593e-e883-5cac-9710-f2ba74198299,13_officer.csv,OFFICER-000334
e0aab55d-1870-5dbb-9c4c-e2308d517d69,,,TN-OFFICER-000335,Tamil Nadu Officer OFFICER-000335,Constable,KRISHNAGIRI Station,KRISHNAGIRI,Circle Inspector,,,retired,,imported,12fe593e-e883-5cac-9710-f2ba74198299,13_officer.csv,OFFICER-000335
736f9aa7-b120-5426-b6ba-ed85aa7af37d,,,TN-OFFICER-000336,Tamil Nadu Officer OFFICER-000336,Inspector,CUDDALORE Station,CUDDALORE,Circle Inspector,,,retired,,imported,12fe593e-e883-5cac-9710-f2ba74198299,13_officer.csv,OFFICER-000336
53ac4eed-67c1-590d-a250-195b0bac1001,,,TN-OFFICER-000337,Tamil Nadu Officer OFFICER-000337,Deputy Superintendent,KALLAKURICHI Station,KALLAKURICHI,Sub-Inspector,,,suspended,,imported,12fe593e-e883-5cac-9710-f2ba74198299,13_officer.csv,OFFICER-000337
45889d4f-a1c3-53d9-8c3c-604598479f66,,,TN-OFFICER-000338,Tamil Nadu Officer OFFICER-000338,Constable,THIRUVALLUR Station,THIRUVALLUR,Investigator,,,transferred,,imported,12fe593e-e883-5cac-9710-f2ba74198299,13_officer.csv,OFFICER-000338
749c60d8-dbe8-5ae0-b461-19228ee34d92,,,TN-OFFICER-000339,Tamil Nadu Officer OFFICER-000339,Assistant Superintendent,NAGAPATTINAM Station,NAGAPATTINAM,Circle Inspector,,,retired,,imported,12fe593e-e883-5cac-9710-f2ba74198299,13_officer.csv,OFFICER-000339
c51f93a8-4a32-53a4-aaca-21de6dc744d7,,,TN-OFFICER-000340,Tamil Nadu Officer OFFICER-000340,Deputy Superintendent,KALLAKURICHI Station,KALLAKURICHI,Station House Officer,,,suspended,,imported,12fe593e-e883-5cac-9710-f2ba74198299,13_officer.csv,OFFICER-000340
bf06416c-a9cf-5700-b62e-30b92ab0714e,,,TN-OFFICER-000341,Tamil Nadu Officer OFFICER-000341,Sub-Inspector,KRISHNAGIRI Station,KRISHNAGIRI,Circle Inspector,,,active,,imported,12fe593e-e883-5cac-9710-f2ba74198299,13_officer.csv,OFFICER-000341
b874fc40-a055-531a-a4eb-9071dfb97de3,,,TN-OFFICER-000342,Tamil Nadu Officer OFFICER-000342,Inspector,COIMBATORE Station,COIMBATORE,Sub-Inspector,,,suspended,,imported,12fe593e-e883-5cac-9710-f2ba74198299,13_officer.csv,OFFICER-000342
6e7cc278-b825-5d86-85b6-7d5864cfb4c8,,,TN-OFFICER-000343,Tamil Nadu Officer OFFICER-000343,Inspector,PUDUKOTTAI Station,PUDUKOTTAI,Sub-Inspector,,,active,,imported,12fe593e-e883-5cac-9710-f2ba74198299,13_officer.csv,OFFICER-000343
42c03a99-0b90-5a50-a89d-d29b007db519,,,TN-OFFICER-000344,Tamil Nadu Officer OFFICER-000344,Assistant Superintendent,RANIPET Station,RANIPET,Circle Inspector,,,suspended,,imported,12fe593e-e883-5cac-9710-f2ba74198299,13_officer.csv,OFFICER-000344
804459d2-de2d-53e7-a68f-6f147dcbe443,,,TN-OFFICER-000345,Tamil Nadu Officer OFFICER-000345,Inspector,THENI Station,THENI,Investigator,,,suspended,,imported,12fe593e-e883-5cac-9710-f2ba74198299,13_officer.csv,OFFICER-000345
15897173-281d-5823-8ee8-241a2616120c,,,TN-OFFICER-000346,Tamil Nadu Officer OFFICER-000346,Constable,RAMANATHAPURAM Station,RAMANATHAPURAM,Police Officer,,,active,,imported,12fe593e-e883-5cac-9710-f2ba74198299,13_officer.csv,OFFICER-000346
5eb01d6a-eedf-5c17-98d1-0a9818b695f4,,,TN-OFFICER-000347,Tamil Nadu Officer OFFICER-000347,Deputy Superintendent,KRISHNAGIRI Station,KRISHNAGIRI,Circle Inspector,,,suspended,,imported,12fe593e-e883-5cac-9710-f2ba74198299,13_officer.csv,OFFICER-000347
f9fb75ce-9e50-52be-95d4-e1f99058dcdd,,,TN-OFFICER-000348,Tamil Nadu Officer OFFICER-000348,Inspector,TENKASI Station,TENKASI,Police Officer,,,suspended,,imported,12fe593e-e883-5cac-9710-f2ba74198299,13_officer.csv,OFFICER-000348
b1f7a28f-d288-56e8-b0a1-d4ba9a4e96e2,,,TN-OFFICER-000349,Tamil Nadu Officer OFFICER-000349,Superintendent,ERODE Station,ERODE,Sub-Inspector,,,retired,,imported,12fe593e-e883-5cac-9710-f2ba74198299,13_officer.csv,OFFICER-000349
794a2291-9b04-5ae1-9599-af405c4419e8,,,TN-OFFICER-000350,Tamil Nadu Officer OFFICER-000350,Deputy Superintendent,CHENNAI Station,CHENNAI,Sub-Inspector,,,transferred,,imported,12fe593e-e883-5cac-9710-f2ba74198299,13_officer.csv,OFFICER-000350
ce060293-0caa-58cc-b860-456ff2565e02,,,TN-OFFICER-000351,Tamil Nadu Officer OFFICER-000351,Superintendent,KALLAKURICHI Station,KALLAKURICHI,Station House Officer,,,active,,imported,12fe593e-e883-5cac-9710-f2ba74198299,13_officer.csv,OFFICER-000351
228156df-4247-52c4-9716-81238bc5c0de,,,TN-OFFICER-000352,Tamil Nadu Officer OFFICER-000352,Superintendent,KRISHNAGIRI Station,KRISHNAGIRI,Sub-Inspector,,,suspended,,imported,12fe593e-e883-5cac-9710-f2ba74198299,13_officer.csv,OFFICER-000352
8298dff4-8baf-5969-980c-4332eb333c72,,,TN-OFFICER-000353,Tamil Nadu Officer OFFICER-000353,Assistant Superintendent,MADURAI Station,MADURAI,Police Officer,,,suspended,,imported,12fe593e-e883-5cac-9710-f2ba74198299,13_officer.csv,OFFICER-000353
4e14a7f3-e855-55f1-b99e-cd15116bafb1,,,TN-OFFICER-000354,Tamil Nadu Officer OFFICER-000354,Sub-Inspector,KANCHEEPURAM Station,KANCHEEPURAM,Sub-Inspector,,,active,,imported,12fe593e-e883-5cac-9710-f2ba74198299,13_officer.csv,OFFICER-000354
93d3a061-45f4-508a-b446-6af19e40cad0,,,TN-OFFICER-000355,Tamil Nadu Officer OFFICER-000355,Constable,ERODE Station,ERODE,Police Officer,,,active,,imported,12fe593e-e883-5cac-9710-f2ba74198299,13_officer.csv,OFFICER-000355
21865777-99c4-5d7d-9ddf-3f380b3c149a,,,TN-OFFICER-000356,Tamil Nadu Officer OFFICER-000356,Sub-Inspector,TIRUPPUR Station,TIRUPPUR,Investigator,,,suspended,,imported,12fe593e-e883-5cac-9710-f2ba74198299,13_officer.csv,OFFICER-000356
e7c05850-16c9-5977-a960-7c9f9a3334ef,,,TN-OFFICER-000357,Tamil Nadu Officer OFFICER-000357,Constable,THOOTHUKUDI Station,THOOTHUKUDI,Sub-Inspector,,,transferred,,imported,12fe593e-e883-5cac-9710-f2ba74198299,13_officer.csv,OFFICER-000357
01c7a12b-cd10-52b9-9154-90ba32d1711a,,,TN-OFFICER-000358,Tamil Nadu Officer OFFICER-000358,Sub-Inspector,DINDIGUL Station,DINDIGUL,Circle Inspector,,,retired,,imported,12fe593e-e883-5cac-9710-f2ba74198299,13_officer.csv,OFFICER-000358
b640e606-0a69-51f8-8c9a-01f883ba93d5,,,TN-OFFICER-000359,Tamil Nadu Officer OFFICER-000359,Sub-Inspector,THIRUVALLUR Station,THIRUVALLUR,Circle Inspector,,,active,,imported,12fe593e-e883-5cac-9710-f2ba74198299,13_officer.csv,OFFICER-000359
fea7956b-b97c-59e1-83d6-ade94e304f36,,,TN-OFFICER-000360,Tamil Nadu Officer OFFICER-000360,Assistant Superintendent,DINDIGUL Station,DINDIGUL,Sub-Inspector,,,active,,imported,12fe593e-e883-5cac-9710-f2ba74198299,13_officer.csv,OFFICER-000360
6b224fd8-0289-57b3-b228-8cde2604a813,,,TN-OFFICER-000361,Tamil Nadu Officer OFFICER-000361,Assistant Superintendent,RAMANATHAPURAM Station,RAMANATHAPURAM,Sub-Inspector,,,retired,,imported,12fe593e-e883-5cac-9710-f2ba74198299,13_officer.csv,OFFICER-000361
2c25a63d-e7be-549b-96ef-d2c7f4c2671a,,,TN-OFFICER-000362,Tamil Nadu Officer OFFICER-000362,Assistant Superintendent,CHENNAI Station,CHENNAI,Investigator,,,retired,,imported,12fe593e-e883-5cac-9710-f2ba74198299,13_officer.csv,OFFICER-000362
09096568-c536-5037-8ed8-921f6e95a5b8,,,TN-OFFICER-000363,Tamil Nadu Officer OFFICER-000363,Constable,THIRUVALLUR Station,THIRUVALLUR,Station House Officer,,,suspended,,imported,12fe593e-e883-5cac-9710-f2ba74198299,13_officer.csv,OFFICER-000363
b90df661-bff2-5c34-b689-d863be468d5a,,,TN-OFFICER-000364,Tamil Nadu Officer OFFICER-000364,Sub-Inspector,KANYAKUMARI Station,KANYAKUMARI,Sub-Inspector,,,transferred,,imported,12fe593e-e883-5cac-9710-f2ba74198299,13_officer.csv,OFFICER-000364
5dbad4d3-2791-55c5-bee0-20e55b8be9ee,,,TN-OFFICER-000365,Tamil Nadu Officer OFFICER-000365,Constable,ARIYALUR Station,ARIYALUR,Police Officer,,,retired,,imported,12fe593e-e883-5cac-9710-f2ba74198299,13_officer.csv,OFFICER-000365
27c0c6a3-9139-506c-a96a-914188d78a44,,,TN-OFFICER-000366,Tamil Nadu Officer OFFICER-000366,Inspector,TIRUVANNAMALAI Station,TIRUVANNAMALAI,Police Officer,,,transferred,,imported,12fe593e-e883-5cac-9710-f2ba74198299,13_officer.csv,OFFICER-000366
dce3d9e3-e4a8-5efc-a932-d2a1e9d546bf,,,TN-OFFICER-000367,Tamil Nadu Officer OFFICER-000367,Superintendent,THIRUVALLUR Station,THIRUVALLUR,Station House Officer,,,active,,imported,12fe593e-e883-5cac-9710-f2ba74198299,13_officer.csv,OFFICER-000367
ac03f595-38c7-5320-a2bf-dca3639826d5,,,TN-OFFICER-000368,Tamil Nadu Officer OFFICER-000368,Deputy Superintendent,KUMBAKONAM Station,KUMBAKONAM,Investigator,,,transferred,,imported,12fe593e-e883-5cac-9710-f2ba74198299,13_officer.csv,OFFICER-000368
5bebfec8-2aa8-512e-bdf2-682e3a19a59b,,,TN-OFFICER-000369,Tamil Nadu Officer OFFICER-000369,Superintendent,KANYAKUMARI Station,KANYAKUMARI,Investigator,,,suspended,,imported,12fe593e-e883-5cac-9710-f2ba74198299,13_officer.csv,OFFICER-000369
b87559fd-6181-5f1d-96b6-92eb47ee0ae1,,,TN-OFFICER-000370,Tamil Nadu Officer OFFICER-000370,Inspector,KANYAKUMARI Station,KANYAKUMARI,Station House Officer,,,transferred,,imported,12fe593e-e883-5cac-9710-f2ba74198299,13_officer.csv,OFFICER-000370
ded0f160-5531-5f2b-8d02-3f0ea41167f3,,,TN-OFFICER-000371,Tamil Nadu Officer OFFICER-000371,Superintendent,VIRUDHUNAGAR Station,VIRUDHUNAGAR,Station House Officer,,,transferred,,imported,12fe593e-e883-5cac-9710-f2ba74198299,13_officer.csv,OFFICER-000371
e4b9484b-daa6-5980-8c69-d8e9c9391a46,,,TN-OFFICER-000372,Tamil Nadu Officer OFFICER-000372,Inspector,KRISHNAGIRI Station,KRISHNAGIRI,Police Officer,,,transferred,,imported,12fe593e-e883-5cac-9710-f2ba74198299,13_officer.csv,OFFICER-000372
07c83f6c-889a-5ba9-bc82-c6a3645dfd5d,,,TN-OFFICER-000373,Tamil Nadu Officer OFFICER-000373,Assistant Superintendent,THOOTHUKUDI Station,THOOTHUKUDI,Circle Inspector,,,active,,imported,12fe593e-e883-5cac-9710-f2ba74198299,13_officer.csv,OFFICER-000373
d55ba026-8956-5987-b6a9-b938d4e02b49,,,TN-OFFICER-000374,Tamil Nadu Officer OFFICER-000374,Sub-Inspector,THENI Station,THENI,Investigator,,,transferred,,imported,12fe593e-e883-5cac-9710-f2ba74198299,13_officer.csv,OFFICER-000374
f396a2bc-e7b2-581a-a717-0d20fb0e0c71,,,TN-OFFICER-000375,Tamil Nadu Officer OFFICER-000375,Deputy Superintendent,RANIPET Station,RANIPET,Station House Officer,,,retired,,imported,12fe593e-e883-5cac-9710-f2ba74198299,13_officer.csv,OFFICER-000375
16114ea5-8971-51be-86ec-742adf7780ef,,,TN-OFFICER-000376,Tamil Nadu Officer OFFICER-000376,Sub-Inspector,RAMESWARAM Station,RAMESWARAM,Sub-Inspector,,,suspended,,imported,12fe593e-e883-5cac-9710-f2ba74198299,13_officer.csv,OFFICER-000376
0ee1fa73-ad18-558d-81fa-b246b21527e8,,,TN-OFFICER-000377,Tamil Nadu Officer OFFICER-000377,Deputy Superintendent,CHENGALPATTU Station,CHENGALPATTU,Station House Officer,,,retired,,imported,12fe593e-e883-5cac-9710-f2ba74198299,13_officer.csv,OFFICER-000377
df236738-801b-5460-8afe-549aa4f3fb7b,,,TN-OFFICER-000378,Tamil Nadu Officer OFFICER-000378,Superintendent,VIRUDHUNAGAR Station,VIRUDHUNAGAR,Police Officer,,,active,,imported,12fe593e-e883-5cac-9710-f2ba74198299,13_officer.csv,OFFICER-000378
9cf92295-e2db-5b46-92fb-7b2fc62f59a9,,,TN-OFFICER-000379,Tamil Nadu Officer OFFICER-000379,Assistant Superintendent,CUDDALORE Station,CUDDALORE,Sub-Inspector,,,suspended,,imported,12fe593e-e883-5cac-9710-f2ba74198299,13_officer.csv,OFFICER-000379
02ff346b-5691-5b7b-9343-b1d581976d5b,,,TN-OFFICER-000380,Tamil Nadu Officer OFFICER-000380,Inspector,COIMBATORE Station,COIMBATORE,Circle Inspector,,,transferred,,imported,12fe593e-e883-5cac-9710-f2ba74198299,13_officer.csv,OFFICER-000380
7bb4d08e-66e3-517e-a1e7-1efa184790b3,,,TN-OFFICER-000381,Tamil Nadu Officer OFFICER-000381,Sub-Inspector,CUDDALORE Station,CUDDALORE,Sub-Inspector,,,active,,imported,12fe593e-e883-5cac-9710-f2ba74198299,13_officer.csv,OFFICER-000381
af886637-9154-53f9-9835-3191c9b4f602,,,TN-OFFICER-000382,Tamil Nadu Officer OFFICER-000382,Sub-Inspector,THIRUVALLUR Station,THIRUVALLUR,Station House Officer,,,suspended,,imported,12fe593e-e883-5cac-9710-f2ba74198299,13_officer.csv,OFFICER-000382
fc702a04-763e-5fb1-8938-041a985e2adb,,,TN-OFFICER-000383,Tamil Nadu Officer OFFICER-000383,Sub-Inspector,THIRUVALLUR Station,THIRUVALLUR,Police Officer,,,retired,,imported,12fe593e-e883-5cac-9710-f2ba74198299,13_officer.csv,OFFICER-000383
d88e8d05-afc0-5fa4-96ce-cdac426f3483,,,TN-OFFICER-000384,Tamil Nadu Officer OFFICER-000384,Inspector,NAGAPATTINAM Station,NAGAPATTINAM,Sub-Inspector,,,retired,,imported,12fe593e-e883-5cac-9710-f2ba74198299,13_officer.csv,OFFICER-000384
b0d6992e-5029-5e56-ab56-d0a147193dab,,,TN-OFFICER-000385,Tamil Nadu Officer OFFICER-000385,Superintendent,NAGAPATTINAM Station,NAGAPATTINAM,Police Officer,,,suspended,,imported,12fe593e-e883-5cac-9710-f2ba74198299,13_officer.csv,OFFICER-000385
b38b1e3a-4f9a-58cf-b237-fd330e5de80d,,,TN-OFFICER-000386,Tamil Nadu Officer OFFICER-000386,Superintendent,TIRUNELVELI Station,TIRUNELVELI,Investigator,,,suspended,,imported,12fe593e-e883-5cac-9710-f2ba74198299,13_officer.csv,OFFICER-000386
fd122290-da33-559c-9617-aae1ce8154d1,,,TN-OFFICER-000387,Tamil Nadu Officer OFFICER-000387,Inspector,NAGAPATTINAM Station,NAGAPATTINAM,Investigator,,,active,,imported,12fe593e-e883-5cac-9710-f2ba74198299,13_officer.csv,OFFICER-000387
c8b67419-70a2-5152-93de-2e5405742a11,,,TN-OFFICER-000388,Tamil Nadu Officer OFFICER-000388,Inspector,ARIYALUR Station,ARIYALUR,Circle Inspector,,,active,,imported,12fe593e-e883-5cac-9710-f2ba74198299,13_officer.csv,OFFICER-000388
a603fe56-e7ce-5b1c-b421-4d9804037d69,,,TN-OFFICER-000389,Tamil Nadu Officer OFFICER-000389,Superintendent,MADURAI Station,MADURAI,Station House Officer,,,suspended,,imported,12fe593e-e883-5cac-9710-f2ba74198299,13_officer.csv,OFFICER-000389
3a7e857e-4038-5aab-98f1-2e9646c1706e,,,TN-OFFICER-000390,Tamil Nadu Officer OFFICER-000390,Sub-Inspector,RANIPET Station,RANIPET,Circle Inspector,,,suspended,,imported,12fe593e-e883-5cac-9710-f2ba74198299,13_officer.csv,OFFICER-000390
43b7e721-b67a-5ee2-bc39-a06e64352516,,,TN-OFFICER-000391,Tamil Nadu Officer OFFICER-000391,Superintendent,RANIPET Station,RANIPET,Station House Officer,,,active,,imported,12fe593e-e883-5cac-9710-f2ba74198299,13_officer.csv,OFFICER-000391
3e1b3e27-40ea-5eca-a181-a1d0f450132a,,,TN-OFFICER-000392,Tamil Nadu Officer OFFICER-000392,Sub-Inspector,CHENNAI Station,CHENNAI,Police Officer,,,transferred,,imported,12fe593e-e883-5cac-9710-f2ba74198299,13_officer.csv,OFFICER-000392
c2d92c99-a393-5d89-8a4e-9508d607e2ec,,,TN-OFFICER-000393,Tamil Nadu Officer OFFICER-000393,Superintendent,CUDDALORE Station,CUDDALORE,Circle Inspector,,,suspended,,imported,12fe593e-e883-5cac-9710-f2ba74198299,13_officer.csv,OFFICER-000393
77b85bfc-0e36-501a-ae23-0e3e01e72b02,,,TN-OFFICER-000394,Tamil Nadu Officer OFFICER-000394,Constable,ERODE Station,ERODE,Police Officer,,,active,,imported,12fe593e-e883-5cac-9710-f2ba74198299,13_officer.csv,OFFICER-000394
cfe5638f-1c3e-5156-94cd-27e37d4bdb2e,,,TN-OFFICER-000395,Tamil Nadu Officer OFFICER-000395,Inspector,PUDUKOTTAI Station,PUDUKOTTAI,Police Officer,,,transferred,,imported,12fe593e-e883-5cac-9710-f2ba74198299,13_officer.csv,OFFICER-000395
5e1f2342-6604-53b6-87a3-69339a5381cf,,,TN-OFFICER-000396,Tamil Nadu Officer OFFICER-000396,Constable,CHENNAI Station,CHENNAI,Circle Inspector,,,suspended,,imported,12fe593e-e883-5cac-9710-f2ba74198299,13_officer.csv,OFFICER-000396
d5775f15-5cee-59d3-ae03-3e4478de5ddf,,,TN-OFFICER-000397,Tamil Nadu Officer OFFICER-000397,Superintendent,CHENNAI Station,CHENNAI,Police Officer,,,suspended,,imported,12fe593e-e883-5cac-9710-f2ba74198299,13_officer.csv,OFFICER-000397
db6952dd-4c0a-5dc1-9456-c5d2e34b596c,,,TN-OFFICER-000398,Tamil Nadu Officer OFFICER-000398,Assistant Superintendent,KRISHNAGIRI Station,KRISHNAGIRI,Station House Officer,,,transferred,,imported,12fe593e-e883-5cac-9710-f2ba74198299,13_officer.csv,OFFICER-000398
7ec4ea01-0728-51e7-af46-cbd3f356fe30,,,TN-OFFICER-000399,Tamil Nadu Officer OFFICER-000399,Superintendent,CHENGALPATTU Station,CHENGALPATTU,Investigator,,,active,,imported,12fe593e-e883-5cac-9710-f2ba74198299,13_officer.csv,OFFICER-000399
20ab9009-0cc8-56d8-91da-6e1d3f6aaad6,,,TN-OFFICER-000400,Tamil Nadu Officer OFFICER-000400,Inspector,CHENGALPATTU Station,CHENGALPATTU,Investigator,,,transferred,,imported,12fe593e-e883-5cac-9710-f2ba74198299,13_officer.csv,OFFICER-000400
36c71d5b-ee29-58c1-b71b-aa0d1e7ad09d,,,TN-OFFICER-000401,Tamil Nadu Officer OFFICER-000401,Deputy Superintendent,RAMANATHAPURAM Station,RAMANATHAPURAM,Police Officer,,,retired,,imported,12fe593e-e883-5cac-9710-f2ba74198299,13_officer.csv,OFFICER-000401
6ec5d466-0ec7-52ae-868e-5107fe8f7947,,,TN-OFFICER-000402,Tamil Nadu Officer OFFICER-000402,Superintendent,THIRUVALLUR Station,THIRUVALLUR,Station House Officer,,,suspended,,imported,12fe593e-e883-5cac-9710-f2ba74198299,13_officer.csv,OFFICER-000402
2b5d324a-6786-5f79-9632-558fdce62678,,,TN-OFFICER-000403,Tamil Nadu Officer OFFICER-000403,Superintendent,THENI Station,THENI,Police Officer,,,transferred,,imported,12fe593e-e883-5cac-9710-f2ba74198299,13_officer.csv,OFFICER-000403
3e917692-2210-5fcf-bb04-c051bc559394,,,TN-OFFICER-000404,Tamil Nadu Officer OFFICER-000404,Superintendent,RAMANATHAPURAM Station,RAMANATHAPURAM,Sub-Inspector,,,transferred,,imported,12fe593e-e883-5cac-9710-f2ba74198299,13_officer.csv,OFFICER-000404
b7870d12-d8a5-5f4a-8e3f-acbef7092d82,,,TN-OFFICER-000405,Tamil Nadu Officer OFFICER-000405,Deputy Superintendent,NAGAPATTINAM Station,NAGAPATTINAM,Circle Inspector,,,transferred,,imported,12fe593e-e883-5cac-9710-f2ba74198299,13_officer.csv,OFFICER-000405
836538e5-8d90-50e0-8f46-2153d887b185,,,TN-OFFICER-000406,Tamil Nadu Officer OFFICER-000406,Superintendent,VIRUDHUNAGAR Station,VIRUDHUNAGAR,Sub-Inspector,,,transferred,,imported,12fe593e-e883-5cac-9710-f2ba74198299,13_officer.csv,OFFICER-000406
7daf2aca-9c0d-5352-881a-4f99720d610b,,,TN-OFFICER-000407,Tamil Nadu Officer OFFICER-000407,Superintendent,RANIPET Station,RANIPET,Sub-Inspector,,,active,,imported,12fe593e-e883-5cac-9710-f2ba74198299,13_officer.csv,OFFICER-000407
8c8507cc-03d8-563e-986e-42c96c5fcfa9,,,TN-OFFICER-000408,Tamil Nadu Officer OFFICER-000408,Constable,ARIYALUR Station,ARIYALUR,Investigator,,,active,,imported,12fe593e-e883-5cac-9710-f2ba74198299,13_officer.csv,OFFICER-000408
8c211944-6459-5682-84fc-53d8387c2ac9,,,TN-OFFICER-000409,Tamil Nadu Officer OFFICER-000409,Inspector,KUMBAKONAM Station,KUMBAKONAM,Sub-Inspector,,,active,,imported,12fe593e-e883-5cac-9710-f2ba74198299,13_officer.csv,OFFICER-000409
9be3a2b6-11de-5f87-9203-e6ccee4919cf,,,TN-OFFICER-000410,Tamil Nadu Officer OFFICER-000410,Sub-Inspector,CHENNAI Station,CHENNAI,Circle Inspector,,,transferred,,imported,12fe593e-e883-5cac-9710-f2ba74198299,13_officer.csv,OFFICER-000410
c5439cc7-8e50-57a5-a7c8-31859a13b4a0,,,TN-OFFICER-000411,Tamil Nadu Officer OFFICER-000411,Deputy Superintendent,RANIPET Station,RANIPET,Circle Inspector,,,suspended,,imported,12fe593e-e883-5cac-9710-f2ba74198299,13_officer.csv,OFFICER-000411
3fc958e4-97ae-58b5-95cb-df00602c78ad,,,TN-OFFICER-000412,Tamil Nadu Officer OFFICER-000412,Constable,THIRUVALLUR Station,THIRUVALLUR,Station House Officer,,,active,,imported,12fe593e-e883-5cac-9710-f2ba74198299,13_officer.csv,OFFICER-000412
6281c289-6843-5242-944e-b803a76ec58d,,,TN-OFFICER-000413,Tamil Nadu Officer OFFICER-000413,Assistant Superintendent,TIRUVANNAMALAI Station,TIRUVANNAMALAI,Circle Inspector,,,retired,,imported,12fe593e-e883-5cac-9710-f2ba74198299,13_officer.csv,OFFICER-000413
95771557-2313-507f-a0f7-1622019c87e8,,,TN-OFFICER-000414,Tamil Nadu Officer OFFICER-000414,Deputy Superintendent,KARUR Station,KARUR,Police Officer,,,suspended,,imported,12fe593e-e883-5cac-9710-f2ba74198299,13_officer.csv,OFFICER-000414
639d0e2b-657f-5f20-b17d-64ce22649d28,,,TN-OFFICER-000415,Tamil Nadu Officer OFFICER-000415,Inspector,KANYAKUMARI Station,KANYAKUMARI,Circle Inspector,,,transferred,,imported,12fe593e-e883-5cac-9710-f2ba74198299,13_officer.csv,OFFICER-000415
2bcc7ae9-473a-5813-826d-363bc196f042,,,TN-OFFICER-000416,Tamil Nadu Officer OFFICER-000416,Assistant Superintendent,DHARMAPURI Station,DHARMAPURI,Investigator,,,suspended,,imported,12fe593e-e883-5cac-9710-f2ba74198299,13_officer.csv,OFFICER-000416
d87459c0-ddde-5269-a6cf-c92c63789671,,,TN-OFFICER-000417,Tamil Nadu Officer OFFICER-000417,Superintendent,MADURAI Station,MADURAI,Sub-Inspector,,,active,,imported,12fe593e-e883-5cac-9710-f2ba74198299,13_officer.csv,OFFICER-000417
f2555de5-40e1-5d8a-8f27-bd5df7d07229,,,TN-OFFICER-000418,Tamil Nadu Officer OFFICER-000418,Assistant Superintendent,TIRUVANNAMALAI Station,TIRUVANNAMALAI,Police Officer,,,transferred,,imported,12fe593e-e883-5cac-9710-f2ba74198299,13_officer.csv,OFFICER-000418
3306716a-30a7-55b0-b00c-c924686dabc0,,,TN-OFFICER-000419,Tamil Nadu Officer OFFICER-000419,Deputy Superintendent,CUDDALORE Station,CUDDALORE,Circle Inspector,,,transferred,,imported,12fe593e-e883-5cac-9710-f2ba74198299,13_officer.csv,OFFICER-000419
abca312e-3f63-5fe1-8978-a31cea8d85a4,,,TN-OFFICER-000420,Tamil Nadu Officer OFFICER-000420,Deputy Superintendent,DHARMAPURI Station,DHARMAPURI,Investigator,,,active,,imported,12fe593e-e883-5cac-9710-f2ba74198299,13_officer.csv,OFFICER-000420
2cbefd52-519f-5c8c-828b-acc4d23fffc1,,,TN-OFFICER-000421,Tamil Nadu Officer OFFICER-000421,Inspector,ERODE Station,ERODE,Investigator,,,retired,,imported,12fe593e-e883-5cac-9710-f2ba74198299,13_officer.csv,OFFICER-000421
3f4fca95-5546-59bf-ac7c-20f2e9596013,,,TN-OFFICER-000422,Tamil Nadu Officer OFFICER-000422,Deputy Superintendent,TENKASI Station,TENKASI,Police Officer,,,active,,imported,12fe593e-e883-5cac-9710-f2ba74198299,13_officer.csv,OFFICER-000422
0b64e42d-5cda-5ab1-80ba-39f4d7ef40a0,,,TN-OFFICER-000423,Tamil Nadu Officer OFFICER-000423,Assistant Superintendent,RAMANATHAPURAM Station,RAMANATHAPURAM,Station House Officer,,,retired,,imported,12fe593e-e883-5cac-9710-f2ba74198299,13_officer.csv,OFFICER-000423
9817249b-fb87-5651-8150-8f9a022a9a29,,,TN-OFFICER-000424,Tamil Nadu Officer OFFICER-000424,Assistant Superintendent,KANYAKUMARI Station,KANYAKUMARI,Station House Officer,,,suspended,,imported,12fe593e-e883-5cac-9710-f2ba74198299,13_officer.csv,OFFICER-000424
b81db366-adb9-58d0-947a-fa47b8caec8b,,,TN-OFFICER-000425,Tamil Nadu Officer OFFICER-000425,Superintendent,VIRUDHUNAGAR Station,VIRUDHUNAGAR,Station House Officer,,,active,,imported,12fe593e-e883-5cac-9710-f2ba74198299,13_officer.csv,OFFICER-000425
94e93f41-6692-5519-bc27-13b22b47c66e,,,TN-OFFICER-000426,Tamil Nadu Officer OFFICER-000426,Superintendent,KARUR Station,KARUR,Investigator,,,retired,,imported,12fe593e-e883-5cac-9710-f2ba74198299,13_officer.csv,OFFICER-000426
5fbbd891-b825-5e1f-bf63-055b7a716fb9,,,TN-OFFICER-000427,Tamil Nadu Officer OFFICER-000427,Constable,KRISHNAGIRI Station,KRISHNAGIRI,Investigator,,,transferred,,imported,12fe593e-e883-5cac-9710-f2ba74198299,13_officer.csv,OFFICER-000427
fb6f4032-1c5e-529a-a016-3c186385ad8e,,,TN-OFFICER-000428,Tamil Nadu Officer OFFICER-000428,Assistant Superintendent,TENKASI Station,TENKASI,Station House Officer,,,active,,imported,12fe593e-e883-5cac-9710-f2ba74198299,13_officer.csv,OFFICER-000428
98361fe9-9368-57eb-92e3-106acae665ad,,,TN-OFFICER-000429,Tamil Nadu Officer OFFICER-000429,Deputy Superintendent,KRISHNAGIRI Station,KRISHNAGIRI,Investigator,,,active,,imported,12fe593e-e883-5cac-9710-f2ba74198299,13_officer.csv,OFFICER-000429
4dc34dec-3c00-54ba-8066-cb1847c14b2a,,,TN-OFFICER-000430,Tamil Nadu Officer OFFICER-000430,Deputy Superintendent,THIRUVALLUR Station,THIRUVALLUR,Sub-Inspector,,,active,,imported,12fe593e-e883-5cac-9710-f2ba74198299,13_officer.csv,OFFICER-000430
fd848d0c-d85e-5f66-b997-250f4ca25377,,,TN-OFFICER-000431,Tamil Nadu Officer OFFICER-000431,Superintendent,VIRUDHUNAGAR Station,VIRUDHUNAGAR,Circle Inspector,,,transferred,,imported,12fe593e-e883-5cac-9710-f2ba74198299,13_officer.csv,OFFICER-000431
49a04b2a-fb72-5b15-8b71-eff2b521a6d6,,,TN-OFFICER-000432,Tamil Nadu Officer OFFICER-000432,Constable,KRISHNAGIRI Station,KRISHNAGIRI,Circle Inspector,,,transferred,,imported,12fe593e-e883-5cac-9710-f2ba74198299,13_officer.csv,OFFICER-000432
0ee50fd9-bb44-5929-87e7-94dca410c1d4,,,TN-OFFICER-000433,Tamil Nadu Officer OFFICER-000433,Deputy Superintendent,THIRUVARUR Station,THIRUVARUR,Circle Inspector,,,transferred,,imported,12fe593e-e883-5cac-9710-f2ba74198299,13_officer.csv,OFFICER-000433
5a7a8a1d-028e-5196-a6c7-a0a7ea0819f6,,,TN-OFFICER-000434,Tamil Nadu Officer OFFICER-000434,Deputy Superintendent,VIRUDHUNAGAR Station,VIRUDHUNAGAR,Circle Inspector,,,transferred,,imported,12fe593e-e883-5cac-9710-f2ba74198299,13_officer.csv,OFFICER-000434
a2e8a75d-db0c-537f-94ac-a6b87ca54447,,,TN-OFFICER-000435,Tamil Nadu Officer OFFICER-000435,Deputy Superintendent,RAMESWARAM Station,RAMESWARAM,Sub-Inspector,,,active,,imported,12fe593e-e883-5cac-9710-f2ba74198299,13_officer.csv,OFFICER-000435
a7f0af39-29b9-58ce-af26-4ab82e275493,,,TN-OFFICER-000436,Tamil Nadu Officer OFFICER-000436,Superintendent,VIRUDHUNAGAR Station,VIRUDHUNAGAR,Circle Inspector,,,transferred,,imported,12fe593e-e883-5cac-9710-f2ba74198299,13_officer.csv,OFFICER-000436
47ad3919-1224-5933-bb24-39cba8fed948,,,TN-OFFICER-000437,Tamil Nadu Officer OFFICER-000437,Sub-Inspector,THIRUVARUR Station,THIRUVARUR,Investigator,,,transferred,,imported,12fe593e-e883-5cac-9710-f2ba74198299,13_officer.csv,OFFICER-000437
0e9fe80f-7cf3-5f25-a9ce-65cf3027391e,,,TN-OFFICER-000438,Tamil Nadu Officer OFFICER-000438,Inspector,RANIPET Station,RANIPET,Circle Inspector,,,suspended,,imported,12fe593e-e883-5cac-9710-f2ba74198299,13_officer.csv,OFFICER-000438
a2b7342b-0717-5348-84bb-844d1aef37fc,,,TN-OFFICER-000439,Tamil Nadu Officer OFFICER-000439,Deputy Superintendent,MADURAI Station,MADURAI,Circle Inspector,,,retired,,imported,12fe593e-e883-5cac-9710-f2ba74198299,13_officer.csv,OFFICER-000439
06e1ce2f-8a67-5461-95f7-c93a5ff4ff5c,,,TN-OFFICER-000440,Tamil Nadu Officer OFFICER-000440,Constable,KRISHNAGIRI Station,KRISHNAGIRI,Station House Officer,,,active,,imported,12fe593e-e883-5cac-9710-f2ba74198299,13_officer.csv,OFFICER-000440
714922c9-36a1-5dfa-ba66-b4d654f92d2d,,,TN-OFFICER-000441,Tamil Nadu Officer OFFICER-000441,Constable,CHENNAI Station,CHENNAI,Sub-Inspector,,,active,,imported,12fe593e-e883-5cac-9710-f2ba74198299,13_officer.csv,OFFICER-000441
59313de2-a069-509b-b13f-caf198861868,,,TN-OFFICER-000442,Tamil Nadu Officer OFFICER-000442,Inspector,MAYILADUTHURAI Station,MAYILADUTHURAI,Investigator,,,active,,imported,12fe593e-e883-5cac-9710-f2ba74198299,13_officer.csv,OFFICER-000442
c9bcd131-d945-56fa-ad49-4b2d77eb9cdc,,,TN-OFFICER-000443,Tamil Nadu Officer OFFICER-000443,Constable,DHARMAPURI Station,DHARMAPURI,Investigator,,,transferred,,imported,12fe593e-e883-5cac-9710-f2ba74198299,13_officer.csv,OFFICER-000443
84f85cab-ff83-5b4d-94b7-fa7e3a342f96,,,TN-OFFICER-000444,Tamil Nadu Officer OFFICER-000444,Deputy Superintendent,KUMBAKONAM Station,KUMBAKONAM,Sub-Inspector,,,active,,imported,12fe593e-e883-5cac-9710-f2ba74198299,13_officer.csv,OFFICER-000444
ae2e9cd1-70fb-5957-8a2c-c32d9ab43f2c,,,TN-OFFICER-000445,Tamil Nadu Officer OFFICER-000445,Constable,TIRUNELVELI Station,TIRUNELVELI,Sub-Inspector,,,transferred,,imported,12fe593e-e883-5cac-9710-f2ba74198299,13_officer.csv,OFFICER-000445
94c21713-2d3d-5ecc-9aa7-30bc89a8c455,,,TN-OFFICER-000446,Tamil Nadu Officer OFFICER-000446,Constable,TIRUPPUR Station,TIRUPPUR,Station House Officer,,,active,,imported,12fe593e-e883-5cac-9710-f2ba74198299,13_officer.csv,OFFICER-000446
881b69aa-e1d6-544c-af0b-7582a30609fb,,,TN-OFFICER-000447,Tamil Nadu Officer OFFICER-000447,Deputy Superintendent,MADURAI Station,MADURAI,Police Officer,,,retired,,imported,12fe593e-e883-5cac-9710-f2ba74198299,13_officer.csv,OFFICER-000447
d4c90ac6-777e-5757-b940-a818187e866f,,,TN-OFFICER-000448,Tamil Nadu Officer OFFICER-000448,Assistant Superintendent,TIRUPATHUR Station,TIRUPATHUR,Station House Officer,,,suspended,,imported,12fe593e-e883-5cac-9710-f2ba74198299,13_officer.csv,OFFICER-000448
b0d60089-cc0b-5708-9872-eaac11f8a743,,,TN-OFFICER-000449,Tamil Nadu Officer OFFICER-000449,Sub-Inspector,KUMBAKONAM Station,KUMBAKONAM,Police Officer,,,active,,imported,12fe593e-e883-5cac-9710-f2ba74198299,13_officer.csv,OFFICER-000449
d82b6b90-82b0-5086-aa2c-2155b021342f,,,TN-OFFICER-000450,Tamil Nadu Officer OFFICER-000450,Constable,RANIPET Station,RANIPET,Circle Inspector,,,retired,,imported,12fe593e-e883-5cac-9710-f2ba74198299,13_officer.csv,OFFICER-000450
5b04973d-ec5c-56b7-966f-362412327e0d,,,TN-OFFICER-000451,Tamil Nadu Officer OFFICER-000451,Inspector,KUMBAKONAM Station,KUMBAKONAM,Investigator,,,active,,imported,12fe593e-e883-5cac-9710-f2ba74198299,13_officer.csv,OFFICER-000451
4075ee51-7d81-514e-bcb2-e3071e71bac3,,,TN-OFFICER-000452,Tamil Nadu Officer OFFICER-000452,Superintendent,TIRUPPUR Station,TIRUPPUR,Circle Inspector,,,suspended,,imported,12fe593e-e883-5cac-9710-f2ba74198299,13_officer.csv,OFFICER-000452
3737ee7e-551b-5fcf-8147-76aca78d1f84,,,TN-OFFICER-000453,Tamil Nadu Officer OFFICER-000453,Inspector,RAMANATHAPURAM Station,RAMANATHAPURAM,Sub-Inspector,,,suspended,,imported,12fe593e-e883-5cac-9710-f2ba74198299,13_officer.csv,OFFICER-000453
a331cd71-e270-539e-8886-1699d5fcb564,,,TN-OFFICER-000454,Tamil Nadu Officer OFFICER-000454,Constable,KARUR Station,KARUR,Police Officer,,,suspended,,imported,12fe593e-e883-5cac-9710-f2ba74198299,13_officer.csv,OFFICER-000454
296ec2cc-041b-5b1f-9ad2-8e91f152e98a,,,TN-OFFICER-000455,Tamil Nadu Officer OFFICER-000455,Assistant Superintendent,VIRUDHUNAGAR Station,VIRUDHUNAGAR,Sub-Inspector,,,active,,imported,12fe593e-e883-5cac-9710-f2ba74198299,13_officer.csv,OFFICER-000455
c3373c88-0ada-519f-904a-2e0737d1118d,,,TN-OFFICER-000456,Tamil Nadu Officer OFFICER-000456,Superintendent,KARUR Station,KARUR,Circle Inspector,,,active,,imported,12fe593e-e883-5cac-9710-f2ba74198299,13_officer.csv,OFFICER-000456
33f56d67-4db4-5170-a512-748d255c9a09,,,TN-OFFICER-000457,Tamil Nadu Officer OFFICER-000457,Inspector,THIRUVARUR Station,THIRUVARUR,Station House Officer,,,suspended,,imported,12fe593e-e883-5cac-9710-f2ba74198299,13_officer.csv,OFFICER-000457
2543a80a-eeed-55c8-9829-ba1da6e9c8f8,,,TN-OFFICER-000458,Tamil Nadu Officer OFFICER-000458,Inspector,SIVAGANGA Station,SIVAGANGA,Investigator,,,transferred,,imported,12fe593e-e883-5cac-9710-f2ba74198299,13_officer.csv,OFFICER-000458
3877c942-169b-56b8-8e0b-fa598983393c,,,TN-OFFICER-000459,Tamil Nadu Officer OFFICER-000459,Superintendent,DHARMAPURI Station,DHARMAPURI,Station House Officer,,,active,,imported,12fe593e-e883-5cac-9710-f2ba74198299,13_officer.csv,OFFICER-000459
1caf0021-69a7-5d18-863c-1b59ee217d9c,,,TN-OFFICER-000460,Tamil Nadu Officer OFFICER-000460,Assistant Superintendent,TIRUVANNAMALAI Station,TIRUVANNAMALAI,Sub-Inspector,,,retired,,imported,12fe593e-e883-5cac-9710-f2ba74198299,13_officer.csv,OFFICER-000460
43c5f18f-f226-5c85-8c9b-1ecb2c9025bf,,,TN-OFFICER-000461,Tamil Nadu Officer OFFICER-000461,Superintendent,RANIPET Station,RANIPET,Investigator,,,retired,,imported,12fe593e-e883-5cac-9710-f2ba74198299,13_officer.csv,OFFICER-000461
ee67fb7d-705d-5d2c-9639-965c3cbabc68,,,TN-OFFICER-000462,Tamil Nadu Officer OFFICER-000462,Deputy Superintendent,TIRUVANNAMALAI Station,TIRUVANNAMALAI,Circle Inspector,,,active,,imported,12fe593e-e883-5cac-9710-f2ba74198299,13_officer.csv,OFFICER-000462
d499b6be-94d0-5e07-b3bd-ca008f12eea5,,,TN-OFFICER-000463,Tamil Nadu Officer OFFICER-000463,Superintendent,TIRUCHIRAPPALLI Station,TIRUCHIRAPPALLI,Sub-Inspector,,,retired,,imported,12fe593e-e883-5cac-9710-f2ba74198299,13_officer.csv,OFFICER-000463
dd6e2b4a-097e-5fea-a255-788a2c8a2eef,,,TN-OFFICER-000464,Tamil Nadu Officer OFFICER-000464,Superintendent,KRISHNAGIRI Station,KRISHNAGIRI,Sub-Inspector,,,transferred,,imported,12fe593e-e883-5cac-9710-f2ba74198299,13_officer.csv,OFFICER-000464
fc8538fa-3312-5e72-8726-ff3d2f795979,,,TN-OFFICER-000465,Tamil Nadu Officer OFFICER-000465,Inspector,SALEM Station,SALEM,Station House Officer,,,retired,,imported,12fe593e-e883-5cac-9710-f2ba74198299,13_officer.csv,OFFICER-000465
60519574-b240-5c82-8a64-638ece5dda56,,,TN-OFFICER-000466,Tamil Nadu Officer OFFICER-000466,Inspector,KRISHNAGIRI Station,KRISHNAGIRI,Circle Inspector,,,active,,imported,12fe593e-e883-5cac-9710-f2ba74198299,13_officer.csv,OFFICER-000466
231d3c89-1b24-5abd-91d0-a85cf36d6eb5,,,TN-OFFICER-000467,Tamil Nadu Officer OFFICER-000467,Sub-Inspector,MAYILADUTHURAI Station,MAYILADUTHURAI,Sub-Inspector,,,transferred,,imported,12fe593e-e883-5cac-9710-f2ba74198299,13_officer.csv,OFFICER-000467
2da6ed1e-e9c8-53de-abf7-356a41ce27b1,,,TN-OFFICER-000468,Tamil Nadu Officer OFFICER-000468,Constable,RAMESWARAM Station,RAMESWARAM,Station House Officer,,,transferred,,imported,12fe593e-e883-5cac-9710-f2ba74198299,13_officer.csv,OFFICER-000468
649976f3-3049-5ee3-a125-1ad066c3b3a4,,,TN-OFFICER-000469,Tamil Nadu Officer OFFICER-000469,Inspector,VIRUDHUNAGAR Station,VIRUDHUNAGAR,Circle Inspector,,,retired,,imported,12fe593e-e883-5cac-9710-f2ba74198299,13_officer.csv,OFFICER-000469
24498bff-75f3-5a9f-99e0-907d0fd94250,,,TN-OFFICER-000470,Tamil Nadu Officer OFFICER-000470,Sub-Inspector,TIRUVANNAMALAI Station,TIRUVANNAMALAI,Investigator,,,retired,,imported,12fe593e-e883-5cac-9710-f2ba74198299,13_officer.csv,OFFICER-000470
aa6288dc-dd97-5876-9741-897b74ee2332,,,TN-OFFICER-000471,Tamil Nadu Officer OFFICER-000471,Superintendent,NAGAPATTINAM Station,NAGAPATTINAM,Station House Officer,,,retired,,imported,12fe593e-e883-5cac-9710-f2ba74198299,13_officer.csv,OFFICER-000471
5940aed3-2e7a-5b67-ac89-a42769f4a14f,,,TN-OFFICER-000472,Tamil Nadu Officer OFFICER-000472,Constable,CHENNAI Station,CHENNAI,Circle Inspector,,,active,,imported,12fe593e-e883-5cac-9710-f2ba74198299,13_officer.csv,OFFICER-000472
356d10ff-8f43-55b9-98c2-b0c0f940d6e4,,,TN-OFFICER-000473,Tamil Nadu Officer OFFICER-000473,Deputy Superintendent,CUDDALORE Station,CUDDALORE,Investigator,,,retired,,imported,12fe593e-e883-5cac-9710-f2ba74198299,13_officer.csv,OFFICER-000473
23eca519-74be-5f4c-bb8c-5dfc434d4ce4,,,TN-OFFICER-000474,Tamil Nadu Officer OFFICER-000474,Superintendent,RAMANATHAPURAM Station,RAMANATHAPURAM,Sub-Inspector,,,transferred,,imported,12fe593e-e883-5cac-9710-f2ba74198299,13_officer.csv,OFFICER-000474
30bc67e2-49be-5cee-9b75-0b8156c6cf41,,,TN-OFFICER-000475,Tamil Nadu Officer OFFICER-000475,Deputy Superintendent,THIRUVARUR Station,THIRUVARUR,Station House Officer,,,retired,,imported,12fe593e-e883-5cac-9710-f2ba74198299,13_officer.csv,OFFICER-000475
23f535e7-1e91-5b7c-b437-4a1140471cc2,,,TN-OFFICER-000476,Tamil Nadu Officer OFFICER-000476,Inspector,KRISHNAGIRI Station,KRISHNAGIRI,Sub-Inspector,,,active,,imported,12fe593e-e883-5cac-9710-f2ba74198299,13_officer.csv,OFFICER-000476
27355c47-2bf4-5607-bb60-f29c51d3b592,,,TN-OFFICER-000477,Tamil Nadu Officer OFFICER-000477,Sub-Inspector,VIRUDHUNAGAR Station,VIRUDHUNAGAR,Investigator,,,retired,,imported,12fe593e-e883-5cac-9710-f2ba74198299,13_officer.csv,OFFICER-000477
bb86bafd-05a2-5b01-8802-a07fd2fc96cb,,,TN-OFFICER-000478,Tamil Nadu Officer OFFICER-000478,Constable,CHENNAI Station,CHENNAI,Police Officer,,,retired,,imported,12fe593e-e883-5cac-9710-f2ba74198299,13_officer.csv,OFFICER-000478
63779816-ba0f-54de-965f-f014cc632468,,,TN-OFFICER-000479,Tamil Nadu Officer OFFICER-000479,Constable,KRISHNAGIRI Station,KRISHNAGIRI,Investigator,,,active,,imported,12fe593e-e883-5cac-9710-f2ba74198299,13_officer.csv,OFFICER-000479
833f8667-411c-568c-8dcb-12a98051ad0e,,,TN-OFFICER-000480,Tamil Nadu Officer OFFICER-000480,Assistant Superintendent,KRISHNAGIRI Station,KRISHNAGIRI,Sub-Inspector,,,suspended,,imported,12fe593e-e883-5cac-9710-f2ba74198299,13_officer.csv,OFFICER-000480
8efda9b2-e996-5c73-a256-d3bb59963e94,,,TN-OFFICER-000481,Tamil Nadu Officer OFFICER-000481,Assistant Superintendent,RANIPET Station,RANIPET,Sub-Inspector,,,suspended,,imported,12fe593e-e883-5cac-9710-f2ba74198299,13_officer.csv,OFFICER-000481
d6aa15a2-6973-57fe-8283-cd1d0cfa41c8,,,TN-OFFICER-000482,Tamil Nadu Officer OFFICER-000482,Inspector,ARIYALUR Station,ARIYALUR,Station House Officer,,,active,,imported,12fe593e-e883-5cac-9710-f2ba74198299,13_officer.csv,OFFICER-000482
25a8ef6f-3fd3-5b7f-af84-81130ffbd241,,,TN-OFFICER-000483,Tamil Nadu Officer OFFICER-000483,Constable,PUDUKOTTAI Station,PUDUKOTTAI,Circle Inspector,,,transferred,,imported,12fe593e-e883-5cac-9710-f2ba74198299,13_officer.csv,OFFICER-000483
4b6e1dbf-9bc9-5ed7-81a8-153c1c0322e9,,,TN-OFFICER-000484,Tamil Nadu Officer OFFICER-000484,Inspector,CUDDALORE Station,CUDDALORE,Circle Inspector,,,transferred,,imported,12fe593e-e883-5cac-9710-f2ba74198299,13_officer.csv,OFFICER-000484
493e42c5-880b-5fd8-86f1-8a57706e2243,,,TN-OFFICER-000485,Tamil Nadu Officer OFFICER-000485,Constable,KANCHEEPURAM Station,KANCHEEPURAM,Investigator,,,suspended,,imported,12fe593e-e883-5cac-9710-f2ba74198299,13_officer.csv,OFFICER-000485
301f9458-875f-5140-ab42-985e10d69f4d,,,TN-OFFICER-000486,Tamil Nadu Officer OFFICER-000486,Superintendent,KALLAKURICHI Station,KALLAKURICHI,Sub-Inspector,,,retired,,imported,12fe593e-e883-5cac-9710-f2ba74198299,13_officer.csv,OFFICER-000486
760b40ab-ed6a-5081-905b-5d872c42a322,,,TN-OFFICER-000487,Tamil Nadu Officer OFFICER-000487,Deputy Superintendent,NAGAPATTINAM Station,NAGAPATTINAM,Station House Officer,,,retired,,imported,12fe593e-e883-5cac-9710-f2ba74198299,13_officer.csv,OFFICER-000487
69c1e4b2-f8dc-58e4-b0bf-f179030c665a,,,TN-OFFICER-000488,Tamil Nadu Officer OFFICER-000488,Constable,ARIYALUR Station,ARIYALUR,Sub-Inspector,,,suspended,,imported,12fe593e-e883-5cac-9710-f2ba74198299,13_officer.csv,OFFICER-000488
6e0c3597-6bae-5f3d-9966-61713e60bdb4,,,TN-OFFICER-000489,Tamil Nadu Officer OFFICER-000489,Inspector,DINDIGUL Station,DINDIGUL,Sub-Inspector,,,retired,,imported,12fe593e-e883-5cac-9710-f2ba74198299,13_officer.csv,OFFICER-000489
30798357-6425-5f9b-a6f3-9658c8399ba9,,,TN-OFFICER-000490,Tamil Nadu Officer OFFICER-000490,Deputy Superintendent,MAYILADUTHURAI Station,MAYILADUTHURAI,Sub-Inspector,,,transferred,,imported,12fe593e-e883-5cac-9710-f2ba74198299,13_officer.csv,OFFICER-000490
039dac04-f175-5dd6-9372-07ffccf4100b,,,TN-OFFICER-000491,Tamil Nadu Officer OFFICER-000491,Superintendent,CHENGALPATTU Station,CHENGALPATTU,Station House Officer,,,retired,,imported,12fe593e-e883-5cac-9710-f2ba74198299,13_officer.csv,OFFICER-000491
d3a508ad-f50d-5399-8078-e64037ab345f,,,TN-OFFICER-000492,Tamil Nadu Officer OFFICER-000492,Superintendent,THENI Station,THENI,Circle Inspector,,,retired,,imported,12fe593e-e883-5cac-9710-f2ba74198299,13_officer.csv,OFFICER-000492
fd2bbc1a-6cc0-5ff0-81e6-f67fddc59b06,,,TN-OFFICER-000493,Tamil Nadu Officer OFFICER-000493,Inspector,THOOTHUKUDI Station,THOOTHUKUDI,Circle Inspector,,,active,,imported,12fe593e-e883-5cac-9710-f2ba74198299,13_officer.csv,OFFICER-000493
d4e29235-944e-583c-8aa5-041042b384ec,,,TN-OFFICER-000494,Tamil Nadu Officer OFFICER-000494,Assistant Superintendent,CHENGALPATTU Station,CHENGALPATTU,Station House Officer,,,suspended,,imported,12fe593e-e883-5cac-9710-f2ba74198299,13_officer.csv,OFFICER-000494
1863a74c-cc49-564b-814c-829e351d165d,,,TN-OFFICER-000495,Tamil Nadu Officer OFFICER-000495,Sub-Inspector,KANYAKUMARI Station,KANYAKUMARI,Sub-Inspector,,,active,,imported,12fe593e-e883-5cac-9710-f2ba74198299,13_officer.csv,OFFICER-000495
e1dc8d4e-61f8-5e97-99cc-26cc92895d56,,,TN-OFFICER-000496,Tamil Nadu Officer OFFICER-000496,Constable,TIRUNELVELI Station,TIRUNELVELI,Sub-Inspector,,,suspended,,imported,12fe593e-e883-5cac-9710-f2ba74198299,13_officer.csv,OFFICER-000496
abcbfff1-ed09-5f98-96de-581cbe800c6d,,,TN-OFFICER-000497,Tamil Nadu Officer OFFICER-000497,Assistant Superintendent,COIMBATORE Station,COIMBATORE,Sub-Inspector,,,suspended,,imported,12fe593e-e883-5cac-9710-f2ba74198299,13_officer.csv,OFFICER-000497
fe7b929b-0ec2-559f-81a0-9664b50f291e,,,TN-OFFICER-000498,Tamil Nadu Officer OFFICER-000498,Constable,KUMBAKONAM Station,KUMBAKONAM,Police Officer,,,active,,imported,12fe593e-e883-5cac-9710-f2ba74198299,13_officer.csv,OFFICER-000498
667ba7ea-504e-586d-973b-5e55348df787,,,TN-OFFICER-000499,Tamil Nadu Officer OFFICER-000499,Inspector,SALEM Station,SALEM,Circle Inspector,,,active,,imported,12fe593e-e883-5cac-9710-f2ba74198299,13_officer.csv,OFFICER-000499
9f5754f7-fa3b-5379-aced-643f595aac42,,,TN-OFFICER-000500,Tamil Nadu Officer OFFICER-000500,Sub-Inspector,ERODE Station,ERODE,Police Officer,,,transferred,,imported,12fe593e-e883-5cac-9710-f2ba74198299,13_officer.csv,OFFICER-000500
bbbde0dc-f168-5ac3-baf1-c3e83226b623,,,TN-OFFICER-000501,Tamil Nadu Officer OFFICER-000501,Sub-Inspector,CHENNAI Station,CHENNAI,Police Officer,,,transferred,,imported,12fe593e-e883-5cac-9710-f2ba74198299,13_officer.csv,OFFICER-000501
3ef60d85-7ece-5dcb-84fa-45968617c3f1,,,TN-OFFICER-000502,Tamil Nadu Officer OFFICER-000502,Deputy Superintendent,RAMESWARAM Station,RAMESWARAM,Sub-Inspector,,,retired,,imported,12fe593e-e883-5cac-9710-f2ba74198299,13_officer.csv,OFFICER-000502
0969ba5f-2e54-5706-8bd5-1c200218110a,,,TN-OFFICER-000503,Tamil Nadu Officer OFFICER-000503,Inspector,KRISHNAGIRI Station,KRISHNAGIRI,Investigator,,,transferred,,imported,12fe593e-e883-5cac-9710-f2ba74198299,13_officer.csv,OFFICER-000503
7e7e1766-2e43-52b7-b924-ee5619232a7b,,,TN-OFFICER-000504,Tamil Nadu Officer OFFICER-000504,Constable,CUDDALORE Station,CUDDALORE,Investigator,,,transferred,,imported,12fe593e-e883-5cac-9710-f2ba74198299,13_officer.csv,OFFICER-000504
6e4f3a03-a505-5207-8019-0b639f9412b9,,,TN-OFFICER-000505,Tamil Nadu Officer OFFICER-000505,Constable,CHENNAI Station,CHENNAI,Sub-Inspector,,,active,,imported,12fe593e-e883-5cac-9710-f2ba74198299,13_officer.csv,OFFICER-000505
0017b4bf-0a6b-5881-a7ac-4d3c4f2bc2cc,,,TN-OFFICER-000506,Tamil Nadu Officer OFFICER-000506,Inspector,TENKASI Station,TENKASI,Police Officer,,,active,,imported,12fe593e-e883-5cac-9710-f2ba74198299,13_officer.csv,OFFICER-000506
547d83eb-8556-50a4-837e-c98ab8e61a4a,,,TN-OFFICER-000507,Tamil Nadu Officer OFFICER-000507,Constable,CUDDALORE Station,CUDDALORE,Circle Inspector,,,transferred,,imported,12fe593e-e883-5cac-9710-f2ba74198299,13_officer.csv,OFFICER-000507
be425fae-110f-53ec-873f-b547e1ef24bb,,,TN-OFFICER-000508,Tamil Nadu Officer OFFICER-000508,Inspector,MAYILADUTHURAI Station,MAYILADUTHURAI,Station House Officer,,,suspended,,imported,12fe593e-e883-5cac-9710-f2ba74198299,13_officer.csv,OFFICER-000508
023a28ae-a55d-5b42-97e6-d7ccdabcee2e,,,TN-OFFICER-000509,Tamil Nadu Officer OFFICER-000509,Deputy Superintendent,DHARMAPURI Station,DHARMAPURI,Police Officer,,,active,,imported,12fe593e-e883-5cac-9710-f2ba74198299,13_officer.csv,OFFICER-000509
b8ce7af6-b129-5730-a551-1865ee4733f5,,,TN-OFFICER-000510,Tamil Nadu Officer OFFICER-000510,Assistant Superintendent,KANYAKUMARI Station,KANYAKUMARI,Circle Inspector,,,retired,,imported,12fe593e-e883-5cac-9710-f2ba74198299,13_officer.csv,OFFICER-000510
8ce9e028-a866-574b-bf3f-0aaee968498c,,,TN-OFFICER-000511,Tamil Nadu Officer OFFICER-000511,Constable,KRISHNAGIRI Station,KRISHNAGIRI,Station House Officer,,,retired,,imported,12fe593e-e883-5cac-9710-f2ba74198299,13_officer.csv,OFFICER-000511
58ce0f97-b639-5c95-95a5-8b517dbcf7d9,,,TN-OFFICER-000512,Tamil Nadu Officer OFFICER-000512,Constable,KRISHNAGIRI Station,KRISHNAGIRI,Circle Inspector,,,retired,,imported,12fe593e-e883-5cac-9710-f2ba74198299,13_officer.csv,OFFICER-000512
bdd3e042-39ac-5580-96d9-a57adca792c2,,,TN-OFFICER-000513,Tamil Nadu Officer OFFICER-000513,Inspector,KRISHNAGIRI Station,KRISHNAGIRI,Investigator,,,suspended,,imported,12fe593e-e883-5cac-9710-f2ba74198299,13_officer.csv,OFFICER-000513
8e9cd770-ed73-5a4b-b6d4-743571a53843,,,TN-OFFICER-000514,Tamil Nadu Officer OFFICER-000514,Constable,CUDDALORE Station,CUDDALORE,Police Officer,,,active,,imported,12fe593e-e883-5cac-9710-f2ba74198299,13_officer.csv,OFFICER-000514
b4168b61-d1ec-5eef-8c3f-b74800118692,,,TN-OFFICER-000515,Tamil Nadu Officer OFFICER-000515,Superintendent,SALEM Station,SALEM,Circle Inspector,,,transferred,,imported,12fe593e-e883-5cac-9710-f2ba74198299,13_officer.csv,OFFICER-000515
eeb535f2-06b2-50bf-8ca8-d34baf8a0896,,,TN-OFFICER-000516,Tamil Nadu Officer OFFICER-000516,Superintendent,ERODE Station,ERODE,Circle Inspector,,,suspended,,imported,12fe593e-e883-5cac-9710-f2ba74198299,13_officer.csv,OFFICER-000516
c94bfb66-e4e3-5801-8189-5f6e31436983,,,TN-OFFICER-000517,Tamil Nadu Officer OFFICER-000517,Sub-Inspector,TIRUPATHUR Station,TIRUPATHUR,Investigator,,,active,,imported,12fe593e-e883-5cac-9710-f2ba74198299,13_officer.csv,OFFICER-000517
c83337be-4591-583f-b039-cd8bd7477f9c,,,TN-OFFICER-000518,Tamil Nadu Officer OFFICER-000518,Assistant Superintendent,DHARMAPURI Station,DHARMAPURI,Sub-Inspector,,,retired,,imported,12fe593e-e883-5cac-9710-f2ba74198299,13_officer.csv,OFFICER-000518
8914e68e-bacd-52f0-859c-4314eb055638,,,TN-OFFICER-000519,Tamil Nadu Officer OFFICER-000519,Inspector,KALLAKURICHI Station,KALLAKURICHI,Police Officer,,,transferred,,imported,12fe593e-e883-5cac-9710-f2ba74198299,13_officer.csv,OFFICER-000519
0021a62b-8e83-525a-b131-f120d4f0ef65,,,TN-OFFICER-000520,Tamil Nadu Officer OFFICER-000520,Sub-Inspector,THIRUVARUR Station,THIRUVARUR,Investigator,,,transferred,,imported,12fe593e-e883-5cac-9710-f2ba74198299,13_officer.csv,OFFICER-000520
d7d04cdc-8f74-5868-af63-1cb4db2a9e89,,,TN-OFFICER-000521,Tamil Nadu Officer OFFICER-000521,Assistant Superintendent,KRISHNAGIRI Station,KRISHNAGIRI,Investigator,,,suspended,,imported,12fe593e-e883-5cac-9710-f2ba74198299,13_officer.csv,OFFICER-000521
0a01c9f9-0862-5c09-8835-0833561e43dc,,,TN-OFFICER-000522,Tamil Nadu Officer OFFICER-000522,Inspector,KALLAKURICHI Station,KALLAKURICHI,Station House Officer,,,suspended,,imported,12fe593e-e883-5cac-9710-f2ba74198299,13_officer.csv,OFFICER-000522
062c630c-f246-5dac-98d8-5116d0dcecfa,,,TN-OFFICER-000523,Tamil Nadu Officer OFFICER-000523,Superintendent,THIRUVALLUR Station,THIRUVALLUR,Police Officer,,,retired,,imported,12fe593e-e883-5cac-9710-f2ba74198299,13_officer.csv,OFFICER-000523
6d17aac4-8935-5038-ae63-49dff287accf,,,TN-OFFICER-000524,Tamil Nadu Officer OFFICER-000524,Assistant Superintendent,KUMBAKONAM Station,KUMBAKONAM,Investigator,,,active,,imported,12fe593e-e883-5cac-9710-f2ba74198299,13_officer.csv,OFFICER-000524
1ffbbf08-47d6-54cd-9a2a-0c82de400821,,,TN-OFFICER-000525,Tamil Nadu Officer OFFICER-000525,Assistant Superintendent,PUDUKOTTAI Station,PUDUKOTTAI,Station House Officer,,,suspended,,imported,12fe593e-e883-5cac-9710-f2ba74198299,13_officer.csv,OFFICER-000525
6df9a8f5-699a-58f2-a901-b48c5d99f982,,,TN-OFFICER-000526,Tamil Nadu Officer OFFICER-000526,Deputy Superintendent,CHENGALPATTU Station,CHENGALPATTU,Circle Inspector,,,active,,imported,12fe593e-e883-5cac-9710-f2ba74198299,13_officer.csv,OFFICER-000526
5986d91b-5eac-5dcb-ad4b-2e609d77c037,,,TN-OFFICER-000527,Tamil Nadu Officer OFFICER-000527,Sub-Inspector,RANIPET Station,RANIPET,Circle Inspector,,,suspended,,imported,12fe593e-e883-5cac-9710-f2ba74198299,13_officer.csv,OFFICER-000527
6bb64aaf-042e-5bcb-be13-5bbe6f785b6a,,,TN-OFFICER-000528,Tamil Nadu Officer OFFICER-000528,Superintendent,THIRUVARUR Station,THIRUVARUR,Station House Officer,,,suspended,,imported,12fe593e-e883-5cac-9710-f2ba74198299,13_officer.csv,OFFICER-000528
cf888085-966a-57cd-9ec6-35be4837f6a7,,,TN-OFFICER-000529,Tamil Nadu Officer OFFICER-000529,Deputy Superintendent,THOOTHUKUDI Station,THOOTHUKUDI,Police Officer,,,retired,,imported,12fe593e-e883-5cac-9710-f2ba74198299,13_officer.csv,OFFICER-000529
5da885cc-7a03-5a30-89e1-3d3b927f66ea,,,TN-OFFICER-000530,Tamil Nadu Officer OFFICER-000530,Superintendent,TIRUCHIRAPPALLI Station,TIRUCHIRAPPALLI,Circle Inspector,,,transferred,,imported,12fe593e-e883-5cac-9710-f2ba74198299,13_officer.csv,OFFICER-000530
150f67f3-36d6-5c7e-8103-1ececcb44bc8,,,TN-OFFICER-000531,Tamil Nadu Officer OFFICER-000531,Superintendent,ARIYALUR Station,ARIYALUR,Sub-Inspector,,,transferred,,imported,12fe593e-e883-5cac-9710-f2ba74198299,13_officer.csv,OFFICER-000531
6ec28c79-a532-56ad-a61f-b4fe7611888e,,,TN-OFFICER-000532,Tamil Nadu Officer OFFICER-000532,Inspector,THENI Station,THENI,Circle Inspector,,,active,,imported,12fe593e-e883-5cac-9710-f2ba74198299,13_officer.csv,OFFICER-000532
947f61c1-1a4c-50ba-922c-c7a65d656ae3,,,TN-OFFICER-000533,Tamil Nadu Officer OFFICER-000533,Superintendent,NAMAKKAL Station,NAMAKKAL,Police Officer,,,active,,imported,12fe593e-e883-5cac-9710-f2ba74198299,13_officer.csv,OFFICER-000533
5c0717ec-b1fb-549c-8b37-cdd9744d6b80,,,TN-OFFICER-000534,Tamil Nadu Officer OFFICER-000534,Assistant Superintendent,ARIYALUR Station,ARIYALUR,Sub-Inspector,,,transferred,,imported,12fe593e-e883-5cac-9710-f2ba74198299,13_officer.csv,OFFICER-000534
c785a44b-303e-57f0-88a5-78a19caa3a97,,,TN-OFFICER-000535,Tamil Nadu Officer OFFICER-000535,Assistant Superintendent,NAGAPATTINAM Station,NAGAPATTINAM,Police Officer,,,suspended,,imported,12fe593e-e883-5cac-9710-f2ba74198299,13_officer.csv,OFFICER-000535
473db5e4-2ab3-5a82-a827-5efa956fc16d,,,TN-OFFICER-000536,Tamil Nadu Officer OFFICER-000536,Superintendent,THIRUVALLUR Station,THIRUVALLUR,Investigator,,,retired,,imported,12fe593e-e883-5cac-9710-f2ba74198299,13_officer.csv,OFFICER-000536
ac025aa8-bd9d-578d-a015-2a90c3d54fb6,,,TN-OFFICER-000537,Tamil Nadu Officer OFFICER-000537,Assistant Superintendent,RANIPET Station,RANIPET,Circle Inspector,,,transferred,,imported,12fe593e-e883-5cac-9710-f2ba74198299,13_officer.csv,OFFICER-000537
41ef372a-9c28-5d14-bbbb-feafc8fc2cbf,,,TN-OFFICER-000538,Tamil Nadu Officer OFFICER-000538,Superintendent,KALLAKURICHI Station,KALLAKURICHI,Police Officer,,,suspended,,imported,12fe593e-e883-5cac-9710-f2ba74198299,13_officer.csv,OFFICER-000538
8b5f02e4-25a3-5376-8e4c-0212e6507419,,,TN-OFFICER-000539,Tamil Nadu Officer OFFICER-000539,Constable,CHENGALPATTU Station,CHENGALPATTU,Station House Officer,,,transferred,,imported,12fe593e-e883-5cac-9710-f2ba74198299,13_officer.csv,OFFICER-000539
d57a0e1e-322f-58c1-8048-730be3d64ea9,,,TN-OFFICER-000540,Tamil Nadu Officer OFFICER-000540,Deputy Superintendent,NAGAPATTINAM Station,NAGAPATTINAM,Station House Officer,,,retired,,imported,12fe593e-e883-5cac-9710-f2ba74198299,13_officer.csv,OFFICER-000540
a2615364-26aa-5007-90b0-916583d17c92,,,TN-OFFICER-000541,Tamil Nadu Officer OFFICER-000541,Constable,CHENGALPATTU Station,CHENGALPATTU,Circle Inspector,,,active,,imported,12fe593e-e883-5cac-9710-f2ba74198299,13_officer.csv,OFFICER-000541
24f10c41-e527-5aea-bc7e-849129a35e70,,,TN-OFFICER-000542,Tamil Nadu Officer OFFICER-000542,Inspector,CHENNAI Station,CHENNAI,Police Officer,,,suspended,,imported,12fe593e-e883-5cac-9710-f2ba74198299,13_officer.csv,OFFICER-000542
f528ab8e-105d-5ad8-8139-822dc7554346,,,TN-OFFICER-000543,Tamil Nadu Officer OFFICER-000543,Assistant Superintendent,RANIPET Station,RANIPET,Station House Officer,,,suspended,,imported,12fe593e-e883-5cac-9710-f2ba74198299,13_officer.csv,OFFICER-000543
819e4768-15ba-5179-a9a7-66d9c9c172dc,,,TN-OFFICER-000544,Tamil Nadu Officer OFFICER-000544,Superintendent,RAMESWARAM Station,RAMESWARAM,Circle Inspector,,,transferred,,imported,12fe593e-e883-5cac-9710-f2ba74198299,13_officer.csv,OFFICER-000544
2939b066-5e94-5425-ba8a-4943438668f3,,,TN-OFFICER-000545,Tamil Nadu Officer OFFICER-000545,Sub-Inspector,THIRUVALLUR Station,THIRUVALLUR,Police Officer,,,suspended,,imported,12fe593e-e883-5cac-9710-f2ba74198299,13_officer.csv,OFFICER-000545
82fef153-196f-5025-8e74-94d6a1cfc6d2,,,TN-OFFICER-000546,Tamil Nadu Officer OFFICER-000546,Inspector,CUDDALORE Station,CUDDALORE,Investigator,,,retired,,imported,12fe593e-e883-5cac-9710-f2ba74198299,13_officer.csv,OFFICER-000546
7a0840ae-de17-5216-b118-119d3c4872bc,,,TN-OFFICER-000547,Tamil Nadu Officer OFFICER-000547,Deputy Superintendent,CHENNAI Station,CHENNAI,Investigator,,,suspended,,imported,12fe593e-e883-5cac-9710-f2ba74198299,13_officer.csv,OFFICER-000547
69341229-061f-54ea-ba61-5f5cc26480b4,,,TN-OFFICER-000548,Tamil Nadu Officer OFFICER-000548,Sub-Inspector,THIRUVARUR Station,THIRUVARUR,Investigator,,,retired,,imported,12fe593e-e883-5cac-9710-f2ba74198299,13_officer.csv,OFFICER-000548
f07b8753-7adc-569c-906a-c22005e8f731,,,TN-OFFICER-000549,Tamil Nadu Officer OFFICER-000549,Superintendent,TENKASI Station,TENKASI,Investigator,,,retired,,imported,12fe593e-e883-5cac-9710-f2ba74198299,13_officer.csv,OFFICER-000549
42a3b8c2-1aca-5ba6-8e51-7c6ec9fea40f,,,TN-OFFICER-000550,Tamil Nadu Officer OFFICER-000550,Superintendent,CHENNAI Station,CHENNAI,Sub-Inspector,,,active,,imported,12fe593e-e883-5cac-9710-f2ba74198299,13_officer.csv,OFFICER-000550
aa5aadb8-d966-5198-9678-fafc49ba6d7c,,,TN-OFFICER-000551,Tamil Nadu Officer OFFICER-000551,Assistant Superintendent,TENKASI Station,TENKASI,Investigator,,,active,,imported,12fe593e-e883-5cac-9710-f2ba74198299,13_officer.csv,OFFICER-000551
63ce7769-86ea-5501-bc32-0c50da9aca14,,,TN-OFFICER-000552,Tamil Nadu Officer OFFICER-000552,Deputy Superintendent,NAGAPATTINAM Station,NAGAPATTINAM,Police Officer,,,transferred,,imported,12fe593e-e883-5cac-9710-f2ba74198299,13_officer.csv,OFFICER-000552
8e7ff60f-7f2a-5a82-916f-3818fd8cc1af,,,TN-OFFICER-000553,Tamil Nadu Officer OFFICER-000553,Deputy Superintendent,CHENGALPATTU Station,CHENGALPATTU,Investigator,,,active,,imported,12fe593e-e883-5cac-9710-f2ba74198299,13_officer.csv,OFFICER-000553
c4067faa-00b8-5583-afc7-b323e2661d11,,,TN-OFFICER-000554,Tamil Nadu Officer OFFICER-000554,Deputy Superintendent,VILUPPURAM Station,VILUPPURAM,Police Officer,,,retired,,imported,12fe593e-e883-5cac-9710-f2ba74198299,13_officer.csv,OFFICER-000554
c057b37c-ce4f-55bb-8b67-e4d2d19d4455,,,TN-OFFICER-000555,Tamil Nadu Officer OFFICER-000555,Superintendent,KANCHEEPURAM Station,KANCHEEPURAM,Police Officer,,,transferred,,imported,12fe593e-e883-5cac-9710-f2ba74198299,13_officer.csv,OFFICER-000555
fa474660-eb46-525e-af46-7ec448cc91b0,,,TN-OFFICER-000556,Tamil Nadu Officer OFFICER-000556,Constable,TIRUPPUR Station,TIRUPPUR,Police Officer,,,active,,imported,12fe593e-e883-5cac-9710-f2ba74198299,13_officer.csv,OFFICER-000556
a3b59efe-0b22-5539-9f7c-0a73259282e5,,,TN-OFFICER-000557,Tamil Nadu Officer OFFICER-000557,Inspector,DINDIGUL Station,DINDIGUL,Station House Officer,,,suspended,,imported,12fe593e-e883-5cac-9710-f2ba74198299,13_officer.csv,OFFICER-000557
271feaa8-1f70-5388-b7f7-a8d169a1b3cb,,,TN-OFFICER-000558,Tamil Nadu Officer OFFICER-000558,Deputy Superintendent,KUMBAKONAM Station,KUMBAKONAM,Sub-Inspector,,,active,,imported,12fe593e-e883-5cac-9710-f2ba74198299,13_officer.csv,OFFICER-000558
7bc2ff8a-28d1-5e14-9b1e-5edae5a8e30d,,,TN-OFFICER-000559,Tamil Nadu Officer OFFICER-000559,Constable,ARIYALUR Station,ARIYALUR,Circle Inspector,,,active,,imported,12fe593e-e883-5cac-9710-f2ba74198299,13_officer.csv,OFFICER-000559
d4e0f27a-c0f0-59f5-b1fa-7f309399c6da,,,TN-OFFICER-000560,Tamil Nadu Officer OFFICER-000560,Inspector,RANIPET Station,RANIPET,Investigator,,,retired,,imported,12fe593e-e883-5cac-9710-f2ba74198299,13_officer.csv,OFFICER-000560
219b38be-c1d7-5bd0-b2ea-9c9d37e62cd8,,,TN-OFFICER-000561,Tamil Nadu Officer OFFICER-000561,Superintendent,ARIYALUR Station,ARIYALUR,Station House Officer,,,transferred,,imported,12fe593e-e883-5cac-9710-f2ba74198299,13_officer.csv,OFFICER-000561
bfb99af2-25b4-5a4b-b654-c571e37f76d9,,,TN-OFFICER-000562,Tamil Nadu Officer OFFICER-000562,Inspector,ARIYALUR Station,ARIYALUR,Circle Inspector,,,suspended,,imported,12fe593e-e883-5cac-9710-f2ba74198299,13_officer.csv,OFFICER-000562
92968fd9-fb2b-5eaa-b18f-9f0b3259ceac,,,TN-OFFICER-000563,Tamil Nadu Officer OFFICER-000563,Sub-Inspector,VIRUDHUNAGAR Station,VIRUDHUNAGAR,Police Officer,,,active,,imported,12fe593e-e883-5cac-9710-f2ba74198299,13_officer.csv,OFFICER-000563
5669dff3-d267-5190-87d6-182373c723e8,,,TN-OFFICER-000564,Tamil Nadu Officer OFFICER-000564,Constable,TENKASI Station,TENKASI,Station House Officer,,,suspended,,imported,12fe593e-e883-5cac-9710-f2ba74198299,13_officer.csv,OFFICER-000564
4de9c080-682f-5000-8e5c-bccbea79ea0b,,,TN-OFFICER-000565,Tamil Nadu Officer OFFICER-000565,Sub-Inspector,CHENNAI Station,CHENNAI,Police Officer,,,retired,,imported,12fe593e-e883-5cac-9710-f2ba74198299,13_officer.csv,OFFICER-000565
fff0355a-42e8-5857-8269-b94932702212,,,TN-OFFICER-000566,Tamil Nadu Officer OFFICER-000566,Inspector,CHENNAI Station,CHENNAI,Circle Inspector,,,transferred,,imported,12fe593e-e883-5cac-9710-f2ba74198299,13_officer.csv,OFFICER-000566
9544cf36-6ad6-5691-a238-3d0b2b0d8da1,,,TN-OFFICER-000567,Tamil Nadu Officer OFFICER-000567,Inspector,COIMBATORE Station,COIMBATORE,Station House Officer,,,transferred,,imported,12fe593e-e883-5cac-9710-f2ba74198299,13_officer.csv,OFFICER-000567
ad52dfc1-d32d-5933-8e39-5096ef8a0580,,,TN-OFFICER-000568,Tamil Nadu Officer OFFICER-000568,Inspector,TIRUNELVELI Station,TIRUNELVELI,Investigator,,,active,,imported,12fe593e-e883-5cac-9710-f2ba74198299,13_officer.csv,OFFICER-000568
903512d1-8784-5444-a8e5-5fdf7f965bb7,,,TN-OFFICER-000569,Tamil Nadu Officer OFFICER-000569,Assistant Superintendent,KARUR Station,KARUR,Circle Inspector,,,retired,,imported,12fe593e-e883-5cac-9710-f2ba74198299,13_officer.csv,OFFICER-000569
8dd7812a-3c36-55fa-b4a6-de0b51753620,,,TN-OFFICER-000570,Tamil Nadu Officer OFFICER-000570,Assistant Superintendent,VIRUDHUNAGAR Station,VIRUDHUNAGAR,Station House Officer,,,suspended,,imported,12fe593e-e883-5cac-9710-f2ba74198299,13_officer.csv,OFFICER-000570
34bcf3ec-01c8-5a8e-99bd-e3f0a5cc2fbd,,,TN-OFFICER-000571,Tamil Nadu Officer OFFICER-000571,Superintendent,KANYAKUMARI Station,KANYAKUMARI,Police Officer,,,suspended,,imported,12fe593e-e883-5cac-9710-f2ba74198299,13_officer.csv,OFFICER-000571
54687bf7-2b56-5133-81e7-5fecd7a0b813,,,TN-OFFICER-000572,Tamil Nadu Officer OFFICER-000572,Inspector,THOOTHUKUDI Station,THOOTHUKUDI,Investigator,,,transferred,,imported,12fe593e-e883-5cac-9710-f2ba74198299,13_officer.csv,OFFICER-000572
dcf3b846-2736-5fc6-a13a-8b44f593d8d9,,,TN-OFFICER-000573,Tamil Nadu Officer OFFICER-000573,Assistant Superintendent,THIRUVARUR Station,THIRUVARUR,Investigator,,,retired,,imported,12fe593e-e883-5cac-9710-f2ba74198299,13_officer.csv,OFFICER-000573
b6e7f353-ffc1-5b31-a174-e4100e0de325,,,TN-OFFICER-000574,Tamil Nadu Officer OFFICER-000574,Assistant Superintendent,CHENGALPATTU Station,CHENGALPATTU,Sub-Inspector,,,retired,,imported,12fe593e-e883-5cac-9710-f2ba74198299,13_officer.csv,OFFICER-000574
769a815f-7c62-5c8f-8ad9-06364cbbda42,,,TN-OFFICER-000575,Tamil Nadu Officer OFFICER-000575,Assistant Superintendent,VIRUDHUNAGAR Station,VIRUDHUNAGAR,Police Officer,,,transferred,,imported,12fe593e-e883-5cac-9710-f2ba74198299,13_officer.csv,OFFICER-000575
8f026b58-2a01-5ece-967f-c965d5bbbee5,,,TN-OFFICER-000576,Tamil Nadu Officer OFFICER-000576,Inspector,CHENGALPATTU Station,CHENGALPATTU,Police Officer,,,suspended,,imported,12fe593e-e883-5cac-9710-f2ba74198299,13_officer.csv,OFFICER-000576
1d2a767c-1e43-5e2a-995c-bcd7b809a611,,,TN-OFFICER-000577,Tamil Nadu Officer OFFICER-000577,Superintendent,ARIYALUR Station,ARIYALUR,Police Officer,,,retired,,imported,12fe593e-e883-5cac-9710-f2ba74198299,13_officer.csv,OFFICER-000577
c06bb946-b602-5811-841f-440678625eef,,,TN-OFFICER-000578,Tamil Nadu Officer OFFICER-000578,Constable,ERODE Station,ERODE,Circle Inspector,,,active,,imported,12fe593e-e883-5cac-9710-f2ba74198299,13_officer.csv,OFFICER-000578
0b27af90-e7df-528c-bf49-d0ff7b1d9cac,,,TN-OFFICER-000579,Tamil Nadu Officer OFFICER-000579,Superintendent,THENI Station,THENI,Police Officer,,,retired,,imported,12fe593e-e883-5cac-9710-f2ba74198299,13_officer.csv,OFFICER-000579
45dc050b-e02d-51f1-af64-45379c8d2dc2,,,TN-OFFICER-000580,Tamil Nadu Officer OFFICER-000580,Sub-Inspector,PUDUKOTTAI Station,PUDUKOTTAI,Station House Officer,,,suspended,,imported,12fe593e-e883-5cac-9710-f2ba74198299,13_officer.csv,OFFICER-000580
2c2e2b74-47c4-5993-9287-76c382e73a1f,,,TN-OFFICER-000581,Tamil Nadu Officer OFFICER-000581,Assistant Superintendent,RANIPET Station,RANIPET,Station House Officer,,,retired,,imported,12fe593e-e883-5cac-9710-f2ba74198299,13_officer.csv,OFFICER-000581
e9e00e67-aaee-50be-9b72-5f3cb75758b9,,,TN-OFFICER-000582,Tamil Nadu Officer OFFICER-000582,Superintendent,TIRUCHIRAPPALLI Station,TIRUCHIRAPPALLI,Station House Officer,,,transferred,,imported,12fe593e-e883-5cac-9710-f2ba74198299,13_officer.csv,OFFICER-000582
b9ec17d1-a5e4-5831-a083-e441e0489963,,,TN-OFFICER-000583,Tamil Nadu Officer OFFICER-000583,Inspector,TIRUCHIRAPPALLI Station,TIRUCHIRAPPALLI,Police Officer,,,transferred,,imported,12fe593e-e883-5cac-9710-f2ba74198299,13_officer.csv,OFFICER-000583
81d89e24-04e7-5f6d-8293-387ff255d96f,,,TN-OFFICER-000584,Tamil Nadu Officer OFFICER-000584,Assistant Superintendent,THENI Station,THENI,Sub-Inspector,,,suspended,,imported,12fe593e-e883-5cac-9710-f2ba74198299,13_officer.csv,OFFICER-000584
2279fd8a-1191-5234-b100-a2051acdd02e,,,TN-OFFICER-000585,Tamil Nadu Officer OFFICER-000585,Sub-Inspector,CHENGALPATTU Station,CHENGALPATTU,Sub-Inspector,,,retired,,imported,12fe593e-e883-5cac-9710-f2ba74198299,13_officer.csv,OFFICER-000585
cdac0db0-5043-543e-b470-6668e50bedda,,,TN-OFFICER-000586,Tamil Nadu Officer OFFICER-000586,Assistant Superintendent,VIRUDHUNAGAR Station,VIRUDHUNAGAR,Police Officer,,,retired,,imported,12fe593e-e883-5cac-9710-f2ba74198299,13_officer.csv,OFFICER-000586
4faa2ad0-303e-538c-aa8d-4d2ab67c20fe,,,TN-OFFICER-000587,Tamil Nadu Officer OFFICER-000587,Superintendent,KANCHEEPURAM Station,KANCHEEPURAM,Station House Officer,,,transferred,,imported,12fe593e-e883-5cac-9710-f2ba74198299,13_officer.csv,OFFICER-000587
3c82ce0f-ef15-55c1-bd33-798de4893461,,,TN-OFFICER-000588,Tamil Nadu Officer OFFICER-000588,Superintendent,THENI Station,THENI,Police Officer,,,transferred,,imported,12fe593e-e883-5cac-9710-f2ba74198299,13_officer.csv,OFFICER-000588
1490e135-60c2-5e9e-ab46-03cee41a30ec,,,TN-OFFICER-000589,Tamil Nadu Officer OFFICER-000589,Constable,THENI Station,THENI,Sub-Inspector,,,suspended,,imported,12fe593e-e883-5cac-9710-f2ba74198299,13_officer.csv,OFFICER-000589
da21bf55-dec7-5460-98ea-9c1ceb9c0e2c,,,TN-OFFICER-000590,Tamil Nadu Officer OFFICER-000590,Deputy Superintendent,KUMBAKONAM Station,KUMBAKONAM,Station House Officer,,,suspended,,imported,12fe593e-e883-5cac-9710-f2ba74198299,13_officer.csv,OFFICER-000590
da92be93-e763-52ec-adec-1948f00b159b,,,TN-OFFICER-000591,Tamil Nadu Officer OFFICER-000591,Inspector,KUMBAKONAM Station,KUMBAKONAM,Station House Officer,,,active,,imported,12fe593e-e883-5cac-9710-f2ba74198299,13_officer.csv,OFFICER-000591
6d658918-f4d9-5aae-a0dc-a4de7a8294fe,,,TN-OFFICER-000592,Tamil Nadu Officer OFFICER-000592,Deputy Superintendent,VILUPPURAM Station,VILUPPURAM,Station House Officer,,,suspended,,imported,12fe593e-e883-5cac-9710-f2ba74198299,13_officer.csv,OFFICER-000592
e93947a0-9140-59a7-aeb2-26513371c5c6,,,TN-OFFICER-000593,Tamil Nadu Officer OFFICER-000593,Assistant Superintendent,KANCHEEPURAM Station,KANCHEEPURAM,Police Officer,,,suspended,,imported,12fe593e-e883-5cac-9710-f2ba74198299,13_officer.csv,OFFICER-000593
1d27cadf-316e-558f-a2b0-a92934bdad3b,,,TN-OFFICER-000594,Tamil Nadu Officer OFFICER-000594,Superintendent,KANYAKUMARI Station,KANYAKUMARI,Investigator,,,suspended,,imported,12fe593e-e883-5cac-9710-f2ba74198299,13_officer.csv,OFFICER-000594
7a493c2e-6f74-52c9-b505-b14abfef26de,,,TN-OFFICER-000595,Tamil Nadu Officer OFFICER-000595,Assistant Superintendent,KRISHNAGIRI Station,KRISHNAGIRI,Sub-Inspector,,,retired,,imported,12fe593e-e883-5cac-9710-f2ba74198299,13_officer.csv,OFFICER-000595
f255c701-97f9-5a4a-ab9e-c5b7c7553944,,,TN-OFFICER-000596,Tamil Nadu Officer OFFICER-000596,Assistant Superintendent,KALLAKURICHI Station,KALLAKURICHI,Police Officer,,,retired,,imported,12fe593e-e883-5cac-9710-f2ba74198299,13_officer.csv,OFFICER-000596
eec2b977-607e-5435-b7d4-cf28316a4993,,,TN-OFFICER-000597,Tamil Nadu Officer OFFICER-000597,Superintendent,DHARMAPURI Station,DHARMAPURI,Circle Inspector,,,retired,,imported,12fe593e-e883-5cac-9710-f2ba74198299,13_officer.csv,OFFICER-000597
417de514-5151-585a-a62c-98d41412895e,,,TN-OFFICER-000598,Tamil Nadu Officer OFFICER-000598,Sub-Inspector,KALLAKURICHI Station,KALLAKURICHI,Police Officer,,,suspended,,imported,12fe593e-e883-5cac-9710-f2ba74198299,13_officer.csv,OFFICER-000598
d910eb0f-3ef3-51b0-9ed6-9d4375243fd9,,,TN-OFFICER-000599,Tamil Nadu Officer OFFICER-000599,Assistant Superintendent,KANCHEEPURAM Station,KANCHEEPURAM,Investigator,,,suspended,,imported,12fe593e-e883-5cac-9710-f2ba74198299,13_officer.csv,OFFICER-000599
248ee06d-179f-5e5c-b7bc-823e8e705771,,,TN-OFFICER-000600,Tamil Nadu Officer OFFICER-000600,Superintendent,TIRUVANNAMALAI Station,TIRUVANNAMALAI,Police Officer,,,suspended,,imported,12fe593e-e883-5cac-9710-f2ba74198299,13_officer.csv,OFFICER-000600
cad355e5-16b9-5508-97aa-c2460bad927a,,,TN-OFFICER-000601,Tamil Nadu Officer OFFICER-000601,Inspector,TIRUVANNAMALAI Station,TIRUVANNAMALAI,Circle Inspector,,,transferred,,imported,12fe593e-e883-5cac-9710-f2ba74198299,13_officer.csv,OFFICER-000601
d0fb590e-b0d6-5c63-ac1f-f01069d4ba57,,,TN-OFFICER-000602,Tamil Nadu Officer OFFICER-000602,Constable,THENI Station,THENI,Circle Inspector,,,transferred,,imported,12fe593e-e883-5cac-9710-f2ba74198299,13_officer.csv,OFFICER-000602
a91ccb84-6b15-57eb-b1b0-fbae16d3afcf,,,TN-OFFICER-000603,Tamil Nadu Officer OFFICER-000603,Deputy Superintendent,DHARMAPURI Station,DHARMAPURI,Police Officer,,,active,,imported,12fe593e-e883-5cac-9710-f2ba74198299,13_officer.csv,OFFICER-000603
7050d699-129f-580a-8dfa-c6ea24fd10a9,,,TN-OFFICER-000604,Tamil Nadu Officer OFFICER-000604,Constable,THE_NILGIRIS Station,THE_NILGIRIS,Investigator,,,transferred,,imported,12fe593e-e883-5cac-9710-f2ba74198299,13_officer.csv,OFFICER-000604
b3331281-c1ea-5b10-bd42-ddf087e8c205,,,TN-OFFICER-000605,Tamil Nadu Officer OFFICER-000605,Inspector,KALLAKURICHI Station,KALLAKURICHI,Investigator,,,active,,imported,12fe593e-e883-5cac-9710-f2ba74198299,13_officer.csv,OFFICER-000605
a138d8ea-d500-5d14-9ceb-347af48460b4,,,TN-OFFICER-000606,Tamil Nadu Officer OFFICER-000606,Deputy Superintendent,RAMESWARAM Station,RAMESWARAM,Police Officer,,,suspended,,imported,12fe593e-e883-5cac-9710-f2ba74198299,13_officer.csv,OFFICER-000606
f8d5e275-7fab-560d-92d3-8cf5b7356877,,,TN-OFFICER-000607,Tamil Nadu Officer OFFICER-000607,Superintendent,PUDUKOTTAI Station,PUDUKOTTAI,Circle Inspector,,,transferred,,imported,12fe593e-e883-5cac-9710-f2ba74198299,13_officer.csv,OFFICER-000607
d2d750b5-d13e-5a40-9df6-39925b0687bf,,,TN-OFFICER-000608,Tamil Nadu Officer OFFICER-000608,Superintendent,THIRUVARUR Station,THIRUVARUR,Circle Inspector,,,transferred,,imported,12fe593e-e883-5cac-9710-f2ba74198299,13_officer.csv,OFFICER-000608
223377da-b3c6-52c8-a799-ff27bdbdb89e,,,TN-OFFICER-000609,Tamil Nadu Officer OFFICER-000609,Constable,NAGAPATTINAM Station,NAGAPATTINAM,Station House Officer,,,active,,imported,12fe593e-e883-5cac-9710-f2ba74198299,13_officer.csv,OFFICER-000609
1e7aaaed-7ea0-564b-b703-e2551d824364,,,TN-OFFICER-000610,Tamil Nadu Officer OFFICER-000610,Inspector,NAMAKKAL Station,NAMAKKAL,Investigator,,,suspended,,imported,12fe593e-e883-5cac-9710-f2ba74198299,13_officer.csv,OFFICER-000610
9b0c24fc-924e-5cad-b74c-28207856061b,,,TN-OFFICER-000611,Tamil Nadu Officer OFFICER-000611,Sub-Inspector,KANYAKUMARI Station,KANYAKUMARI,Sub-Inspector,,,transferred,,imported,12fe593e-e883-5cac-9710-f2ba74198299,13_officer.csv,OFFICER-000611
3079e8ec-e4f8-5cc3-935d-e66b0f73aa0d,,,TN-OFFICER-000612,Tamil Nadu Officer OFFICER-000612,Inspector,CHENGALPATTU Station,CHENGALPATTU,Circle Inspector,,,active,,imported,12fe593e-e883-5cac-9710-f2ba74198299,13_officer.csv,OFFICER-000612
e0996cb4-5341-56e1-b905-ae1246445ced,,,TN-OFFICER-000613,Tamil Nadu Officer OFFICER-000613,Assistant Superintendent,KANCHEEPURAM Station,KANCHEEPURAM,Station House Officer,,,active,,imported,12fe593e-e883-5cac-9710-f2ba74198299,13_officer.csv,OFFICER-000613
a9163ef7-c8cc-52ed-b92a-191ec2ea6ab0,,,TN-OFFICER-000614,Tamil Nadu Officer OFFICER-000614,Assistant Superintendent,DINDIGUL Station,DINDIGUL,Station House Officer,,,transferred,,imported,12fe593e-e883-5cac-9710-f2ba74198299,13_officer.csv,OFFICER-000614
3135fe8b-c95d-513f-b007-f859e99dade0,,,TN-OFFICER-000615,Tamil Nadu Officer OFFICER-000615,Sub-Inspector,THIRUVARUR Station,THIRUVARUR,Police Officer,,,active,,imported,12fe593e-e883-5cac-9710-f2ba74198299,13_officer.csv,OFFICER-000615
1748a938-4526-567b-a895-b0ebcbf21734,,,TN-OFFICER-000616,Tamil Nadu Officer OFFICER-000616,Sub-Inspector,THOOTHUKUDI Station,THOOTHUKUDI,Station House Officer,,,transferred,,imported,12fe593e-e883-5cac-9710-f2ba74198299,13_officer.csv,OFFICER-000616
356b4a59-fc0f-599b-a8f7-31a2cd7bfdbc,,,TN-OFFICER-000617,Tamil Nadu Officer OFFICER-000617,Assistant Superintendent,RAMANATHAPURAM Station,RAMANATHAPURAM,Circle Inspector,,,suspended,,imported,12fe593e-e883-5cac-9710-f2ba74198299,13_officer.csv,OFFICER-000617
9fa356b7-1910-55dd-bc96-a9fcab86b8fb,,,TN-OFFICER-000618,Tamil Nadu Officer OFFICER-000618,Superintendent,TIRUPATHUR Station,TIRUPATHUR,Station House Officer,,,transferred,,imported,12fe593e-e883-5cac-9710-f2ba74198299,13_officer.csv,OFFICER-000618
6aee616e-60f0-55e1-8810-bf8a53c49185,,,TN-OFFICER-000619,Tamil Nadu Officer OFFICER-000619,Superintendent,TIRUPPUR Station,TIRUPPUR,Sub-Inspector,,,active,,imported,12fe593e-e883-5cac-9710-f2ba74198299,13_officer.csv,OFFICER-000619
80380f45-affa-58a0-bf7b-eed4429b7a75,,,TN-OFFICER-000620,Tamil Nadu Officer OFFICER-000620,Sub-Inspector,MADURAI Station,MADURAI,Circle Inspector,,,active,,imported,12fe593e-e883-5cac-9710-f2ba74198299,13_officer.csv,OFFICER-000620
df67839f-7739-5803-8715-f3f6b7d12ab9,,,TN-OFFICER-000621,Tamil Nadu Officer OFFICER-000621,Inspector,KUMBAKONAM Station,KUMBAKONAM,Circle Inspector,,,retired,,imported,12fe593e-e883-5cac-9710-f2ba74198299,13_officer.csv,OFFICER-000621
749912f1-6ff2-5ffe-aa97-b7078c35a816,,,TN-OFFICER-000622,Tamil Nadu Officer OFFICER-000622,Superintendent,MAYILADUTHURAI Station,MAYILADUTHURAI,Police Officer,,,transferred,,imported,12fe593e-e883-5cac-9710-f2ba74198299,13_officer.csv,OFFICER-000622
9379d9b8-7ba8-5f4c-aef9-ab127f1770f5,,,TN-OFFICER-000623,Tamil Nadu Officer OFFICER-000623,Inspector,THOOTHUKUDI Station,THOOTHUKUDI,Sub-Inspector,,,suspended,,imported,12fe593e-e883-5cac-9710-f2ba74198299,13_officer.csv,OFFICER-000623
084eb79f-831b-5fcf-b684-75b52f0ac3d0,,,TN-OFFICER-000624,Tamil Nadu Officer OFFICER-000624,Assistant Superintendent,SIVAGANGA Station,SIVAGANGA,Investigator,,,transferred,,imported,12fe593e-e883-5cac-9710-f2ba74198299,13_officer.csv,OFFICER-000624
d0f1cbd9-aed5-53c4-b032-c49060b07a6b,,,TN-OFFICER-000625,Tamil Nadu Officer OFFICER-000625,Deputy Superintendent,VIRUDHUNAGAR Station,VIRUDHUNAGAR,Police Officer,,,retired,,imported,12fe593e-e883-5cac-9710-f2ba74198299,13_officer.csv,OFFICER-000625
addfce9c-3541-5293-bac1-c962500325a0,,,TN-OFFICER-000626,Tamil Nadu Officer OFFICER-000626,Inspector,DINDIGUL Station,DINDIGUL,Sub-Inspector,,,suspended,,imported,12fe593e-e883-5cac-9710-f2ba74198299,13_officer.csv,OFFICER-000626
68533ccd-7721-572e-963b-f0918ebbbb80,,,TN-OFFICER-000627,Tamil Nadu Officer OFFICER-000627,Constable,PUDUKOTTAI Station,PUDUKOTTAI,Investigator,,,retired,,imported,12fe593e-e883-5cac-9710-f2ba74198299,13_officer.csv,OFFICER-000627
09e4e936-b379-5bcc-abaa-c3aa76fffa9d,,,TN-OFFICER-000628,Tamil Nadu Officer OFFICER-000628,Superintendent,DINDIGUL Station,DINDIGUL,Circle Inspector,,,active,,imported,12fe593e-e883-5cac-9710-f2ba74198299,13_officer.csv,OFFICER-000628
de06f1db-4ed3-5da7-8777-60580da72c37,,,TN-OFFICER-000629,Tamil Nadu Officer OFFICER-000629,Deputy Superintendent,TIRUPPUR Station,TIRUPPUR,Police Officer,,,active,,imported,12fe593e-e883-5cac-9710-f2ba74198299,13_officer.csv,OFFICER-000629
1e47e21b-4192-563a-8aff-ace1e67b40bf,,,TN-OFFICER-000630,Tamil Nadu Officer OFFICER-000630,Sub-Inspector,KANCHEEPURAM Station,KANCHEEPURAM,Circle Inspector,,,transferred,,imported,12fe593e-e883-5cac-9710-f2ba74198299,13_officer.csv,OFFICER-000630
c150c0a4-652e-5ed1-a2c1-7060a273301c,,,TN-OFFICER-000631,Tamil Nadu Officer OFFICER-000631,Assistant Superintendent,CHENGALPATTU Station,CHENGALPATTU,Investigator,,,retired,,imported,12fe593e-e883-5cac-9710-f2ba74198299,13_officer.csv,OFFICER-000631
19f0fd71-ef6f-539f-a52c-5479c4b52874,,,TN-OFFICER-000632,Tamil Nadu Officer OFFICER-000632,Sub-Inspector,RAMANATHAPURAM Station,RAMANATHAPURAM,Station House Officer,,,transferred,,imported,12fe593e-e883-5cac-9710-f2ba74198299,13_officer.csv,OFFICER-000632
03e8d185-d48f-563c-888d-1ba7d74ed314,,,TN-OFFICER-000633,Tamil Nadu Officer OFFICER-000633,Assistant Superintendent,TIRUCHIRAPPALLI Station,TIRUCHIRAPPALLI,Sub-Inspector,,,transferred,,imported,12fe593e-e883-5cac-9710-f2ba74198299,13_officer.csv,OFFICER-000633
70d9bac5-9a08-5999-ae3f-7706d6ba281b,,,TN-OFFICER-000634,Tamil Nadu Officer OFFICER-000634,Inspector,RAMANATHAPURAM Station,RAMANATHAPURAM,Station House Officer,,,suspended,,imported,12fe593e-e883-5cac-9710-f2ba74198299,13_officer.csv,OFFICER-000634
bf1d8dec-4ef8-566c-87b1-7d8e8920c0aa,,,TN-OFFICER-000635,Tamil Nadu Officer OFFICER-000635,Deputy Superintendent,MAYILADUTHURAI Station,MAYILADUTHURAI,Station House Officer,,,active,,imported,12fe593e-e883-5cac-9710-f2ba74198299,13_officer.csv,OFFICER-000635
6a9b47c4-7555-5dc7-82cf-a0008f842213,,,TN-OFFICER-000636,Tamil Nadu Officer OFFICER-000636,Superintendent,TIRUVANNAMALAI Station,TIRUVANNAMALAI,Sub-Inspector,,,suspended,,imported,12fe593e-e883-5cac-9710-f2ba74198299,13_officer.csv,OFFICER-000636
b17fe441-2661-55e6-8b08-af6935a214b1,,,TN-OFFICER-000637,Tamil Nadu Officer OFFICER-000637,Deputy Superintendent,MADURAI Station,MADURAI,Sub-Inspector,,,suspended,,imported,12fe593e-e883-5cac-9710-f2ba74198299,13_officer.csv,OFFICER-000637
546d6869-dc9a-5d69-910a-9e4df94aed58,,,TN-OFFICER-000638,Tamil Nadu Officer OFFICER-000638,Assistant Superintendent,CUDDALORE Station,CUDDALORE,Station House Officer,,,suspended,,imported,12fe593e-e883-5cac-9710-f2ba74198299,13_officer.csv,OFFICER-000638
483cda41-f6e0-54fb-9e72-92f526c62755,,,TN-OFFICER-000639,Tamil Nadu Officer OFFICER-000639,Assistant Superintendent,ARIYALUR Station,ARIYALUR,Sub-Inspector,,,active,,imported,12fe593e-e883-5cac-9710-f2ba74198299,13_officer.csv,OFFICER-000639
3c7fe283-e8b9-507f-bcac-a5689cf69ff0,,,TN-OFFICER-000640,Tamil Nadu Officer OFFICER-000640,Sub-Inspector,THIRUVARUR Station,THIRUVARUR,Sub-Inspector,,,transferred,,imported,12fe593e-e883-5cac-9710-f2ba74198299,13_officer.csv,OFFICER-000640
02c5f204-2965-59a3-b97b-30f01f7fc71f,,,TN-OFFICER-000641,Tamil Nadu Officer OFFICER-000641,Inspector,TIRUPATHUR Station,TIRUPATHUR,Investigator,,,transferred,,imported,12fe593e-e883-5cac-9710-f2ba74198299,13_officer.csv,OFFICER-000641
40354bf8-4fc2-51b6-bc40-a71604a656bd,,,TN-OFFICER-000642,Tamil Nadu Officer OFFICER-000642,Superintendent,DINDIGUL Station,DINDIGUL,Investigator,,,suspended,,imported,12fe593e-e883-5cac-9710-f2ba74198299,13_officer.csv,OFFICER-000642
87fa6a08-169f-5c79-a6de-b63aaa030253,,,TN-OFFICER-000643,Tamil Nadu Officer OFFICER-000643,Sub-Inspector,TENKASI Station,TENKASI,Sub-Inspector,,,suspended,,imported,12fe593e-e883-5cac-9710-f2ba74198299,13_officer.csv,OFFICER-000643
90388d4e-3b0b-59c2-be73-2e4d8b43a5a6,,,TN-OFFICER-000644,Tamil Nadu Officer OFFICER-000644,Constable,PUDUKOTTAI Station,PUDUKOTTAI,Police Officer,,,transferred,,imported,12fe593e-e883-5cac-9710-f2ba74198299,13_officer.csv,OFFICER-000644
621cec57-10e9-5e7a-86c7-b077fc4f166b,,,TN-OFFICER-000645,Tamil Nadu Officer OFFICER-000645,Deputy Superintendent,KUMBAKONAM Station,KUMBAKONAM,Investigator,,,transferred,,imported,12fe593e-e883-5cac-9710-f2ba74198299,13_officer.csv,OFFICER-000645
f929b551-1be9-56fb-a586-5684924af580,,,TN-OFFICER-000646,Tamil Nadu Officer OFFICER-000646,Assistant Superintendent,ERODE Station,ERODE,Sub-Inspector,,,active,,imported,12fe593e-e883-5cac-9710-f2ba74198299,13_officer.csv,OFFICER-000646
f9fce8d3-7689-5020-8c2d-1816732cf7b3,,,TN-OFFICER-000647,Tamil Nadu Officer OFFICER-000647,Inspector,TIRUVANNAMALAI Station,TIRUVANNAMALAI,Sub-Inspector,,,active,,imported,12fe593e-e883-5cac-9710-f2ba74198299,13_officer.csv,OFFICER-000647
63fccf6b-85d1-5c31-9552-a235a29fe05f,,,TN-OFFICER-000648,Tamil Nadu Officer OFFICER-000648,Assistant Superintendent,RAMESWARAM Station,RAMESWARAM,Station House Officer,,,transferred,,imported,12fe593e-e883-5cac-9710-f2ba74198299,13_officer.csv,OFFICER-000648
358ab24b-8439-513d-9a1a-e674279da86b,,,TN-OFFICER-000649,Tamil Nadu Officer OFFICER-000649,Deputy Superintendent,DINDIGUL Station,DINDIGUL,Investigator,,,suspended,,imported,12fe593e-e883-5cac-9710-f2ba74198299,13_officer.csv,OFFICER-000649
24229eee-9214-59fb-bcda-8cde11b666a5,,,TN-OFFICER-000650,Tamil Nadu Officer OFFICER-000650,Deputy Superintendent,TIRUPPUR Station,TIRUPPUR,Sub-Inspector,,,suspended,,imported,12fe593e-e883-5cac-9710-f2ba74198299,13_officer.csv,OFFICER-000650
7bd0f030-eda8-523f-8c68-988b820a8a8b,,,TN-OFFICER-000651,Tamil Nadu Officer OFFICER-000651,Sub-Inspector,TIRUVANNAMALAI Station,TIRUVANNAMALAI,Sub-Inspector,,,active,,imported,12fe593e-e883-5cac-9710-f2ba74198299,13_officer.csv,OFFICER-000651
9ec6ead5-1f0b-5dd7-9eb1-60912f051882,,,TN-OFFICER-000652,Tamil Nadu Officer OFFICER-000652,Superintendent,KANCHEEPURAM Station,KANCHEEPURAM,Investigator,,,active,,imported,12fe593e-e883-5cac-9710-f2ba74198299,13_officer.csv,OFFICER-000652
67774c11-90f1-55af-92f6-b1b68dcfff45,,,TN-OFFICER-000653,Tamil Nadu Officer OFFICER-000653,Sub-Inspector,MADURAI Station,MADURAI,Police Officer,,,active,,imported,12fe593e-e883-5cac-9710-f2ba74198299,13_officer.csv,OFFICER-000653
e06f979b-ba1e-55ed-bf6a-fdc131f649f3,,,TN-OFFICER-000654,Tamil Nadu Officer OFFICER-000654,Superintendent,KRISHNAGIRI Station,KRISHNAGIRI,Police Officer,,,active,,imported,12fe593e-e883-5cac-9710-f2ba74198299,13_officer.csv,OFFICER-000654
e400f107-cac7-582e-aca6-87c5471a29bd,,,TN-OFFICER-000655,Tamil Nadu Officer OFFICER-000655,Assistant Superintendent,KANCHEEPURAM Station,KANCHEEPURAM,Sub-Inspector,,,transferred,,imported,12fe593e-e883-5cac-9710-f2ba74198299,13_officer.csv,OFFICER-000655
bc1bb332-0de9-5c75-a94a-5143b744856d,,,TN-OFFICER-000656,Tamil Nadu Officer OFFICER-000656,Assistant Superintendent,KRISHNAGIRI Station,KRISHNAGIRI,Circle Inspector,,,active,,imported,12fe593e-e883-5cac-9710-f2ba74198299,13_officer.csv,OFFICER-000656
0f2b5c86-3727-5096-b092-2b72fe135a20,,,TN-OFFICER-000657,Tamil Nadu Officer OFFICER-000657,Deputy Superintendent,KRISHNAGIRI Station,KRISHNAGIRI,Circle Inspector,,,retired,,imported,12fe593e-e883-5cac-9710-f2ba74198299,13_officer.csv,OFFICER-000657
de5f3f98-274a-5c02-9186-d99ffb6f4528,,,TN-OFFICER-000658,Tamil Nadu Officer OFFICER-000658,Inspector,THIRUVALLUR Station,THIRUVALLUR,Circle Inspector,,,transferred,,imported,12fe593e-e883-5cac-9710-f2ba74198299,13_officer.csv,OFFICER-000658
8737f15c-661f-59d3-9dc5-1d450c460562,,,TN-OFFICER-000659,Tamil Nadu Officer OFFICER-000659,Deputy Superintendent,TIRUPPUR Station,TIRUPPUR,Investigator,,,active,,imported,12fe593e-e883-5cac-9710-f2ba74198299,13_officer.csv,OFFICER-000659
a20f1adc-7d34-5c56-a24c-f049d761a78f,,,TN-OFFICER-000660,Tamil Nadu Officer OFFICER-000660,Inspector,KALLAKURICHI Station,KALLAKURICHI,Police Officer,,,retired,,imported,12fe593e-e883-5cac-9710-f2ba74198299,13_officer.csv,OFFICER-000660
363f24e7-73ee-54ba-81c0-bd7e9d8f0632,,,TN-OFFICER-000661,Tamil Nadu Officer OFFICER-000661,Inspector,NAGAPATTINAM Station,NAGAPATTINAM,Police Officer,,,active,,imported,12fe593e-e883-5cac-9710-f2ba74198299,13_officer.csv,OFFICER-000661
1c77e623-85b4-5079-8755-39a2e35e526f,,,TN-OFFICER-000662,Tamil Nadu Officer OFFICER-000662,Constable,KALLAKURICHI Station,KALLAKURICHI,Police Officer,,,transferred,,imported,12fe593e-e883-5cac-9710-f2ba74198299,13_officer.csv,OFFICER-000662
f1d9b014-e569-5640-8387-640136c7369a,,,TN-OFFICER-000663,Tamil Nadu Officer OFFICER-000663,Inspector,DHARMAPURI Station,DHARMAPURI,Station House Officer,,,suspended,,imported,12fe593e-e883-5cac-9710-f2ba74198299,13_officer.csv,OFFICER-000663
ab515742-d55c-5f2f-9514-abc986a940d4,,,TN-OFFICER-000664,Tamil Nadu Officer OFFICER-000664,Sub-Inspector,THIRUVARUR Station,THIRUVARUR,Investigator,,,transferred,,imported,12fe593e-e883-5cac-9710-f2ba74198299,13_officer.csv,OFFICER-000664
f4626f7e-ec90-59e1-802c-e44339031525,,,TN-OFFICER-000665,Tamil Nadu Officer OFFICER-000665,Assistant Superintendent,KARUR Station,KARUR,Investigator,,,active,,imported,12fe593e-e883-5cac-9710-f2ba74198299,13_officer.csv,OFFICER-000665
d32a3c0c-9e1e-5800-bf72-04ff82c78bc4,,,TN-OFFICER-000666,Tamil Nadu Officer OFFICER-000666,Superintendent,RAMESWARAM Station,RAMESWARAM,Sub-Inspector,,,active,,imported,12fe593e-e883-5cac-9710-f2ba74198299,13_officer.csv,OFFICER-000666
20caa22b-7254-5136-90b4-99fcd63143a4,,,TN-OFFICER-000667,Tamil Nadu Officer OFFICER-000667,Inspector,RANIPET Station,RANIPET,Investigator,,,transferred,,imported,12fe593e-e883-5cac-9710-f2ba74198299,13_officer.csv,OFFICER-000667
daef603a-deaa-5bcc-95ce-7dd16857e422,,,TN-OFFICER-000668,Tamil Nadu Officer OFFICER-000668,Assistant Superintendent,KUMBAKONAM Station,KUMBAKONAM,Circle Inspector,,,retired,,imported,12fe593e-e883-5cac-9710-f2ba74198299,13_officer.csv,OFFICER-000668
6d55cda8-05eb-59eb-a9b6-7a60048b3c3e,,,TN-OFFICER-000669,Tamil Nadu Officer OFFICER-000669,Superintendent,KUMBAKONAM Station,KUMBAKONAM,Station House Officer,,,suspended,,imported,12fe593e-e883-5cac-9710-f2ba74198299,13_officer.csv,OFFICER-000669
cf059eb9-c75b-58a1-8904-d317fc642785,,,TN-OFFICER-000670,Tamil Nadu Officer OFFICER-000670,Superintendent,TIRUPPUR Station,TIRUPPUR,Station House Officer,,,transferred,,imported,12fe593e-e883-5cac-9710-f2ba74198299,13_officer.csv,OFFICER-000670
3884eb30-f20f-5ee9-9be3-abfaf66bcd39,,,TN-OFFICER-000671,Tamil Nadu Officer OFFICER-000671,Constable,THIRUVARUR Station,THIRUVARUR,Station House Officer,,,transferred,,imported,12fe593e-e883-5cac-9710-f2ba74198299,13_officer.csv,OFFICER-000671
0af7687c-f085-55dd-8279-79a84e7097bc,,,TN-OFFICER-000672,Tamil Nadu Officer OFFICER-000672,Superintendent,CHENGALPATTU Station,CHENGALPATTU,Investigator,,,transferred,,imported,12fe593e-e883-5cac-9710-f2ba74198299,13_officer.csv,OFFICER-000672
070dc4d8-52bf-5a05-a35a-18dfc4c12b78,,,TN-OFFICER-000673,Tamil Nadu Officer OFFICER-000673,Deputy Superintendent,SALEM Station,SALEM,Circle Inspector,,,suspended,,imported,12fe593e-e883-5cac-9710-f2ba74198299,13_officer.csv,OFFICER-000673
c82239bf-9d8f-5504-9fff-c3a1e2f3c9f6,,,TN-OFFICER-000674,Tamil Nadu Officer OFFICER-000674,Constable,ARIYALUR Station,ARIYALUR,Police Officer,,,transferred,,imported,12fe593e-e883-5cac-9710-f2ba74198299,13_officer.csv,OFFICER-000674
7f9a93db-877a-5973-9df1-856df3ccc82c,,,TN-OFFICER-000675,Tamil Nadu Officer OFFICER-000675,Deputy Superintendent,ARIYALUR Station,ARIYALUR,Police Officer,,,retired,,imported,12fe593e-e883-5cac-9710-f2ba74198299,13_officer.csv,OFFICER-000675
601a95ed-e435-59b6-abcb-41501480ab35,,,TN-OFFICER-000676,Tamil Nadu Officer OFFICER-000676,Constable,VIRUDHUNAGAR Station,VIRUDHUNAGAR,Sub-Inspector,,,suspended,,imported,12fe593e-e883-5cac-9710-f2ba74198299,13_officer.csv,OFFICER-000676
586b24aa-3b21-5f7f-867e-de998e96f14e,,,TN-OFFICER-000677,Tamil Nadu Officer OFFICER-000677,Sub-Inspector,TIRUPATHUR Station,TIRUPATHUR,Circle Inspector,,,retired,,imported,12fe593e-e883-5cac-9710-f2ba74198299,13_officer.csv,OFFICER-000677
0249fd9a-5bac-5c11-80d3-4f7cc33f295d,,,TN-OFFICER-000678,Tamil Nadu Officer OFFICER-000678,Superintendent,KANCHEEPURAM Station,KANCHEEPURAM,Station House Officer,,,active,,imported,12fe593e-e883-5cac-9710-f2ba74198299,13_officer.csv,OFFICER-000678
0f01a0bd-56b5-5934-aab8-73b5bc4a4078,,,TN-OFFICER-000679,Tamil Nadu Officer OFFICER-000679,Inspector,KARUR Station,KARUR,Sub-Inspector,,,suspended,,imported,12fe593e-e883-5cac-9710-f2ba74198299,13_officer.csv,OFFICER-000679
09bcecda-5307-5323-b326-332a2d4155f0,,,TN-OFFICER-000680,Tamil Nadu Officer OFFICER-000680,Assistant Superintendent,TIRUPATHUR Station,TIRUPATHUR,Police Officer,,,retired,,imported,12fe593e-e883-5cac-9710-f2ba74198299,13_officer.csv,OFFICER-000680
ba452c84-3afc-5d1d-b254-207e289cd0e2,,,TN-OFFICER-000681,Tamil Nadu Officer OFFICER-000681,Sub-Inspector,KANYAKUMARI Station,KANYAKUMARI,Sub-Inspector,,,active,,imported,12fe593e-e883-5cac-9710-f2ba74198299,13_officer.csv,OFFICER-000681
ee142565-526b-5573-be13-241ebd9415cf,,,TN-OFFICER-000682,Tamil Nadu Officer OFFICER-000682,Deputy Superintendent,TENKASI Station,TENKASI,Sub-Inspector,,,transferred,,imported,12fe593e-e883-5cac-9710-f2ba74198299,13_officer.csv,OFFICER-000682
8783ebe5-f99b-5051-81ed-1eefea958c5f,,,TN-OFFICER-000683,Tamil Nadu Officer OFFICER-000683,Superintendent,NAGAPATTINAM Station,NAGAPATTINAM,Station House Officer,,,transferred,,imported,12fe593e-e883-5cac-9710-f2ba74198299,13_officer.csv,OFFICER-000683
c4ed9b5d-824a-5aea-b672-3e038765b360,,,TN-OFFICER-000684,Tamil Nadu Officer OFFICER-000684,Assistant Superintendent,DINDIGUL Station,DINDIGUL,Sub-Inspector,,,transferred,,imported,12fe593e-e883-5cac-9710-f2ba74198299,13_officer.csv,OFFICER-000684
388539b8-5909-5d70-b515-3cdbaaf5ec4f,,,TN-OFFICER-000685,Tamil Nadu Officer OFFICER-000685,Deputy Superintendent,KRISHNAGIRI Station,KRISHNAGIRI,Circle Inspector,,,suspended,,imported,12fe593e-e883-5cac-9710-f2ba74198299,13_officer.csv,OFFICER-000685
53650c5f-9d6a-550f-9b29-d4db4ea35b40,,,TN-OFFICER-000686,Tamil Nadu Officer OFFICER-000686,Constable,CHENNAI Station,CHENNAI,Circle Inspector,,,transferred,,imported,12fe593e-e883-5cac-9710-f2ba74198299,13_officer.csv,OFFICER-000686
e487ce23-34b1-52ae-872c-64a60686deb3,,,TN-OFFICER-000687,Tamil Nadu Officer OFFICER-000687,Assistant Superintendent,KANYAKUMARI Station,KANYAKUMARI,Investigator,,,retired,,imported,12fe593e-e883-5cac-9710-f2ba74198299,13_officer.csv,OFFICER-000687
dc594496-131f-549f-b594-b739fc476dba,,,TN-OFFICER-000688,Tamil Nadu Officer OFFICER-000688,Inspector,TIRUPATHUR Station,TIRUPATHUR,Station House Officer,,,retired,,imported,12fe593e-e883-5cac-9710-f2ba74198299,13_officer.csv,OFFICER-000688
97711557-fe0d-55c6-b2ef-031f3555c2b1,,,TN-OFFICER-000689,Tamil Nadu Officer OFFICER-000689,Superintendent,TIRUCHIRAPPALLI Station,TIRUCHIRAPPALLI,Police Officer,,,active,,imported,12fe593e-e883-5cac-9710-f2ba74198299,13_officer.csv,OFFICER-000689
0ad449c0-8e66-58ad-9e16-bd0491142dbe,,,TN-OFFICER-000690,Tamil Nadu Officer OFFICER-000690,Sub-Inspector,SIVAGANGA Station,SIVAGANGA,Station House Officer,,,retired,,imported,12fe593e-e883-5cac-9710-f2ba74198299,13_officer.csv,OFFICER-000690
fd100855-3d58-5173-8064-97430c5f6a03,,,TN-OFFICER-000691,Tamil Nadu Officer OFFICER-000691,Assistant Superintendent,RANIPET Station,RANIPET,Investigator,,,active,,imported,12fe593e-e883-5cac-9710-f2ba74198299,13_officer.csv,OFFICER-000691
234e2f35-2bba-58aa-adc2-cde1abf475a6,,,TN-OFFICER-000692,Tamil Nadu Officer OFFICER-000692,Superintendent,MAYILADUTHURAI Station,MAYILADUTHURAI,Sub-Inspector,,,suspended,,imported,12fe593e-e883-5cac-9710-f2ba74198299,13_officer.csv,OFFICER-000692
6893bc29-5a13-5744-838b-e1e02fcc2650,,,TN-OFFICER-000693,Tamil Nadu Officer OFFICER-000693,Sub-Inspector,TIRUPATHUR Station,TIRUPATHUR,Investigator,,,transferred,,imported,12fe593e-e883-5cac-9710-f2ba74198299,13_officer.csv,OFFICER-000693
689ed67c-131b-57fd-8700-93a23fc64dfd,,,TN-OFFICER-000694,Tamil Nadu Officer OFFICER-000694,Deputy Superintendent,TIRUVANNAMALAI Station,TIRUVANNAMALAI,Sub-Inspector,,,suspended,,imported,12fe593e-e883-5cac-9710-f2ba74198299,13_officer.csv,OFFICER-000694
02ccf21a-a4cb-54db-8e02-3ea5e842d46a,,,TN-OFFICER-000695,Tamil Nadu Officer OFFICER-000695,Superintendent,THIRUVALLUR Station,THIRUVALLUR,Investigator,,,active,,imported,12fe593e-e883-5cac-9710-f2ba74198299,13_officer.csv,OFFICER-000695
b2a3d611-ca32-57d0-8d96-e7933352d866,,,TN-OFFICER-000696,Tamil Nadu Officer OFFICER-000696,Inspector,THIRUVARUR Station,THIRUVARUR,Circle Inspector,,,suspended,,imported,12fe593e-e883-5cac-9710-f2ba74198299,13_officer.csv,OFFICER-000696
727358e9-c00e-5d09-9640-f014ea7ca642,,,TN-OFFICER-000697,Tamil Nadu Officer OFFICER-000697,Inspector,NAGAPATTINAM Station,NAGAPATTINAM,Circle Inspector,,,active,,imported,12fe593e-e883-5cac-9710-f2ba74198299,13_officer.csv,OFFICER-000697
cc2f4b8c-0f03-51b1-9403-510deb758554,,,TN-OFFICER-000698,Tamil Nadu Officer OFFICER-000698,Sub-Inspector,RAMESWARAM Station,RAMESWARAM,Police Officer,,,transferred,,imported,12fe593e-e883-5cac-9710-f2ba74198299,13_officer.csv,OFFICER-000698
a095d582-0bdc-5c13-ba84-4f5cd35e7ad6,,,TN-OFFICER-000699,Tamil Nadu Officer OFFICER-000699,Sub-Inspector,RAMESWARAM Station,RAMESWARAM,Sub-Inspector,,,active,,imported,12fe593e-e883-5cac-9710-f2ba74198299,13_officer.csv,OFFICER-000699
d9ca5232-6409-5dcd-935a-c25a7e482911,,,TN-OFFICER-000700,Tamil Nadu Officer OFFICER-000700,Superintendent,KANCHEEPURAM Station,KANCHEEPURAM,Station House Officer,,,suspended,,imported,12fe593e-e883-5cac-9710-f2ba74198299,13_officer.csv,OFFICER-000700
6f78b104-f487-5586-81eb-d71105a5927f,,,TN-OFFICER-000701,Tamil Nadu Officer OFFICER-000701,Superintendent,KARUR Station,KARUR,Sub-Inspector,,,retired,,imported,12fe593e-e883-5cac-9710-f2ba74198299,13_officer.csv,OFFICER-000701
2579dfd3-5065-5005-b938-8782c53e547f,,,TN-OFFICER-000702,Tamil Nadu Officer OFFICER-000702,Superintendent,TIRUPATHUR Station,TIRUPATHUR,Police Officer,,,suspended,,imported,12fe593e-e883-5cac-9710-f2ba74198299,13_officer.csv,OFFICER-000702
1cd8969a-951a-5f0d-8939-be9af74d697a,,,TN-OFFICER-000703,Tamil Nadu Officer OFFICER-000703,Superintendent,RANIPET Station,RANIPET,Station House Officer,,,active,,imported,12fe593e-e883-5cac-9710-f2ba74198299,13_officer.csv,OFFICER-000703
936eb44f-bc2b-59dc-b778-71c66a3e4b6e,,,TN-OFFICER-000704,Tamil Nadu Officer OFFICER-000704,Inspector,MADURAI Station,MADURAI,Station House Officer,,,suspended,,imported,12fe593e-e883-5cac-9710-f2ba74198299,13_officer.csv,OFFICER-000704
26ba44b6-7eec-5e19-a36e-e05a8e95bd5b,,,TN-OFFICER-000705,Tamil Nadu Officer OFFICER-000705,Inspector,CHENGALPATTU Station,CHENGALPATTU,Sub-Inspector,,,active,,imported,12fe593e-e883-5cac-9710-f2ba74198299,13_officer.csv,OFFICER-000705
c6c1453e-f689-5194-8f4e-12c047c3ef3b,,,TN-OFFICER-000706,Tamil Nadu Officer OFFICER-000706,Sub-Inspector,RAMANATHAPURAM Station,RAMANATHAPURAM,Investigator,,,transferred,,imported,12fe593e-e883-5cac-9710-f2ba74198299,13_officer.csv,OFFICER-000706
9db26dad-2b98-59a0-a316-fa41923930fa,,,TN-OFFICER-000707,Tamil Nadu Officer OFFICER-000707,Sub-Inspector,MAYILADUTHURAI Station,MAYILADUTHURAI,Sub-Inspector,,,suspended,,imported,12fe593e-e883-5cac-9710-f2ba74198299,13_officer.csv,OFFICER-000707
e24824bf-f4a3-5184-97b1-47e829164a52,,,TN-OFFICER-000708,Tamil Nadu Officer OFFICER-000708,Constable,TIRUVANNAMALAI Station,TIRUVANNAMALAI,Circle Inspector,,,transferred,,imported,12fe593e-e883-5cac-9710-f2ba74198299,13_officer.csv,OFFICER-000708
9b24f7d1-f4a9-568b-b694-7718bacc032f,,,TN-OFFICER-000709,Tamil Nadu Officer OFFICER-000709,Constable,THIRUVALLUR Station,THIRUVALLUR,Police Officer,,,active,,imported,12fe593e-e883-5cac-9710-f2ba74198299,13_officer.csv,OFFICER-000709
53707de4-8346-575e-96b7-e5f53f6ddadb,,,TN-OFFICER-000710,Tamil Nadu Officer OFFICER-000710,Constable,RAMANATHAPURAM Station,RAMANATHAPURAM,Sub-Inspector,,,transferred,,imported,12fe593e-e883-5cac-9710-f2ba74198299,13_officer.csv,OFFICER-000710
252f4164-b358-50bd-9ffe-74ec82336c42,,,TN-OFFICER-000711,Tamil Nadu Officer OFFICER-000711,Constable,VILUPPURAM Station,VILUPPURAM,Police Officer,,,transferred,,imported,12fe593e-e883-5cac-9710-f2ba74198299,13_officer.csv,OFFICER-000711
5a3e7fee-81a2-57c2-9ff3-63790c64a1ca,,,TN-OFFICER-000712,Tamil Nadu Officer OFFICER-000712,Superintendent,KANCHEEPURAM Station,KANCHEEPURAM,Sub-Inspector,,,retired,,imported,12fe593e-e883-5cac-9710-f2ba74198299,13_officer.csv,OFFICER-000712
6b962556-af80-54bd-a97e-e14f69ae8aa1,,,TN-OFFICER-000713,Tamil Nadu Officer OFFICER-000713,Assistant Superintendent,TENKASI Station,TENKASI,Station House Officer,,,transferred,,imported,12fe593e-e883-5cac-9710-f2ba74198299,13_officer.csv,OFFICER-000713
387723b1-1ccb-5b2e-a9a2-68f3fc385e5d,,,TN-OFFICER-000714,Tamil Nadu Officer OFFICER-000714,Sub-Inspector,TIRUVANNAMALAI Station,TIRUVANNAMALAI,Circle Inspector,,,transferred,,imported,12fe593e-e883-5cac-9710-f2ba74198299,13_officer.csv,OFFICER-000714
15804df7-9d9e-5436-bf9e-b10ec80162d1,,,TN-OFFICER-000715,Tamil Nadu Officer OFFICER-000715,Sub-Inspector,THIRUVARUR Station,THIRUVARUR,Circle Inspector,,,suspended,,imported,12fe593e-e883-5cac-9710-f2ba74198299,13_officer.csv,OFFICER-000715
f9b91ae8-8c06-5e0b-a11f-eb1a445f9f77,,,TN-OFFICER-000716,Tamil Nadu Officer OFFICER-000716,Assistant Superintendent,KANCHEEPURAM Station,KANCHEEPURAM,Station House Officer,,,suspended,,imported,12fe593e-e883-5cac-9710-f2ba74198299,13_officer.csv,OFFICER-000716
69575267-65fe-5d80-9e4b-3ac79993dd8c,,,TN-OFFICER-000717,Tamil Nadu Officer OFFICER-000717,Assistant Superintendent,PUDUKOTTAI Station,PUDUKOTTAI,Station House Officer,,,retired,,imported,12fe593e-e883-5cac-9710-f2ba74198299,13_officer.csv,OFFICER-000717
ece02227-201f-5f0b-be79-fceac97d8081,,,TN-OFFICER-000718,Tamil Nadu Officer OFFICER-000718,Constable,CHENGALPATTU Station,CHENGALPATTU,Investigator,,,transferred,,imported,12fe593e-e883-5cac-9710-f2ba74198299,13_officer.csv,OFFICER-000718
32a832ab-ed70-54aa-8e5a-6a5e03eee94e,,,TN-OFFICER-000719,Tamil Nadu Officer OFFICER-000719,Inspector,TIRUPATHUR Station,TIRUPATHUR,Circle Inspector,,,transferred,,imported,12fe593e-e883-5cac-9710-f2ba74198299,13_officer.csv,OFFICER-000719
bb2bbef6-17ec-5896-8416-a6764a9ea6cf,,,TN-OFFICER-000720,Tamil Nadu Officer OFFICER-000720,Inspector,ARIYALUR Station,ARIYALUR,Circle Inspector,,,transferred,,imported,12fe593e-e883-5cac-9710-f2ba74198299,13_officer.csv,OFFICER-000720
605c1d09-05c1-5489-b2c1-496522b741c5,,,TN-OFFICER-000721,Tamil Nadu Officer OFFICER-000721,Superintendent,VIRUDHUNAGAR Station,VIRUDHUNAGAR,Investigator,,,active,,imported,12fe593e-e883-5cac-9710-f2ba74198299,13_officer.csv,OFFICER-000721
f853bec1-2022-58be-aeb9-2d0790093ec3,,,TN-OFFICER-000722,Tamil Nadu Officer OFFICER-000722,Sub-Inspector,THENI Station,THENI,Circle Inspector,,,suspended,,imported,12fe593e-e883-5cac-9710-f2ba74198299,13_officer.csv,OFFICER-000722
5a793b67-2e74-52ac-8578-efa2a862367a,,,TN-OFFICER-000723,Tamil Nadu Officer OFFICER-000723,Deputy Superintendent,THENI Station,THENI,Police Officer,,,retired,,imported,12fe593e-e883-5cac-9710-f2ba74198299,13_officer.csv,OFFICER-000723
bfdf216e-7cc7-5ba1-832f-0d238f5b74c2,,,TN-OFFICER-000724,Tamil Nadu Officer OFFICER-000724,Deputy Superintendent,CHENGALPATTU Station,CHENGALPATTU,Investigator,,,retired,,imported,12fe593e-e883-5cac-9710-f2ba74198299,13_officer.csv,OFFICER-000724
aafa5713-8f9f-5dab-ac38-18f9e42b2ae6,,,TN-OFFICER-000725,Tamil Nadu Officer OFFICER-000725,Deputy Superintendent,KALLAKURICHI Station,KALLAKURICHI,Police Officer,,,retired,,imported,12fe593e-e883-5cac-9710-f2ba74198299,13_officer.csv,OFFICER-000725
e4261d81-1733-5af0-9caa-8b834672e8cc,,,TN-OFFICER-000726,Tamil Nadu Officer OFFICER-000726,Constable,KANYAKUMARI Station,KANYAKUMARI,Sub-Inspector,,,transferred,,imported,12fe593e-e883-5cac-9710-f2ba74198299,13_officer.csv,OFFICER-000726
6893da6f-e1e8-5413-80e0-b6445c02f12a,,,TN-OFFICER-000727,Tamil Nadu Officer OFFICER-000727,Assistant Superintendent,THENI Station,THENI,Circle Inspector,,,active,,imported,12fe593e-e883-5cac-9710-f2ba74198299,13_officer.csv,OFFICER-000727
1075f754-a929-53e3-9b9a-677a8d082e87,,,TN-OFFICER-000728,Tamil Nadu Officer OFFICER-000728,Inspector,KARUR Station,KARUR,Investigator,,,retired,,imported,12fe593e-e883-5cac-9710-f2ba74198299,13_officer.csv,OFFICER-000728
5bdf887a-3608-54b3-9e09-4942364d0644,,,TN-OFFICER-000729,Tamil Nadu Officer OFFICER-000729,Assistant Superintendent,TIRUNELVELI Station,TIRUNELVELI,Station House Officer,,,active,,imported,12fe593e-e883-5cac-9710-f2ba74198299,13_officer.csv,OFFICER-000729
4ca5afe3-641f-5f59-8fac-bcd9bf36882b,,,TN-OFFICER-000730,Tamil Nadu Officer OFFICER-000730,Deputy Superintendent,TIRUVANNAMALAI Station,TIRUVANNAMALAI,Police Officer,,,suspended,,imported,12fe593e-e883-5cac-9710-f2ba74198299,13_officer.csv,OFFICER-000730
96d0a72b-a87c-5401-98f9-3f8e7997f47b,,,TN-OFFICER-000731,Tamil Nadu Officer OFFICER-000731,Deputy Superintendent,NAGAPATTINAM Station,NAGAPATTINAM,Sub-Inspector,,,retired,,imported,12fe593e-e883-5cac-9710-f2ba74198299,13_officer.csv,OFFICER-000731
10e2e13b-67b5-51f4-aac6-b4770f17885f,,,TN-OFFICER-000732,Tamil Nadu Officer OFFICER-000732,Deputy Superintendent,TIRUVANNAMALAI Station,TIRUVANNAMALAI,Station House Officer,,,transferred,,imported,12fe593e-e883-5cac-9710-f2ba74198299,13_officer.csv,OFFICER-000732
652db2be-2492-5b4a-b042-5931b2b1f773,,,TN-OFFICER-000733,Tamil Nadu Officer OFFICER-000733,Sub-Inspector,CHENNAI Station,CHENNAI,Station House Officer,,,suspended,,imported,12fe593e-e883-5cac-9710-f2ba74198299,13_officer.csv,OFFICER-000733
8b3a095d-2c7e-51d0-aa0f-c4e2f02405d3,,,TN-OFFICER-000734,Tamil Nadu Officer OFFICER-000734,Inspector,ARIYALUR Station,ARIYALUR,Investigator,,,suspended,,imported,12fe593e-e883-5cac-9710-f2ba74198299,13_officer.csv,OFFICER-000734
e551f591-8278-54f5-8fe6-405c3c14d24c,,,TN-OFFICER-000735,Tamil Nadu Officer OFFICER-000735,Sub-Inspector,THOOTHUKUDI Station,THOOTHUKUDI,Investigator,,,active,,imported,12fe593e-e883-5cac-9710-f2ba74198299,13_officer.csv,OFFICER-000735
1932eb89-6899-51b1-a0d8-1246cff77dae,,,TN-OFFICER-000736,Tamil Nadu Officer OFFICER-000736,Assistant Superintendent,CHENNAI Station,CHENNAI,Sub-Inspector,,,active,,imported,12fe593e-e883-5cac-9710-f2ba74198299,13_officer.csv,OFFICER-000736
cb1fc523-f726-5db6-a983-3f6cbee00765,,,TN-OFFICER-000737,Tamil Nadu Officer OFFICER-000737,Constable,CUDDALORE Station,CUDDALORE,Station House Officer,,,retired,,imported,12fe593e-e883-5cac-9710-f2ba74198299,13_officer.csv,OFFICER-000737
cfadb09b-f57b-5ada-9b28-37b1296e2152,,,TN-OFFICER-000738,Tamil Nadu Officer OFFICER-000738,Inspector,NAGAPATTINAM Station,NAGAPATTINAM,Circle Inspector,,,suspended,,imported,12fe593e-e883-5cac-9710-f2ba74198299,13_officer.csv,OFFICER-000738
ecdf4089-0893-5d76-b7b4-c490127a3c31,,,TN-OFFICER-000739,Tamil Nadu Officer OFFICER-000739,Deputy Superintendent,THOOTHUKUDI Station,THOOTHUKUDI,Investigator,,,retired,,imported,12fe593e-e883-5cac-9710-f2ba74198299,13_officer.csv,OFFICER-000739
d5ad3263-a8ae-5c55-a252-1649b80e5810,,,TN-OFFICER-000740,Tamil Nadu Officer OFFICER-000740,Deputy Superintendent,PUDUKOTTAI Station,PUDUKOTTAI,Police Officer,,,transferred,,imported,12fe593e-e883-5cac-9710-f2ba74198299,13_officer.csv,OFFICER-000740
143825b0-7cfc-5dd1-9c22-66d0330b9d95,,,TN-OFFICER-000741,Tamil Nadu Officer OFFICER-000741,Assistant Superintendent,PUDUKOTTAI Station,PUDUKOTTAI,Police Officer,,,transferred,,imported,12fe593e-e883-5cac-9710-f2ba74198299,13_officer.csv,OFFICER-000741
e0a7a3c0-5739-506d-9225-561ab402b6a1,,,TN-OFFICER-000742,Tamil Nadu Officer OFFICER-000742,Deputy Superintendent,NAGAPATTINAM Station,NAGAPATTINAM,Investigator,,,suspended,,imported,12fe593e-e883-5cac-9710-f2ba74198299,13_officer.csv,OFFICER-000742
ad7aa7fe-ddac-5e11-8f88-05f7f9b5a602,,,TN-OFFICER-000743,Tamil Nadu Officer OFFICER-000743,Constable,ERODE Station,ERODE,Sub-Inspector,,,retired,,imported,12fe593e-e883-5cac-9710-f2ba74198299,13_officer.csv,OFFICER-000743
26a137aa-4793-5c7a-a535-c8b0b354d781,,,TN-OFFICER-000744,Tamil Nadu Officer OFFICER-000744,Inspector,ARIYALUR Station,ARIYALUR,Investigator,,,active,,imported,12fe593e-e883-5cac-9710-f2ba74198299,13_officer.csv,OFFICER-000744
7a3a037d-9beb-5cec-9185-3f8cdbae8408,,,TN-OFFICER-000745,Tamil Nadu Officer OFFICER-000745,Sub-Inspector,RANIPET Station,RANIPET,Police Officer,,,suspended,,imported,12fe593e-e883-5cac-9710-f2ba74198299,13_officer.csv,OFFICER-000745
5dd4d49e-f924-5119-a53a-a5ba9cb1ebad,,,TN-OFFICER-000746,Tamil Nadu Officer OFFICER-000746,Constable,THENI Station,THENI,Sub-Inspector,,,suspended,,imported,12fe593e-e883-5cac-9710-f2ba74198299,13_officer.csv,OFFICER-000746
f81c5d1b-fc44-53c0-a17b-2cc340507e0e,,,TN-OFFICER-000747,Tamil Nadu Officer OFFICER-000747,Superintendent,DHARMAPURI Station,DHARMAPURI,Circle Inspector,,,retired,,imported,12fe593e-e883-5cac-9710-f2ba74198299,13_officer.csv,OFFICER-000747
39228ccb-7801-52c9-98d3-ef39f2372d19,,,TN-OFFICER-000748,Tamil Nadu Officer OFFICER-000748,Deputy Superintendent,THENI Station,THENI,Police Officer,,,suspended,,imported,12fe593e-e883-5cac-9710-f2ba74198299,13_officer.csv,OFFICER-000748
7588d273-5b1e-537c-974d-5077953d321b,,,TN-OFFICER-000749,Tamil Nadu Officer OFFICER-000749,Superintendent,KRISHNAGIRI Station,KRISHNAGIRI,Circle Inspector,,,transferred,,imported,12fe593e-e883-5cac-9710-f2ba74198299,13_officer.csv,OFFICER-000749
46ecec88-de1e-58d5-a736-f9e8f240022a,,,TN-OFFICER-000750,Tamil Nadu Officer OFFICER-000750,Sub-Inspector,THIRUVARUR Station,THIRUVARUR,Police Officer,,,retired,,imported,12fe593e-e883-5cac-9710-f2ba74198299,13_officer.csv,OFFICER-000750
1acc6182-a51a-5603-bc44-5d20d23d3720,,,TN-OFFICER-000751,Tamil Nadu Officer OFFICER-000751,Assistant Superintendent,VIRUDHUNAGAR Station,VIRUDHUNAGAR,Circle Inspector,,,retired,,imported,12fe593e-e883-5cac-9710-f2ba74198299,13_officer.csv,OFFICER-000751
7cb24896-fda5-54e0-ab5d-9b5aecbfc7e3,,,TN-OFFICER-000752,Tamil Nadu Officer OFFICER-000752,Assistant Superintendent,MADURAI Station,MADURAI,Station House Officer,,,suspended,,imported,12fe593e-e883-5cac-9710-f2ba74198299,13_officer.csv,OFFICER-000752
3406695d-e981-5220-ad38-60f8b114472a,,,TN-OFFICER-000753,Tamil Nadu Officer OFFICER-000753,Inspector,THIRUVALLUR Station,THIRUVALLUR,Investigator,,,transferred,,imported,12fe593e-e883-5cac-9710-f2ba74198299,13_officer.csv,OFFICER-000753
bdaa8c9e-719b-5cbe-ad95-358cd55fb313,,,TN-OFFICER-000754,Tamil Nadu Officer OFFICER-000754,Superintendent,KALLAKURICHI Station,KALLAKURICHI,Police Officer,,,retired,,imported,12fe593e-e883-5cac-9710-f2ba74198299,13_officer.csv,OFFICER-000754
dbf4f8da-a5f6-521f-98d3-4be450e60eea,,,TN-OFFICER-000755,Tamil Nadu Officer OFFICER-000755,Deputy Superintendent,ARIYALUR Station,ARIYALUR,Police Officer,,,suspended,,imported,12fe593e-e883-5cac-9710-f2ba74198299,13_officer.csv,OFFICER-000755
0755db8d-91b0-5307-afc6-4881c516a24a,,,TN-OFFICER-000756,Tamil Nadu Officer OFFICER-000756,Superintendent,NAMAKKAL Station,NAMAKKAL,Station House Officer,,,active,,imported,12fe593e-e883-5cac-9710-f2ba74198299,13_officer.csv,OFFICER-000756
75d2edfc-b547-5e03-928b-d0bf953fbc8c,,,TN-OFFICER-000757,Tamil Nadu Officer OFFICER-000757,Superintendent,KARUR Station,KARUR,Station House Officer,,,retired,,imported,12fe593e-e883-5cac-9710-f2ba74198299,13_officer.csv,OFFICER-000757
57ea2f00-1e2f-50b6-b713-fccf9e1c198b,,,TN-OFFICER-000758,Tamil Nadu Officer OFFICER-000758,Constable,PUDUKOTTAI Station,PUDUKOTTAI,Circle Inspector,,,transferred,,imported,12fe593e-e883-5cac-9710-f2ba74198299,13_officer.csv,OFFICER-000758
4f5a464b-2712-5170-9f58-baf80dee4ab9,,,TN-OFFICER-000759,Tamil Nadu Officer OFFICER-000759,Deputy Superintendent,KANYAKUMARI Station,KANYAKUMARI,Police Officer,,,transferred,,imported,12fe593e-e883-5cac-9710-f2ba74198299,13_officer.csv,OFFICER-000759
e78c1d83-14f0-572a-9c0e-ba404819a320,,,TN-OFFICER-000760,Tamil Nadu Officer OFFICER-000760,Assistant Superintendent,ERODE Station,ERODE,Investigator,,,suspended,,imported,12fe593e-e883-5cac-9710-f2ba74198299,13_officer.csv,OFFICER-000760
55ad743f-3508-5c79-b14c-c8a05ff89a5b,,,TN-OFFICER-000761,Tamil Nadu Officer OFFICER-000761,Assistant Superintendent,NAGAPATTINAM Station,NAGAPATTINAM,Station House Officer,,,active,,imported,12fe593e-e883-5cac-9710-f2ba74198299,13_officer.csv,OFFICER-000761
3c9d7567-be20-582a-9713-1c4f475c2ff1,,,TN-OFFICER-000762,Tamil Nadu Officer OFFICER-000762,Sub-Inspector,ERODE Station,ERODE,Investigator,,,suspended,,imported,12fe593e-e883-5cac-9710-f2ba74198299,13_officer.csv,OFFICER-000762
6f5e452a-b2a8-5da3-be22-5082e9c6b80e,,,TN-OFFICER-000763,Tamil Nadu Officer OFFICER-000763,Inspector,CUDDALORE Station,CUDDALORE,Investigator,,,suspended,,imported,12fe593e-e883-5cac-9710-f2ba74198299,13_officer.csv,OFFICER-000763
e9a46fca-54bd-55e7-a203-c13f1c709134,,,TN-OFFICER-000764,Tamil Nadu Officer OFFICER-000764,Deputy Superintendent,ERODE Station,ERODE,Police Officer,,,transferred,,imported,12fe593e-e883-5cac-9710-f2ba74198299,13_officer.csv,OFFICER-000764
d317480b-6734-59e1-aaa3-021af54f87c0,,,TN-OFFICER-000765,Tamil Nadu Officer OFFICER-000765,Assistant Superintendent,CUDDALORE Station,CUDDALORE,Station House Officer,,,transferred,,imported,12fe593e-e883-5cac-9710-f2ba74198299,13_officer.csv,OFFICER-000765
79162d95-b13b-59e9-92c1-f188fcc05e9c,,,TN-OFFICER-000766,Tamil Nadu Officer OFFICER-000766,Constable,CUDDALORE Station,CUDDALORE,Sub-Inspector,,,active,,imported,12fe593e-e883-5cac-9710-f2ba74198299,13_officer.csv,OFFICER-000766
d3dea481-9e62-5cd2-952d-5530a9606567,,,TN-OFFICER-000767,Tamil Nadu Officer OFFICER-000767,Sub-Inspector,COIMBATORE Station,COIMBATORE,Investigator,,,transferred,,imported,12fe593e-e883-5cac-9710-f2ba74198299,13_officer.csv,OFFICER-000767
099ae5c3-27cb-53dc-b97c-6c3125eec069,,,TN-OFFICER-000768,Tamil Nadu Officer OFFICER-000768,Inspector,MADURAI Station,MADURAI,Station House Officer,,,retired,,imported,12fe593e-e883-5cac-9710-f2ba74198299,13_officer.csv,OFFICER-000768
0da511d6-7da3-5604-a6f5-9abae6f1cfdc,,,TN-OFFICER-000769,Tamil Nadu Officer OFFICER-000769,Deputy Superintendent,THIRUVALLUR Station,THIRUVALLUR,Investigator,,,retired,,imported,12fe593e-e883-5cac-9710-f2ba74198299,13_officer.csv,OFFICER-000769
5e3059f8-420a-51c7-bcc7-bf8f3b91b3e4,,,TN-OFFICER-000770,Tamil Nadu Officer OFFICER-000770,Sub-Inspector,MADURAI Station,MADURAI,Station House Officer,,,retired,,imported,12fe593e-e883-5cac-9710-f2ba74198299,13_officer.csv,OFFICER-000770
231b27dd-35bd-5e2a-96db-59c2f0f96fe6,,,TN-OFFICER-000771,Tamil Nadu Officer OFFICER-000771,Constable,DINDIGUL Station,DINDIGUL,Sub-Inspector,,,transferred,,imported,12fe593e-e883-5cac-9710-f2ba74198299,13_officer.csv,OFFICER-000771
556e7f36-2979-5ef4-8796-206dad800ec5,,,TN-OFFICER-000772,Tamil Nadu Officer OFFICER-000772,Superintendent,DINDIGUL Station,DINDIGUL,Station House Officer,,,transferred,,imported,12fe593e-e883-5cac-9710-f2ba74198299,13_officer.csv,OFFICER-000772
6375e739-e2b7-5360-93a6-e1886dd2bb81,,,TN-OFFICER-000773,Tamil Nadu Officer OFFICER-000773,Assistant Superintendent,THIRUVARUR Station,THIRUVARUR,Sub-Inspector,,,transferred,,imported,12fe593e-e883-5cac-9710-f2ba74198299,13_officer.csv,OFFICER-000773
a26e5964-994a-5aa8-aeb6-3ca2741eb3d4,,,TN-OFFICER-000774,Tamil Nadu Officer OFFICER-000774,Deputy Superintendent,THIRUVARUR Station,THIRUVARUR,Circle Inspector,,,transferred,,imported,12fe593e-e883-5cac-9710-f2ba74198299,13_officer.csv,OFFICER-000774
9c4f5b9a-b017-5628-b960-d615c7695d59,,,TN-OFFICER-000775,Tamil Nadu Officer OFFICER-000775,Sub-Inspector,THIRUVARUR Station,THIRUVARUR,Circle Inspector,,,active,,imported,12fe593e-e883-5cac-9710-f2ba74198299,13_officer.csv,OFFICER-000775
cc5b7c09-c3da-5dc6-b433-3dd29d90e917,,,TN-OFFICER-000776,Tamil Nadu Officer OFFICER-000776,Constable,CHENGALPATTU Station,CHENGALPATTU,Investigator,,,retired,,imported,12fe593e-e883-5cac-9710-f2ba74198299,13_officer.csv,OFFICER-000776
3c4f8acf-439e-50b7-843b-23d48fdc453d,,,TN-OFFICER-000777,Tamil Nadu Officer OFFICER-000777,Assistant Superintendent,KANYAKUMARI Station,KANYAKUMARI,Police Officer,,,transferred,,imported,12fe593e-e883-5cac-9710-f2ba74198299,13_officer.csv,OFFICER-000777
a1ed30b0-23af-51ae-ba46-9a2bec75ef9e,,,TN-OFFICER-000778,Tamil Nadu Officer OFFICER-000778,Inspector,CHENGALPATTU Station,CHENGALPATTU,Police Officer,,,suspended,,imported,12fe593e-e883-5cac-9710-f2ba74198299,13_officer.csv,OFFICER-000778
49a42134-6bc6-511c-82d8-d47ddadfc635,,,TN-OFFICER-000779,Tamil Nadu Officer OFFICER-000779,Assistant Superintendent,MADURAI Station,MADURAI,Circle Inspector,,,suspended,,imported,12fe593e-e883-5cac-9710-f2ba74198299,13_officer.csv,OFFICER-000779
be269bb0-3c0e-5d72-9a22-9f235710e3c6,,,TN-OFFICER-000780,Tamil Nadu Officer OFFICER-000780,Deputy Superintendent,THIRUVARUR Station,THIRUVARUR,Investigator,,,retired,,imported,12fe593e-e883-5cac-9710-f2ba74198299,13_officer.csv,OFFICER-000780
fe6799f9-6cf1-51c5-8511-c38076340737,,,TN-OFFICER-000781,Tamil Nadu Officer OFFICER-000781,Constable,ERODE Station,ERODE,Police Officer,,,transferred,,imported,12fe593e-e883-5cac-9710-f2ba74198299,13_officer.csv,OFFICER-000781
8c1c445d-a6ea-52c9-96c7-d6e90d6f9c7a,,,TN-OFFICER-000782,Tamil Nadu Officer OFFICER-000782,Assistant Superintendent,KUMBAKONAM Station,KUMBAKONAM,Investigator,,,suspended,,imported,12fe593e-e883-5cac-9710-f2ba74198299,13_officer.csv,OFFICER-000782
e4c2166e-a3de-5d81-90fe-9679c3dddae6,,,TN-OFFICER-000783,Tamil Nadu Officer OFFICER-000783,Superintendent,RANIPET Station,RANIPET,Investigator,,,active,,imported,12fe593e-e883-5cac-9710-f2ba74198299,13_officer.csv,OFFICER-000783
17d06547-38a8-5dca-ac24-b84c8081400c,,,TN-OFFICER-000784,Tamil Nadu Officer OFFICER-000784,Assistant Superintendent,RAMESWARAM Station,RAMESWARAM,Circle Inspector,,,active,,imported,12fe593e-e883-5cac-9710-f2ba74198299,13_officer.csv,OFFICER-000784
b380f156-2044-5fc5-9c7d-60f6497cea3c,,,TN-OFFICER-000785,Tamil Nadu Officer OFFICER-000785,Constable,TIRUPATHUR Station,TIRUPATHUR,Sub-Inspector,,,retired,,imported,12fe593e-e883-5cac-9710-f2ba74198299,13_officer.csv,OFFICER-000785
0185b5fb-9fb9-5947-b68c-b38210ab3bf3,,,TN-OFFICER-000786,Tamil Nadu Officer OFFICER-000786,Constable,SIVAGANGA Station,SIVAGANGA,Sub-Inspector,,,active,,imported,12fe593e-e883-5cac-9710-f2ba74198299,13_officer.csv,OFFICER-000786
308ff4a3-141d-5b09-9749-902902df5cdf,,,TN-OFFICER-000787,Tamil Nadu Officer OFFICER-000787,Constable,VIRUDHUNAGAR Station,VIRUDHUNAGAR,Investigator,,,retired,,imported,12fe593e-e883-5cac-9710-f2ba74198299,13_officer.csv,OFFICER-000787
561973e1-35d9-5947-8b11-73bacd02ebbc,,,TN-OFFICER-000788,Tamil Nadu Officer OFFICER-000788,Deputy Superintendent,MAYILADUTHURAI Station,MAYILADUTHURAI,Investigator,,,retired,,imported,12fe593e-e883-5cac-9710-f2ba74198299,13_officer.csv,OFFICER-000788
2ae3ebfc-6e98-5f73-acb9-d7db2e13f329,,,TN-OFFICER-000789,Tamil Nadu Officer OFFICER-000789,Sub-Inspector,KANCHEEPURAM Station,KANCHEEPURAM,Police Officer,,,suspended,,imported,12fe593e-e883-5cac-9710-f2ba74198299,13_officer.csv,OFFICER-000789
5fba3612-d359-5364-b507-319788888588,,,TN-OFFICER-000790,Tamil Nadu Officer OFFICER-000790,Superintendent,NAMAKKAL Station,NAMAKKAL,Circle Inspector,,,suspended,,imported,12fe593e-e883-5cac-9710-f2ba74198299,13_officer.csv,OFFICER-000790
798e8968-adda-56a3-b3df-d938564edbe2,,,TN-OFFICER-000791,Tamil Nadu Officer OFFICER-000791,Superintendent,DHARMAPURI Station,DHARMAPURI,Station House Officer,,,transferred,,imported,12fe593e-e883-5cac-9710-f2ba74198299,13_officer.csv,OFFICER-000791
14ff0312-e05c-579e-b84a-25553e401c26,,,TN-OFFICER-000792,Tamil Nadu Officer OFFICER-000792,Deputy Superintendent,MADURAI Station,MADURAI,Police Officer,,,active,,imported,12fe593e-e883-5cac-9710-f2ba74198299,13_officer.csv,OFFICER-000792
50fab755-46ad-5c41-9645-87a490c43ae2,,,TN-OFFICER-000793,Tamil Nadu Officer OFFICER-000793,Assistant Superintendent,SALEM Station,SALEM,Investigator,,,transferred,,imported,12fe593e-e883-5cac-9710-f2ba74198299,13_officer.csv,OFFICER-000793
a4a460cc-2dd0-57d6-8c01-f71641677d3f,,,TN-OFFICER-000794,Tamil Nadu Officer OFFICER-000794,Constable,TIRUNELVELI Station,TIRUNELVELI,Police Officer,,,transferred,,imported,12fe593e-e883-5cac-9710-f2ba74198299,13_officer.csv,OFFICER-000794
ed4c707c-ce67-5beb-a474-5afd12305e07,,,TN-OFFICER-000795,Tamil Nadu Officer OFFICER-000795,Sub-Inspector,PERAMBALUR Station,PERAMBALUR,Police Officer,,,transferred,,imported,12fe593e-e883-5cac-9710-f2ba74198299,13_officer.csv,OFFICER-000795
f2602307-0e96-5cb2-ba9e-1cf7c985bcca,,,TN-OFFICER-000796,Tamil Nadu Officer OFFICER-000796,Deputy Superintendent,CHENGALPATTU Station,CHENGALPATTU,Investigator,,,active,,imported,12fe593e-e883-5cac-9710-f2ba74198299,13_officer.csv,OFFICER-000796
b32ef288-a543-5f7a-aa41-b9d9499e0937,,,TN-OFFICER-000797,Tamil Nadu Officer OFFICER-000797,Inspector,THIRUVALLUR Station,THIRUVALLUR,Circle Inspector,,,active,,imported,12fe593e-e883-5cac-9710-f2ba74198299,13_officer.csv,OFFICER-000797
200f059c-7e39-5592-aa35-c9ba8011d769,,,TN-OFFICER-000798,Tamil Nadu Officer OFFICER-000798,Superintendent,RAMESWARAM Station,RAMESWARAM,Sub-Inspector,,,retired,,imported,12fe593e-e883-5cac-9710-f2ba74198299,13_officer.csv,OFFICER-000798
916eae5c-d7f4-5a6b-b463-ac91ec71c0b0,,,TN-OFFICER-000799,Tamil Nadu Officer OFFICER-000799,Constable,RANIPET Station,RANIPET,Circle Inspector,,,active,,imported,12fe593e-e883-5cac-9710-f2ba74198299,13_officer.csv,OFFICER-000799
28d9cd04-577d-51d2-9325-c68a868220f3,,,TN-OFFICER-000800,Tamil Nadu Officer OFFICER-000800,Inspector,PUDUKOTTAI Station,PUDUKOTTAI,Circle Inspector,,,active,,imported,12fe593e-e883-5cac-9710-f2ba74198299,13_officer.csv,OFFICER-000800
e777c172-286f-5e40-898b-db14f69e799e,,,TN-OFFICER-000801,Tamil Nadu Officer OFFICER-000801,Assistant Superintendent,MADURAI Station,MADURAI,Police Officer,,,suspended,,imported,12fe593e-e883-5cac-9710-f2ba74198299,13_officer.csv,OFFICER-000801
e04e41d4-4186-55f1-ad73-5ab1ecc2b74d,,,TN-OFFICER-000802,Tamil Nadu Officer OFFICER-000802,Sub-Inspector,MAYILADUTHURAI Station,MAYILADUTHURAI,Circle Inspector,,,active,,imported,12fe593e-e883-5cac-9710-f2ba74198299,13_officer.csv,OFFICER-000802
958673a2-59ff-5e11-bb34-219751df120a,,,TN-OFFICER-000803,Tamil Nadu Officer OFFICER-000803,Inspector,THIRUVARUR Station,THIRUVARUR,Police Officer,,,suspended,,imported,12fe593e-e883-5cac-9710-f2ba74198299,13_officer.csv,OFFICER-000803
52a88610-aac9-560a-8bb4-0bb622a986cd,,,TN-OFFICER-000804,Tamil Nadu Officer OFFICER-000804,Superintendent,RANIPET Station,RANIPET,Investigator,,,active,,imported,12fe593e-e883-5cac-9710-f2ba74198299,13_officer.csv,OFFICER-000804
0aaea645-e36a-5e66-a58d-d69de5d24691,,,TN-OFFICER-000805,Tamil Nadu Officer OFFICER-000805,Superintendent,TIRUNELVELI Station,TIRUNELVELI,Sub-Inspector,,,active,,imported,12fe593e-e883-5cac-9710-f2ba74198299,13_officer.csv,OFFICER-000805
32f67d23-96d1-5b5e-af8a-f43f38565f6f,,,TN-OFFICER-000806,Tamil Nadu Officer OFFICER-000806,Deputy Superintendent,THENI Station,THENI,Investigator,,,retired,,imported,12fe593e-e883-5cac-9710-f2ba74198299,13_officer.csv,OFFICER-000806
c9d5426f-811b-5fe3-898a-29e9ca23d570,,,TN-OFFICER-000807,Tamil Nadu Officer OFFICER-000807,Assistant Superintendent,CUDDALORE Station,CUDDALORE,Investigator,,,suspended,,imported,12fe593e-e883-5cac-9710-f2ba74198299,13_officer.csv,OFFICER-000807
20380ce0-a96c-54b4-a9ce-21f67cee8441,,,TN-OFFICER-000808,Tamil Nadu Officer OFFICER-000808,Deputy Superintendent,KALLAKURICHI Station,KALLAKURICHI,Sub-Inspector,,,suspended,,imported,12fe593e-e883-5cac-9710-f2ba74198299,13_officer.csv,OFFICER-000808
627a65db-ecaa-591a-9dda-9a8a79506876,,,TN-OFFICER-000809,Tamil Nadu Officer OFFICER-000809,Deputy Superintendent,THIRUVARUR Station,THIRUVARUR,Circle Inspector,,,active,,imported,12fe593e-e883-5cac-9710-f2ba74198299,13_officer.csv,OFFICER-000809
32502cf1-bbb4-5011-88a1-69bdda9c5614,,,TN-OFFICER-000810,Tamil Nadu Officer OFFICER-000810,Deputy Superintendent,NAGAPATTINAM Station,NAGAPATTINAM,Circle Inspector,,,active,,imported,12fe593e-e883-5cac-9710-f2ba74198299,13_officer.csv,OFFICER-000810
09b39dde-a918-50a9-863e-4b000171fad0,,,TN-OFFICER-000811,Tamil Nadu Officer OFFICER-000811,Sub-Inspector,PUDUKOTTAI Station,PUDUKOTTAI,Police Officer,,,active,,imported,12fe593e-e883-5cac-9710-f2ba74198299,13_officer.csv,OFFICER-000811
884e682b-8ecf-5531-a9d8-e0239e54a707,,,TN-OFFICER-000812,Tamil Nadu Officer OFFICER-000812,Sub-Inspector,THIRUVARUR Station,THIRUVARUR,Police Officer,,,suspended,,imported,12fe593e-e883-5cac-9710-f2ba74198299,13_officer.csv,OFFICER-000812
290a92e1-8a1a-552a-a4ff-b00035fd8a51,,,TN-OFFICER-000813,Tamil Nadu Officer OFFICER-000813,Superintendent,RANIPET Station,RANIPET,Police Officer,,,retired,,imported,12fe593e-e883-5cac-9710-f2ba74198299,13_officer.csv,OFFICER-000813
520d908d-100b-5771-852a-c178f35a2b4c,,,TN-OFFICER-000814,Tamil Nadu Officer OFFICER-000814,Constable,NAMAKKAL Station,NAMAKKAL,Police Officer,,,active,,imported,12fe593e-e883-5cac-9710-f2ba74198299,13_officer.csv,OFFICER-000814
b80906b5-8fbf-5853-a9fa-cff4d8f8d285,,,TN-OFFICER-000815,Tamil Nadu Officer OFFICER-000815,Superintendent,RANIPET Station,RANIPET,Investigator,,,suspended,,imported,12fe593e-e883-5cac-9710-f2ba74198299,13_officer.csv,OFFICER-000815
6c9f81cc-41e8-5075-8ea6-407eb5bc01a5,,,TN-OFFICER-000816,Tamil Nadu Officer OFFICER-000816,Assistant Superintendent,TIRUNELVELI Station,TIRUNELVELI,Circle Inspector,,,active,,imported,12fe593e-e883-5cac-9710-f2ba74198299,13_officer.csv,OFFICER-000816
29ef4918-4c8d-569b-9ece-ee53dc4f834a,,,TN-OFFICER-000817,Tamil Nadu Officer OFFICER-000817,Assistant Superintendent,TIRUVANNAMALAI Station,TIRUVANNAMALAI,Circle Inspector,,,active,,imported,12fe593e-e883-5cac-9710-f2ba74198299,13_officer.csv,OFFICER-000817
6a181354-20b4-55c5-b81f-2f2b8313624c,,,TN-OFFICER-000818,Tamil Nadu Officer OFFICER-000818,Assistant Superintendent,ERODE Station,ERODE,Circle Inspector,,,transferred,,imported,12fe593e-e883-5cac-9710-f2ba74198299,13_officer.csv,OFFICER-000818
80a22c79-376d-5c71-8b42-d1af8a74b16d,,,TN-OFFICER-000819,Tamil Nadu Officer OFFICER-000819,Inspector,KRISHNAGIRI Station,KRISHNAGIRI,Sub-Inspector,,,retired,,imported,12fe593e-e883-5cac-9710-f2ba74198299,13_officer.csv,OFFICER-000819
d83712a8-de11-5f6e-9a0c-4f53824a5cdf,,,TN-OFFICER-000820,Tamil Nadu Officer OFFICER-000820,Superintendent,THIRUVALLUR Station,THIRUVALLUR,Station House Officer,,,active,,imported,12fe593e-e883-5cac-9710-f2ba74198299,13_officer.csv,OFFICER-000820
faffd5bf-4457-581b-81b3-5736af542b9f,,,TN-OFFICER-000821,Tamil Nadu Officer OFFICER-000821,Assistant Superintendent,PUDUKOTTAI Station,PUDUKOTTAI,Station House Officer,,,transferred,,imported,12fe593e-e883-5cac-9710-f2ba74198299,13_officer.csv,OFFICER-000821
a2c677b8-33ff-5cc9-8fb2-ee659c91d7f9,,,TN-OFFICER-000822,Tamil Nadu Officer OFFICER-000822,Inspector,THIRUVARUR Station,THIRUVARUR,Investigator,,,retired,,imported,12fe593e-e883-5cac-9710-f2ba74198299,13_officer.csv,OFFICER-000822
5ecc23f7-e59c-53c0-8e4d-ca7f68fe4bdd,,,TN-OFFICER-000823,Tamil Nadu Officer OFFICER-000823,Assistant Superintendent,DINDIGUL Station,DINDIGUL,Circle Inspector,,,transferred,,imported,12fe593e-e883-5cac-9710-f2ba74198299,13_officer.csv,OFFICER-000823
1ff2b1ad-f1da-5061-83d7-288f48135753,,,TN-OFFICER-000824,Tamil Nadu Officer OFFICER-000824,Constable,KARUR Station,KARUR,Circle Inspector,,,retired,,imported,12fe593e-e883-5cac-9710-f2ba74198299,13_officer.csv,OFFICER-000824
92158e7d-e8c7-5423-aafc-ffa38d185210,,,TN-OFFICER-000825,Tamil Nadu Officer OFFICER-000825,Superintendent,ARIYALUR Station,ARIYALUR,Police Officer,,,transferred,,imported,12fe593e-e883-5cac-9710-f2ba74198299,13_officer.csv,OFFICER-000825
4f81d0e8-78e9-5012-a4a5-2da1da3549eb,,,TN-OFFICER-000826,Tamil Nadu Officer OFFICER-000826,Deputy Superintendent,TIRUCHIRAPPALLI Station,TIRUCHIRAPPALLI,Investigator,,,suspended,,imported,12fe593e-e883-5cac-9710-f2ba74198299,13_officer.csv,OFFICER-000826
b4fca65d-c9f3-5b0f-b594-a0fce5a24b2e,,,TN-OFFICER-000827,Tamil Nadu Officer OFFICER-000827,Sub-Inspector,RAMESWARAM Station,RAMESWARAM,Investigator,,,retired,,imported,12fe593e-e883-5cac-9710-f2ba74198299,13_officer.csv,OFFICER-000827
e0811980-b933-56a5-988e-343941ded57a,,,TN-OFFICER-000828,Tamil Nadu Officer OFFICER-000828,Constable,KARUR Station,KARUR,Investigator,,,active,,imported,12fe593e-e883-5cac-9710-f2ba74198299,13_officer.csv,OFFICER-000828
041416db-9574-5c44-b817-2a934115d8a5,,,TN-OFFICER-000829,Tamil Nadu Officer OFFICER-000829,Superintendent,THENI Station,THENI,Investigator,,,transferred,,imported,12fe593e-e883-5cac-9710-f2ba74198299,13_officer.csv,OFFICER-000829
e5783315-446d-56a4-b14b-3ec8cc59ef37,,,TN-OFFICER-000830,Tamil Nadu Officer OFFICER-000830,Inspector,TIRUCHIRAPPALLI Station,TIRUCHIRAPPALLI,Sub-Inspector,,,retired,,imported,12fe593e-e883-5cac-9710-f2ba74198299,13_officer.csv,OFFICER-000830
2ed3f8ad-4387-5b24-b88d-e1c9b492adeb,,,TN-OFFICER-000831,Tamil Nadu Officer OFFICER-000831,Superintendent,TIRUCHIRAPPALLI Station,TIRUCHIRAPPALLI,Police Officer,,,retired,,imported,12fe593e-e883-5cac-9710-f2ba74198299,13_officer.csv,OFFICER-000831
c5321b9d-5a1c-5bed-a00e-05c9ce46e82d,,,TN-OFFICER-000832,Tamil Nadu Officer OFFICER-000832,Deputy Superintendent,THIRUVARUR Station,THIRUVARUR,Circle Inspector,,,suspended,,imported,12fe593e-e883-5cac-9710-f2ba74198299,13_officer.csv,OFFICER-000832
0a78af5c-ed21-5f5d-8dfd-172faa54e734,,,TN-OFFICER-000833,Tamil Nadu Officer OFFICER-000833,Inspector,THIRUVARUR Station,THIRUVARUR,Circle Inspector,,,transferred,,imported,12fe593e-e883-5cac-9710-f2ba74198299,13_officer.csv,OFFICER-000833
a6230f45-6b65-501a-a112-1923062848e2,,,TN-OFFICER-000834,Tamil Nadu Officer OFFICER-000834,Deputy Superintendent,KANCHEEPURAM Station,KANCHEEPURAM,Station House Officer,,,transferred,,imported,12fe593e-e883-5cac-9710-f2ba74198299,13_officer.csv,OFFICER-000834
7ef3c076-02ec-590a-a249-daf1c2e6e8ca,,,TN-OFFICER-000835,Tamil Nadu Officer OFFICER-000835,Assistant Superintendent,MADURAI Station,MADURAI,Circle Inspector,,,transferred,,imported,12fe593e-e883-5cac-9710-f2ba74198299,13_officer.csv,OFFICER-000835
75cbe4b8-65cb-5a99-8e71-b7aa79dc9097,,,TN-OFFICER-000836,Tamil Nadu Officer OFFICER-000836,Superintendent,TIRUVANNAMALAI Station,TIRUVANNAMALAI,Circle Inspector,,,suspended,,imported,12fe593e-e883-5cac-9710-f2ba74198299,13_officer.csv,OFFICER-000836
fcc836a7-3e2d-5f4f-9c41-c82dfba3b43e,,,TN-OFFICER-000837,Tamil Nadu Officer OFFICER-000837,Superintendent,KUMBAKONAM Station,KUMBAKONAM,Circle Inspector,,,suspended,,imported,12fe593e-e883-5cac-9710-f2ba74198299,13_officer.csv,OFFICER-000837
cc38dc97-86ee-5983-911d-914eccccdceb,,,TN-OFFICER-000838,Tamil Nadu Officer OFFICER-000838,Deputy Superintendent,ARIYALUR Station,ARIYALUR,Station House Officer,,,suspended,,imported,12fe593e-e883-5cac-9710-f2ba74198299,13_officer.csv,OFFICER-000838
efecd201-bbf9-5f6f-a29e-2cf3663a598d,,,TN-OFFICER-000839,Tamil Nadu Officer OFFICER-000839,Deputy Superintendent,RANIPET Station,RANIPET,Circle Inspector,,,retired,,imported,12fe593e-e883-5cac-9710-f2ba74198299,13_officer.csv,OFFICER-000839
3da21c22-aa4b-5580-8342-e3f4f3361543,,,TN-OFFICER-000840,Tamil Nadu Officer OFFICER-000840,Superintendent,TENKASI Station,TENKASI,Station House Officer,,,transferred,,imported,12fe593e-e883-5cac-9710-f2ba74198299,13_officer.csv,OFFICER-000840
106e609d-8b04-58c5-9ac1-8fa81415d0c0,,,TN-OFFICER-000841,Tamil Nadu Officer OFFICER-000841,Constable,MADURAI Station,MADURAI,Circle Inspector,,,suspended,,imported,12fe593e-e883-5cac-9710-f2ba74198299,13_officer.csv,OFFICER-000841
c69bf97b-7546-5e60-aebd-9afcf554c910,,,TN-OFFICER-000842,Tamil Nadu Officer OFFICER-000842,Sub-Inspector,RAMESWARAM Station,RAMESWARAM,Sub-Inspector,,,suspended,,imported,12fe593e-e883-5cac-9710-f2ba74198299,13_officer.csv,OFFICER-000842
f250522a-6d34-5bf7-954a-0fa037dbf798,,,TN-OFFICER-000843,Tamil Nadu Officer OFFICER-000843,Inspector,THENI Station,THENI,Station House Officer,,,active,,imported,12fe593e-e883-5cac-9710-f2ba74198299,13_officer.csv,OFFICER-000843
dee5bfd8-f907-57aa-a679-b59a2cd0f39d,,,TN-OFFICER-000844,Tamil Nadu Officer OFFICER-000844,Superintendent,CUDDALORE Station,CUDDALORE,Station House Officer,,,retired,,imported,12fe593e-e883-5cac-9710-f2ba74198299,13_officer.csv,OFFICER-000844
053d7f44-1a50-5763-a264-15fd5619bd1d,,,TN-OFFICER-000845,Tamil Nadu Officer OFFICER-000845,Superintendent,KRISHNAGIRI Station,KRISHNAGIRI,Sub-Inspector,,,transferred,,imported,12fe593e-e883-5cac-9710-f2ba74198299,13_officer.csv,OFFICER-000845
b7965596-ba41-5b08-a259-dd87e97b9ee6,,,TN-OFFICER-000846,Tamil Nadu Officer OFFICER-000846,Superintendent,RAMESWARAM Station,RAMESWARAM,Circle Inspector,,,retired,,imported,12fe593e-e883-5cac-9710-f2ba74198299,13_officer.csv,OFFICER-000846
b56ffe6a-9b66-501f-81bc-8296d5e7edc8,,,TN-OFFICER-000847,Tamil Nadu Officer OFFICER-000847,Inspector,KUMBAKONAM Station,KUMBAKONAM,Circle Inspector,,,suspended,,imported,12fe593e-e883-5cac-9710-f2ba74198299,13_officer.csv,OFFICER-000847
0de398b1-9b32-5509-a508-5b17f90e8398,,,TN-OFFICER-000848,Tamil Nadu Officer OFFICER-000848,Inspector,KANCHEEPURAM Station,KANCHEEPURAM,Station House Officer,,,transferred,,imported,12fe593e-e883-5cac-9710-f2ba74198299,13_officer.csv,OFFICER-000848
16f7a5d5-f85d-532b-8176-6fc532ab8b1a,,,TN-OFFICER-000849,Tamil Nadu Officer OFFICER-000849,Assistant Superintendent,THOOTHUKUDI Station,THOOTHUKUDI,Police Officer,,,retired,,imported,12fe593e-e883-5cac-9710-f2ba74198299,13_officer.csv,OFFICER-000849
bda7a580-9840-5a55-b6eb-1dc0e7c60c16,,,TN-OFFICER-000850,Tamil Nadu Officer OFFICER-000850,Sub-Inspector,MADURAI Station,MADURAI,Circle Inspector,,,transferred,,imported,12fe593e-e883-5cac-9710-f2ba74198299,13_officer.csv,OFFICER-000850
4c3d38c2-6bd9-5930-b935-02a672807b32,,,TN-OFFICER-000851,Tamil Nadu Officer OFFICER-000851,Inspector,THOOTHUKUDI Station,THOOTHUKUDI,Sub-Inspector,,,retired,,imported,12fe593e-e883-5cac-9710-f2ba74198299,13_officer.csv,OFFICER-000851
a67d8b52-0080-5d2f-8037-16139c452b03,,,TN-OFFICER-000852,Tamil Nadu Officer OFFICER-000852,Inspector,KANYAKUMARI Station,KANYAKUMARI,Investigator,,,retired,,imported,12fe593e-e883-5cac-9710-f2ba74198299,13_officer.csv,OFFICER-000852
17d477d6-d884-5f66-b14c-df30641cff98,,,TN-OFFICER-000853,Tamil Nadu Officer OFFICER-000853,Constable,RANIPET Station,RANIPET,Police Officer,,,active,,imported,12fe593e-e883-5cac-9710-f2ba74198299,13_officer.csv,OFFICER-000853
1a25d45a-a827-5815-86cb-549e3d7621b3,,,TN-OFFICER-000854,Tamil Nadu Officer OFFICER-000854,Assistant Superintendent,KALLAKURICHI Station,KALLAKURICHI,Investigator,,,transferred,,imported,12fe593e-e883-5cac-9710-f2ba74198299,13_officer.csv,OFFICER-000854
7e0af567-f04c-5c9f-b492-0b48f6aea162,,,TN-OFFICER-000855,Tamil Nadu Officer OFFICER-000855,Deputy Superintendent,NAGAPATTINAM Station,NAGAPATTINAM,Investigator,,,suspended,,imported,12fe593e-e883-5cac-9710-f2ba74198299,13_officer.csv,OFFICER-000855
11bb310d-07bf-541d-a067-3a2d8dd5875a,,,TN-OFFICER-000856,Tamil Nadu Officer OFFICER-000856,Sub-Inspector,KRISHNAGIRI Station,KRISHNAGIRI,Investigator,,,active,,imported,12fe593e-e883-5cac-9710-f2ba74198299,13_officer.csv,OFFICER-000856
0cc0b1dd-3ba0-5a3e-964f-3249be2bd71f,,,TN-OFFICER-000857,Tamil Nadu Officer OFFICER-000857,Superintendent,NAMAKKAL Station,NAMAKKAL,Station House Officer,,,suspended,,imported,12fe593e-e883-5cac-9710-f2ba74198299,13_officer.csv,OFFICER-000857
6f3ef3a2-b674-5ccc-b332-953056b12308,,,TN-OFFICER-000858,Tamil Nadu Officer OFFICER-000858,Assistant Superintendent,CHENGALPATTU Station,CHENGALPATTU,Sub-Inspector,,,transferred,,imported,12fe593e-e883-5cac-9710-f2ba74198299,13_officer.csv,OFFICER-000858
d5da6e19-8542-57f5-8046-5b86621bc536,,,TN-OFFICER-000859,Tamil Nadu Officer OFFICER-000859,Sub-Inspector,TIRUPATHUR Station,TIRUPATHUR,Sub-Inspector,,,retired,,imported,12fe593e-e883-5cac-9710-f2ba74198299,13_officer.csv,OFFICER-000859
fd421379-1217-5597-b5ff-986537269cb3,,,TN-OFFICER-000860,Tamil Nadu Officer OFFICER-000860,Deputy Superintendent,KUMBAKONAM Station,KUMBAKONAM,Circle Inspector,,,active,,imported,12fe593e-e883-5cac-9710-f2ba74198299,13_officer.csv,OFFICER-000860
200b1899-5179-57e7-bb2c-8288d16db728,,,TN-OFFICER-000861,Tamil Nadu Officer OFFICER-000861,Deputy Superintendent,PERAMBALUR Station,PERAMBALUR,Police Officer,,,retired,,imported,12fe593e-e883-5cac-9710-f2ba74198299,13_officer.csv,OFFICER-000861
f1045957-d64b-5e64-8989-892f83daba31,,,TN-OFFICER-000862,Tamil Nadu Officer OFFICER-000862,Assistant Superintendent,CUDDALORE Station,CUDDALORE,Investigator,,,transferred,,imported,12fe593e-e883-5cac-9710-f2ba74198299,13_officer.csv,OFFICER-000862
197945cf-80bf-5311-bef9-f8644f000618,,,TN-OFFICER-000863,Tamil Nadu Officer OFFICER-000863,Inspector,CHENNAI Station,CHENNAI,Police Officer,,,suspended,,imported,12fe593e-e883-5cac-9710-f2ba74198299,13_officer.csv,OFFICER-000863
a53dec45-289a-5d5a-88d8-a1af9d43db93,,,TN-OFFICER-000864,Tamil Nadu Officer OFFICER-000864,Inspector,CHENNAI Station,CHENNAI,Police Officer,,,suspended,,imported,12fe593e-e883-5cac-9710-f2ba74198299,13_officer.csv,OFFICER-000864
eab830ea-0a47-51bc-99fc-02660a5cc88f,,,TN-OFFICER-000865,Tamil Nadu Officer OFFICER-000865,Deputy Superintendent,KUMBAKONAM Station,KUMBAKONAM,Station House Officer,,,retired,,imported,12fe593e-e883-5cac-9710-f2ba74198299,13_officer.csv,OFFICER-000865
ca3eec65-751d-5810-9433-2306744d2f5a,,,TN-OFFICER-000866,Tamil Nadu Officer OFFICER-000866,Sub-Inspector,KALLAKURICHI Station,KALLAKURICHI,Station House Officer,,,retired,,imported,12fe593e-e883-5cac-9710-f2ba74198299,13_officer.csv,OFFICER-000866
2ab00fb8-9bbc-5b49-8e9d-bb9cc80b76ec,,,TN-OFFICER-000867,Tamil Nadu Officer OFFICER-000867,Assistant Superintendent,COIMBATORE Station,COIMBATORE,Police Officer,,,suspended,,imported,12fe593e-e883-5cac-9710-f2ba74198299,13_officer.csv,OFFICER-000867
f51abf0f-a3f4-577a-9cc6-4decb4456d4d,,,TN-OFFICER-000868,Tamil Nadu Officer OFFICER-000868,Constable,CUDDALORE Station,CUDDALORE,Station House Officer,,,transferred,,imported,12fe593e-e883-5cac-9710-f2ba74198299,13_officer.csv,OFFICER-000868
ee2b8bd7-6a7c-523a-823e-cfdb214ab8b1,,,TN-OFFICER-000869,Tamil Nadu Officer OFFICER-000869,Constable,KUMBAKONAM Station,KUMBAKONAM,Circle Inspector,,,suspended,,imported,12fe593e-e883-5cac-9710-f2ba74198299,13_officer.csv,OFFICER-000869
4df8024a-b284-5cec-92ae-a531c2c962b0,,,TN-OFFICER-000870,Tamil Nadu Officer OFFICER-000870,Constable,RAMANATHAPURAM Station,RAMANATHAPURAM,Sub-Inspector,,,retired,,imported,12fe593e-e883-5cac-9710-f2ba74198299,13_officer.csv,OFFICER-000870
8364e5ce-c47d-5d49-9bc0-d28379646eda,,,TN-OFFICER-000871,Tamil Nadu Officer OFFICER-000871,Deputy Superintendent,TIRUPATHUR Station,TIRUPATHUR,Investigator,,,retired,,imported,12fe593e-e883-5cac-9710-f2ba74198299,13_officer.csv,OFFICER-000871
f45f9133-269f-5a72-86c6-0f4dfae1f968,,,TN-OFFICER-000872,Tamil Nadu Officer OFFICER-000872,Sub-Inspector,PERAMBALUR Station,PERAMBALUR,Investigator,,,transferred,,imported,12fe593e-e883-5cac-9710-f2ba74198299,13_officer.csv,OFFICER-000872
0046cc10-28ba-5d77-bc2a-4eec784da708,,,TN-OFFICER-000873,Tamil Nadu Officer OFFICER-000873,Constable,THOOTHUKUDI Station,THOOTHUKUDI,Sub-Inspector,,,transferred,,imported,12fe593e-e883-5cac-9710-f2ba74198299,13_officer.csv,OFFICER-000873
2e594198-b84d-537a-b308-ddd1882c4801,,,TN-OFFICER-000874,Tamil Nadu Officer OFFICER-000874,Assistant Superintendent,THENI Station,THENI,Station House Officer,,,transferred,,imported,12fe593e-e883-5cac-9710-f2ba74198299,13_officer.csv,OFFICER-000874
34e3f202-f28a-5bcc-a8ac-ac8346ed46ae,,,TN-OFFICER-000875,Tamil Nadu Officer OFFICER-000875,Superintendent,PERAMBALUR Station,PERAMBALUR,Station House Officer,,,active,,imported,12fe593e-e883-5cac-9710-f2ba74198299,13_officer.csv,OFFICER-000875
48060084-4c88-5a6f-9150-06dc0b9a15e4,,,TN-OFFICER-000876,Tamil Nadu Officer OFFICER-000876,Inspector,THIRUVALLUR Station,THIRUVALLUR,Circle Inspector,,,retired,,imported,12fe593e-e883-5cac-9710-f2ba74198299,13_officer.csv,OFFICER-000876
27b4a3b2-d051-5e08-a7de-5d98c10bdb70,,,TN-OFFICER-000877,Tamil Nadu Officer OFFICER-000877,Inspector,TIRUPPUR Station,TIRUPPUR,Circle Inspector,,,retired,,imported,12fe593e-e883-5cac-9710-f2ba74198299,13_officer.csv,OFFICER-000877
b514ea15-b891-5e35-b7f2-1ab0d38e4351,,,TN-OFFICER-000878,Tamil Nadu Officer OFFICER-000878,Deputy Superintendent,THIRUVALLUR Station,THIRUVALLUR,Station House Officer,,,active,,imported,12fe593e-e883-5cac-9710-f2ba74198299,13_officer.csv,OFFICER-000878
502c33d9-6dcb-5f37-90b0-dab6e6c6f0f1,,,TN-OFFICER-000879,Tamil Nadu Officer OFFICER-000879,Assistant Superintendent,CUDDALORE Station,CUDDALORE,Station House Officer,,,retired,,imported,12fe593e-e883-5cac-9710-f2ba74198299,13_officer.csv,OFFICER-000879
85e75c62-9241-5fec-af2c-08fa0327e1dc,,,TN-OFFICER-000880,Tamil Nadu Officer OFFICER-000880,Inspector,KANYAKUMARI Station,KANYAKUMARI,Investigator,,,active,,imported,12fe593e-e883-5cac-9710-f2ba74198299,13_officer.csv,OFFICER-000880
4f8e9ccc-ce7f-5e40-8d9d-ce952c9b3de0,,,TN-OFFICER-000881,Tamil Nadu Officer OFFICER-000881,Assistant Superintendent,DHARMAPURI Station,DHARMAPURI,Sub-Inspector,,,active,,imported,12fe593e-e883-5cac-9710-f2ba74198299,13_officer.csv,OFFICER-000881
6194778f-6b20-5940-ae7a-6a46c8683869,,,TN-OFFICER-000882,Tamil Nadu Officer OFFICER-000882,Deputy Superintendent,TENKASI Station,TENKASI,Station House Officer,,,suspended,,imported,12fe593e-e883-5cac-9710-f2ba74198299,13_officer.csv,OFFICER-000882
e83322ad-fd9e-5c8d-9f93-84e889a3d209,,,TN-OFFICER-000883,Tamil Nadu Officer OFFICER-000883,Inspector,THIRUVALLUR Station,THIRUVALLUR,Station House Officer,,,retired,,imported,12fe593e-e883-5cac-9710-f2ba74198299,13_officer.csv,OFFICER-000883
77a9ec8d-8374-51de-b780-bf728a8d3ca4,,,TN-OFFICER-000884,Tamil Nadu Officer OFFICER-000884,Deputy Superintendent,SALEM Station,SALEM,Circle Inspector,,,suspended,,imported,12fe593e-e883-5cac-9710-f2ba74198299,13_officer.csv,OFFICER-000884
f0560050-9009-5f54-9818-74437d0ae584,,,TN-OFFICER-000885,Tamil Nadu Officer OFFICER-000885,Superintendent,PERAMBALUR Station,PERAMBALUR,Station House Officer,,,active,,imported,12fe593e-e883-5cac-9710-f2ba74198299,13_officer.csv,OFFICER-000885
9b010e68-fbac-5344-8046-c2e2ea1ed9a3,,,TN-OFFICER-000886,Tamil Nadu Officer OFFICER-000886,Deputy Superintendent,RANIPET Station,RANIPET,Circle Inspector,,,transferred,,imported,12fe593e-e883-5cac-9710-f2ba74198299,13_officer.csv,OFFICER-000886
50a31113-281a-5e0c-a242-58af0916b2e7,,,TN-OFFICER-000887,Tamil Nadu Officer OFFICER-000887,Constable,THIRUVALLUR Station,THIRUVALLUR,Sub-Inspector,,,transferred,,imported,12fe593e-e883-5cac-9710-f2ba74198299,13_officer.csv,OFFICER-000887
3f08b6e2-150a-5dc1-ae89-ec7f97d6104f,,,TN-OFFICER-000888,Tamil Nadu Officer OFFICER-000888,Assistant Superintendent,THENI Station,THENI,Police Officer,,,suspended,,imported,12fe593e-e883-5cac-9710-f2ba74198299,13_officer.csv,OFFICER-000888
0de4e75d-c542-5508-888e-d9dd9a21caa5,,,TN-OFFICER-000889,Tamil Nadu Officer OFFICER-000889,Superintendent,RANIPET Station,RANIPET,Police Officer,,,retired,,imported,12fe593e-e883-5cac-9710-f2ba74198299,13_officer.csv,OFFICER-000889
6bae5fd8-19bf-580f-8efa-d024759120e6,,,TN-OFFICER-000890,Tamil Nadu Officer OFFICER-000890,Deputy Superintendent,CUDDALORE Station,CUDDALORE,Station House Officer,,,suspended,,imported,12fe593e-e883-5cac-9710-f2ba74198299,13_officer.csv,OFFICER-000890
6e7ec663-1c87-5328-b4b8-da16b43af6b5,,,TN-OFFICER-000891,Tamil Nadu Officer OFFICER-000891,Constable,PERAMBALUR Station,PERAMBALUR,Sub-Inspector,,,suspended,,imported,12fe593e-e883-5cac-9710-f2ba74198299,13_officer.csv,OFFICER-000891
cedc20d6-6f82-5000-9444-f2e7a6f4a520,,,TN-OFFICER-000892,Tamil Nadu Officer OFFICER-000892,Sub-Inspector,CHENNAI Station,CHENNAI,Investigator,,,active,,imported,12fe593e-e883-5cac-9710-f2ba74198299,13_officer.csv,OFFICER-000892
5f1bc01e-413a-5ac6-88a2-b8a51bbc40f7,,,TN-OFFICER-000893,Tamil Nadu Officer OFFICER-000893,Deputy Superintendent,VIRUDHUNAGAR Station,VIRUDHUNAGAR,Station House Officer,,,transferred,,imported,12fe593e-e883-5cac-9710-f2ba74198299,13_officer.csv,OFFICER-000893
a7538a57-371d-550e-abe0-9cf81e628524,,,TN-OFFICER-000894,Tamil Nadu Officer OFFICER-000894,Assistant Superintendent,VILUPPURAM Station,VILUPPURAM,Investigator,,,transferred,,imported,12fe593e-e883-5cac-9710-f2ba74198299,13_officer.csv,OFFICER-000894
56187f9c-ff0a-55b6-bb43-5b3b8b2322dd,,,TN-OFFICER-000895,Tamil Nadu Officer OFFICER-000895,Superintendent,KALLAKURICHI Station,KALLAKURICHI,Station House Officer,,,retired,,imported,12fe593e-e883-5cac-9710-f2ba74198299,13_officer.csv,OFFICER-000895
950b878f-32a0-579b-9afc-a5a522ff3886,,,TN-OFFICER-000896,Tamil Nadu Officer OFFICER-000896,Deputy Superintendent,RANIPET Station,RANIPET,Police Officer,,,transferred,,imported,12fe593e-e883-5cac-9710-f2ba74198299,13_officer.csv,OFFICER-000896
05c77112-30c5-5312-844b-03962af7f851,,,TN-OFFICER-000897,Tamil Nadu Officer OFFICER-000897,Constable,ERODE Station,ERODE,Station House Officer,,,retired,,imported,12fe593e-e883-5cac-9710-f2ba74198299,13_officer.csv,OFFICER-000897
32e39475-b429-5d9a-ba5e-0f6f71567384,,,TN-OFFICER-000898,Tamil Nadu Officer OFFICER-000898,Sub-Inspector,KRISHNAGIRI Station,KRISHNAGIRI,Station House Officer,,,retired,,imported,12fe593e-e883-5cac-9710-f2ba74198299,13_officer.csv,OFFICER-000898
d1e27bd9-ab98-55a3-b1fa-53dec2a7ff60,,,TN-OFFICER-000899,Tamil Nadu Officer OFFICER-000899,Constable,RAMANATHAPURAM Station,RAMANATHAPURAM,Sub-Inspector,,,transferred,,imported,12fe593e-e883-5cac-9710-f2ba74198299,13_officer.csv,OFFICER-000899
d90be23c-ab04-52bb-be4a-beb203f80f8b,,,TN-OFFICER-000900,Tamil Nadu Officer OFFICER-000900,Superintendent,TIRUNELVELI Station,TIRUNELVELI,Investigator,,,retired,,imported,12fe593e-e883-5cac-9710-f2ba74198299,13_officer.csv,OFFICER-000900
76a4a6d5-55d6-5e8a-a263-269353851243,,,TN-OFFICER-000901,Tamil Nadu Officer OFFICER-000901,Inspector,ARIYALUR Station,ARIYALUR,Sub-Inspector,,,transferred,,imported,12fe593e-e883-5cac-9710-f2ba74198299,13_officer.csv,OFFICER-000901
923e6aa6-11f2-547a-9213-53f3c043727e,,,TN-OFFICER-000902,Tamil Nadu Officer OFFICER-000902,Assistant Superintendent,NAGAPATTINAM Station,NAGAPATTINAM,Sub-Inspector,,,suspended,,imported,12fe593e-e883-5cac-9710-f2ba74198299,13_officer.csv,OFFICER-000902
73bca904-e133-57f2-a192-d6ea1a434f0b,,,TN-OFFICER-000903,Tamil Nadu Officer OFFICER-000903,Constable,SALEM Station,SALEM,Sub-Inspector,,,retired,,imported,12fe593e-e883-5cac-9710-f2ba74198299,13_officer.csv,OFFICER-000903
f0642123-d270-5c29-bcea-a0eeaf9b0f0c,,,TN-OFFICER-000904,Tamil Nadu Officer OFFICER-000904,Sub-Inspector,KUMBAKONAM Station,KUMBAKONAM,Investigator,,,retired,,imported,12fe593e-e883-5cac-9710-f2ba74198299,13_officer.csv,OFFICER-000904
7a78b704-ae9e-55e4-a4cf-2c1df68bb471,,,TN-OFFICER-000905,Tamil Nadu Officer OFFICER-000905,Constable,NAGAPATTINAM Station,NAGAPATTINAM,Police Officer,,,suspended,,imported,12fe593e-e883-5cac-9710-f2ba74198299,13_officer.csv,OFFICER-000905
4df67bef-53e9-53d6-b40b-c26e0e7b3cbf,,,TN-OFFICER-000906,Tamil Nadu Officer OFFICER-000906,Deputy Superintendent,TIRUVANNAMALAI Station,TIRUVANNAMALAI,Investigator,,,active,,imported,12fe593e-e883-5cac-9710-f2ba74198299,13_officer.csv,OFFICER-000906
0afa7ff5-d25f-594e-81b2-51420e2f4776,,,TN-OFFICER-000907,Tamil Nadu Officer OFFICER-000907,Sub-Inspector,THIRUVARUR Station,THIRUVARUR,Station House Officer,,,active,,imported,12fe593e-e883-5cac-9710-f2ba74198299,13_officer.csv,OFFICER-000907
6d3284ea-45eb-5986-a8b6-e762c1facfa2,,,TN-OFFICER-000908,Tamil Nadu Officer OFFICER-000908,Deputy Superintendent,KANCHEEPURAM Station,KANCHEEPURAM,Station House Officer,,,suspended,,imported,12fe593e-e883-5cac-9710-f2ba74198299,13_officer.csv,OFFICER-000908
7eb6581b-7334-556f-acb5-5eb09c0b0b54,,,TN-OFFICER-000909,Tamil Nadu Officer OFFICER-000909,Sub-Inspector,TIRUPATHUR Station,TIRUPATHUR,Police Officer,,,active,,imported,12fe593e-e883-5cac-9710-f2ba74198299,13_officer.csv,OFFICER-000909
977db63e-05d2-5d2f-9671-fb8e35db628a,,,TN-OFFICER-000910,Tamil Nadu Officer OFFICER-000910,Sub-Inspector,PERAMBALUR Station,PERAMBALUR,Sub-Inspector,,,transferred,,imported,12fe593e-e883-5cac-9710-f2ba74198299,13_officer.csv,OFFICER-000910
e24ffecb-2a32-5f8b-8188-82b649f07974,,,TN-OFFICER-000911,Tamil Nadu Officer OFFICER-000911,Sub-Inspector,THENI Station,THENI,Sub-Inspector,,,suspended,,imported,12fe593e-e883-5cac-9710-f2ba74198299,13_officer.csv,OFFICER-000911
359287dc-b702-5ce5-9a8e-98685fe8770b,,,TN-OFFICER-000912,Tamil Nadu Officer OFFICER-000912,Inspector,CUDDALORE Station,CUDDALORE,Investigator,,,retired,,imported,12fe593e-e883-5cac-9710-f2ba74198299,13_officer.csv,OFFICER-000912
5e2ca665-efef-5013-a072-f2cb900cb77d,,,TN-OFFICER-000913,Tamil Nadu Officer OFFICER-000913,Inspector,VIRUDHUNAGAR Station,VIRUDHUNAGAR,Station House Officer,,,transferred,,imported,12fe593e-e883-5cac-9710-f2ba74198299,13_officer.csv,OFFICER-000913
7dbaf2e6-280e-51ce-910a-0533ab6ca3f5,,,TN-OFFICER-000914,Tamil Nadu Officer OFFICER-000914,Constable,KUMBAKONAM Station,KUMBAKONAM,Investigator,,,retired,,imported,12fe593e-e883-5cac-9710-f2ba74198299,13_officer.csv,OFFICER-000914
289b55c5-801a-51b3-bbba-0be65a2d6e7a,,,TN-OFFICER-000915,Tamil Nadu Officer OFFICER-000915,Assistant Superintendent,KUMBAKONAM Station,KUMBAKONAM,Investigator,,,retired,,imported,12fe593e-e883-5cac-9710-f2ba74198299,13_officer.csv,OFFICER-000915
660cae4c-6438-5075-b9f6-4be37c1a45d5,,,TN-OFFICER-000916,Tamil Nadu Officer OFFICER-000916,Sub-Inspector,NAGAPATTINAM Station,NAGAPATTINAM,Investigator,,,transferred,,imported,12fe593e-e883-5cac-9710-f2ba74198299,13_officer.csv,OFFICER-000916
eca9e693-10ff-5cb2-b28f-368f95fe3a76,,,TN-OFFICER-000917,Tamil Nadu Officer OFFICER-000917,Superintendent,THIRUVARUR Station,THIRUVARUR,Station House Officer,,,suspended,,imported,12fe593e-e883-5cac-9710-f2ba74198299,13_officer.csv,OFFICER-000917
c378839b-7570-5216-adda-76bd943236c0,,,TN-OFFICER-000918,Tamil Nadu Officer OFFICER-000918,Assistant Superintendent,PUDUKOTTAI Station,PUDUKOTTAI,Sub-Inspector,,,transferred,,imported,12fe593e-e883-5cac-9710-f2ba74198299,13_officer.csv,OFFICER-000918
baf0dc75-666b-53bb-a86b-f92fde5001a2,,,TN-OFFICER-000919,Tamil Nadu Officer OFFICER-000919,Superintendent,KALLAKURICHI Station,KALLAKURICHI,Circle Inspector,,,suspended,,imported,12fe593e-e883-5cac-9710-f2ba74198299,13_officer.csv,OFFICER-000919
82b02441-49db-5f97-855e-56c478b3c1f8,,,TN-OFFICER-000920,Tamil Nadu Officer OFFICER-000920,Superintendent,VIRUDHUNAGAR Station,VIRUDHUNAGAR,Station House Officer,,,active,,imported,12fe593e-e883-5cac-9710-f2ba74198299,13_officer.csv,OFFICER-000920
1c6eb2b9-a7a4-5bf8-a392-ac5b1fa7d291,,,TN-OFFICER-000921,Tamil Nadu Officer OFFICER-000921,Constable,VIRUDHUNAGAR Station,VIRUDHUNAGAR,Circle Inspector,,,suspended,,imported,12fe593e-e883-5cac-9710-f2ba74198299,13_officer.csv,OFFICER-000921
4829ec62-f241-5c32-b927-c71849ca21ee,,,TN-OFFICER-000922,Tamil Nadu Officer OFFICER-000922,Assistant Superintendent,ARIYALUR Station,ARIYALUR,Station House Officer,,,transferred,,imported,12fe593e-e883-5cac-9710-f2ba74198299,13_officer.csv,OFFICER-000922
75c6f069-47ab-5518-aa47-7d111760a443,,,TN-OFFICER-000923,Tamil Nadu Officer OFFICER-000923,Constable,DINDIGUL Station,DINDIGUL,Circle Inspector,,,retired,,imported,12fe593e-e883-5cac-9710-f2ba74198299,13_officer.csv,OFFICER-000923
bbe59f47-1ab9-5bdf-83f1-d37ec979a2f3,,,TN-OFFICER-000924,Tamil Nadu Officer OFFICER-000924,Inspector,ARIYALUR Station,ARIYALUR,Police Officer,,,transferred,,imported,12fe593e-e883-5cac-9710-f2ba74198299,13_officer.csv,OFFICER-000924
168a8c6a-ea93-5cd7-945d-efe7609b6381,,,TN-OFFICER-000925,Tamil Nadu Officer OFFICER-000925,Inspector,PUDUKOTTAI Station,PUDUKOTTAI,Police Officer,,,suspended,,imported,12fe593e-e883-5cac-9710-f2ba74198299,13_officer.csv,OFFICER-000925
5cfd8503-8b5e-5c9a-9620-ba8c77aa8762,,,TN-OFFICER-000926,Tamil Nadu Officer OFFICER-000926,Assistant Superintendent,ERODE Station,ERODE,Circle Inspector,,,retired,,imported,12fe593e-e883-5cac-9710-f2ba74198299,13_officer.csv,OFFICER-000926
cebc4bff-2dc0-5440-8d91-1cbbe7309be6,,,TN-OFFICER-000927,Tamil Nadu Officer OFFICER-000927,Deputy Superintendent,PUDUKOTTAI Station,PUDUKOTTAI,Police Officer,,,transferred,,imported,12fe593e-e883-5cac-9710-f2ba74198299,13_officer.csv,OFFICER-000927
ded371f1-f80e-5b88-9be5-7cf0e6711aff,,,TN-OFFICER-000928,Tamil Nadu Officer OFFICER-000928,Assistant Superintendent,TIRUPPUR Station,TIRUPPUR,Station House Officer,,,retired,,imported,12fe593e-e883-5cac-9710-f2ba74198299,13_officer.csv,OFFICER-000928
27d2b408-8d96-5cfd-a355-a38a345dea79,,,TN-OFFICER-000929,Tamil Nadu Officer OFFICER-000929,Sub-Inspector,CHENNAI Station,CHENNAI,Police Officer,,,suspended,,imported,12fe593e-e883-5cac-9710-f2ba74198299,13_officer.csv,OFFICER-000929
543fe858-8719-55a1-a731-c0ec2c7daff3,,,TN-OFFICER-000930,Tamil Nadu Officer OFFICER-000930,Assistant Superintendent,TENKASI Station,TENKASI,Investigator,,,suspended,,imported,12fe593e-e883-5cac-9710-f2ba74198299,13_officer.csv,OFFICER-000930
4cc78a11-d685-528d-8899-d5b2e7f9cbc0,,,TN-OFFICER-000931,Tamil Nadu Officer OFFICER-000931,Sub-Inspector,KUMBAKONAM Station,KUMBAKONAM,Investigator,,,transferred,,imported,12fe593e-e883-5cac-9710-f2ba74198299,13_officer.csv,OFFICER-000931
48c7f170-c9bc-5313-adb3-be9bc3b7875e,,,TN-OFFICER-000932,Tamil Nadu Officer OFFICER-000932,Inspector,KARUR Station,KARUR,Police Officer,,,retired,,imported,12fe593e-e883-5cac-9710-f2ba74198299,13_officer.csv,OFFICER-000932
d72ed377-191a-5d28-a147-9a6edf0c1d05,,,TN-OFFICER-000933,Tamil Nadu Officer OFFICER-000933,Superintendent,THIRUVALLUR Station,THIRUVALLUR,Police Officer,,,active,,imported,12fe593e-e883-5cac-9710-f2ba74198299,13_officer.csv,OFFICER-000933
7e355de7-4a69-5ce5-8af2-da30f6b5d121,,,TN-OFFICER-000934,Tamil Nadu Officer OFFICER-000934,Deputy Superintendent,CUDDALORE Station,CUDDALORE,Station House Officer,,,transferred,,imported,12fe593e-e883-5cac-9710-f2ba74198299,13_officer.csv,OFFICER-000934
f25cdbf6-434f-59c2-b706-d34ed110de61,,,TN-OFFICER-000935,Tamil Nadu Officer OFFICER-000935,Inspector,SALEM Station,SALEM,Police Officer,,,suspended,,imported,12fe593e-e883-5cac-9710-f2ba74198299,13_officer.csv,OFFICER-000935
4c57df1d-40cb-59c9-b49d-f5c56cc4ecee,,,TN-OFFICER-000936,Tamil Nadu Officer OFFICER-000936,Deputy Superintendent,TIRUVANNAMALAI Station,TIRUVANNAMALAI,Sub-Inspector,,,suspended,,imported,12fe593e-e883-5cac-9710-f2ba74198299,13_officer.csv,OFFICER-000936
4c527410-a7b5-5d31-b149-6bf4c158cdc6,,,TN-OFFICER-000937,Tamil Nadu Officer OFFICER-000937,Superintendent,RANIPET Station,RANIPET,Station House Officer,,,retired,,imported,12fe593e-e883-5cac-9710-f2ba74198299,13_officer.csv,OFFICER-000937
6b3ee786-e670-58bd-bae8-c103adac16f3,,,TN-OFFICER-000938,Tamil Nadu Officer OFFICER-000938,Constable,RAMANATHAPURAM Station,RAMANATHAPURAM,Circle Inspector,,,retired,,imported,12fe593e-e883-5cac-9710-f2ba74198299,13_officer.csv,OFFICER-000938
09cb841a-9b55-5350-a390-1bb67bbb4812,,,TN-OFFICER-000939,Tamil Nadu Officer OFFICER-000939,Constable,KANYAKUMARI Station,KANYAKUMARI,Police Officer,,,active,,imported,12fe593e-e883-5cac-9710-f2ba74198299,13_officer.csv,OFFICER-000939
be3db5fb-949b-5112-a7cf-82d6040480e5,,,TN-OFFICER-000940,Tamil Nadu Officer OFFICER-000940,Superintendent,THIRUVARUR Station,THIRUVARUR,Circle Inspector,,,retired,,imported,12fe593e-e883-5cac-9710-f2ba74198299,13_officer.csv,OFFICER-000940
2fc5ff22-22df-5721-98be-56ea96a7f449,,,TN-OFFICER-000941,Tamil Nadu Officer OFFICER-000941,Sub-Inspector,TIRUVANNAMALAI Station,TIRUVANNAMALAI,Police Officer,,,active,,imported,12fe593e-e883-5cac-9710-f2ba74198299,13_officer.csv,OFFICER-000941
5e69b3b0-c019-5950-89c6-506d4eaf5dbb,,,TN-OFFICER-000942,Tamil Nadu Officer OFFICER-000942,Superintendent,CHENGALPATTU Station,CHENGALPATTU,Circle Inspector,,,active,,imported,12fe593e-e883-5cac-9710-f2ba74198299,13_officer.csv,OFFICER-000942
bd84a6a0-2b45-528f-96f5-83c6a285aa9b,,,TN-OFFICER-000943,Tamil Nadu Officer OFFICER-000943,Deputy Superintendent,SALEM Station,SALEM,Investigator,,,retired,,imported,12fe593e-e883-5cac-9710-f2ba74198299,13_officer.csv,OFFICER-000943
b4ce992a-4c17-522d-a492-3775ae9392a6,,,TN-OFFICER-000944,Tamil Nadu Officer OFFICER-000944,Sub-Inspector,KRISHNAGIRI Station,KRISHNAGIRI,Station House Officer,,,retired,,imported,12fe593e-e883-5cac-9710-f2ba74198299,13_officer.csv,OFFICER-000944
9f747e52-2d3c-574e-9414-14b0df4abc2c,,,TN-OFFICER-000945,Tamil Nadu Officer OFFICER-000945,Sub-Inspector,TIRUNELVELI Station,TIRUNELVELI,Investigator,,,suspended,,imported,12fe593e-e883-5cac-9710-f2ba74198299,13_officer.csv,OFFICER-000945
5e73907f-ec4b-5b8c-a96b-9df458d33b24,,,TN-OFFICER-000946,Tamil Nadu Officer OFFICER-000946,Assistant Superintendent,COIMBATORE Station,COIMBATORE,Investigator,,,active,,imported,12fe593e-e883-5cac-9710-f2ba74198299,13_officer.csv,OFFICER-000946
6c2aa523-a9ae-5d13-955a-250e1868bc17,,,TN-OFFICER-000947,Tamil Nadu Officer OFFICER-000947,Constable,PUDUKOTTAI Station,PUDUKOTTAI,Station House Officer,,,transferred,,imported,12fe593e-e883-5cac-9710-f2ba74198299,13_officer.csv,OFFICER-000947
8ba8f9cf-b876-5f76-a194-11a132ae5d94,,,TN-OFFICER-000948,Tamil Nadu Officer OFFICER-000948,Inspector,DINDIGUL Station,DINDIGUL,Police Officer,,,suspended,,imported,12fe593e-e883-5cac-9710-f2ba74198299,13_officer.csv,OFFICER-000948
0b9d9c47-bea3-5b09-9ae1-c6bceb36775c,,,TN-OFFICER-000949,Tamil Nadu Officer OFFICER-000949,Deputy Superintendent,TIRUNELVELI Station,TIRUNELVELI,Circle Inspector,,,transferred,,imported,12fe593e-e883-5cac-9710-f2ba74198299,13_officer.csv,OFFICER-000949
a7c0e626-65ec-54de-9a77-0b9adc95b86b,,,TN-OFFICER-000950,Tamil Nadu Officer OFFICER-000950,Deputy Superintendent,KARUR Station,KARUR,Police Officer,,,suspended,,imported,12fe593e-e883-5cac-9710-f2ba74198299,13_officer.csv,OFFICER-000950
38288b49-779e-534e-992a-1e74e014f95f,,,TN-OFFICER-000951,Tamil Nadu Officer OFFICER-000951,Sub-Inspector,TIRUPPUR Station,TIRUPPUR,Sub-Inspector,,,active,,imported,12fe593e-e883-5cac-9710-f2ba74198299,13_officer.csv,OFFICER-000951
a474397b-e62b-5d91-8909-bd8869f3d1c8,,,TN-OFFICER-000952,Tamil Nadu Officer OFFICER-000952,Constable,KANYAKUMARI Station,KANYAKUMARI,Circle Inspector,,,transferred,,imported,12fe593e-e883-5cac-9710-f2ba74198299,13_officer.csv,OFFICER-000952
fd294047-7fb0-5b07-b4d6-1f63f420c296,,,TN-OFFICER-000953,Tamil Nadu Officer OFFICER-000953,Constable,THENI Station,THENI,Investigator,,,transferred,,imported,12fe593e-e883-5cac-9710-f2ba74198299,13_officer.csv,OFFICER-000953
0b80e798-eb14-5cc9-80b7-112ecb007744,,,TN-OFFICER-000954,Tamil Nadu Officer OFFICER-000954,Superintendent,THIRUVALLUR Station,THIRUVALLUR,Circle Inspector,,,suspended,,imported,12fe593e-e883-5cac-9710-f2ba74198299,13_officer.csv,OFFICER-000954
05937eaa-469f-5af8-83df-1af88c8c9338,,,TN-OFFICER-000955,Tamil Nadu Officer OFFICER-000955,Superintendent,PERAMBALUR Station,PERAMBALUR,Investigator,,,transferred,,imported,12fe593e-e883-5cac-9710-f2ba74198299,13_officer.csv,OFFICER-000955
e3f2f428-99f8-5e77-b7ee-f8f319f046e9,,,TN-OFFICER-000956,Tamil Nadu Officer OFFICER-000956,Assistant Superintendent,DINDIGUL Station,DINDIGUL,Police Officer,,,suspended,,imported,12fe593e-e883-5cac-9710-f2ba74198299,13_officer.csv,OFFICER-000956
1a1e24c9-d5f9-55aa-a1c4-500d8ec28d5e,,,TN-OFFICER-000957,Tamil Nadu Officer OFFICER-000957,Constable,SALEM Station,SALEM,Station House Officer,,,retired,,imported,12fe593e-e883-5cac-9710-f2ba74198299,13_officer.csv,OFFICER-000957
3ec3e298-7d42-58a7-8c55-62c620f1a69e,,,TN-OFFICER-000958,Tamil Nadu Officer OFFICER-000958,Inspector,TIRUVANNAMALAI Station,TIRUVANNAMALAI,Circle Inspector,,,active,,imported,12fe593e-e883-5cac-9710-f2ba74198299,13_officer.csv,OFFICER-000958
fdb7e6c4-e2d1-5baf-a897-1212d4ee82f0,,,TN-OFFICER-000959,Tamil Nadu Officer OFFICER-000959,Assistant Superintendent,KRISHNAGIRI Station,KRISHNAGIRI,Circle Inspector,,,active,,imported,12fe593e-e883-5cac-9710-f2ba74198299,13_officer.csv,OFFICER-000959
0cfceb8a-d987-5b61-b00c-32e2fb86d7a4,,,TN-OFFICER-000960,Tamil Nadu Officer OFFICER-000960,Constable,NAGAPATTINAM Station,NAGAPATTINAM,Investigator,,,suspended,,imported,12fe593e-e883-5cac-9710-f2ba74198299,13_officer.csv,OFFICER-000960
211b86b1-8bde-5d1e-a46b-5141dee9397f,,,TN-OFFICER-000961,Tamil Nadu Officer OFFICER-000961,Constable,PERAMBALUR Station,PERAMBALUR,Sub-Inspector,,,transferred,,imported,12fe593e-e883-5cac-9710-f2ba74198299,13_officer.csv,OFFICER-000961
01c44d88-71d4-5d21-b071-662837cf7381,,,TN-OFFICER-000962,Tamil Nadu Officer OFFICER-000962,Assistant Superintendent,KARUR Station,KARUR,Station House Officer,,,suspended,,imported,12fe593e-e883-5cac-9710-f2ba74198299,13_officer.csv,OFFICER-000962
1ffce59a-5260-53bd-9311-1cc256f035b2,,,TN-OFFICER-000963,Tamil Nadu Officer OFFICER-000963,Sub-Inspector,CUDDALORE Station,CUDDALORE,Circle Inspector,,,active,,imported,12fe593e-e883-5cac-9710-f2ba74198299,13_officer.csv,OFFICER-000963
093d3d14-a233-59be-a6cf-70cfed8a1cec,,,TN-OFFICER-000964,Tamil Nadu Officer OFFICER-000964,Superintendent,TIRUCHIRAPPALLI Station,TIRUCHIRAPPALLI,Police Officer,,,transferred,,imported,12fe593e-e883-5cac-9710-f2ba74198299,13_officer.csv,OFFICER-000964
9a498da0-7e61-5727-88ff-093029e560e2,,,TN-OFFICER-000965,Tamil Nadu Officer OFFICER-000965,Sub-Inspector,THIRUVARUR Station,THIRUVARUR,Investigator,,,retired,,imported,12fe593e-e883-5cac-9710-f2ba74198299,13_officer.csv,OFFICER-000965
04dc593c-a998-553f-9b71-21e786ebdf03,,,TN-OFFICER-000966,Tamil Nadu Officer OFFICER-000966,Superintendent,DHARMAPURI Station,DHARMAPURI,Station House Officer,,,active,,imported,12fe593e-e883-5cac-9710-f2ba74198299,13_officer.csv,OFFICER-000966
101c379f-0efc-5601-bd0a-014f2c9ff71b,,,TN-OFFICER-000967,Tamil Nadu Officer OFFICER-000967,Constable,DINDIGUL Station,DINDIGUL,Station House Officer,,,transferred,,imported,12fe593e-e883-5cac-9710-f2ba74198299,13_officer.csv,OFFICER-000967
21e280e4-9cf8-5197-baa3-78168b347f74,,,TN-OFFICER-000968,Tamil Nadu Officer OFFICER-000968,Superintendent,SALEM Station,SALEM,Investigator,,,retired,,imported,12fe593e-e883-5cac-9710-f2ba74198299,13_officer.csv,OFFICER-000968
ac34c777-7a69-56d7-8c7e-1580a9034b55,,,TN-OFFICER-000969,Tamil Nadu Officer OFFICER-000969,Deputy Superintendent,TENKASI Station,TENKASI,Sub-Inspector,,,suspended,,imported,12fe593e-e883-5cac-9710-f2ba74198299,13_officer.csv,OFFICER-000969
9edec0a0-525a-5063-89ec-8f11800484ac,,,TN-OFFICER-000970,Tamil Nadu Officer OFFICER-000970,Superintendent,RANIPET Station,RANIPET,Investigator,,,suspended,,imported,12fe593e-e883-5cac-9710-f2ba74198299,13_officer.csv,OFFICER-000970
cd49c6a7-1ded-58d0-bdcf-2d960b30c068,,,TN-OFFICER-000971,Tamil Nadu Officer OFFICER-000971,Inspector,VIRUDHUNAGAR Station,VIRUDHUNAGAR,Investigator,,,active,,imported,12fe593e-e883-5cac-9710-f2ba74198299,13_officer.csv,OFFICER-000971
af27166e-f864-5c30-915c-6487c1516e20,,,TN-OFFICER-000972,Tamil Nadu Officer OFFICER-000972,Sub-Inspector,NAGAPATTINAM Station,NAGAPATTINAM,Sub-Inspector,,,suspended,,imported,12fe593e-e883-5cac-9710-f2ba74198299,13_officer.csv,OFFICER-000972
66344191-299e-5117-9907-0b5cf355c11a,,,TN-OFFICER-000973,Tamil Nadu Officer OFFICER-000973,Superintendent,TIRUNELVELI Station,TIRUNELVELI,Station House Officer,,,transferred,,imported,12fe593e-e883-5cac-9710-f2ba74198299,13_officer.csv,OFFICER-000973
5b4a16b5-c12b-595b-9c2c-099b01d753c1,,,TN-OFFICER-000974,Tamil Nadu Officer OFFICER-000974,Inspector,CHENNAI Station,CHENNAI,Circle Inspector,,,active,,imported,12fe593e-e883-5cac-9710-f2ba74198299,13_officer.csv,OFFICER-000974
b49c5d60-215f-5083-813e-4dc396b5810c,,,TN-OFFICER-000975,Tamil Nadu Officer OFFICER-000975,Constable,CHENGALPATTU Station,CHENGALPATTU,Investigator,,,suspended,,imported,12fe593e-e883-5cac-9710-f2ba74198299,13_officer.csv,OFFICER-000975
4b578527-2324-52fe-80d8-ebf2a3a04a26,,,TN-OFFICER-000976,Tamil Nadu Officer OFFICER-000976,Inspector,KALLAKURICHI Station,KALLAKURICHI,Station House Officer,,,retired,,imported,12fe593e-e883-5cac-9710-f2ba74198299,13_officer.csv,OFFICER-000976
12966569-7269-5cc6-b4b0-7fa411538434,,,TN-OFFICER-000977,Tamil Nadu Officer OFFICER-000977,Superintendent,THIRUVARUR Station,THIRUVARUR,Sub-Inspector,,,active,,imported,12fe593e-e883-5cac-9710-f2ba74198299,13_officer.csv,OFFICER-000977
de236744-e43f-50e0-bfa2-7c0e062ea5b0,,,TN-OFFICER-000978,Tamil Nadu Officer OFFICER-000978,Inspector,NAGAPATTINAM Station,NAGAPATTINAM,Circle Inspector,,,transferred,,imported,12fe593e-e883-5cac-9710-f2ba74198299,13_officer.csv,OFFICER-000978
0d416d9d-e058-5438-b118-9c3c48777181,,,TN-OFFICER-000979,Tamil Nadu Officer OFFICER-000979,Assistant Superintendent,KRISHNAGIRI Station,KRISHNAGIRI,Investigator,,,active,,imported,12fe593e-e883-5cac-9710-f2ba74198299,13_officer.csv,OFFICER-000979
3984d82b-cc98-56fa-8ce1-0f6ebfebff54,,,TN-OFFICER-000980,Tamil Nadu Officer OFFICER-000980,Sub-Inspector,RAMANATHAPURAM Station,RAMANATHAPURAM,Circle Inspector,,,suspended,,imported,12fe593e-e883-5cac-9710-f2ba74198299,13_officer.csv,OFFICER-000980
b29396f1-76da-5851-891c-5369071df13d,,,TN-OFFICER-000981,Tamil Nadu Officer OFFICER-000981,Deputy Superintendent,TIRUPPUR Station,TIRUPPUR,Police Officer,,,transferred,,imported,12fe593e-e883-5cac-9710-f2ba74198299,13_officer.csv,OFFICER-000981
42dd4370-ead0-5dd6-a2f4-2a2a924b682a,,,TN-OFFICER-000982,Tamil Nadu Officer OFFICER-000982,Assistant Superintendent,NAMAKKAL Station,NAMAKKAL,Investigator,,,active,,imported,12fe593e-e883-5cac-9710-f2ba74198299,13_officer.csv,OFFICER-000982
c0cb92ba-3933-5291-a100-2439ed676dc6,,,TN-OFFICER-000983,Tamil Nadu Officer OFFICER-000983,Sub-Inspector,RANIPET Station,RANIPET,Circle Inspector,,,active,,imported,12fe593e-e883-5cac-9710-f2ba74198299,13_officer.csv,OFFICER-000983
76cbc4cc-bbdd-5667-8171-30827b9117c6,,,TN-OFFICER-000984,Tamil Nadu Officer OFFICER-000984,Assistant Superintendent,CHENNAI Station,CHENNAI,Circle Inspector,,,suspended,,imported,12fe593e-e883-5cac-9710-f2ba74198299,13_officer.csv,OFFICER-000984
8ee72688-f07f-5e08-98cb-913613e8443b,,,TN-OFFICER-000985,Tamil Nadu Officer OFFICER-000985,Inspector,THENI Station,THENI,Circle Inspector,,,transferred,,imported,12fe593e-e883-5cac-9710-f2ba74198299,13_officer.csv,OFFICER-000985
d63d5b9c-861e-567b-b949-729ce181b49c,,,TN-OFFICER-000986,Tamil Nadu Officer OFFICER-000986,Deputy Superintendent,NAGAPATTINAM Station,NAGAPATTINAM,Police Officer,,,retired,,imported,12fe593e-e883-5cac-9710-f2ba74198299,13_officer.csv,OFFICER-000986
afd53093-7ce7-5c9e-bb50-f2a35984f508,,,TN-OFFICER-000987,Tamil Nadu Officer OFFICER-000987,Inspector,KARUR Station,KARUR,Investigator,,,transferred,,imported,12fe593e-e883-5cac-9710-f2ba74198299,13_officer.csv,OFFICER-000987
9cccb108-3d1a-53a8-923a-c0b32331ba48,,,TN-OFFICER-000988,Tamil Nadu Officer OFFICER-000988,Inspector,THIRUVARUR Station,THIRUVARUR,Sub-Inspector,,,transferred,,imported,12fe593e-e883-5cac-9710-f2ba74198299,13_officer.csv,OFFICER-000988
3d43eb25-b1f2-54a6-820b-b2e6c4fcf8fa,,,TN-OFFICER-000989,Tamil Nadu Officer OFFICER-000989,Assistant Superintendent,THOOTHUKUDI Station,THOOTHUKUDI,Police Officer,,,transferred,,imported,12fe593e-e883-5cac-9710-f2ba74198299,13_officer.csv,OFFICER-000989
491f5231-e9ac-538c-9661-fd0a8a434b88,,,TN-OFFICER-000990,Tamil Nadu Officer OFFICER-000990,Assistant Superintendent,THIRUVARUR Station,THIRUVARUR,Investigator,,,active,,imported,12fe593e-e883-5cac-9710-f2ba74198299,13_officer.csv,OFFICER-000990
ba86ee2b-e4e7-540b-9bae-6f224eec490e,,,TN-OFFICER-000991,Tamil Nadu Officer OFFICER-000991,Constable,TENKASI Station,TENKASI,Circle Inspector,,,retired,,imported,12fe593e-e883-5cac-9710-f2ba74198299,13_officer.csv,OFFICER-000991
c2e67747-297c-5c33-9ca3-31b1fda7e7bc,,,TN-OFFICER-000992,Tamil Nadu Officer OFFICER-000992,Superintendent,KARUR Station,KARUR,Circle Inspector,,,transferred,,imported,12fe593e-e883-5cac-9710-f2ba74198299,13_officer.csv,OFFICER-000992
0a515ff0-7287-5749-b73a-ee4f81a9a7bf,,,TN-OFFICER-000993,Tamil Nadu Officer OFFICER-000993,Superintendent,THE_NILGIRIS Station,THE_NILGIRIS,Circle Inspector,,,suspended,,imported,12fe593e-e883-5cac-9710-f2ba74198299,13_officer.csv,OFFICER-000993
19c9f2bd-d5fb-5736-8d04-b6187c794db5,,,TN-OFFICER-000994,Tamil Nadu Officer OFFICER-000994,Constable,KANYAKUMARI Station,KANYAKUMARI,Investigator,,,active,,imported,12fe593e-e883-5cac-9710-f2ba74198299,13_officer.csv,OFFICER-000994
9936cf3b-50a1-58bc-a8f5-6ccbcce93de4,,,TN-OFFICER-000995,Tamil Nadu Officer OFFICER-000995,Deputy Superintendent,COIMBATORE Station,COIMBATORE,Police Officer,,,retired,,imported,12fe593e-e883-5cac-9710-f2ba74198299,13_officer.csv,OFFICER-000995
fa235a7c-81f5-55c4-9b7a-5f517cb0c559,,,TN-OFFICER-000996,Tamil Nadu Officer OFFICER-000996,Inspector,CHENNAI Station,CHENNAI,Police Officer,,,suspended,,imported,12fe593e-e883-5cac-9710-f2ba74198299,13_officer.csv,OFFICER-000996
a534d090-2a54-518f-aadf-c528e2de13af,,,TN-OFFICER-000997,Tamil Nadu Officer OFFICER-000997,Constable,RANIPET Station,RANIPET,Police Officer,,,suspended,,imported,12fe593e-e883-5cac-9710-f2ba74198299,13_officer.csv,OFFICER-000997
fcbdcce3-4fc5-51d2-8466-2144894664b3,,,TN-OFFICER-000998,Tamil Nadu Officer OFFICER-000998,Inspector,KANYAKUMARI Station,KANYAKUMARI,Investigator,,,retired,,imported,12fe593e-e883-5cac-9710-f2ba74198299,13_officer.csv,OFFICER-000998
0fe0abeb-43cf-56c8-9753-0a71a5af1a7e,,,TN-OFFICER-000999,Tamil Nadu Officer OFFICER-000999,Superintendent,CHENNAI Station,CHENNAI,Police Officer,,,retired,,imported,12fe593e-e883-5cac-9710-f2ba74198299,13_officer.csv,OFFICER-000999
ab7206f0-16d8-5235-a6e4-05f6b35ba783,,,TN-OFFICER-001000,Tamil Nadu Officer OFFICER-001000,Assistant Superintendent,THIRUVARUR Station,THIRUVARUR,Police Officer,,,active,,imported,12fe593e-e883-5cac-9710-f2ba74198299,13_officer.csv,OFFICER-001000
f9ceb486-357f-5fc2-858b-e1f62081110c,,,TN-OFFICER-001001,Tamil Nadu Officer OFFICER-001001,Assistant Superintendent,PUDUKOTTAI Station,PUDUKOTTAI,Station House Officer,,,active,,imported,12fe593e-e883-5cac-9710-f2ba74198299,13_officer.csv,OFFICER-001001
48fe1dd0-dd85-5416-8064-40508a91fcdb,,,TN-OFFICER-001002,Tamil Nadu Officer OFFICER-001002,Assistant Superintendent,COIMBATORE Station,COIMBATORE,Investigator,,,retired,,imported,12fe593e-e883-5cac-9710-f2ba74198299,13_officer.csv,OFFICER-001002
ec870933-cc0d-528a-8a6f-50754613467b,,,TN-OFFICER-001003,Tamil Nadu Officer OFFICER-001003,Constable,NAGAPATTINAM Station,NAGAPATTINAM,Investigator,,,suspended,,imported,12fe593e-e883-5cac-9710-f2ba74198299,13_officer.csv,OFFICER-001003
794f198b-1d64-59d5-bede-9f52e3ff9a79,,,TN-OFFICER-001004,Tamil Nadu Officer OFFICER-001004,Inspector,TIRUPATHUR Station,TIRUPATHUR,Station House Officer,,,suspended,,imported,12fe593e-e883-5cac-9710-f2ba74198299,13_officer.csv,OFFICER-001004
33d56534-ac00-5fb6-ba83-292c01e2f62d,,,TN-OFFICER-001005,Tamil Nadu Officer OFFICER-001005,Inspector,VIRUDHUNAGAR Station,VIRUDHUNAGAR,Police Officer,,,retired,,imported,12fe593e-e883-5cac-9710-f2ba74198299,13_officer.csv,OFFICER-001005
b8fa6e14-2cd1-51b1-a8b4-618744dd82d0,,,TN-OFFICER-001006,Tamil Nadu Officer OFFICER-001006,Inspector,TIRUCHIRAPPALLI Station,TIRUCHIRAPPALLI,Investigator,,,active,,imported,12fe593e-e883-5cac-9710-f2ba74198299,13_officer.csv,OFFICER-001006
7a8baa0e-552d-5bdb-ac4c-bc985b3657e1,,,TN-OFFICER-001007,Tamil Nadu Officer OFFICER-001007,Superintendent,ARIYALUR Station,ARIYALUR,Police Officer,,,transferred,,imported,12fe593e-e883-5cac-9710-f2ba74198299,13_officer.csv,OFFICER-001007
05559fb2-9b58-5f18-a8d3-90dfe334dd48,,,TN-OFFICER-001008,Tamil Nadu Officer OFFICER-001008,Superintendent,KANYAKUMARI Station,KANYAKUMARI,Circle Inspector,,,transferred,,imported,12fe593e-e883-5cac-9710-f2ba74198299,13_officer.csv,OFFICER-001008
980a5143-12d8-5ab9-8a6f-e170520178a4,,,TN-OFFICER-001009,Tamil Nadu Officer OFFICER-001009,Deputy Superintendent,ARIYALUR Station,ARIYALUR,Investigator,,,transferred,,imported,12fe593e-e883-5cac-9710-f2ba74198299,13_officer.csv,OFFICER-001009
c20b6a3e-0716-51e6-b096-a79737474e5b,,,TN-OFFICER-001010,Tamil Nadu Officer OFFICER-001010,Deputy Superintendent,TIRUPPUR Station,TIRUPPUR,Circle Inspector,,,active,,imported,12fe593e-e883-5cac-9710-f2ba74198299,13_officer.csv,OFFICER-001010
caca4245-e619-5dc6-a1bf-3b9060406c2a,,,TN-OFFICER-001011,Tamil Nadu Officer OFFICER-001011,Deputy Superintendent,CHENNAI Station,CHENNAI,Investigator,,,suspended,,imported,12fe593e-e883-5cac-9710-f2ba74198299,13_officer.csv,OFFICER-001011
d04efb2f-3890-5d1a-a72e-d9cfa1376b1d,,,TN-OFFICER-001012,Tamil Nadu Officer OFFICER-001012,Inspector,KALLAKURICHI Station,KALLAKURICHI,Sub-Inspector,,,suspended,,imported,12fe593e-e883-5cac-9710-f2ba74198299,13_officer.csv,OFFICER-001012
f5e3cce5-350e-5ff7-a828-26608c5fa494,,,TN-OFFICER-001013,Tamil Nadu Officer OFFICER-001013,Inspector,MADURAI Station,MADURAI,Sub-Inspector,,,active,,imported,12fe593e-e883-5cac-9710-f2ba74198299,13_officer.csv,OFFICER-001013
50c7644a-b78c-5396-b76a-9805ec29a3e9,,,TN-OFFICER-001014,Tamil Nadu Officer OFFICER-001014,Constable,ARIYALUR Station,ARIYALUR,Investigator,,,suspended,,imported,12fe593e-e883-5cac-9710-f2ba74198299,13_officer.csv,OFFICER-001014
54c4ee9e-f821-512c-9e15-9b599eeb9ccf,,,TN-OFFICER-001015,Tamil Nadu Officer OFFICER-001015,Assistant Superintendent,SIVAGANGA Station,SIVAGANGA,Station House Officer,,,active,,imported,12fe593e-e883-5cac-9710-f2ba74198299,13_officer.csv,OFFICER-001015
5b1bbe4f-c207-5d92-b696-c8b67121519f,,,TN-OFFICER-001016,Tamil Nadu Officer OFFICER-001016,Constable,MAYILADUTHURAI Station,MAYILADUTHURAI,Investigator,,,retired,,imported,12fe593e-e883-5cac-9710-f2ba74198299,13_officer.csv,OFFICER-001016
ee880f75-f624-5738-b1cd-41b4127eea29,,,TN-OFFICER-001017,Tamil Nadu Officer OFFICER-001017,Constable,TENKASI Station,TENKASI,Investigator,,,transferred,,imported,12fe593e-e883-5cac-9710-f2ba74198299,13_officer.csv,OFFICER-001017
c83932b6-f9cb-5ca2-a324-325c66fecc13,,,TN-OFFICER-001018,Tamil Nadu Officer OFFICER-001018,Sub-Inspector,THOOTHUKUDI Station,THOOTHUKUDI,Investigator,,,retired,,imported,12fe593e-e883-5cac-9710-f2ba74198299,13_officer.csv,OFFICER-001018
e94c56fe-08aa-5fa2-88e6-12656af8279c,,,TN-OFFICER-001019,Tamil Nadu Officer OFFICER-001019,Superintendent,CHENNAI Station,CHENNAI,Police Officer,,,transferred,,imported,12fe593e-e883-5cac-9710-f2ba74198299,13_officer.csv,OFFICER-001019
6b87be50-6277-5198-b8ff-4a2cace887bb,,,TN-OFFICER-001020,Tamil Nadu Officer OFFICER-001020,Sub-Inspector,VIRUDHUNAGAR Station,VIRUDHUNAGAR,Sub-Inspector,,,suspended,,imported,12fe593e-e883-5cac-9710-f2ba74198299,13_officer.csv,OFFICER-001020
a8a3522b-35bb-5f71-9b4d-9f6c05ab19b7,,,TN-OFFICER-001021,Tamil Nadu Officer OFFICER-001021,Inspector,KANYAKUMARI Station,KANYAKUMARI,Police Officer,,,suspended,,imported,12fe593e-e883-5cac-9710-f2ba74198299,13_officer.csv,OFFICER-001021
6969611f-1b9a-5e57-bb17-0d1fc5ca3fac,,,TN-OFFICER-001022,Tamil Nadu Officer OFFICER-001022,Assistant Superintendent,KANCHEEPURAM Station,KANCHEEPURAM,Station House Officer,,,active,,imported,12fe593e-e883-5cac-9710-f2ba74198299,13_officer.csv,OFFICER-001022
698227c8-145b-55f9-9e54-0971fad5a629,,,TN-OFFICER-001023,Tamil Nadu Officer OFFICER-001023,Superintendent,THIRUVALLUR Station,THIRUVALLUR,Investigator,,,retired,,imported,12fe593e-e883-5cac-9710-f2ba74198299,13_officer.csv,OFFICER-001023
54fc0dca-4368-58e9-9434-ecf9bddf117c,,,TN-OFFICER-001024,Tamil Nadu Officer OFFICER-001024,Inspector,TIRUVANNAMALAI Station,TIRUVANNAMALAI,Sub-Inspector,,,retired,,imported,12fe593e-e883-5cac-9710-f2ba74198299,13_officer.csv,OFFICER-001024
602f7936-05d1-5cfa-a151-bad9b4d95e60,,,TN-OFFICER-001025,Tamil Nadu Officer OFFICER-001025,Deputy Superintendent,DINDIGUL Station,DINDIGUL,Circle Inspector,,,retired,,imported,12fe593e-e883-5cac-9710-f2ba74198299,13_officer.csv,OFFICER-001025
86f92278-6a71-542c-90df-55a04069960b,,,TN-OFFICER-001026,Tamil Nadu Officer OFFICER-001026,Inspector,VIRUDHUNAGAR Station,VIRUDHUNAGAR,Police Officer,,,suspended,,imported,12fe593e-e883-5cac-9710-f2ba74198299,13_officer.csv,OFFICER-001026
3804de24-c156-58f0-ab92-611436b28df9,,,TN-OFFICER-001027,Tamil Nadu Officer OFFICER-001027,Constable,CHENGALPATTU Station,CHENGALPATTU,Investigator,,,active,,imported,12fe593e-e883-5cac-9710-f2ba74198299,13_officer.csv,OFFICER-001027
5964b18c-64e5-57d8-9616-1b7e7d96038d,,,TN-OFFICER-001028,Tamil Nadu Officer OFFICER-001028,Superintendent,THENI Station,THENI,Station House Officer,,,retired,,imported,12fe593e-e883-5cac-9710-f2ba74198299,13_officer.csv,OFFICER-001028
a8952cd7-b68d-5b59-80db-b1e6dd25dffd,,,TN-OFFICER-001029,Tamil Nadu Officer OFFICER-001029,Assistant Superintendent,KARUR Station,KARUR,Investigator,,,active,,imported,12fe593e-e883-5cac-9710-f2ba74198299,13_officer.csv,OFFICER-001029
40906827-a44a-5873-98cc-89e15bf332f1,,,TN-OFFICER-001030,Tamil Nadu Officer OFFICER-001030,Superintendent,RANIPET Station,RANIPET,Police Officer,,,suspended,,imported,12fe593e-e883-5cac-9710-f2ba74198299,13_officer.csv,OFFICER-001030
fc245981-a4f3-5350-a9c6-c6f7cd9a469e,,,TN-OFFICER-001031,Tamil Nadu Officer OFFICER-001031,Superintendent,RANIPET Station,RANIPET,Circle Inspector,,,retired,,imported,12fe593e-e883-5cac-9710-f2ba74198299,13_officer.csv,OFFICER-001031
9ca53638-aeb4-5353-abf6-993ef556b9ae,,,TN-OFFICER-001032,Tamil Nadu Officer OFFICER-001032,Constable,RAMESWARAM Station,RAMESWARAM,Circle Inspector,,,active,,imported,12fe593e-e883-5cac-9710-f2ba74198299,13_officer.csv,OFFICER-001032
ce57a989-668b-53a0-b003-e0e92ce62130,,,TN-OFFICER-001033,Tamil Nadu Officer OFFICER-001033,Assistant Superintendent,KARUR Station,KARUR,Station House Officer,,,transferred,,imported,12fe593e-e883-5cac-9710-f2ba74198299,13_officer.csv,OFFICER-001033
17bacd23-7f2a-578d-bdf1-a2ee77a81a6c,,,TN-OFFICER-001034,Tamil Nadu Officer OFFICER-001034,Sub-Inspector,THIRUVALLUR Station,THIRUVALLUR,Police Officer,,,transferred,,imported,12fe593e-e883-5cac-9710-f2ba74198299,13_officer.csv,OFFICER-001034
af46aff5-a1b8-55f3-b788-c76e2bf87801,,,TN-OFFICER-001035,Tamil Nadu Officer OFFICER-001035,Sub-Inspector,THIRUVALLUR Station,THIRUVALLUR,Circle Inspector,,,transferred,,imported,12fe593e-e883-5cac-9710-f2ba74198299,13_officer.csv,OFFICER-001035
57f161bb-d49c-5f31-a576-4059838d53c6,,,TN-OFFICER-001036,Tamil Nadu Officer OFFICER-001036,Assistant Superintendent,RAMESWARAM Station,RAMESWARAM,Sub-Inspector,,,suspended,,imported,12fe593e-e883-5cac-9710-f2ba74198299,13_officer.csv,OFFICER-001036
d24fc923-1cca-5efe-a798-407f6eca13ae,,,TN-OFFICER-001037,Tamil Nadu Officer OFFICER-001037,Assistant Superintendent,RAMESWARAM Station,RAMESWARAM,Circle Inspector,,,active,,imported,12fe593e-e883-5cac-9710-f2ba74198299,13_officer.csv,OFFICER-001037
e01dbc72-47b7-5726-acdc-ef73bec8ce3b,,,TN-OFFICER-001038,Tamil Nadu Officer OFFICER-001038,Superintendent,KRISHNAGIRI Station,KRISHNAGIRI,Police Officer,,,transferred,,imported,12fe593e-e883-5cac-9710-f2ba74198299,13_officer.csv,OFFICER-001038
82ffc4a6-601a-546d-9e25-11f96401f96a,,,TN-OFFICER-001039,Tamil Nadu Officer OFFICER-001039,Deputy Superintendent,VIRUDHUNAGAR Station,VIRUDHUNAGAR,Police Officer,,,suspended,,imported,12fe593e-e883-5cac-9710-f2ba74198299,13_officer.csv,OFFICER-001039
4f10f7c6-2907-541f-9706-cf6a5e662cd7,,,TN-OFFICER-001040,Tamil Nadu Officer OFFICER-001040,Deputy Superintendent,TENKASI Station,TENKASI,Police Officer,,,transferred,,imported,12fe593e-e883-5cac-9710-f2ba74198299,13_officer.csv,OFFICER-001040
f441a3e5-2d30-5e92-96bc-09be0597172d,,,TN-OFFICER-001041,Tamil Nadu Officer OFFICER-001041,Sub-Inspector,NAGAPATTINAM Station,NAGAPATTINAM,Investigator,,,active,,imported,12fe593e-e883-5cac-9710-f2ba74198299,13_officer.csv,OFFICER-001041
e7721fda-dbcf-579b-9562-73ac9025ea13,,,TN-OFFICER-001042,Tamil Nadu Officer OFFICER-001042,Deputy Superintendent,KUMBAKONAM Station,KUMBAKONAM,Investigator,,,transferred,,imported,12fe593e-e883-5cac-9710-f2ba74198299,13_officer.csv,OFFICER-001042
ce129cc9-a2f8-5194-9add-8cdc8557b7af,,,TN-OFFICER-001043,Tamil Nadu Officer OFFICER-001043,Deputy Superintendent,THIRUVARUR Station,THIRUVARUR,Circle Inspector,,,active,,imported,12fe593e-e883-5cac-9710-f2ba74198299,13_officer.csv,OFFICER-001043
507612c4-b5c5-57d9-bfc5-aa9bd474eaff,,,TN-OFFICER-001044,Tamil Nadu Officer OFFICER-001044,Superintendent,NAGAPATTINAM Station,NAGAPATTINAM,Sub-Inspector,,,retired,,imported,12fe593e-e883-5cac-9710-f2ba74198299,13_officer.csv,OFFICER-001044
d30a3888-aff4-5104-96f7-b5fa78e5a9ab,,,TN-OFFICER-001045,Tamil Nadu Officer OFFICER-001045,Constable,KARUR Station,KARUR,Sub-Inspector,,,active,,imported,12fe593e-e883-5cac-9710-f2ba74198299,13_officer.csv,OFFICER-001045
79197bed-6a1b-5e38-94e8-90231a237d4e,,,TN-OFFICER-001046,Tamil Nadu Officer OFFICER-001046,Sub-Inspector,CUDDALORE Station,CUDDALORE,Station House Officer,,,retired,,imported,12fe593e-e883-5cac-9710-f2ba74198299,13_officer.csv,OFFICER-001046
9ba86ea2-e1a9-52cb-91a8-1aa586890c66,,,TN-OFFICER-001047,Tamil Nadu Officer OFFICER-001047,Constable,PERAMBALUR Station,PERAMBALUR,Station House Officer,,,transferred,,imported,12fe593e-e883-5cac-9710-f2ba74198299,13_officer.csv,OFFICER-001047
43047479-95ba-5967-8d6c-3c90ec41f651,,,TN-OFFICER-001048,Tamil Nadu Officer OFFICER-001048,Deputy Superintendent,THIRUVALLUR Station,THIRUVALLUR,Sub-Inspector,,,retired,,imported,12fe593e-e883-5cac-9710-f2ba74198299,13_officer.csv,OFFICER-001048
30c0f063-50fc-5c57-8a46-4598d85cb503,,,TN-OFFICER-001049,Tamil Nadu Officer OFFICER-001049,Assistant Superintendent,TENKASI Station,TENKASI,Sub-Inspector,,,active,,imported,12fe593e-e883-5cac-9710-f2ba74198299,13_officer.csv,OFFICER-001049
765ec8f0-c3c9-50f3-a124-21e364469978,,,TN-OFFICER-001050,Tamil Nadu Officer OFFICER-001050,Assistant Superintendent,THE_NILGIRIS Station,THE_NILGIRIS,Police Officer,,,retired,,imported,12fe593e-e883-5cac-9710-f2ba74198299,13_officer.csv,OFFICER-001050
bf39f9ec-b3e7-5964-a8e0-8b5cfec9a0ee,,,TN-OFFICER-001051,Tamil Nadu Officer OFFICER-001051,Assistant Superintendent,KALLAKURICHI Station,KALLAKURICHI,Police Officer,,,transferred,,imported,12fe593e-e883-5cac-9710-f2ba74198299,13_officer.csv,OFFICER-001051
b1d179a2-f227-5447-9b35-61bd2f4d0d82,,,TN-OFFICER-001052,Tamil Nadu Officer OFFICER-001052,Sub-Inspector,ARIYALUR Station,ARIYALUR,Investigator,,,active,,imported,12fe593e-e883-5cac-9710-f2ba74198299,13_officer.csv,OFFICER-001052
d681585f-f495-5e7c-9bf1-26ca7dac437d,,,TN-OFFICER-001053,Tamil Nadu Officer OFFICER-001053,Assistant Superintendent,NAGAPATTINAM Station,NAGAPATTINAM,Circle Inspector,,,retired,,imported,12fe593e-e883-5cac-9710-f2ba74198299,13_officer.csv,OFFICER-001053
144e7a1a-3f59-591a-a8e9-57ebf0d27882,,,TN-OFFICER-001054,Tamil Nadu Officer OFFICER-001054,Inspector,KANYAKUMARI Station,KANYAKUMARI,Station House Officer,,,retired,,imported,12fe593e-e883-5cac-9710-f2ba74198299,13_officer.csv,OFFICER-001054
e9749768-a49d-554e-8019-138df56034be,,,TN-OFFICER-001055,Tamil Nadu Officer OFFICER-001055,Sub-Inspector,MADURAI Station,MADURAI,Investigator,,,retired,,imported,12fe593e-e883-5cac-9710-f2ba74198299,13_officer.csv,OFFICER-001055
9ac5c469-98d0-5025-8146-e296399dd9d7,,,TN-OFFICER-001056,Tamil Nadu Officer OFFICER-001056,Inspector,PUDUKOTTAI Station,PUDUKOTTAI,Circle Inspector,,,suspended,,imported,12fe593e-e883-5cac-9710-f2ba74198299,13_officer.csv,OFFICER-001056
b1aaed9a-5104-5092-a5ad-c76a5cf334d9,,,TN-OFFICER-001057,Tamil Nadu Officer OFFICER-001057,Deputy Superintendent,KUMBAKONAM Station,KUMBAKONAM,Station House Officer,,,active,,imported,12fe593e-e883-5cac-9710-f2ba74198299,13_officer.csv,OFFICER-001057
4c8f8d7e-d1bc-5865-a19e-5eb2794ce491,,,TN-OFFICER-001058,Tamil Nadu Officer OFFICER-001058,Constable,CHENNAI Station,CHENNAI,Station House Officer,,,retired,,imported,12fe593e-e883-5cac-9710-f2ba74198299,13_officer.csv,OFFICER-001058
157fe442-d4d2-51af-8451-6b8902e87f5d,,,TN-OFFICER-001059,Tamil Nadu Officer OFFICER-001059,Constable,ERODE Station,ERODE,Circle Inspector,,,transferred,,imported,12fe593e-e883-5cac-9710-f2ba74198299,13_officer.csv,OFFICER-001059
3431a038-e90c-5977-8915-55a6c7eedc04,,,TN-OFFICER-001060,Tamil Nadu Officer OFFICER-001060,Constable,VIRUDHUNAGAR Station,VIRUDHUNAGAR,Circle Inspector,,,suspended,,imported,12fe593e-e883-5cac-9710-f2ba74198299,13_officer.csv,OFFICER-001060
4dd8ee6b-9ad2-544e-86c1-158302fc5249,,,TN-OFFICER-001061,Tamil Nadu Officer OFFICER-001061,Superintendent,RAMANATHAPURAM Station,RAMANATHAPURAM,Investigator,,,transferred,,imported,12fe593e-e883-5cac-9710-f2ba74198299,13_officer.csv,OFFICER-001061
9ad8660a-3fe1-5776-a55c-20d6bfc32347,,,TN-OFFICER-001062,Tamil Nadu Officer OFFICER-001062,Inspector,KANCHEEPURAM Station,KANCHEEPURAM,Investigator,,,active,,imported,12fe593e-e883-5cac-9710-f2ba74198299,13_officer.csv,OFFICER-001062
26cb13dd-1291-5cd2-b288-ae89db45fd72,,,TN-OFFICER-001063,Tamil Nadu Officer OFFICER-001063,Assistant Superintendent,THE_NILGIRIS Station,THE_NILGIRIS,Circle Inspector,,,transferred,,imported,12fe593e-e883-5cac-9710-f2ba74198299,13_officer.csv,OFFICER-001063
e929a21b-9a96-53a3-a9e4-ef4d98a33c21,,,TN-OFFICER-001064,Tamil Nadu Officer OFFICER-001064,Assistant Superintendent,ARIYALUR Station,ARIYALUR,Station House Officer,,,active,,imported,12fe593e-e883-5cac-9710-f2ba74198299,13_officer.csv,OFFICER-001064
f71491af-9831-5d57-9b10-3a5e83b08787,,,TN-OFFICER-001065,Tamil Nadu Officer OFFICER-001065,Inspector,THIRUVALLUR Station,THIRUVALLUR,Police Officer,,,transferred,,imported,12fe593e-e883-5cac-9710-f2ba74198299,13_officer.csv,OFFICER-001065
c3e3396e-a2e9-524e-a50d-d1ba2cf97b14,,,TN-OFFICER-001066,Tamil Nadu Officer OFFICER-001066,Deputy Superintendent,RAMESWARAM Station,RAMESWARAM,Station House Officer,,,transferred,,imported,12fe593e-e883-5cac-9710-f2ba74198299,13_officer.csv,OFFICER-001066
c7c89835-3c5c-57a0-a98b-f771eb49b9df,,,TN-OFFICER-001067,Tamil Nadu Officer OFFICER-001067,Inspector,KANYAKUMARI Station,KANYAKUMARI,Investigator,,,transferred,,imported,12fe593e-e883-5cac-9710-f2ba74198299,13_officer.csv,OFFICER-001067
4aec3b59-3c6e-54d7-9c30-2ecdd0763cd9,,,TN-OFFICER-001068,Tamil Nadu Officer OFFICER-001068,Sub-Inspector,NAGAPATTINAM Station,NAGAPATTINAM,Station House Officer,,,retired,,imported,12fe593e-e883-5cac-9710-f2ba74198299,13_officer.csv,OFFICER-001068
632fa0d1-1284-5bc8-8789-1113b1faf636,,,TN-OFFICER-001069,Tamil Nadu Officer OFFICER-001069,Sub-Inspector,KANCHEEPURAM Station,KANCHEEPURAM,Sub-Inspector,,,active,,imported,12fe593e-e883-5cac-9710-f2ba74198299,13_officer.csv,OFFICER-001069
0f297a6f-8a3d-5d08-8d70-47052be75bb5,,,TN-OFFICER-001070,Tamil Nadu Officer OFFICER-001070,Sub-Inspector,ARIYALUR Station,ARIYALUR,Police Officer,,,transferred,,imported,12fe593e-e883-5cac-9710-f2ba74198299,13_officer.csv,OFFICER-001070
9df196c6-e155-5186-92c2-68a00bd87392,,,TN-OFFICER-001071,Tamil Nadu Officer OFFICER-001071,Sub-Inspector,NAGAPATTINAM Station,NAGAPATTINAM,Police Officer,,,suspended,,imported,12fe593e-e883-5cac-9710-f2ba74198299,13_officer.csv,OFFICER-001071
f0c4cfc2-d6a1-5c1d-925a-0b08a3387675,,,TN-OFFICER-001072,Tamil Nadu Officer OFFICER-001072,Deputy Superintendent,KALLAKURICHI Station,KALLAKURICHI,Police Officer,,,suspended,,imported,12fe593e-e883-5cac-9710-f2ba74198299,13_officer.csv,OFFICER-001072
f54515e5-6048-594d-bfd8-4e940960d6b1,,,TN-OFFICER-001073,Tamil Nadu Officer OFFICER-001073,Sub-Inspector,KANYAKUMARI Station,KANYAKUMARI,Station House Officer,,,transferred,,imported,12fe593e-e883-5cac-9710-f2ba74198299,13_officer.csv,OFFICER-001073
cfa1b418-f9f8-5214-a559-f71a9b2dd1cd,,,TN-OFFICER-001074,Tamil Nadu Officer OFFICER-001074,Deputy Superintendent,TIRUPPUR Station,TIRUPPUR,Station House Officer,,,retired,,imported,12fe593e-e883-5cac-9710-f2ba74198299,13_officer.csv,OFFICER-001074
e0c0164c-dee6-5ca7-88df-9d412bc6d7e5,,,TN-OFFICER-001075,Tamil Nadu Officer OFFICER-001075,Assistant Superintendent,NAGAPATTINAM Station,NAGAPATTINAM,Investigator,,,active,,imported,12fe593e-e883-5cac-9710-f2ba74198299,13_officer.csv,OFFICER-001075
804031b7-e9e9-5085-8589-7ad4c17ebbfc,,,TN-OFFICER-001076,Tamil Nadu Officer OFFICER-001076,Deputy Superintendent,MAYILADUTHURAI Station,MAYILADUTHURAI,Sub-Inspector,,,retired,,imported,12fe593e-e883-5cac-9710-f2ba74198299,13_officer.csv,OFFICER-001076
f3079e73-bca9-5a13-bb0c-4f2ea0318624,,,TN-OFFICER-001077,Tamil Nadu Officer OFFICER-001077,Constable,NAMAKKAL Station,NAMAKKAL,Sub-Inspector,,,transferred,,imported,12fe593e-e883-5cac-9710-f2ba74198299,13_officer.csv,OFFICER-001077
01aa270a-ded0-561f-8c9a-b8a4d427b120,,,TN-OFFICER-001078,Tamil Nadu Officer OFFICER-001078,Inspector,CHENNAI Station,CHENNAI,Investigator,,,active,,imported,12fe593e-e883-5cac-9710-f2ba74198299,13_officer.csv,OFFICER-001078
c3fbfe9c-d95c-56a6-94b9-fe990e5e5110,,,TN-OFFICER-001079,Tamil Nadu Officer OFFICER-001079,Deputy Superintendent,KARUR Station,KARUR,Station House Officer,,,transferred,,imported,12fe593e-e883-5cac-9710-f2ba74198299,13_officer.csv,OFFICER-001079
eac258e8-47d3-5d19-912a-57b870a2c0ea,,,TN-OFFICER-001080,Tamil Nadu Officer OFFICER-001080,Deputy Superintendent,RANIPET Station,RANIPET,Station House Officer,,,suspended,,imported,12fe593e-e883-5cac-9710-f2ba74198299,13_officer.csv,OFFICER-001080
d9f7bfc6-30d7-5187-a0c5-f31a632d8275,,,TN-OFFICER-001081,Tamil Nadu Officer OFFICER-001081,Superintendent,ARIYALUR Station,ARIYALUR,Circle Inspector,,,transferred,,imported,12fe593e-e883-5cac-9710-f2ba74198299,13_officer.csv,OFFICER-001081
9a3e78be-0d9b-5acd-a1f0-f8ccacb510cf,,,TN-OFFICER-001082,Tamil Nadu Officer OFFICER-001082,Superintendent,DINDIGUL Station,DINDIGUL,Circle Inspector,,,transferred,,imported,12fe593e-e883-5cac-9710-f2ba74198299,13_officer.csv,OFFICER-001082
fcab2284-408a-5c36-af8b-4ff28eccab67,,,TN-OFFICER-001083,Tamil Nadu Officer OFFICER-001083,Superintendent,KRISHNAGIRI Station,KRISHNAGIRI,Circle Inspector,,,suspended,,imported,12fe593e-e883-5cac-9710-f2ba74198299,13_officer.csv,OFFICER-001083
6e8d4aa9-d07f-5ebd-93bb-4be47f3ff346,,,TN-OFFICER-001084,Tamil Nadu Officer OFFICER-001084,Deputy Superintendent,CHENGALPATTU Station,CHENGALPATTU,Police Officer,,,suspended,,imported,12fe593e-e883-5cac-9710-f2ba74198299,13_officer.csv,OFFICER-001084
05daee6d-e83b-5272-90fd-05dcbc2686e6,,,TN-OFFICER-001085,Tamil Nadu Officer OFFICER-001085,Sub-Inspector,DHARMAPURI Station,DHARMAPURI,Station House Officer,,,suspended,,imported,12fe593e-e883-5cac-9710-f2ba74198299,13_officer.csv,OFFICER-001085
76a47ba2-5694-53c2-b3ab-baf3a721022d,,,TN-OFFICER-001086,Tamil Nadu Officer OFFICER-001086,Constable,RANIPET Station,RANIPET,Station House Officer,,,suspended,,imported,12fe593e-e883-5cac-9710-f2ba74198299,13_officer.csv,OFFICER-001086
2014c0d9-f438-5648-99f6-bd4368d5c76a,,,TN-OFFICER-001087,Tamil Nadu Officer OFFICER-001087,Superintendent,MAYILADUTHURAI Station,MAYILADUTHURAI,Sub-Inspector,,,active,,imported,12fe593e-e883-5cac-9710-f2ba74198299,13_officer.csv,OFFICER-001087
90e4b503-5f27-5c3e-8ce9-75be0cb188b6,,,TN-OFFICER-001088,Tamil Nadu Officer OFFICER-001088,Deputy Superintendent,NAGAPATTINAM Station,NAGAPATTINAM,Station House Officer,,,suspended,,imported,12fe593e-e883-5cac-9710-f2ba74198299,13_officer.csv,OFFICER-001088
246c45b2-7575-5fa6-9028-bb70c3b0e1d8,,,TN-OFFICER-001089,Tamil Nadu Officer OFFICER-001089,Assistant Superintendent,PUDUKOTTAI Station,PUDUKOTTAI,Sub-Inspector,,,retired,,imported,12fe593e-e883-5cac-9710-f2ba74198299,13_officer.csv,OFFICER-001089
a7fff579-8a2b-5fa5-a161-f0a09974d238,,,TN-OFFICER-001090,Tamil Nadu Officer OFFICER-001090,Sub-Inspector,PERAMBALUR Station,PERAMBALUR,Investigator,,,retired,,imported,12fe593e-e883-5cac-9710-f2ba74198299,13_officer.csv,OFFICER-001090
a82b520c-5856-5479-9f57-3037e170e5bd,,,TN-OFFICER-001091,Tamil Nadu Officer OFFICER-001091,Sub-Inspector,THOOTHUKUDI Station,THOOTHUKUDI,Investigator,,,transferred,,imported,12fe593e-e883-5cac-9710-f2ba74198299,13_officer.csv,OFFICER-001091
47d11671-1785-5eb4-82a2-ad3c037c3cca,,,TN-OFFICER-001092,Tamil Nadu Officer OFFICER-001092,Deputy Superintendent,RAMANATHAPURAM Station,RAMANATHAPURAM,Police Officer,,,retired,,imported,12fe593e-e883-5cac-9710-f2ba74198299,13_officer.csv,OFFICER-001092
c81aebd4-14ec-55ce-a7cc-aa2d6aa37f88,,,TN-OFFICER-001093,Tamil Nadu Officer OFFICER-001093,Assistant Superintendent,CHENGALPATTU Station,CHENGALPATTU,Police Officer,,,active,,imported,12fe593e-e883-5cac-9710-f2ba74198299,13_officer.csv,OFFICER-001093
ac2d94fa-446d-58b5-8634-e011100ac06d,,,TN-OFFICER-001094,Tamil Nadu Officer OFFICER-001094,Inspector,TIRUCHIRAPPALLI Station,TIRUCHIRAPPALLI,Police Officer,,,transferred,,imported,12fe593e-e883-5cac-9710-f2ba74198299,13_officer.csv,OFFICER-001094
6a0adf46-f647-5368-8bc9-538644e515b0,,,TN-OFFICER-001095,Tamil Nadu Officer OFFICER-001095,Sub-Inspector,KARUR Station,KARUR,Circle Inspector,,,active,,imported,12fe593e-e883-5cac-9710-f2ba74198299,13_officer.csv,OFFICER-001095
07bf9c4a-a22d-53d3-b40f-ced6e253d05f,,,TN-OFFICER-001096,Tamil Nadu Officer OFFICER-001096,Deputy Superintendent,TIRUCHIRAPPALLI Station,TIRUCHIRAPPALLI,Investigator,,,suspended,,imported,12fe593e-e883-5cac-9710-f2ba74198299,13_officer.csv,OFFICER-001096
3b12733f-3d47-5ebc-8bee-8a1f4c3240df,,,TN-OFFICER-001097,Tamil Nadu Officer OFFICER-001097,Inspector,KALLAKURICHI Station,KALLAKURICHI,Police Officer,,,suspended,,imported,12fe593e-e883-5cac-9710-f2ba74198299,13_officer.csv,OFFICER-001097
e05e9935-d3d8-5ad1-9c1c-5620158ac21e,,,TN-OFFICER-001098,Tamil Nadu Officer OFFICER-001098,Constable,PUDUKOTTAI Station,PUDUKOTTAI,Police Officer,,,active,,imported,12fe593e-e883-5cac-9710-f2ba74198299,13_officer.csv,OFFICER-001098
731b433f-b84c-5346-b068-93e040ef9e90,,,TN-OFFICER-001099,Tamil Nadu Officer OFFICER-001099,Sub-Inspector,TIRUPATHUR Station,TIRUPATHUR,Station House Officer,,,suspended,,imported,12fe593e-e883-5cac-9710-f2ba74198299,13_officer.csv,OFFICER-001099
a0871db3-78f9-501e-b7e5-14a6d9d49246,,,TN-OFFICER-001100,Tamil Nadu Officer OFFICER-001100,Constable,KANYAKUMARI Station,KANYAKUMARI,Sub-Inspector,,,retired,,imported,12fe593e-e883-5cac-9710-f2ba74198299,13_officer.csv,OFFICER-001100
531a942a-8b43-5fd6-8a8b-3b8ce53d6a16,,,TN-OFFICER-001101,Tamil Nadu Officer OFFICER-001101,Superintendent,TENKASI Station,TENKASI,Circle Inspector,,,active,,imported,12fe593e-e883-5cac-9710-f2ba74198299,13_officer.csv,OFFICER-001101
4015d968-176a-552c-b092-1bf02d0102f5,,,TN-OFFICER-001102,Tamil Nadu Officer OFFICER-001102,Sub-Inspector,PUDUKOTTAI Station,PUDUKOTTAI,Investigator,,,suspended,,imported,12fe593e-e883-5cac-9710-f2ba74198299,13_officer.csv,OFFICER-001102
aee4abd7-37da-5c40-a116-cfc2c72f81ea,,,TN-OFFICER-001103,Tamil Nadu Officer OFFICER-001103,Sub-Inspector,KUMBAKONAM Station,KUMBAKONAM,Police Officer,,,active,,imported,12fe593e-e883-5cac-9710-f2ba74198299,13_officer.csv,OFFICER-001103
c304039f-e070-54ab-a6a3-4c296577426a,,,TN-OFFICER-001104,Tamil Nadu Officer OFFICER-001104,Constable,SALEM Station,SALEM,Circle Inspector,,,active,,imported,12fe593e-e883-5cac-9710-f2ba74198299,13_officer.csv,OFFICER-001104
5ca17254-fe01-5581-9e08-915a5fd7f7d8,,,TN-OFFICER-001105,Tamil Nadu Officer OFFICER-001105,Deputy Superintendent,CHENGALPATTU Station,CHENGALPATTU,Sub-Inspector,,,active,,imported,12fe593e-e883-5cac-9710-f2ba74198299,13_officer.csv,OFFICER-001105
0550df4d-0895-5cc8-8c4d-e33d609ee794,,,TN-OFFICER-001106,Tamil Nadu Officer OFFICER-001106,Superintendent,CHENGALPATTU Station,CHENGALPATTU,Investigator,,,transferred,,imported,12fe593e-e883-5cac-9710-f2ba74198299,13_officer.csv,OFFICER-001106
4ae1b188-01d0-51f0-8dae-05deaed5650b,,,TN-OFFICER-001107,Tamil Nadu Officer OFFICER-001107,Superintendent,ERODE Station,ERODE,Sub-Inspector,,,suspended,,imported,12fe593e-e883-5cac-9710-f2ba74198299,13_officer.csv,OFFICER-001107
97a6839f-4eaf-5068-beef-c86a20bc80d6,,,TN-OFFICER-001108,Tamil Nadu Officer OFFICER-001108,Superintendent,KRISHNAGIRI Station,KRISHNAGIRI,Police Officer,,,retired,,imported,12fe593e-e883-5cac-9710-f2ba74198299,13_officer.csv,OFFICER-001108
bcd2f15a-0b55-5e5a-bd53-12af8bdfda2a,,,TN-OFFICER-001109,Tamil Nadu Officer OFFICER-001109,Assistant Superintendent,TENKASI Station,TENKASI,Station House Officer,,,transferred,,imported,12fe593e-e883-5cac-9710-f2ba74198299,13_officer.csv,OFFICER-001109
0ecdffd9-d84e-5fbd-8d6b-1a8e0ac801f9,,,TN-OFFICER-001110,Tamil Nadu Officer OFFICER-001110,Sub-Inspector,KANYAKUMARI Station,KANYAKUMARI,Sub-Inspector,,,retired,,imported,12fe593e-e883-5cac-9710-f2ba74198299,13_officer.csv,OFFICER-001110
98d4fc60-cbba-5937-8096-d3d745be0970,,,TN-OFFICER-001111,Tamil Nadu Officer OFFICER-001111,Assistant Superintendent,TIRUCHIRAPPALLI Station,TIRUCHIRAPPALLI,Station House Officer,,,suspended,,imported,12fe593e-e883-5cac-9710-f2ba74198299,13_officer.csv,OFFICER-001111
78dcc8aa-5271-50f2-9e0e-85af50d5e715,,,TN-OFFICER-001112,Tamil Nadu Officer OFFICER-001112,Deputy Superintendent,SALEM Station,SALEM,Police Officer,,,active,,imported,12fe593e-e883-5cac-9710-f2ba74198299,13_officer.csv,OFFICER-001112
100f155c-03b0-50e1-9e10-834b2f4fe2af,,,TN-OFFICER-001113,Tamil Nadu Officer OFFICER-001113,Superintendent,MADURAI Station,MADURAI,Police Officer,,,active,,imported,12fe593e-e883-5cac-9710-f2ba74198299,13_officer.csv,OFFICER-001113
634a17d2-4010-5c0f-b38c-63d964424af4,,,TN-OFFICER-001114,Tamil Nadu Officer OFFICER-001114,Deputy Superintendent,CUDDALORE Station,CUDDALORE,Police Officer,,,retired,,imported,12fe593e-e883-5cac-9710-f2ba74198299,13_officer.csv,OFFICER-001114
10121309-44b1-5545-a3e8-dbedc6c28186,,,TN-OFFICER-001115,Tamil Nadu Officer OFFICER-001115,Sub-Inspector,CUDDALORE Station,CUDDALORE,Investigator,,,active,,imported,12fe593e-e883-5cac-9710-f2ba74198299,13_officer.csv,OFFICER-001115
1d2cacfc-2ae7-57e7-9bc8-9ae7ff854d47,,,TN-OFFICER-001116,Tamil Nadu Officer OFFICER-001116,Inspector,COIMBATORE Station,COIMBATORE,Sub-Inspector,,,transferred,,imported,12fe593e-e883-5cac-9710-f2ba74198299,13_officer.csv,OFFICER-001116
eb181288-9b4a-5d3f-b95b-3f21fd13ce8b,,,TN-OFFICER-001117,Tamil Nadu Officer OFFICER-001117,Assistant Superintendent,NAGAPATTINAM Station,NAGAPATTINAM,Circle Inspector,,,retired,,imported,12fe593e-e883-5cac-9710-f2ba74198299,13_officer.csv,OFFICER-001117
e7904b19-7a9d-50cf-ab16-d6c397aa145d,,,TN-OFFICER-001118,Tamil Nadu Officer OFFICER-001118,Deputy Superintendent,KARUR Station,KARUR,Police Officer,,,retired,,imported,12fe593e-e883-5cac-9710-f2ba74198299,13_officer.csv,OFFICER-001118
e11a9dde-397b-5567-9e1a-98a3832e87a2,,,TN-OFFICER-001119,Tamil Nadu Officer OFFICER-001119,Deputy Superintendent,TIRUNELVELI Station,TIRUNELVELI,Sub-Inspector,,,active,,imported,12fe593e-e883-5cac-9710-f2ba74198299,13_officer.csv,OFFICER-001119
9a4fcbec-e744-5360-8c7c-631c28bd0e71,,,TN-OFFICER-001120,Tamil Nadu Officer OFFICER-001120,Sub-Inspector,COIMBATORE Station,COIMBATORE,Police Officer,,,retired,,imported,12fe593e-e883-5cac-9710-f2ba74198299,13_officer.csv,OFFICER-001120
c5382ff2-35a3-5c62-8861-182740b70378,,,TN-OFFICER-001121,Tamil Nadu Officer OFFICER-001121,Sub-Inspector,TIRUVANNAMALAI Station,TIRUVANNAMALAI,Investigator,,,retired,,imported,12fe593e-e883-5cac-9710-f2ba74198299,13_officer.csv,OFFICER-001121
29eb1286-2920-573e-bade-3f78c1fbcb33,,,TN-OFFICER-001122,Tamil Nadu Officer OFFICER-001122,Assistant Superintendent,RAMESWARAM Station,RAMESWARAM,Police Officer,,,transferred,,imported,12fe593e-e883-5cac-9710-f2ba74198299,13_officer.csv,OFFICER-001122
5caea08a-7e05-57b3-9251-0c68802e490b,,,TN-OFFICER-001123,Tamil Nadu Officer OFFICER-001123,Assistant Superintendent,TIRUPPUR Station,TIRUPPUR,Circle Inspector,,,active,,imported,12fe593e-e883-5cac-9710-f2ba74198299,13_officer.csv,OFFICER-001123
f376f422-0c7d-5027-a84c-dacee227a8cb,,,TN-OFFICER-001124,Tamil Nadu Officer OFFICER-001124,Superintendent,TIRUVANNAMALAI Station,TIRUVANNAMALAI,Investigator,,,suspended,,imported,12fe593e-e883-5cac-9710-f2ba74198299,13_officer.csv,OFFICER-001124
757cd01f-68c6-5884-b65f-89213dfcc8fb,,,TN-OFFICER-001125,Tamil Nadu Officer OFFICER-001125,Deputy Superintendent,CHENNAI Station,CHENNAI,Police Officer,,,active,,imported,12fe593e-e883-5cac-9710-f2ba74198299,13_officer.csv,OFFICER-001125
ea729670-d02a-5bb1-8fde-3bb83a4b8d84,,,TN-OFFICER-001126,Tamil Nadu Officer OFFICER-001126,Constable,TIRUVANNAMALAI Station,TIRUVANNAMALAI,Investigator,,,active,,imported,12fe593e-e883-5cac-9710-f2ba74198299,13_officer.csv,OFFICER-001126
75d1cf8f-8c7a-56ca-abdc-83edbcab43e6,,,TN-OFFICER-001127,Tamil Nadu Officer OFFICER-001127,Inspector,PERAMBALUR Station,PERAMBALUR,Circle Inspector,,,transferred,,imported,12fe593e-e883-5cac-9710-f2ba74198299,13_officer.csv,OFFICER-001127
337a89f3-8a91-5602-9f31-3a12ea02465c,,,TN-OFFICER-001128,Tamil Nadu Officer OFFICER-001128,Superintendent,THE_NILGIRIS Station,THE_NILGIRIS,Police Officer,,,suspended,,imported,12fe593e-e883-5cac-9710-f2ba74198299,13_officer.csv,OFFICER-001128
7a0f45a4-9225-5b18-ad84-742633d0231f,,,TN-OFFICER-001129,Tamil Nadu Officer OFFICER-001129,Assistant Superintendent,VILUPPURAM Station,VILUPPURAM,Investigator,,,active,,imported,12fe593e-e883-5cac-9710-f2ba74198299,13_officer.csv,OFFICER-001129
1568ee77-ecd7-5ae5-882f-489604b06f9b,,,TN-OFFICER-001130,Tamil Nadu Officer OFFICER-001130,Superintendent,VILUPPURAM Station,VILUPPURAM,Investigator,,,retired,,imported,12fe593e-e883-5cac-9710-f2ba74198299,13_officer.csv,OFFICER-001130
d42e7fff-8f8e-56cb-abe5-d1d2f6fe36ad,,,TN-OFFICER-001131,Tamil Nadu Officer OFFICER-001131,Assistant Superintendent,TIRUVANNAMALAI Station,TIRUVANNAMALAI,Station House Officer,,,suspended,,imported,12fe593e-e883-5cac-9710-f2ba74198299,13_officer.csv,OFFICER-001131
5d404e9f-bbdd-5535-bd06-c1ae8820fdad,,,TN-OFFICER-001132,Tamil Nadu Officer OFFICER-001132,Superintendent,CHENGALPATTU Station,CHENGALPATTU,Investigator,,,transferred,,imported,12fe593e-e883-5cac-9710-f2ba74198299,13_officer.csv,OFFICER-001132
d27937aa-fd94-58a0-9810-cfb4777b43e0,,,TN-OFFICER-001133,Tamil Nadu Officer OFFICER-001133,Inspector,NAGAPATTINAM Station,NAGAPATTINAM,Investigator,,,transferred,,imported,12fe593e-e883-5cac-9710-f2ba74198299,13_officer.csv,OFFICER-001133
b3a9d247-4c08-51c0-8416-8630cb555c8d,,,TN-OFFICER-001134,Tamil Nadu Officer OFFICER-001134,Superintendent,ARIYALUR Station,ARIYALUR,Station House Officer,,,active,,imported,12fe593e-e883-5cac-9710-f2ba74198299,13_officer.csv,OFFICER-001134
30432565-2c5d-5fc0-9c13-bbcc1dba33ed,,,TN-OFFICER-001135,Tamil Nadu Officer OFFICER-001135,Constable,THIRUVARUR Station,THIRUVARUR,Sub-Inspector,,,suspended,,imported,12fe593e-e883-5cac-9710-f2ba74198299,13_officer.csv,OFFICER-001135
9b3458f7-ecd9-5ef8-ba9a-9114c0c77e3d,,,TN-OFFICER-001136,Tamil Nadu Officer OFFICER-001136,Sub-Inspector,ERODE Station,ERODE,Sub-Inspector,,,transferred,,imported,12fe593e-e883-5cac-9710-f2ba74198299,13_officer.csv,OFFICER-001136
59883cc8-951e-5e38-8ec3-a6b3b8329c8a,,,TN-OFFICER-001137,Tamil Nadu Officer OFFICER-001137,Inspector,THENI Station,THENI,Circle Inspector,,,active,,imported,12fe593e-e883-5cac-9710-f2ba74198299,13_officer.csv,OFFICER-001137
a9ba366a-229c-5279-a204-df3f97b3e55a,,,TN-OFFICER-001138,Tamil Nadu Officer OFFICER-001138,Superintendent,VIRUDHUNAGAR Station,VIRUDHUNAGAR,Police Officer,,,active,,imported,12fe593e-e883-5cac-9710-f2ba74198299,13_officer.csv,OFFICER-001138
762235c9-e235-5b82-8025-3976c8039bb8,,,TN-OFFICER-001139,Tamil Nadu Officer OFFICER-001139,Assistant Superintendent,THENI Station,THENI,Circle Inspector,,,active,,imported,12fe593e-e883-5cac-9710-f2ba74198299,13_officer.csv,OFFICER-001139
8dca5d88-d09d-5b0d-b158-b9f78eaf92cf,,,TN-OFFICER-001140,Tamil Nadu Officer OFFICER-001140,Superintendent,TIRUVANNAMALAI Station,TIRUVANNAMALAI,Station House Officer,,,active,,imported,12fe593e-e883-5cac-9710-f2ba74198299,13_officer.csv,OFFICER-001140
aaf96b86-470c-56f7-a9b4-6743c3da2d6e,,,TN-OFFICER-001141,Tamil Nadu Officer OFFICER-001141,Assistant Superintendent,NAGAPATTINAM Station,NAGAPATTINAM,Police Officer,,,transferred,,imported,12fe593e-e883-5cac-9710-f2ba74198299,13_officer.csv,OFFICER-001141
eb700e6b-c18a-5c6b-a70c-affdb2fb112a,,,TN-OFFICER-001142,Tamil Nadu Officer OFFICER-001142,Inspector,DHARMAPURI Station,DHARMAPURI,Sub-Inspector,,,retired,,imported,12fe593e-e883-5cac-9710-f2ba74198299,13_officer.csv,OFFICER-001142
54ba1954-02f5-5936-a456-28cca58168bc,,,TN-OFFICER-001143,Tamil Nadu Officer OFFICER-001143,Assistant Superintendent,ARIYALUR Station,ARIYALUR,Station House Officer,,,transferred,,imported,12fe593e-e883-5cac-9710-f2ba74198299,13_officer.csv,OFFICER-001143
8e24283a-57e6-5429-80e8-02d2f71767b7,,,TN-OFFICER-001144,Tamil Nadu Officer OFFICER-001144,Superintendent,TIRUCHIRAPPALLI Station,TIRUCHIRAPPALLI,Police Officer,,,transferred,,imported,12fe593e-e883-5cac-9710-f2ba74198299,13_officer.csv,OFFICER-001144
7aae883d-074b-5639-9fc3-fdb0e9db4b13,,,TN-OFFICER-001145,Tamil Nadu Officer OFFICER-001145,Deputy Superintendent,TIRUVANNAMALAI Station,TIRUVANNAMALAI,Station House Officer,,,active,,imported,12fe593e-e883-5cac-9710-f2ba74198299,13_officer.csv,OFFICER-001145
81b778c6-9765-59dc-a9bd-5a0badd32080,,,TN-OFFICER-001146,Tamil Nadu Officer OFFICER-001146,Superintendent,NAMAKKAL Station,NAMAKKAL,Investigator,,,active,,imported,12fe593e-e883-5cac-9710-f2ba74198299,13_officer.csv,OFFICER-001146
cbbf3f74-12db-591b-97eb-a074a47f4e8b,,,TN-OFFICER-001147,Tamil Nadu Officer OFFICER-001147,Inspector,CUDDALORE Station,CUDDALORE,Police Officer,,,suspended,,imported,12fe593e-e883-5cac-9710-f2ba74198299,13_officer.csv,OFFICER-001147
a65ae43a-dbc3-54fd-9f22-414bd3d4e37d,,,TN-OFFICER-001148,Tamil Nadu Officer OFFICER-001148,Assistant Superintendent,KUMBAKONAM Station,KUMBAKONAM,Circle Inspector,,,transferred,,imported,12fe593e-e883-5cac-9710-f2ba74198299,13_officer.csv,OFFICER-001148
bf5084c4-b8d3-5c6d-91a7-46642de3dd4e,,,TN-OFFICER-001149,Tamil Nadu Officer OFFICER-001149,Deputy Superintendent,NAGAPATTINAM Station,NAGAPATTINAM,Police Officer,,,active,,imported,12fe593e-e883-5cac-9710-f2ba74198299,13_officer.csv,OFFICER-001149
badde8c4-892e-5bf6-92a9-bc7cce96ec72,,,TN-OFFICER-001150,Tamil Nadu Officer OFFICER-001150,Superintendent,THIRUVALLUR Station,THIRUVALLUR,Circle Inspector,,,transferred,,imported,12fe593e-e883-5cac-9710-f2ba74198299,13_officer.csv,OFFICER-001150
bfd3fff1-6e02-5f3b-80a8-d7a80deba8e0,,,TN-OFFICER-001151,Tamil Nadu Officer OFFICER-001151,Inspector,DINDIGUL Station,DINDIGUL,Circle Inspector,,,suspended,,imported,12fe593e-e883-5cac-9710-f2ba74198299,13_officer.csv,OFFICER-001151
bf3a5b80-9188-5fb4-b6cc-39b96c35f170,,,TN-OFFICER-001152,Tamil Nadu Officer OFFICER-001152,Constable,PUDUKOTTAI Station,PUDUKOTTAI,Sub-Inspector,,,retired,,imported,12fe593e-e883-5cac-9710-f2ba74198299,13_officer.csv,OFFICER-001152
84740292-c4e9-524f-8b4d-0940a38a616a,,,TN-OFFICER-001153,Tamil Nadu Officer OFFICER-001153,Sub-Inspector,KANCHEEPURAM Station,KANCHEEPURAM,Station House Officer,,,retired,,imported,12fe593e-e883-5cac-9710-f2ba74198299,13_officer.csv,OFFICER-001153
154dae65-3269-5b3c-b8d5-c1d036279440,,,TN-OFFICER-001154,Tamil Nadu Officer OFFICER-001154,Superintendent,KRISHNAGIRI Station,KRISHNAGIRI,Police Officer,,,active,,imported,12fe593e-e883-5cac-9710-f2ba74198299,13_officer.csv,OFFICER-001154
109bf031-7469-5f15-91fc-052252e7fae4,,,TN-OFFICER-001155,Tamil Nadu Officer OFFICER-001155,Inspector,DHARMAPURI Station,DHARMAPURI,Sub-Inspector,,,active,,imported,12fe593e-e883-5cac-9710-f2ba74198299,13_officer.csv,OFFICER-001155
8f1b537f-cff9-5dc5-ad53-3359f3ff3927,,,TN-OFFICER-001156,Tamil Nadu Officer OFFICER-001156,Assistant Superintendent,RAMANATHAPURAM Station,RAMANATHAPURAM,Station House Officer,,,retired,,imported,12fe593e-e883-5cac-9710-f2ba74198299,13_officer.csv,OFFICER-001156
0f95fe4b-e559-5be3-8909-ce26f40d0dc3,,,TN-OFFICER-001157,Tamil Nadu Officer OFFICER-001157,Superintendent,TIRUVANNAMALAI Station,TIRUVANNAMALAI,Investigator,,,suspended,,imported,12fe593e-e883-5cac-9710-f2ba74198299,13_officer.csv,OFFICER-001157
e09614dd-1721-58f0-9751-d0afc6c8168d,,,TN-OFFICER-001158,Tamil Nadu Officer OFFICER-001158,Superintendent,CHENNAI Station,CHENNAI,Station House Officer,,,active,,imported,12fe593e-e883-5cac-9710-f2ba74198299,13_officer.csv,OFFICER-001158
39f72765-88f4-587c-aebd-f5d91dcb37d9,,,TN-OFFICER-001159,Tamil Nadu Officer OFFICER-001159,Deputy Superintendent,TIRUPPUR Station,TIRUPPUR,Circle Inspector,,,transferred,,imported,12fe593e-e883-5cac-9710-f2ba74198299,13_officer.csv,OFFICER-001159
aa54d7d4-07c8-5e8f-8595-78ec825b2649,,,TN-OFFICER-001160,Tamil Nadu Officer OFFICER-001160,Constable,KANCHEEPURAM Station,KANCHEEPURAM,Sub-Inspector,,,suspended,,imported,12fe593e-e883-5cac-9710-f2ba74198299,13_officer.csv,OFFICER-001160
a78c8d20-1d85-5fd7-ad43-5f5a2595fc38,,,TN-OFFICER-001161,Tamil Nadu Officer OFFICER-001161,Constable,CHENNAI Station,CHENNAI,Investigator,,,retired,,imported,12fe593e-e883-5cac-9710-f2ba74198299,13_officer.csv,OFFICER-001161
23496a60-4006-5204-9e33-edfa965f213a,,,TN-OFFICER-001162,Tamil Nadu Officer OFFICER-001162,Constable,MAYILADUTHURAI Station,MAYILADUTHURAI,Police Officer,,,transferred,,imported,12fe593e-e883-5cac-9710-f2ba74198299,13_officer.csv,OFFICER-001162
8d687ece-6790-539a-9121-7b681aa98592,,,TN-OFFICER-001163,Tamil Nadu Officer OFFICER-001163,Inspector,RAMANATHAPURAM Station,RAMANATHAPURAM,Sub-Inspector,,,active,,imported,12fe593e-e883-5cac-9710-f2ba74198299,13_officer.csv,OFFICER-001163
22668423-d1f7-552a-9b1f-4238c4848295,,,TN-OFFICER-001164,Tamil Nadu Officer OFFICER-001164,Constable,RANIPET Station,RANIPET,Sub-Inspector,,,suspended,,imported,12fe593e-e883-5cac-9710-f2ba74198299,13_officer.csv,OFFICER-001164
a7b17f70-c697-5f48-a020-014bcbf04651,,,TN-OFFICER-001165,Tamil Nadu Officer OFFICER-001165,Assistant Superintendent,THENI Station,THENI,Sub-Inspector,,,suspended,,imported,12fe593e-e883-5cac-9710-f2ba74198299,13_officer.csv,OFFICER-001165
8efd577c-9b4c-5c78-8f2a-f12b4dcc4874,,,TN-OFFICER-001166,Tamil Nadu Officer OFFICER-001166,Sub-Inspector,KARUR Station,KARUR,Sub-Inspector,,,transferred,,imported,12fe593e-e883-5cac-9710-f2ba74198299,13_officer.csv,OFFICER-001166
322e6e49-1229-5c15-aadf-84aa67521995,,,TN-OFFICER-001167,Tamil Nadu Officer OFFICER-001167,Superintendent,MAYILADUTHURAI Station,MAYILADUTHURAI,Circle Inspector,,,suspended,,imported,12fe593e-e883-5cac-9710-f2ba74198299,13_officer.csv,OFFICER-001167
609d5ae4-d286-519f-9bfc-9fec0d07d7f6,,,TN-OFFICER-001168,Tamil Nadu Officer OFFICER-001168,Superintendent,NAGAPATTINAM Station,NAGAPATTINAM,Police Officer,,,retired,,imported,12fe593e-e883-5cac-9710-f2ba74198299,13_officer.csv,OFFICER-001168
0d610b41-b1b4-5a66-9a1c-e478f59eb43e,,,TN-OFFICER-001169,Tamil Nadu Officer OFFICER-001169,Deputy Superintendent,THIRUVARUR Station,THIRUVARUR,Station House Officer,,,suspended,,imported,12fe593e-e883-5cac-9710-f2ba74198299,13_officer.csv,OFFICER-001169
04fbc106-24bb-55d5-bf5e-40fd11ce04e3,,,TN-OFFICER-001170,Tamil Nadu Officer OFFICER-001170,Superintendent,TIRUVANNAMALAI Station,TIRUVANNAMALAI,Police Officer,,,transferred,,imported,12fe593e-e883-5cac-9710-f2ba74198299,13_officer.csv,OFFICER-001170
0ce1aa10-ae33-5f45-bb48-cb556b3d1163,,,TN-OFFICER-001171,Tamil Nadu Officer OFFICER-001171,Superintendent,TIRUVANNAMALAI Station,TIRUVANNAMALAI,Police Officer,,,active,,imported,12fe593e-e883-5cac-9710-f2ba74198299,13_officer.csv,OFFICER-001171
9c77c780-08b3-52be-af99-cab3e80dcf8a,,,TN-OFFICER-001172,Tamil Nadu Officer OFFICER-001172,Deputy Superintendent,TIRUVANNAMALAI Station,TIRUVANNAMALAI,Investigator,,,active,,imported,12fe593e-e883-5cac-9710-f2ba74198299,13_officer.csv,OFFICER-001172
47a46368-d673-5a27-927d-51a68a045892,,,TN-OFFICER-001173,Tamil Nadu Officer OFFICER-001173,Assistant Superintendent,ARIYALUR Station,ARIYALUR,Investigator,,,retired,,imported,12fe593e-e883-5cac-9710-f2ba74198299,13_officer.csv,OFFICER-001173
c193797b-6db5-5510-8601-1288326ef634,,,TN-OFFICER-001174,Tamil Nadu Officer OFFICER-001174,Sub-Inspector,TENKASI Station,TENKASI,Circle Inspector,,,suspended,,imported,12fe593e-e883-5cac-9710-f2ba74198299,13_officer.csv,OFFICER-001174
b515560d-c23f-56f9-a553-5650bd1f6aca,,,TN-OFFICER-001175,Tamil Nadu Officer OFFICER-001175,Inspector,SIVAGANGA Station,SIVAGANGA,Police Officer,,,active,,imported,12fe593e-e883-5cac-9710-f2ba74198299,13_officer.csv,OFFICER-001175
6ba0fa08-38f4-5842-b376-89c561547f2e,,,TN-OFFICER-001176,Tamil Nadu Officer OFFICER-001176,Deputy Superintendent,RANIPET Station,RANIPET,Sub-Inspector,,,transferred,,imported,12fe593e-e883-5cac-9710-f2ba74198299,13_officer.csv,OFFICER-001176
3567294c-defb-5e09-9b0e-598ca519f0c0,,,TN-OFFICER-001177,Tamil Nadu Officer OFFICER-001177,Superintendent,KANCHEEPURAM Station,KANCHEEPURAM,Station House Officer,,,retired,,imported,12fe593e-e883-5cac-9710-f2ba74198299,13_officer.csv,OFFICER-001177
383f9711-776f-5910-a60b-5a0a15300c95,,,TN-OFFICER-001178,Tamil Nadu Officer OFFICER-001178,Superintendent,KALLAKURICHI Station,KALLAKURICHI,Police Officer,,,transferred,,imported,12fe593e-e883-5cac-9710-f2ba74198299,13_officer.csv,OFFICER-001178
4677b7ec-ad69-5cf1-a622-0b669e3883aa,,,TN-OFFICER-001179,Tamil Nadu Officer OFFICER-001179,Inspector,THIRUVALLUR Station,THIRUVALLUR,Circle Inspector,,,suspended,,imported,12fe593e-e883-5cac-9710-f2ba74198299,13_officer.csv,OFFICER-001179
4f3585a6-f05f-5b47-a95c-45752599e138,,,TN-OFFICER-001180,Tamil Nadu Officer OFFICER-001180,Sub-Inspector,DHARMAPURI Station,DHARMAPURI,Police Officer,,,transferred,,imported,12fe593e-e883-5cac-9710-f2ba74198299,13_officer.csv,OFFICER-001180
3d7f2fe8-7aea-51b6-9169-40f9e83b7d8b,,,TN-OFFICER-001181,Tamil Nadu Officer OFFICER-001181,Superintendent,RAMANATHAPURAM Station,RAMANATHAPURAM,Station House Officer,,,active,,imported,12fe593e-e883-5cac-9710-f2ba74198299,13_officer.csv,OFFICER-001181
562a3b71-c073-5256-8c17-a5111111db39,,,TN-OFFICER-001182,Tamil Nadu Officer OFFICER-001182,Deputy Superintendent,SALEM Station,SALEM,Investigator,,,suspended,,imported,12fe593e-e883-5cac-9710-f2ba74198299,13_officer.csv,OFFICER-001182
a233ffb2-5acd-587b-96a8-47e72378543f,,,TN-OFFICER-001183,Tamil Nadu Officer OFFICER-001183,Superintendent,THENI Station,THENI,Circle Inspector,,,retired,,imported,12fe593e-e883-5cac-9710-f2ba74198299,13_officer.csv,OFFICER-001183
0b8c69c0-efd7-5040-ba64-2f1e35f94dfc,,,TN-OFFICER-001184,Tamil Nadu Officer OFFICER-001184,Deputy Superintendent,PUDUKOTTAI Station,PUDUKOTTAI,Circle Inspector,,,suspended,,imported,12fe593e-e883-5cac-9710-f2ba74198299,13_officer.csv,OFFICER-001184
c7da16df-fc73-5e32-8d08-620c0b2ea1fe,,,TN-OFFICER-001185,Tamil Nadu Officer OFFICER-001185,Superintendent,PUDUKOTTAI Station,PUDUKOTTAI,Station House Officer,,,suspended,,imported,12fe593e-e883-5cac-9710-f2ba74198299,13_officer.csv,OFFICER-001185
100fcdab-8840-5231-bfd4-f5afd8b22e25,,,TN-OFFICER-001186,Tamil Nadu Officer OFFICER-001186,Inspector,NAMAKKAL Station,NAMAKKAL,Circle Inspector,,,active,,imported,12fe593e-e883-5cac-9710-f2ba74198299,13_officer.csv,OFFICER-001186
0f1cc5ee-7ef6-5506-9960-826266861c57,,,TN-OFFICER-001187,Tamil Nadu Officer OFFICER-001187,Sub-Inspector,RAMANATHAPURAM Station,RAMANATHAPURAM,Investigator,,,active,,imported,12fe593e-e883-5cac-9710-f2ba74198299,13_officer.csv,OFFICER-001187
fcccd3ef-ed47-5a9d-a48e-3ac6d9ed073c,,,TN-OFFICER-001188,Tamil Nadu Officer OFFICER-001188,Deputy Superintendent,RAMANATHAPURAM Station,RAMANATHAPURAM,Investigator,,,suspended,,imported,12fe593e-e883-5cac-9710-f2ba74198299,13_officer.csv,OFFICER-001188
6523867a-4b93-5da7-9e2d-638ce84efd34,,,TN-OFFICER-001189,Tamil Nadu Officer OFFICER-001189,Sub-Inspector,SIVAGANGA Station,SIVAGANGA,Sub-Inspector,,,suspended,,imported,12fe593e-e883-5cac-9710-f2ba74198299,13_officer.csv,OFFICER-001189
14de4f2c-2651-5b89-827c-7d744f533cab,,,TN-OFFICER-001190,Tamil Nadu Officer OFFICER-001190,Deputy Superintendent,KALLAKURICHI Station,KALLAKURICHI,Station House Officer,,,suspended,,imported,12fe593e-e883-5cac-9710-f2ba74198299,13_officer.csv,OFFICER-001190
f94b2101-6307-5a66-9b6d-9f63515715bd,,,TN-OFFICER-001191,Tamil Nadu Officer OFFICER-001191,Constable,NAGAPATTINAM Station,NAGAPATTINAM,Circle Inspector,,,suspended,,imported,12fe593e-e883-5cac-9710-f2ba74198299,13_officer.csv,OFFICER-001191
21350884-123e-5402-901e-dd4778ce7098,,,TN-OFFICER-001192,Tamil Nadu Officer OFFICER-001192,Superintendent,TIRUVANNAMALAI Station,TIRUVANNAMALAI,Station House Officer,,,active,,imported,12fe593e-e883-5cac-9710-f2ba74198299,13_officer.csv,OFFICER-001192
d8681535-1706-559d-a5cc-c82906e1c433,,,TN-OFFICER-001193,Tamil Nadu Officer OFFICER-001193,Superintendent,RAMESWARAM Station,RAMESWARAM,Station House Officer,,,transferred,,imported,12fe593e-e883-5cac-9710-f2ba74198299,13_officer.csv,OFFICER-001193
e37f773a-b4db-50ab-a3c3-8adc20c1ef3c,,,TN-OFFICER-001194,Tamil Nadu Officer OFFICER-001194,Deputy Superintendent,MADURAI Station,MADURAI,Investigator,,,active,,imported,12fe593e-e883-5cac-9710-f2ba74198299,13_officer.csv,OFFICER-001194
3b794511-95a1-550e-b35a-cf6849177161,,,TN-OFFICER-001195,Tamil Nadu Officer OFFICER-001195,Deputy Superintendent,DINDIGUL Station,DINDIGUL,Investigator,,,retired,,imported,12fe593e-e883-5cac-9710-f2ba74198299,13_officer.csv,OFFICER-001195
7b24c2eb-4877-53db-9ad0-e40c76a0c427,,,TN-OFFICER-001196,Tamil Nadu Officer OFFICER-001196,Assistant Superintendent,NAGAPATTINAM Station,NAGAPATTINAM,Police Officer,,,suspended,,imported,12fe593e-e883-5cac-9710-f2ba74198299,13_officer.csv,OFFICER-001196
1efafe6a-14d9-5f58-8626-92d823ff5da2,,,TN-OFFICER-001197,Tamil Nadu Officer OFFICER-001197,Assistant Superintendent,VIRUDHUNAGAR Station,VIRUDHUNAGAR,Investigator,,,active,,imported,12fe593e-e883-5cac-9710-f2ba74198299,13_officer.csv,OFFICER-001197
8608be08-874e-5fe2-8934-00ace1910949,,,TN-OFFICER-001198,Tamil Nadu Officer OFFICER-001198,Superintendent,NAMAKKAL Station,NAMAKKAL,Police Officer,,,active,,imported,12fe593e-e883-5cac-9710-f2ba74198299,13_officer.csv,OFFICER-001198
f2ac9f63-9320-5cdc-861f-4482b3a23ea3,,,TN-OFFICER-001199,Tamil Nadu Officer OFFICER-001199,Assistant Superintendent,KANYAKUMARI Station,KANYAKUMARI,Sub-Inspector,,,retired,,imported,12fe593e-e883-5cac-9710-f2ba74198299,13_officer.csv,OFFICER-001199
ae00bb79-4bbe-5cb1-8ee8-3b1a3e7005f4,,,TN-OFFICER-001200,Tamil Nadu Officer OFFICER-001200,Assistant Superintendent,KRISHNAGIRI Station,KRISHNAGIRI,Station House Officer,,,transferred,,imported,12fe593e-e883-5cac-9710-f2ba74198299,13_officer.csv,OFFICER-001200
475e4f90-66c7-5ec4-8b38-c07120ed9e29,,,TN-OFFICER-001201,Tamil Nadu Officer OFFICER-001201,Assistant Superintendent,PUDUKOTTAI Station,PUDUKOTTAI,Sub-Inspector,,,suspended,,imported,12fe593e-e883-5cac-9710-f2ba74198299,13_officer.csv,OFFICER-001201
a6511d4f-e412-5268-8d9e-0ec903a5d636,,,TN-OFFICER-001202,Tamil Nadu Officer OFFICER-001202,Superintendent,TIRUPATHUR Station,TIRUPATHUR,Police Officer,,,suspended,,imported,12fe593e-e883-5cac-9710-f2ba74198299,13_officer.csv,OFFICER-001202
1b9f7f96-13e6-57c7-ba15-5cb8f38e4c4f,,,TN-OFFICER-001203,Tamil Nadu Officer OFFICER-001203,Superintendent,KRISHNAGIRI Station,KRISHNAGIRI,Circle Inspector,,,suspended,,imported,12fe593e-e883-5cac-9710-f2ba74198299,13_officer.csv,OFFICER-001203
213adc53-9542-5b17-b597-b7cd9e834a47,,,TN-OFFICER-001204,Tamil Nadu Officer OFFICER-001204,Superintendent,KRISHNAGIRI Station,KRISHNAGIRI,Police Officer,,,suspended,,imported,12fe593e-e883-5cac-9710-f2ba74198299,13_officer.csv,OFFICER-001204
06a74847-7f53-5425-8e6a-73612d7358fa,,,TN-OFFICER-001205,Tamil Nadu Officer OFFICER-001205,Assistant Superintendent,MAYILADUTHURAI Station,MAYILADUTHURAI,Investigator,,,retired,,imported,12fe593e-e883-5cac-9710-f2ba74198299,13_officer.csv,OFFICER-001205
0f8ff790-4d76-55e4-95b2-842a708d7b85,,,TN-OFFICER-001206,Tamil Nadu Officer OFFICER-001206,Sub-Inspector,TIRUPPUR Station,TIRUPPUR,Sub-Inspector,,,transferred,,imported,12fe593e-e883-5cac-9710-f2ba74198299,13_officer.csv,OFFICER-001206
7ac22a3d-c6ff-505f-bf9a-636587e5289f,,,TN-OFFICER-001207,Tamil Nadu Officer OFFICER-001207,Superintendent,RAMANATHAPURAM Station,RAMANATHAPURAM,Circle Inspector,,,active,,imported,12fe593e-e883-5cac-9710-f2ba74198299,13_officer.csv,OFFICER-001207
6dafbc7a-87a4-5f55-9a6b-9ebea1125418,,,TN-OFFICER-001208,Tamil Nadu Officer OFFICER-001208,Inspector,KARUR Station,KARUR,Investigator,,,retired,,imported,12fe593e-e883-5cac-9710-f2ba74198299,13_officer.csv,OFFICER-001208
e04b6ed9-e5da-56ef-8a9f-d629154e089e,,,TN-OFFICER-001209,Tamil Nadu Officer OFFICER-001209,Assistant Superintendent,PERAMBALUR Station,PERAMBALUR,Sub-Inspector,,,transferred,,imported,12fe593e-e883-5cac-9710-f2ba74198299,13_officer.csv,OFFICER-001209
30835deb-01a7-55de-a7a3-e8ba1f269392,,,TN-OFFICER-001210,Tamil Nadu Officer OFFICER-001210,Assistant Superintendent,COIMBATORE Station,COIMBATORE,Police Officer,,,retired,,imported,12fe593e-e883-5cac-9710-f2ba74198299,13_officer.csv,OFFICER-001210
adaec147-0a6c-5c97-a5e1-e152b62840c0,,,TN-OFFICER-001211,Tamil Nadu Officer OFFICER-001211,Sub-Inspector,THE_NILGIRIS Station,THE_NILGIRIS,Station House Officer,,,retired,,imported,12fe593e-e883-5cac-9710-f2ba74198299,13_officer.csv,OFFICER-001211
31e3ca7c-c4d3-5a0d-94c5-655646ccb971,,,TN-OFFICER-001212,Tamil Nadu Officer OFFICER-001212,Deputy Superintendent,CHENNAI Station,CHENNAI,Investigator,,,active,,imported,12fe593e-e883-5cac-9710-f2ba74198299,13_officer.csv,OFFICER-001212
f9d54438-8b5f-5cca-ad11-2985f5572f8f,,,TN-OFFICER-001213,Tamil Nadu Officer OFFICER-001213,Inspector,THIRUVALLUR Station,THIRUVALLUR,Circle Inspector,,,transferred,,imported,12fe593e-e883-5cac-9710-f2ba74198299,13_officer.csv,OFFICER-001213
67907549-d03f-5f90-afe6-d3af1167d738,,,TN-OFFICER-001214,Tamil Nadu Officer OFFICER-001214,Assistant Superintendent,DHARMAPURI Station,DHARMAPURI,Police Officer,,,transferred,,imported,12fe593e-e883-5cac-9710-f2ba74198299,13_officer.csv,OFFICER-001214
8e531b82-b857-547a-8353-ef81102a7114,,,TN-OFFICER-001215,Tamil Nadu Officer OFFICER-001215,Superintendent,DHARMAPURI Station,DHARMAPURI,Police Officer,,,retired,,imported,12fe593e-e883-5cac-9710-f2ba74198299,13_officer.csv,OFFICER-001215
8703389c-e7f2-59ae-9b92-b49e37029fb6,,,TN-OFFICER-001216,Tamil Nadu Officer OFFICER-001216,Superintendent,NAGAPATTINAM Station,NAGAPATTINAM,Circle Inspector,,,active,,imported,12fe593e-e883-5cac-9710-f2ba74198299,13_officer.csv,OFFICER-001216
662131e1-c3d5-538f-bea0-14bd49a34771,,,TN-OFFICER-001217,Tamil Nadu Officer OFFICER-001217,Superintendent,KARUR Station,KARUR,Police Officer,,,suspended,,imported,12fe593e-e883-5cac-9710-f2ba74198299,13_officer.csv,OFFICER-001217
7e5ef789-741f-5a8d-bba7-fccdf6027d14,,,TN-OFFICER-001218,Tamil Nadu Officer OFFICER-001218,Assistant Superintendent,KANCHEEPURAM Station,KANCHEEPURAM,Police Officer,,,retired,,imported,12fe593e-e883-5cac-9710-f2ba74198299,13_officer.csv,OFFICER-001218
23300e63-71a3-5fa2-a4b2-1a30034b97c4,,,TN-OFFICER-001219,Tamil Nadu Officer OFFICER-001219,Assistant Superintendent,ERODE Station,ERODE,Station House Officer,,,active,,imported,12fe593e-e883-5cac-9710-f2ba74198299,13_officer.csv,OFFICER-001219
a48ec572-6650-5674-9ee5-4cd8c837d793,,,TN-OFFICER-001220,Tamil Nadu Officer OFFICER-001220,Assistant Superintendent,KANYAKUMARI Station,KANYAKUMARI,Circle Inspector,,,suspended,,imported,12fe593e-e883-5cac-9710-f2ba74198299,13_officer.csv,OFFICER-001220
f0f34d9f-bc78-5c62-a788-86e54b076943,,,TN-OFFICER-001221,Tamil Nadu Officer OFFICER-001221,Constable,THIRUVARUR Station,THIRUVARUR,Police Officer,,,retired,,imported,12fe593e-e883-5cac-9710-f2ba74198299,13_officer.csv,OFFICER-001221
03a214ad-0d3d-5f5d-8670-002a32ddde9d,,,TN-OFFICER-001222,Tamil Nadu Officer OFFICER-001222,Superintendent,TIRUVANNAMALAI Station,TIRUVANNAMALAI,Circle Inspector,,,suspended,,imported,12fe593e-e883-5cac-9710-f2ba74198299,13_officer.csv,OFFICER-001222
23724f4b-3d4d-5b6d-801e-24d72c662282,,,TN-OFFICER-001223,Tamil Nadu Officer OFFICER-001223,Assistant Superintendent,PERAMBALUR Station,PERAMBALUR,Circle Inspector,,,suspended,,imported,12fe593e-e883-5cac-9710-f2ba74198299,13_officer.csv,OFFICER-001223
e162f394-065f-5bc1-8f3b-3ae5a9313c18,,,TN-OFFICER-001224,Tamil Nadu Officer OFFICER-001224,Deputy Superintendent,KUMBAKONAM Station,KUMBAKONAM,Sub-Inspector,,,suspended,,imported,12fe593e-e883-5cac-9710-f2ba74198299,13_officer.csv,OFFICER-001224
05a0fe5d-03ba-540a-b4b1-2eb7d0201752,,,TN-OFFICER-001225,Tamil Nadu Officer OFFICER-001225,Constable,SALEM Station,SALEM,Station House Officer,,,suspended,,imported,12fe593e-e883-5cac-9710-f2ba74198299,13_officer.csv,OFFICER-001225
4299ea59-cec4-54c7-87c4-af8c4f607662,,,TN-OFFICER-001226,Tamil Nadu Officer OFFICER-001226,Assistant Superintendent,ARIYALUR Station,ARIYALUR,Police Officer,,,active,,imported,12fe593e-e883-5cac-9710-f2ba74198299,13_officer.csv,OFFICER-001226
6394c356-c2bc-561d-b908-863fbc63b3a0,,,TN-OFFICER-001227,Tamil Nadu Officer OFFICER-001227,Deputy Superintendent,KRISHNAGIRI Station,KRISHNAGIRI,Investigator,,,active,,imported,12fe593e-e883-5cac-9710-f2ba74198299,13_officer.csv,OFFICER-001227
b320eb0c-0ee2-5ecc-bb47-fb60562824d4,,,TN-OFFICER-001228,Tamil Nadu Officer OFFICER-001228,Deputy Superintendent,KANCHEEPURAM Station,KANCHEEPURAM,Investigator,,,suspended,,imported,12fe593e-e883-5cac-9710-f2ba74198299,13_officer.csv,OFFICER-001228
2d821c3e-512b-5fe9-9cd5-8aa0dba65cfd,,,TN-OFFICER-001229,Tamil Nadu Officer OFFICER-001229,Constable,RANIPET Station,RANIPET,Sub-Inspector,,,retired,,imported,12fe593e-e883-5cac-9710-f2ba74198299,13_officer.csv,OFFICER-001229
40f0ffc2-dc53-52e5-bd8c-4a3bde65bd74,,,TN-OFFICER-001230,Tamil Nadu Officer OFFICER-001230,Sub-Inspector,TIRUCHIRAPPALLI Station,TIRUCHIRAPPALLI,Station House Officer,,,suspended,,imported,12fe593e-e883-5cac-9710-f2ba74198299,13_officer.csv,OFFICER-001230
9407a69e-d831-56db-89d8-23a2cbb7c542,,,TN-OFFICER-001231,Tamil Nadu Officer OFFICER-001231,Inspector,MADURAI Station,MADURAI,Sub-Inspector,,,suspended,,imported,12fe593e-e883-5cac-9710-f2ba74198299,13_officer.csv,OFFICER-001231
32f19c42-c33a-52ed-ab18-16b85c199767,,,TN-OFFICER-001232,Tamil Nadu Officer OFFICER-001232,Constable,THIRUVARUR Station,THIRUVARUR,Circle Inspector,,,suspended,,imported,12fe593e-e883-5cac-9710-f2ba74198299,13_officer.csv,OFFICER-001232
2b134230-3cc1-505e-ae4d-22b7d9101775,,,TN-OFFICER-001233,Tamil Nadu Officer OFFICER-001233,Superintendent,DHARMAPURI Station,DHARMAPURI,Circle Inspector,,,active,,imported,12fe593e-e883-5cac-9710-f2ba74198299,13_officer.csv,OFFICER-001233
0d3479dd-201b-5a6d-9031-3483cb178fd6,,,TN-OFFICER-001234,Tamil Nadu Officer OFFICER-001234,Superintendent,CHENNAI Station,CHENNAI,Police Officer,,,active,,imported,12fe593e-e883-5cac-9710-f2ba74198299,13_officer.csv,OFFICER-001234
84946417-381c-5521-932a-709911278d1f,,,TN-OFFICER-001235,Tamil Nadu Officer OFFICER-001235,Constable,RANIPET Station,RANIPET,Police Officer,,,active,,imported,12fe593e-e883-5cac-9710-f2ba74198299,13_officer.csv,OFFICER-001235
62bbd1a7-0cff-56b4-bc66-0c846dd65302,,,TN-OFFICER-001236,Tamil Nadu Officer OFFICER-001236,Sub-Inspector,KARUR Station,KARUR,Police Officer,,,suspended,,imported,12fe593e-e883-5cac-9710-f2ba74198299,13_officer.csv,OFFICER-001236
2f3d3278-468b-5696-8747-017d829bbb4a,,,TN-OFFICER-001237,Tamil Nadu Officer OFFICER-001237,Sub-Inspector,NAGAPATTINAM Station,NAGAPATTINAM,Station House Officer,,,suspended,,imported,12fe593e-e883-5cac-9710-f2ba74198299,13_officer.csv,OFFICER-001237
abe23c86-e24b-51f6-9935-25d0a1446c13,,,TN-OFFICER-001238,Tamil Nadu Officer OFFICER-001238,Constable,KARUR Station,KARUR,Circle Inspector,,,suspended,,imported,12fe593e-e883-5cac-9710-f2ba74198299,13_officer.csv,OFFICER-001238
80940c6c-97b8-5c17-b007-c16277696260,,,TN-OFFICER-001239,Tamil Nadu Officer OFFICER-001239,Sub-Inspector,NAMAKKAL Station,NAMAKKAL,Investigator,,,active,,imported,12fe593e-e883-5cac-9710-f2ba74198299,13_officer.csv,OFFICER-001239
083e2140-daab-513d-85e9-7e3437a4c792,,,TN-OFFICER-001240,Tamil Nadu Officer OFFICER-001240,Inspector,TIRUVANNAMALAI Station,TIRUVANNAMALAI,Police Officer,,,retired,,imported,12fe593e-e883-5cac-9710-f2ba74198299,13_officer.csv,OFFICER-001240
73f0da0c-c5b5-5e9d-8fa7-586bd3895cfe,,,TN-OFFICER-001241,Tamil Nadu Officer OFFICER-001241,Sub-Inspector,DINDIGUL Station,DINDIGUL,Circle Inspector,,,retired,,imported,12fe593e-e883-5cac-9710-f2ba74198299,13_officer.csv,OFFICER-001241
2e8743a9-1996-51e7-84ea-5c3c79bf0a73,,,TN-OFFICER-001242,Tamil Nadu Officer OFFICER-001242,Sub-Inspector,KUMBAKONAM Station,KUMBAKONAM,Investigator,,,transferred,,imported,12fe593e-e883-5cac-9710-f2ba74198299,13_officer.csv,OFFICER-001242
2d5de966-de2d-5345-8827-f3c4a6b8f0db,,,TN-OFFICER-001243,Tamil Nadu Officer OFFICER-001243,Superintendent,KRISHNAGIRI Station,KRISHNAGIRI,Investigator,,,retired,,imported,12fe593e-e883-5cac-9710-f2ba74198299,13_officer.csv,OFFICER-001243
bc17c7ed-fb56-5894-8217-d4aa00e71a5e,,,TN-OFFICER-001244,Tamil Nadu Officer OFFICER-001244,Inspector,THENI Station,THENI,Investigator,,,active,,imported,12fe593e-e883-5cac-9710-f2ba74198299,13_officer.csv,OFFICER-001244
404a7d06-fbba-5913-9de9-9cf3fa7e2101,,,TN-OFFICER-001245,Tamil Nadu Officer OFFICER-001245,Inspector,DINDIGUL Station,DINDIGUL,Sub-Inspector,,,suspended,,imported,12fe593e-e883-5cac-9710-f2ba74198299,13_officer.csv,OFFICER-001245
b36c9c74-8a34-58ea-b09b-4e06bb2cf83e,,,TN-OFFICER-001246,Tamil Nadu Officer OFFICER-001246,Inspector,KRISHNAGIRI Station,KRISHNAGIRI,Sub-Inspector,,,suspended,,imported,12fe593e-e883-5cac-9710-f2ba74198299,13_officer.csv,OFFICER-001246
51f139c7-53c8-5f18-8a4f-22bc6cf315d2,,,TN-OFFICER-001247,Tamil Nadu Officer OFFICER-001247,Inspector,MADURAI Station,MADURAI,Station House Officer,,,retired,,imported,12fe593e-e883-5cac-9710-f2ba74198299,13_officer.csv,OFFICER-001247
d63483a7-e365-509d-aa7b-050f5bd3a00a,,,TN-OFFICER-001248,Tamil Nadu Officer OFFICER-001248,Constable,RANIPET Station,RANIPET,Circle Inspector,,,active,,imported,12fe593e-e883-5cac-9710-f2ba74198299,13_officer.csv,OFFICER-001248
2c2d94d7-51a6-5ff5-b20f-afd49ce99009,,,TN-OFFICER-001249,Tamil Nadu Officer OFFICER-001249,Superintendent,TIRUVANNAMALAI Station,TIRUVANNAMALAI,Investigator,,,retired,,imported,12fe593e-e883-5cac-9710-f2ba74198299,13_officer.csv,OFFICER-001249
6587a97e-5510-58cf-af14-eaef4ab5b869,,,TN-OFFICER-001250,Tamil Nadu Officer OFFICER-001250,Superintendent,MADURAI Station,MADURAI,Investigator,,,retired,,imported,12fe593e-e883-5cac-9710-f2ba74198299,13_officer.csv,OFFICER-001250
4c652039-403d-5492-9647-2999c1c320d6,,,TN-OFFICER-001251,Tamil Nadu Officer OFFICER-001251,Assistant Superintendent,TIRUPPUR Station,TIRUPPUR,Police Officer,,,suspended,,imported,12fe593e-e883-5cac-9710-f2ba74198299,13_officer.csv,OFFICER-001251
d762d591-b17e-5b6a-a8e8-f2a65bc3c705,,,TN-OFFICER-001252,Tamil Nadu Officer OFFICER-001252,Constable,VIRUDHUNAGAR Station,VIRUDHUNAGAR,Police Officer,,,retired,,imported,12fe593e-e883-5cac-9710-f2ba74198299,13_officer.csv,OFFICER-001252
8028c4d3-6511-5677-8e91-a7b23dacd4cc,,,TN-OFFICER-001253,Tamil Nadu Officer OFFICER-001253,Assistant Superintendent,KARUR Station,KARUR,Circle Inspector,,,active,,imported,12fe593e-e883-5cac-9710-f2ba74198299,13_officer.csv,OFFICER-001253
916b3100-f758-50e9-81b3-86e083089f1a,,,TN-OFFICER-001254,Tamil Nadu Officer OFFICER-001254,Assistant Superintendent,ERODE Station,ERODE,Station House Officer,,,retired,,imported,12fe593e-e883-5cac-9710-f2ba74198299,13_officer.csv,OFFICER-001254
ef30e6ad-fdd0-5529-ab58-7c26b1663bc3,,,TN-OFFICER-001255,Tamil Nadu Officer OFFICER-001255,Constable,KUMBAKONAM Station,KUMBAKONAM,Station House Officer,,,active,,imported,12fe593e-e883-5cac-9710-f2ba74198299,13_officer.csv,OFFICER-001255
9d16a3f0-22f7-592b-8a10-4aab039a21c2,,,TN-OFFICER-001256,Tamil Nadu Officer OFFICER-001256,Constable,RAMANATHAPURAM Station,RAMANATHAPURAM,Circle Inspector,,,suspended,,imported,12fe593e-e883-5cac-9710-f2ba74198299,13_officer.csv,OFFICER-001256
6cba3038-1ef1-5f63-a98d-da9023caa0da,,,TN-OFFICER-001257,Tamil Nadu Officer OFFICER-001257,Superintendent,CHENGALPATTU Station,CHENGALPATTU,Police Officer,,,retired,,imported,12fe593e-e883-5cac-9710-f2ba74198299,13_officer.csv,OFFICER-001257
8a805084-9093-51ff-8422-09460cb9d6ca,,,TN-OFFICER-001258,Tamil Nadu Officer OFFICER-001258,Sub-Inspector,MADURAI Station,MADURAI,Circle Inspector,,,transferred,,imported,12fe593e-e883-5cac-9710-f2ba74198299,13_officer.csv,OFFICER-001258
2229fdf3-dbe2-5305-aa6a-964c7852c128,,,TN-OFFICER-001259,Tamil Nadu Officer OFFICER-001259,Inspector,CHENGALPATTU Station,CHENGALPATTU,Circle Inspector,,,transferred,,imported,12fe593e-e883-5cac-9710-f2ba74198299,13_officer.csv,OFFICER-001259
f75896bb-cad0-540b-9347-7df7e4275057,,,TN-OFFICER-001260,Tamil Nadu Officer OFFICER-001260,Sub-Inspector,ERODE Station,ERODE,Station House Officer,,,retired,,imported,12fe593e-e883-5cac-9710-f2ba74198299,13_officer.csv,OFFICER-001260
2159315c-3e32-5bf1-96dc-08f4d43dbd52,,,TN-OFFICER-001261,Tamil Nadu Officer OFFICER-001261,Constable,THOOTHUKUDI Station,THOOTHUKUDI,Investigator,,,suspended,,imported,12fe593e-e883-5cac-9710-f2ba74198299,13_officer.csv,OFFICER-001261
94153a43-b06b-5e6b-b612-ea76973761da,,,TN-OFFICER-001262,Tamil Nadu Officer OFFICER-001262,Inspector,TIRUPPUR Station,TIRUPPUR,Circle Inspector,,,retired,,imported,12fe593e-e883-5cac-9710-f2ba74198299,13_officer.csv,OFFICER-001262
a671965c-558f-50be-8da7-d836d67f0e66,,,TN-OFFICER-001263,Tamil Nadu Officer OFFICER-001263,Sub-Inspector,DHARMAPURI Station,DHARMAPURI,Circle Inspector,,,suspended,,imported,12fe593e-e883-5cac-9710-f2ba74198299,13_officer.csv,OFFICER-001263
6646a278-aa0f-549c-bb13-8c48fe2b2725,,,TN-OFFICER-001264,Tamil Nadu Officer OFFICER-001264,Deputy Superintendent,THENI Station,THENI,Station House Officer,,,suspended,,imported,12fe593e-e883-5cac-9710-f2ba74198299,13_officer.csv,OFFICER-001264
bfd52121-7ac4-5dee-b3df-af8b6e29732d,,,TN-OFFICER-001265,Tamil Nadu Officer OFFICER-001265,Inspector,CHENGALPATTU Station,CHENGALPATTU,Police Officer,,,suspended,,imported,12fe593e-e883-5cac-9710-f2ba74198299,13_officer.csv,OFFICER-001265
d654fb23-8b16-5a92-abd8-f11eca3fa8ce,,,TN-OFFICER-001266,Tamil Nadu Officer OFFICER-001266,Inspector,KALLAKURICHI Station,KALLAKURICHI,Sub-Inspector,,,retired,,imported,12fe593e-e883-5cac-9710-f2ba74198299,13_officer.csv,OFFICER-001266
7f30cfa9-3b47-561e-a1b8-e6fbd2632b15,,,TN-OFFICER-001267,Tamil Nadu Officer OFFICER-001267,Assistant Superintendent,THOOTHUKUDI Station,THOOTHUKUDI,Police Officer,,,active,,imported,12fe593e-e883-5cac-9710-f2ba74198299,13_officer.csv,OFFICER-001267
86a0f10b-5329-5719-9a18-fe2b2d50aced,,,TN-OFFICER-001268,Tamil Nadu Officer OFFICER-001268,Superintendent,ERODE Station,ERODE,Police Officer,,,transferred,,imported,12fe593e-e883-5cac-9710-f2ba74198299,13_officer.csv,OFFICER-001268
a3e3ed5f-0bd3-5e6d-ac07-123f78811f53,,,TN-OFFICER-001269,Tamil Nadu Officer OFFICER-001269,Superintendent,MADURAI Station,MADURAI,Police Officer,,,retired,,imported,12fe593e-e883-5cac-9710-f2ba74198299,13_officer.csv,OFFICER-001269
d992d63e-31ef-5455-a05b-0759daa835c9,,,TN-OFFICER-001270,Tamil Nadu Officer OFFICER-001270,Inspector,THE_NILGIRIS Station,THE_NILGIRIS,Sub-Inspector,,,suspended,,imported,12fe593e-e883-5cac-9710-f2ba74198299,13_officer.csv,OFFICER-001270
89239c40-8de4-5ee3-bdfd-404a2f48582e,,,TN-OFFICER-001271,Tamil Nadu Officer OFFICER-001271,Superintendent,TIRUPPUR Station,TIRUPPUR,Police Officer,,,suspended,,imported,12fe593e-e883-5cac-9710-f2ba74198299,13_officer.csv,OFFICER-001271
1c46257c-8345-5f0d-9ac8-bd4cb4a47c27,,,TN-OFFICER-001272,Tamil Nadu Officer OFFICER-001272,Deputy Superintendent,TIRUPPUR Station,TIRUPPUR,Sub-Inspector,,,active,,imported,12fe593e-e883-5cac-9710-f2ba74198299,13_officer.csv,OFFICER-001272
d569284e-f89a-593e-8c92-5732f2144ebe,,,TN-OFFICER-001273,Tamil Nadu Officer OFFICER-001273,Constable,TIRUNELVELI Station,TIRUNELVELI,Circle Inspector,,,retired,,imported,12fe593e-e883-5cac-9710-f2ba74198299,13_officer.csv,OFFICER-001273
18ed0315-1169-5d02-b40b-8bd3f1aed7c1,,,TN-OFFICER-001274,Tamil Nadu Officer OFFICER-001274,Constable,KANYAKUMARI Station,KANYAKUMARI,Sub-Inspector,,,active,,imported,12fe593e-e883-5cac-9710-f2ba74198299,13_officer.csv,OFFICER-001274
553a9382-5179-5351-ac7e-eba6c5d1cbe6,,,TN-OFFICER-001275,Tamil Nadu Officer OFFICER-001275,Superintendent,CHENNAI Station,CHENNAI,Station House Officer,,,suspended,,imported,12fe593e-e883-5cac-9710-f2ba74198299,13_officer.csv,OFFICER-001275
ea7c58d0-5ae7-5cc6-b990-f251dc89db18,,,TN-OFFICER-001276,Tamil Nadu Officer OFFICER-001276,Deputy Superintendent,SALEM Station,SALEM,Investigator,,,suspended,,imported,12fe593e-e883-5cac-9710-f2ba74198299,13_officer.csv,OFFICER-001276
b48e3163-c28c-5fe0-8751-468713c147ad,,,TN-OFFICER-001277,Tamil Nadu Officer OFFICER-001277,Assistant Superintendent,VIRUDHUNAGAR Station,VIRUDHUNAGAR,Circle Inspector,,,transferred,,imported,12fe593e-e883-5cac-9710-f2ba74198299,13_officer.csv,OFFICER-001277
9762028a-420c-5a32-ab2f-010209002581,,,TN-OFFICER-001278,Tamil Nadu Officer OFFICER-001278,Deputy Superintendent,THENI Station,THENI,Investigator,,,suspended,,imported,12fe593e-e883-5cac-9710-f2ba74198299,13_officer.csv,OFFICER-001278
4c085906-1c0d-504e-9805-c9305d058319,,,TN-OFFICER-001279,Tamil Nadu Officer OFFICER-001279,Sub-Inspector,MAYILADUTHURAI Station,MAYILADUTHURAI,Investigator,,,suspended,,imported,12fe593e-e883-5cac-9710-f2ba74198299,13_officer.csv,OFFICER-001279
c6065c86-5453-5b12-8017-6374cdd9a749,,,TN-OFFICER-001280,Tamil Nadu Officer OFFICER-001280,Sub-Inspector,KANCHEEPURAM Station,KANCHEEPURAM,Sub-Inspector,,,retired,,imported,12fe593e-e883-5cac-9710-f2ba74198299,13_officer.csv,OFFICER-001280
a688502c-7adc-5968-a4b7-660840858652,,,TN-OFFICER-001281,Tamil Nadu Officer OFFICER-001281,Inspector,RANIPET Station,RANIPET,Circle Inspector,,,active,,imported,12fe593e-e883-5cac-9710-f2ba74198299,13_officer.csv,OFFICER-001281
c115f644-3483-59aa-ad0c-119b0673950f,,,TN-OFFICER-001282,Tamil Nadu Officer OFFICER-001282,Constable,THIRUVARUR Station,THIRUVARUR,Sub-Inspector,,,active,,imported,12fe593e-e883-5cac-9710-f2ba74198299,13_officer.csv,OFFICER-001282
6b452f26-774c-58d4-aade-0ba7cff235a5,,,TN-OFFICER-001283,Tamil Nadu Officer OFFICER-001283,Constable,ERODE Station,ERODE,Sub-Inspector,,,transferred,,imported,12fe593e-e883-5cac-9710-f2ba74198299,13_officer.csv,OFFICER-001283
691e8fa7-534c-5d2b-922e-290646702b67,,,TN-OFFICER-001284,Tamil Nadu Officer OFFICER-001284,Superintendent,DHARMAPURI Station,DHARMAPURI,Station House Officer,,,retired,,imported,12fe593e-e883-5cac-9710-f2ba74198299,13_officer.csv,OFFICER-001284
8cc65790-403a-5c94-8456-2488f1b4153d,,,TN-OFFICER-001285,Tamil Nadu Officer OFFICER-001285,Deputy Superintendent,SIVAGANGA Station,SIVAGANGA,Circle Inspector,,,active,,imported,12fe593e-e883-5cac-9710-f2ba74198299,13_officer.csv,OFFICER-001285
fb3536d5-fcb1-5572-b98a-d9d3b20dd35b,,,TN-OFFICER-001286,Tamil Nadu Officer OFFICER-001286,Assistant Superintendent,MAYILADUTHURAI Station,MAYILADUTHURAI,Circle Inspector,,,suspended,,imported,12fe593e-e883-5cac-9710-f2ba74198299,13_officer.csv,OFFICER-001286
602b299d-b1d5-527d-9711-52be6b916e17,,,TN-OFFICER-001287,Tamil Nadu Officer OFFICER-001287,Constable,NAMAKKAL Station,NAMAKKAL,Police Officer,,,transferred,,imported,12fe593e-e883-5cac-9710-f2ba74198299,13_officer.csv,OFFICER-001287
55d22f2c-b289-5589-aa09-d1f65923fb18,,,TN-OFFICER-001288,Tamil Nadu Officer OFFICER-001288,Deputy Superintendent,RANIPET Station,RANIPET,Investigator,,,suspended,,imported,12fe593e-e883-5cac-9710-f2ba74198299,13_officer.csv,OFFICER-001288
6a99f1e1-d294-5d67-97fe-c10bab3f9403,,,TN-OFFICER-001289,Tamil Nadu Officer OFFICER-001289,Constable,NAGAPATTINAM Station,NAGAPATTINAM,Investigator,,,suspended,,imported,12fe593e-e883-5cac-9710-f2ba74198299,13_officer.csv,OFFICER-001289
2b5e4823-e131-55dc-8ea6-a8bf55b035bb,,,TN-OFFICER-001290,Tamil Nadu Officer OFFICER-001290,Assistant Superintendent,KUMBAKONAM Station,KUMBAKONAM,Station House Officer,,,active,,imported,12fe593e-e883-5cac-9710-f2ba74198299,13_officer.csv,OFFICER-001290
181ae7de-5068-5c41-b942-ab5b71c16d66,,,TN-OFFICER-001291,Tamil Nadu Officer OFFICER-001291,Inspector,PUDUKOTTAI Station,PUDUKOTTAI,Circle Inspector,,,suspended,,imported,12fe593e-e883-5cac-9710-f2ba74198299,13_officer.csv,OFFICER-001291
56f1fed9-2052-5213-9045-bf8b16fed6bc,,,TN-OFFICER-001292,Tamil Nadu Officer OFFICER-001292,Assistant Superintendent,THOOTHUKUDI Station,THOOTHUKUDI,Sub-Inspector,,,retired,,imported,12fe593e-e883-5cac-9710-f2ba74198299,13_officer.csv,OFFICER-001292
7b445f93-2430-5f0f-9981-9bf043d74343,,,TN-OFFICER-001293,Tamil Nadu Officer OFFICER-001293,Sub-Inspector,MAYILADUTHURAI Station,MAYILADUTHURAI,Sub-Inspector,,,suspended,,imported,12fe593e-e883-5cac-9710-f2ba74198299,13_officer.csv,OFFICER-001293
6d0e16d7-6817-53b7-aab1-9d98fadde258,,,TN-OFFICER-001294,Tamil Nadu Officer OFFICER-001294,Constable,THE_NILGIRIS Station,THE_NILGIRIS,Station House Officer,,,suspended,,imported,12fe593e-e883-5cac-9710-f2ba74198299,13_officer.csv,OFFICER-001294
ac490198-6d8a-5dd0-8b36-775165940be5,,,TN-OFFICER-001295,Tamil Nadu Officer OFFICER-001295,Assistant Superintendent,KANCHEEPURAM Station,KANCHEEPURAM,Police Officer,,,suspended,,imported,12fe593e-e883-5cac-9710-f2ba74198299,13_officer.csv,OFFICER-001295
0fadf6e1-a004-5b04-aa4e-ec5f8180bfa7,,,TN-OFFICER-001296,Tamil Nadu Officer OFFICER-001296,Assistant Superintendent,THIRUVARUR Station,THIRUVARUR,Circle Inspector,,,active,,imported,12fe593e-e883-5cac-9710-f2ba74198299,13_officer.csv,OFFICER-001296
c74fac38-565d-5887-9d29-a616bf02bd86,,,TN-OFFICER-001297,Tamil Nadu Officer OFFICER-001297,Constable,RAMESWARAM Station,RAMESWARAM,Circle Inspector,,,transferred,,imported,12fe593e-e883-5cac-9710-f2ba74198299,13_officer.csv,OFFICER-001297
0b17dfc5-9f68-559b-a8ec-fb146e97d9ed,,,TN-OFFICER-001298,Tamil Nadu Officer OFFICER-001298,Sub-Inspector,KANCHEEPURAM Station,KANCHEEPURAM,Sub-Inspector,,,active,,imported,12fe593e-e883-5cac-9710-f2ba74198299,13_officer.csv,OFFICER-001298
8e8ea354-b15d-532c-9f30-ff0fc4ef98d5,,,TN-OFFICER-001299,Tamil Nadu Officer OFFICER-001299,Sub-Inspector,KANCHEEPURAM Station,KANCHEEPURAM,Circle Inspector,,,retired,,imported,12fe593e-e883-5cac-9710-f2ba74198299,13_officer.csv,OFFICER-001299
0ff5ce72-a779-5612-8144-13fdc5ba598b,,,TN-OFFICER-001300,Tamil Nadu Officer OFFICER-001300,Assistant Superintendent,KANYAKUMARI Station,KANYAKUMARI,Investigator,,,suspended,,imported,12fe593e-e883-5cac-9710-f2ba74198299,13_officer.csv,OFFICER-001300
ccc20531-2095-5dc8-a668-ae1de41038ee,,,TN-OFFICER-001301,Tamil Nadu Officer OFFICER-001301,Constable,THIRUVARUR Station,THIRUVARUR,Investigator,,,transferred,,imported,12fe593e-e883-5cac-9710-f2ba74198299,13_officer.csv,OFFICER-001301
0750004c-7be1-589a-adb3-6e581e93d961,,,TN-OFFICER-001302,Tamil Nadu Officer OFFICER-001302,Assistant Superintendent,TIRUPPUR Station,TIRUPPUR,Investigator,,,suspended,,imported,12fe593e-e883-5cac-9710-f2ba74198299,13_officer.csv,OFFICER-001302
efb0da19-641c-5cfd-aa49-e746bdf8fbd5,,,TN-OFFICER-001303,Tamil Nadu Officer OFFICER-001303,Assistant Superintendent,KANYAKUMARI Station,KANYAKUMARI,Investigator,,,transferred,,imported,12fe593e-e883-5cac-9710-f2ba74198299,13_officer.csv,OFFICER-001303
aafc3409-e1d4-5001-9007-612e62d48c88,,,TN-OFFICER-001304,Tamil Nadu Officer OFFICER-001304,Constable,KUMBAKONAM Station,KUMBAKONAM,Circle Inspector,,,active,,imported,12fe593e-e883-5cac-9710-f2ba74198299,13_officer.csv,OFFICER-001304
1f4e3531-6cab-52bd-b565-06272c0e0d62,,,TN-OFFICER-001305,Tamil Nadu Officer OFFICER-001305,Inspector,KANYAKUMARI Station,KANYAKUMARI,Station House Officer,,,active,,imported,12fe593e-e883-5cac-9710-f2ba74198299,13_officer.csv,OFFICER-001305
d47d259d-825f-581e-b84c-6e03b8511511,,,TN-OFFICER-001306,Tamil Nadu Officer OFFICER-001306,Assistant Superintendent,CHENNAI Station,CHENNAI,Police Officer,,,active,,imported,12fe593e-e883-5cac-9710-f2ba74198299,13_officer.csv,OFFICER-001306
b70e158e-6350-5355-b1e2-941d7615c5fd,,,TN-OFFICER-001307,Tamil Nadu Officer OFFICER-001307,Assistant Superintendent,DINDIGUL Station,DINDIGUL,Sub-Inspector,,,active,,imported,12fe593e-e883-5cac-9710-f2ba74198299,13_officer.csv,OFFICER-001307
1cf898b6-572c-52f2-ae64-be11926737bc,,,TN-OFFICER-001308,Tamil Nadu Officer OFFICER-001308,Constable,THOOTHUKUDI Station,THOOTHUKUDI,Station House Officer,,,retired,,imported,12fe593e-e883-5cac-9710-f2ba74198299,13_officer.csv,OFFICER-001308
20a9a11d-a1fa-5759-b1ed-fb5d5a9b5296,,,TN-OFFICER-001309,Tamil Nadu Officer OFFICER-001309,Sub-Inspector,ARIYALUR Station,ARIYALUR,Investigator,,,suspended,,imported,12fe593e-e883-5cac-9710-f2ba74198299,13_officer.csv,OFFICER-001309
9efbbc69-d5c3-59a3-8498-4fcad51bb18b,,,TN-OFFICER-001310,Tamil Nadu Officer OFFICER-001310,Constable,PUDUKOTTAI Station,PUDUKOTTAI,Circle Inspector,,,suspended,,imported,12fe593e-e883-5cac-9710-f2ba74198299,13_officer.csv,OFFICER-001310
f9b4498d-849e-5443-85ba-c555f12f9d41,,,TN-OFFICER-001311,Tamil Nadu Officer OFFICER-001311,Inspector,KALLAKURICHI Station,KALLAKURICHI,Circle Inspector,,,suspended,,imported,12fe593e-e883-5cac-9710-f2ba74198299,13_officer.csv,OFFICER-001311
ac1cb336-743a-5a73-9e29-f5217f17f4a2,,,TN-OFFICER-001312,Tamil Nadu Officer OFFICER-001312,Deputy Superintendent,RANIPET Station,RANIPET,Circle Inspector,,,retired,,imported,12fe593e-e883-5cac-9710-f2ba74198299,13_officer.csv,OFFICER-001312
1cd77e8a-eb28-528a-820b-c83cc1db4642,,,TN-OFFICER-001313,Tamil Nadu Officer OFFICER-001313,Inspector,KANCHEEPURAM Station,KANCHEEPURAM,Police Officer,,,transferred,,imported,12fe593e-e883-5cac-9710-f2ba74198299,13_officer.csv,OFFICER-001313
ad114ebd-aefd-54ac-84f4-0c27bec76a36,,,TN-OFFICER-001314,Tamil Nadu Officer OFFICER-001314,Deputy Superintendent,KANCHEEPURAM Station,KANCHEEPURAM,Circle Inspector,,,suspended,,imported,12fe593e-e883-5cac-9710-f2ba74198299,13_officer.csv,OFFICER-001314
7c12075a-77e8-5784-afdd-2ad4d9f20f77,,,TN-OFFICER-001315,Tamil Nadu Officer OFFICER-001315,Inspector,VIRUDHUNAGAR Station,VIRUDHUNAGAR,Sub-Inspector,,,active,,imported,12fe593e-e883-5cac-9710-f2ba74198299,13_officer.csv,OFFICER-001315
3d8c6479-32a1-58f5-b10f-c26a24b68cd5,,,TN-OFFICER-001316,Tamil Nadu Officer OFFICER-001316,Assistant Superintendent,NAGAPATTINAM Station,NAGAPATTINAM,Police Officer,,,active,,imported,12fe593e-e883-5cac-9710-f2ba74198299,13_officer.csv,OFFICER-001316
91e8f5ed-053e-51ab-8ace-20d8737a7f16,,,TN-OFFICER-001317,Tamil Nadu Officer OFFICER-001317,Sub-Inspector,RAMESWARAM Station,RAMESWARAM,Investigator,,,active,,imported,12fe593e-e883-5cac-9710-f2ba74198299,13_officer.csv,OFFICER-001317
c22598b8-661c-5120-9be7-20e00dd8356d,,,TN-OFFICER-001318,Tamil Nadu Officer OFFICER-001318,Deputy Superintendent,NAGAPATTINAM Station,NAGAPATTINAM,Police Officer,,,suspended,,imported,12fe593e-e883-5cac-9710-f2ba74198299,13_officer.csv,OFFICER-001318
c4dbc8da-f27c-5bc8-90fa-1fff2ade689c,,,TN-OFFICER-001319,Tamil Nadu Officer OFFICER-001319,Constable,KANYAKUMARI Station,KANYAKUMARI,Investigator,,,active,,imported,12fe593e-e883-5cac-9710-f2ba74198299,13_officer.csv,OFFICER-001319
14f6ae90-f28e-5681-bbef-ec9f1e0928b2,,,TN-OFFICER-001320,Tamil Nadu Officer OFFICER-001320,Superintendent,THIRUVALLUR Station,THIRUVALLUR,Investigator,,,active,,imported,12fe593e-e883-5cac-9710-f2ba74198299,13_officer.csv,OFFICER-001320
321b9bb4-a026-519c-a9fd-50d6b55c250f,,,TN-OFFICER-001321,Tamil Nadu Officer OFFICER-001321,Inspector,ARIYALUR Station,ARIYALUR,Investigator,,,retired,,imported,12fe593e-e883-5cac-9710-f2ba74198299,13_officer.csv,OFFICER-001321
37d450f5-205d-5288-b5d4-93ab1476a540,,,TN-OFFICER-001322,Tamil Nadu Officer OFFICER-001322,Superintendent,THENI Station,THENI,Circle Inspector,,,active,,imported,12fe593e-e883-5cac-9710-f2ba74198299,13_officer.csv,OFFICER-001322
f33eeb89-eb54-522c-b0a7-914cb7b55f1a,,,TN-OFFICER-001323,Tamil Nadu Officer OFFICER-001323,Superintendent,THENI Station,THENI,Investigator,,,retired,,imported,12fe593e-e883-5cac-9710-f2ba74198299,13_officer.csv,OFFICER-001323
b2ea9c15-0621-559b-8cea-d575e131e728,,,TN-OFFICER-001324,Tamil Nadu Officer OFFICER-001324,Deputy Superintendent,RANIPET Station,RANIPET,Sub-Inspector,,,transferred,,imported,12fe593e-e883-5cac-9710-f2ba74198299,13_officer.csv,OFFICER-001324
d574a5c9-79c0-503d-aa85-b4fd01921d01,,,TN-OFFICER-001325,Tamil Nadu Officer OFFICER-001325,Inspector,CHENGALPATTU Station,CHENGALPATTU,Station House Officer,,,suspended,,imported,12fe593e-e883-5cac-9710-f2ba74198299,13_officer.csv,OFFICER-001325
b9c0550f-0ecc-5ad5-8e13-48091f9c68f7,,,TN-OFFICER-001326,Tamil Nadu Officer OFFICER-001326,Sub-Inspector,THIRUVARUR Station,THIRUVARUR,Sub-Inspector,,,suspended,,imported,12fe593e-e883-5cac-9710-f2ba74198299,13_officer.csv,OFFICER-001326
d74d391a-20ab-5625-8020-86f1f536ae9a,,,TN-OFFICER-001327,Tamil Nadu Officer OFFICER-001327,Sub-Inspector,NAMAKKAL Station,NAMAKKAL,Investigator,,,suspended,,imported,12fe593e-e883-5cac-9710-f2ba74198299,13_officer.csv,OFFICER-001327
d042e9d1-dd36-5a85-95ad-9f2b5dd3c7a2,,,TN-OFFICER-001328,Tamil Nadu Officer OFFICER-001328,Superintendent,THENI Station,THENI,Police Officer,,,suspended,,imported,12fe593e-e883-5cac-9710-f2ba74198299,13_officer.csv,OFFICER-001328
d9decacf-bc89-522b-bec7-3682a1db536e,,,TN-OFFICER-001329,Tamil Nadu Officer OFFICER-001329,Inspector,RAMESWARAM Station,RAMESWARAM,Investigator,,,transferred,,imported,12fe593e-e883-5cac-9710-f2ba74198299,13_officer.csv,OFFICER-001329
d25aaf33-57d6-58f3-8ecc-6c62346b1056,,,TN-OFFICER-001330,Tamil Nadu Officer OFFICER-001330,Sub-Inspector,THENI Station,THENI,Station House Officer,,,transferred,,imported,12fe593e-e883-5cac-9710-f2ba74198299,13_officer.csv,OFFICER-001330
1ad936be-aedc-50ce-8251-49163a8002d4,,,TN-OFFICER-001331,Tamil Nadu Officer OFFICER-001331,Superintendent,KUMBAKONAM Station,KUMBAKONAM,Circle Inspector,,,suspended,,imported,12fe593e-e883-5cac-9710-f2ba74198299,13_officer.csv,OFFICER-001331
1f9474c8-63c9-54ff-97dc-306e75208caa,,,TN-OFFICER-001332,Tamil Nadu Officer OFFICER-001332,Superintendent,VIRUDHUNAGAR Station,VIRUDHUNAGAR,Station House Officer,,,active,,imported,12fe593e-e883-5cac-9710-f2ba74198299,13_officer.csv,OFFICER-001332
e38923bc-59df-502c-9a34-2c4e5b5b3bbe,,,TN-OFFICER-001333,Tamil Nadu Officer OFFICER-001333,Inspector,KALLAKURICHI Station,KALLAKURICHI,Circle Inspector,,,active,,imported,12fe593e-e883-5cac-9710-f2ba74198299,13_officer.csv,OFFICER-001333
a6db57e3-d884-5d2b-9e48-1641b50d2d33,,,TN-OFFICER-001334,Tamil Nadu Officer OFFICER-001334,Constable,CUDDALORE Station,CUDDALORE,Station House Officer,,,transferred,,imported,12fe593e-e883-5cac-9710-f2ba74198299,13_officer.csv,OFFICER-001334
df859f3f-6804-5d07-beb9-cf3bb1337bdd,,,TN-OFFICER-001335,Tamil Nadu Officer OFFICER-001335,Deputy Superintendent,VIRUDHUNAGAR Station,VIRUDHUNAGAR,Police Officer,,,transferred,,imported,12fe593e-e883-5cac-9710-f2ba74198299,13_officer.csv,OFFICER-001335
9a1502bb-ef28-5d33-ab71-71228ab95879,,,TN-OFFICER-001336,Tamil Nadu Officer OFFICER-001336,Constable,MADURAI Station,MADURAI,Circle Inspector,,,retired,,imported,12fe593e-e883-5cac-9710-f2ba74198299,13_officer.csv,OFFICER-001336
a82d9a8f-2f05-551b-a46c-5f93cca51c99,,,TN-OFFICER-001337,Tamil Nadu Officer OFFICER-001337,Deputy Superintendent,TENKASI Station,TENKASI,Police Officer,,,active,,imported,12fe593e-e883-5cac-9710-f2ba74198299,13_officer.csv,OFFICER-001337
f9201bd8-3ef0-5669-869f-041f405f2cab,,,TN-OFFICER-001338,Tamil Nadu Officer OFFICER-001338,Assistant Superintendent,KANYAKUMARI Station,KANYAKUMARI,Police Officer,,,transferred,,imported,12fe593e-e883-5cac-9710-f2ba74198299,13_officer.csv,OFFICER-001338
90a1f65d-e376-51e6-a061-52e7edc86963,,,TN-OFFICER-001339,Tamil Nadu Officer OFFICER-001339,Deputy Superintendent,SIVAGANGA Station,SIVAGANGA,Station House Officer,,,suspended,,imported,12fe593e-e883-5cac-9710-f2ba74198299,13_officer.csv,OFFICER-001339
be2f1fa3-6ff1-5ba3-9217-363995ebf32b,,,TN-OFFICER-001340,Tamil Nadu Officer OFFICER-001340,Assistant Superintendent,TIRUPATHUR Station,TIRUPATHUR,Police Officer,,,transferred,,imported,12fe593e-e883-5cac-9710-f2ba74198299,13_officer.csv,OFFICER-001340
0062a4a0-42df-5ecb-a196-e9b61083fc2c,,,TN-OFFICER-001341,Tamil Nadu Officer OFFICER-001341,Sub-Inspector,DHARMAPURI Station,DHARMAPURI,Investigator,,,suspended,,imported,12fe593e-e883-5cac-9710-f2ba74198299,13_officer.csv,OFFICER-001341
ed0a2fa0-bbd1-53b2-aba2-dbc408b6b367,,,TN-OFFICER-001342,Tamil Nadu Officer OFFICER-001342,Superintendent,NAMAKKAL Station,NAMAKKAL,Circle Inspector,,,active,,imported,12fe593e-e883-5cac-9710-f2ba74198299,13_officer.csv,OFFICER-001342
727d77d7-2a6f-5e79-a429-ec279d0467ca,,,TN-OFFICER-001343,Tamil Nadu Officer OFFICER-001343,Superintendent,PUDUKOTTAI Station,PUDUKOTTAI,Circle Inspector,,,transferred,,imported,12fe593e-e883-5cac-9710-f2ba74198299,13_officer.csv,OFFICER-001343
29250f7d-25de-58ea-bd0a-c65002843386,,,TN-OFFICER-001344,Tamil Nadu Officer OFFICER-001344,Sub-Inspector,NAMAKKAL Station,NAMAKKAL,Circle Inspector,,,suspended,,imported,12fe593e-e883-5cac-9710-f2ba74198299,13_officer.csv,OFFICER-001344
d0910b73-91f5-572e-b3cb-bcb0439f7ff0,,,TN-OFFICER-001345,Tamil Nadu Officer OFFICER-001345,Sub-Inspector,TIRUCHIRAPPALLI Station,TIRUCHIRAPPALLI,Police Officer,,,suspended,,imported,12fe593e-e883-5cac-9710-f2ba74198299,13_officer.csv,OFFICER-001345
2c79080f-7055-5860-bb73-f2d564cff602,,,TN-OFFICER-001346,Tamil Nadu Officer OFFICER-001346,Deputy Superintendent,TIRUCHIRAPPALLI Station,TIRUCHIRAPPALLI,Investigator,,,active,,imported,12fe593e-e883-5cac-9710-f2ba74198299,13_officer.csv,OFFICER-001346
669d3f79-0d13-57ce-ae83-f1ba58a92b56,,,TN-OFFICER-001347,Tamil Nadu Officer OFFICER-001347,Constable,COIMBATORE Station,COIMBATORE,Station House Officer,,,suspended,,imported,12fe593e-e883-5cac-9710-f2ba74198299,13_officer.csv,OFFICER-001347
46c49e50-f990-5bb9-83be-aa8065df686c,,,TN-OFFICER-001348,Tamil Nadu Officer OFFICER-001348,Superintendent,TIRUNELVELI Station,TIRUNELVELI,Investigator,,,retired,,imported,12fe593e-e883-5cac-9710-f2ba74198299,13_officer.csv,OFFICER-001348
7bb0b731-0355-5987-a566-2ec5c8ae66c7,,,TN-OFFICER-001349,Tamil Nadu Officer OFFICER-001349,Deputy Superintendent,MADURAI Station,MADURAI,Sub-Inspector,,,transferred,,imported,12fe593e-e883-5cac-9710-f2ba74198299,13_officer.csv,OFFICER-001349
477e5ee8-c5fc-58f9-9a01-15d008d9b3ee,,,TN-OFFICER-001350,Tamil Nadu Officer OFFICER-001350,Deputy Superintendent,THENI Station,THENI,Station House Officer,,,active,,imported,12fe593e-e883-5cac-9710-f2ba74198299,13_officer.csv,OFFICER-001350
fcf85642-6e78-5299-9018-a936c15a53ff,,,TN-OFFICER-001351,Tamil Nadu Officer OFFICER-001351,Assistant Superintendent,THE_NILGIRIS Station,THE_NILGIRIS,Station House Officer,,,retired,,imported,12fe593e-e883-5cac-9710-f2ba74198299,13_officer.csv,OFFICER-001351
c023e132-c517-5b86-a4c7-a9a613125b9f,,,TN-OFFICER-001352,Tamil Nadu Officer OFFICER-001352,Assistant Superintendent,ARIYALUR Station,ARIYALUR,Police Officer,,,active,,imported,12fe593e-e883-5cac-9710-f2ba74198299,13_officer.csv,OFFICER-001352
a9908930-8b15-5c96-b55f-b8821fdc4705,,,TN-OFFICER-001353,Tamil Nadu Officer OFFICER-001353,Superintendent,THOOTHUKUDI Station,THOOTHUKUDI,Station House Officer,,,active,,imported,12fe593e-e883-5cac-9710-f2ba74198299,13_officer.csv,OFFICER-001353
bf1eb411-5874-5da7-9354-572eed0e574d,,,TN-OFFICER-001354,Tamil Nadu Officer OFFICER-001354,Constable,TIRUCHIRAPPALLI Station,TIRUCHIRAPPALLI,Police Officer,,,active,,imported,12fe593e-e883-5cac-9710-f2ba74198299,13_officer.csv,OFFICER-001354
026317aa-bf6a-56f7-bf94-e460e6748f5f,,,TN-OFFICER-001355,Tamil Nadu Officer OFFICER-001355,Assistant Superintendent,SIVAGANGA Station,SIVAGANGA,Police Officer,,,suspended,,imported,12fe593e-e883-5cac-9710-f2ba74198299,13_officer.csv,OFFICER-001355
dc354da2-4e48-5e5a-9038-97213cebb8e5,,,TN-OFFICER-001356,Tamil Nadu Officer OFFICER-001356,Assistant Superintendent,CHENNAI Station,CHENNAI,Station House Officer,,,transferred,,imported,12fe593e-e883-5cac-9710-f2ba74198299,13_officer.csv,OFFICER-001356
27398c54-e0bb-55d8-8b81-aad96dd79792,,,TN-OFFICER-001357,Tamil Nadu Officer OFFICER-001357,Assistant Superintendent,NAMAKKAL Station,NAMAKKAL,Sub-Inspector,,,suspended,,imported,12fe593e-e883-5cac-9710-f2ba74198299,13_officer.csv,OFFICER-001357
4867a3b3-f648-5d80-806c-6b755ae890a3,,,TN-OFFICER-001358,Tamil Nadu Officer OFFICER-001358,Inspector,SALEM Station,SALEM,Investigator,,,suspended,,imported,12fe593e-e883-5cac-9710-f2ba74198299,13_officer.csv,OFFICER-001358
0158f16b-23ab-53cb-9f61-ff60f26f195b,,,TN-OFFICER-001359,Tamil Nadu Officer OFFICER-001359,Deputy Superintendent,KARUR Station,KARUR,Circle Inspector,,,suspended,,imported,12fe593e-e883-5cac-9710-f2ba74198299,13_officer.csv,OFFICER-001359
9c56812a-36b9-5b57-8247-cedc33edf1f1,,,TN-OFFICER-001360,Tamil Nadu Officer OFFICER-001360,Constable,THIRUVALLUR Station,THIRUVALLUR,Circle Inspector,,,retired,,imported,12fe593e-e883-5cac-9710-f2ba74198299,13_officer.csv,OFFICER-001360
7e285805-ebe8-5db2-a075-90ce64af6af8,,,TN-OFFICER-001361,Tamil Nadu Officer OFFICER-001361,Inspector,DINDIGUL Station,DINDIGUL,Station House Officer,,,transferred,,imported,12fe593e-e883-5cac-9710-f2ba74198299,13_officer.csv,OFFICER-001361
912a7ef1-37ff-5ae2-9053-130cd38ef3b1,,,TN-OFFICER-001362,Tamil Nadu Officer OFFICER-001362,Sub-Inspector,KUMBAKONAM Station,KUMBAKONAM,Investigator,,,transferred,,imported,12fe593e-e883-5cac-9710-f2ba74198299,13_officer.csv,OFFICER-001362
3aa919dc-e6c9-5541-b28b-7f44bc59a4bc,,,TN-OFFICER-001363,Tamil Nadu Officer OFFICER-001363,Assistant Superintendent,CUDDALORE Station,CUDDALORE,Investigator,,,suspended,,imported,12fe593e-e883-5cac-9710-f2ba74198299,13_officer.csv,OFFICER-001363
576a3768-2597-5311-aca9-c61885aab593,,,TN-OFFICER-001364,Tamil Nadu Officer OFFICER-001364,Deputy Superintendent,THOOTHUKUDI Station,THOOTHUKUDI,Sub-Inspector,,,retired,,imported,12fe593e-e883-5cac-9710-f2ba74198299,13_officer.csv,OFFICER-001364
433de5be-9315-5a54-82b3-adea34e0f70b,,,TN-OFFICER-001365,Tamil Nadu Officer OFFICER-001365,Superintendent,CUDDALORE Station,CUDDALORE,Circle Inspector,,,suspended,,imported,12fe593e-e883-5cac-9710-f2ba74198299,13_officer.csv,OFFICER-001365
840f42de-40e1-57d8-961f-a9ab9caafd29,,,TN-OFFICER-001366,Tamil Nadu Officer OFFICER-001366,Inspector,VIRUDHUNAGAR Station,VIRUDHUNAGAR,Circle Inspector,,,suspended,,imported,12fe593e-e883-5cac-9710-f2ba74198299,13_officer.csv,OFFICER-001366
9b39fe6a-490b-5fec-910f-2fa3ff8db290,,,TN-OFFICER-001367,Tamil Nadu Officer OFFICER-001367,Inspector,MADURAI Station,MADURAI,Investigator,,,transferred,,imported,12fe593e-e883-5cac-9710-f2ba74198299,13_officer.csv,OFFICER-001367
93977522-c405-5965-8161-9b6a4e1f49ff,,,TN-OFFICER-001368,Tamil Nadu Officer OFFICER-001368,Sub-Inspector,VIRUDHUNAGAR Station,VIRUDHUNAGAR,Station House Officer,,,retired,,imported,12fe593e-e883-5cac-9710-f2ba74198299,13_officer.csv,OFFICER-001368
0d7b4d9f-a7bb-5499-ab0d-481a74d19201,,,TN-OFFICER-001369,Tamil Nadu Officer OFFICER-001369,Inspector,NAGAPATTINAM Station,NAGAPATTINAM,Station House Officer,,,suspended,,imported,12fe593e-e883-5cac-9710-f2ba74198299,13_officer.csv,OFFICER-001369
4e982972-d07c-5c9a-b3cc-09602e69463e,,,TN-OFFICER-001370,Tamil Nadu Officer OFFICER-001370,Constable,DHARMAPURI Station,DHARMAPURI,Circle Inspector,,,transferred,,imported,12fe593e-e883-5cac-9710-f2ba74198299,13_officer.csv,OFFICER-001370
0ee6285e-9dcb-50a3-b7e4-61b0e7d779f7,,,TN-OFFICER-001371,Tamil Nadu Officer OFFICER-001371,Assistant Superintendent,TIRUPATHUR Station,TIRUPATHUR,Investigator,,,suspended,,imported,12fe593e-e883-5cac-9710-f2ba74198299,13_officer.csv,OFFICER-001371
7b9516ce-7e9a-5198-b169-6f8a113a877d,,,TN-OFFICER-001372,Tamil Nadu Officer OFFICER-001372,Superintendent,TIRUCHIRAPPALLI Station,TIRUCHIRAPPALLI,Sub-Inspector,,,transferred,,imported,12fe593e-e883-5cac-9710-f2ba74198299,13_officer.csv,OFFICER-001372
163c6d0a-434c-5bd4-81a9-f4994893f720,,,TN-OFFICER-001373,Tamil Nadu Officer OFFICER-001373,Constable,RAMESWARAM Station,RAMESWARAM,Investigator,,,active,,imported,12fe593e-e883-5cac-9710-f2ba74198299,13_officer.csv,OFFICER-001373
1254acd3-010a-58ee-8568-ad288b733191,,,TN-OFFICER-001374,Tamil Nadu Officer OFFICER-001374,Superintendent,CHENGALPATTU Station,CHENGALPATTU,Investigator,,,suspended,,imported,12fe593e-e883-5cac-9710-f2ba74198299,13_officer.csv,OFFICER-001374
9dc3834f-af82-54d5-96b2-d7d4210b3106,,,TN-OFFICER-001375,Tamil Nadu Officer OFFICER-001375,Inspector,KRISHNAGIRI Station,KRISHNAGIRI,Station House Officer,,,retired,,imported,12fe593e-e883-5cac-9710-f2ba74198299,13_officer.csv,OFFICER-001375
b13432c3-9aeb-53f3-990f-bc364f98930c,,,TN-OFFICER-001376,Tamil Nadu Officer OFFICER-001376,Assistant Superintendent,KARUR Station,KARUR,Police Officer,,,active,,imported,12fe593e-e883-5cac-9710-f2ba74198299,13_officer.csv,OFFICER-001376
77db7caf-41c0-58c4-bc3a-586a6356fa34,,,TN-OFFICER-001377,Tamil Nadu Officer OFFICER-001377,Superintendent,MADURAI Station,MADURAI,Circle Inspector,,,suspended,,imported,12fe593e-e883-5cac-9710-f2ba74198299,13_officer.csv,OFFICER-001377
c3da5d4e-ec63-5aa5-a6bf-dc73cba45c14,,,TN-OFFICER-001378,Tamil Nadu Officer OFFICER-001378,Superintendent,SALEM Station,SALEM,Investigator,,,suspended,,imported,12fe593e-e883-5cac-9710-f2ba74198299,13_officer.csv,OFFICER-001378
c5ffb553-4fed-544b-aa1d-ec0ef056e7a9,,,TN-OFFICER-001379,Tamil Nadu Officer OFFICER-001379,Superintendent,DHARMAPURI Station,DHARMAPURI,Station House Officer,,,active,,imported,12fe593e-e883-5cac-9710-f2ba74198299,13_officer.csv,OFFICER-001379
5c37986c-db44-5299-947c-117813d188bc,,,TN-OFFICER-001380,Tamil Nadu Officer OFFICER-001380,Assistant Superintendent,TIRUPPUR Station,TIRUPPUR,Station House Officer,,,suspended,,imported,12fe593e-e883-5cac-9710-f2ba74198299,13_officer.csv,OFFICER-001380
84e2d24d-0e03-5bb4-9701-b70ab9f6b533,,,TN-OFFICER-001381,Tamil Nadu Officer OFFICER-001381,Inspector,CHENNAI Station,CHENNAI,Station House Officer,,,active,,imported,12fe593e-e883-5cac-9710-f2ba74198299,13_officer.csv,OFFICER-001381
ef168033-074e-5d19-95f6-362fadd411be,,,TN-OFFICER-001382,Tamil Nadu Officer OFFICER-001382,Sub-Inspector,VILUPPURAM Station,VILUPPURAM,Police Officer,,,transferred,,imported,12fe593e-e883-5cac-9710-f2ba74198299,13_officer.csv,OFFICER-001382
af46fbc3-e91d-58da-b9bf-0da7e8cc3af2,,,TN-OFFICER-001383,Tamil Nadu Officer OFFICER-001383,Deputy Superintendent,PERAMBALUR Station,PERAMBALUR,Investigator,,,retired,,imported,12fe593e-e883-5cac-9710-f2ba74198299,13_officer.csv,OFFICER-001383
897cfdf2-866a-583a-a30c-d3bf3a201754,,,TN-OFFICER-001384,Tamil Nadu Officer OFFICER-001384,Inspector,KANYAKUMARI Station,KANYAKUMARI,Station House Officer,,,active,,imported,12fe593e-e883-5cac-9710-f2ba74198299,13_officer.csv,OFFICER-001384
33a2c74f-8933-5eaf-9a9b-0d2403e79eda,,,TN-OFFICER-001385,Tamil Nadu Officer OFFICER-001385,Sub-Inspector,RAMANATHAPURAM Station,RAMANATHAPURAM,Station House Officer,,,suspended,,imported,12fe593e-e883-5cac-9710-f2ba74198299,13_officer.csv,OFFICER-001385
d3ace7e5-6e33-5909-bd55-6e65f3277028,,,TN-OFFICER-001386,Tamil Nadu Officer OFFICER-001386,Deputy Superintendent,ERODE Station,ERODE,Circle Inspector,,,suspended,,imported,12fe593e-e883-5cac-9710-f2ba74198299,13_officer.csv,OFFICER-001386
ec85512a-5147-5b7b-8919-1db7304db82c,,,TN-OFFICER-001387,Tamil Nadu Officer OFFICER-001387,Assistant Superintendent,NAMAKKAL Station,NAMAKKAL,Sub-Inspector,,,transferred,,imported,12fe593e-e883-5cac-9710-f2ba74198299,13_officer.csv,OFFICER-001387
c2fd4f4f-eeab-502c-9f93-d192560ca88b,,,TN-OFFICER-001388,Tamil Nadu Officer OFFICER-001388,Inspector,CUDDALORE Station,CUDDALORE,Investigator,,,transferred,,imported,12fe593e-e883-5cac-9710-f2ba74198299,13_officer.csv,OFFICER-001388
56b5aa0f-033e-5583-a9ae-b13f9db928d2,,,TN-OFFICER-001389,Tamil Nadu Officer OFFICER-001389,Assistant Superintendent,ARIYALUR Station,ARIYALUR,Circle Inspector,,,active,,imported,12fe593e-e883-5cac-9710-f2ba74198299,13_officer.csv,OFFICER-001389
89285c9b-18c1-5658-9a4b-71b1810fc6f1,,,TN-OFFICER-001390,Tamil Nadu Officer OFFICER-001390,Superintendent,PERAMBALUR Station,PERAMBALUR,Sub-Inspector,,,active,,imported,12fe593e-e883-5cac-9710-f2ba74198299,13_officer.csv,OFFICER-001390
9d953370-55e3-5aa6-a71e-34b78d8bbb30,,,TN-OFFICER-001391,Tamil Nadu Officer OFFICER-001391,Deputy Superintendent,TIRUPATHUR Station,TIRUPATHUR,Investigator,,,transferred,,imported,12fe593e-e883-5cac-9710-f2ba74198299,13_officer.csv,OFFICER-001391
e43ed326-a4b2-5d90-afed-687090e2bb2b,,,TN-OFFICER-001392,Tamil Nadu Officer OFFICER-001392,Superintendent,DHARMAPURI Station,DHARMAPURI,Police Officer,,,transferred,,imported,12fe593e-e883-5cac-9710-f2ba74198299,13_officer.csv,OFFICER-001392
af9f7236-1a6c-5bb6-89b9-56e4e90411d0,,,TN-OFFICER-001393,Tamil Nadu Officer OFFICER-001393,Superintendent,NAGAPATTINAM Station,NAGAPATTINAM,Station House Officer,,,transferred,,imported,12fe593e-e883-5cac-9710-f2ba74198299,13_officer.csv,OFFICER-001393
757a67b5-74be-5079-ae3d-32845ae5ad9c,,,TN-OFFICER-001394,Tamil Nadu Officer OFFICER-001394,Inspector,ARIYALUR Station,ARIYALUR,Police Officer,,,active,,imported,12fe593e-e883-5cac-9710-f2ba74198299,13_officer.csv,OFFICER-001394
ae1968bf-52dc-55fb-b660-e6b3bea45d2a,,,TN-OFFICER-001395,Tamil Nadu Officer OFFICER-001395,Sub-Inspector,CHENNAI Station,CHENNAI,Police Officer,,,transferred,,imported,12fe593e-e883-5cac-9710-f2ba74198299,13_officer.csv,OFFICER-001395
4569542b-b9cf-5efb-83e6-f566ee85c2a6,,,TN-OFFICER-001396,Tamil Nadu Officer OFFICER-001396,Assistant Superintendent,RANIPET Station,RANIPET,Station House Officer,,,retired,,imported,12fe593e-e883-5cac-9710-f2ba74198299,13_officer.csv,OFFICER-001396
c0169064-2cfb-515e-8c01-92feb4b01310,,,TN-OFFICER-001397,Tamil Nadu Officer OFFICER-001397,Constable,VIRUDHUNAGAR Station,VIRUDHUNAGAR,Investigator,,,suspended,,imported,12fe593e-e883-5cac-9710-f2ba74198299,13_officer.csv,OFFICER-001397
86b01e6d-6eb2-5cee-ae74-6cf6122ad0a7,,,TN-OFFICER-001398,Tamil Nadu Officer OFFICER-001398,Superintendent,VIRUDHUNAGAR Station,VIRUDHUNAGAR,Sub-Inspector,,,retired,,imported,12fe593e-e883-5cac-9710-f2ba74198299,13_officer.csv,OFFICER-001398
207b44a9-8899-56db-ad5f-972f7b7ba70e,,,TN-OFFICER-001399,Tamil Nadu Officer OFFICER-001399,Inspector,VILUPPURAM Station,VILUPPURAM,Sub-Inspector,,,suspended,,imported,12fe593e-e883-5cac-9710-f2ba74198299,13_officer.csv,OFFICER-001399
4eb40d4f-7f8e-5673-8290-497940107dcd,,,TN-OFFICER-001400,Tamil Nadu Officer OFFICER-001400,Constable,THENI Station,THENI,Station House Officer,,,active,,imported,12fe593e-e883-5cac-9710-f2ba74198299,13_officer.csv,OFFICER-001400
962476de-115d-54d9-88fa-ab3f12e16acb,,,TN-OFFICER-001401,Tamil Nadu Officer OFFICER-001401,Assistant Superintendent,RAMANATHAPURAM Station,RAMANATHAPURAM,Station House Officer,,,suspended,,imported,12fe593e-e883-5cac-9710-f2ba74198299,13_officer.csv,OFFICER-001401
d69aa928-cae4-55b0-beab-67dcf8c24a36,,,TN-OFFICER-001402,Tamil Nadu Officer OFFICER-001402,Assistant Superintendent,KANCHEEPURAM Station,KANCHEEPURAM,Station House Officer,,,active,,imported,12fe593e-e883-5cac-9710-f2ba74198299,13_officer.csv,OFFICER-001402
e137462e-2444-54ce-9963-1649cdbe27c0,,,TN-OFFICER-001403,Tamil Nadu Officer OFFICER-001403,Superintendent,DHARMAPURI Station,DHARMAPURI,Circle Inspector,,,suspended,,imported,12fe593e-e883-5cac-9710-f2ba74198299,13_officer.csv,OFFICER-001403
cb86f4d1-d731-5289-bc44-05a0d35d04d1,,,TN-OFFICER-001404,Tamil Nadu Officer OFFICER-001404,Constable,TIRUNELVELI Station,TIRUNELVELI,Station House Officer,,,active,,imported,12fe593e-e883-5cac-9710-f2ba74198299,13_officer.csv,OFFICER-001404
d99c5a2d-1d47-53b2-b5f5-1eff8425f594,,,TN-OFFICER-001405,Tamil Nadu Officer OFFICER-001405,Sub-Inspector,KUMBAKONAM Station,KUMBAKONAM,Investigator,,,transferred,,imported,12fe593e-e883-5cac-9710-f2ba74198299,13_officer.csv,OFFICER-001405
768f7a40-a19f-57af-bd7e-d5653efb56c2,,,TN-OFFICER-001406,Tamil Nadu Officer OFFICER-001406,Superintendent,SIVAGANGA Station,SIVAGANGA,Station House Officer,,,active,,imported,12fe593e-e883-5cac-9710-f2ba74198299,13_officer.csv,OFFICER-001406
4aa4a6a0-a840-560e-813e-a3069b109534,,,TN-OFFICER-001407,Tamil Nadu Officer OFFICER-001407,Constable,TIRUNELVELI Station,TIRUNELVELI,Police Officer,,,suspended,,imported,12fe593e-e883-5cac-9710-f2ba74198299,13_officer.csv,OFFICER-001407
ea54481e-1f3f-5dab-9f3b-2152e55c607f,,,TN-OFFICER-001408,Tamil Nadu Officer OFFICER-001408,Deputy Superintendent,THOOTHUKUDI Station,THOOTHUKUDI,Investigator,,,suspended,,imported,12fe593e-e883-5cac-9710-f2ba74198299,13_officer.csv,OFFICER-001408
356211df-1025-56c3-8608-f7837926536d,,,TN-OFFICER-001409,Tamil Nadu Officer OFFICER-001409,Inspector,PUDUKOTTAI Station,PUDUKOTTAI,Station House Officer,,,retired,,imported,12fe593e-e883-5cac-9710-f2ba74198299,13_officer.csv,OFFICER-001409
d595daf9-c6bc-5a84-acc1-5186ef8c08a3,,,TN-OFFICER-001410,Tamil Nadu Officer OFFICER-001410,Assistant Superintendent,MADURAI Station,MADURAI,Police Officer,,,suspended,,imported,12fe593e-e883-5cac-9710-f2ba74198299,13_officer.csv,OFFICER-001410
72650681-3711-56c5-b24d-192809d3b756,,,TN-OFFICER-001411,Tamil Nadu Officer OFFICER-001411,Sub-Inspector,THIRUVARUR Station,THIRUVARUR,Circle Inspector,,,active,,imported,12fe593e-e883-5cac-9710-f2ba74198299,13_officer.csv,OFFICER-001411
e5b791c7-1c0a-5d2a-b65f-d893c01c93df,,,TN-OFFICER-001412,Tamil Nadu Officer OFFICER-001412,Superintendent,KRISHNAGIRI Station,KRISHNAGIRI,Police Officer,,,active,,imported,12fe593e-e883-5cac-9710-f2ba74198299,13_officer.csv,OFFICER-001412
5a1081d5-29c0-5687-bef5-2141aebe2324,,,TN-OFFICER-001413,Tamil Nadu Officer OFFICER-001413,Assistant Superintendent,ERODE Station,ERODE,Police Officer,,,active,,imported,12fe593e-e883-5cac-9710-f2ba74198299,13_officer.csv,OFFICER-001413
9d7e8916-9c5d-50dd-abd6-da1209d08b01,,,TN-OFFICER-001414,Tamil Nadu Officer OFFICER-001414,Superintendent,DINDIGUL Station,DINDIGUL,Police Officer,,,retired,,imported,12fe593e-e883-5cac-9710-f2ba74198299,13_officer.csv,OFFICER-001414
76ebaee1-662d-5288-b767-3bd5da2ebd0a,,,TN-OFFICER-001415,Tamil Nadu Officer OFFICER-001415,Inspector,KANCHEEPURAM Station,KANCHEEPURAM,Circle Inspector,,,suspended,,imported,12fe593e-e883-5cac-9710-f2ba74198299,13_officer.csv,OFFICER-001415
2fdf7625-2451-5f6c-a7a5-af3e77cbc7cd,,,TN-OFFICER-001416,Tamil Nadu Officer OFFICER-001416,Inspector,ERODE Station,ERODE,Circle Inspector,,,retired,,imported,12fe593e-e883-5cac-9710-f2ba74198299,13_officer.csv,OFFICER-001416
621dc9b0-08d6-5666-a9ad-c17d2545313d,,,TN-OFFICER-001417,Tamil Nadu Officer OFFICER-001417,Inspector,SALEM Station,SALEM,Investigator,,,active,,imported,12fe593e-e883-5cac-9710-f2ba74198299,13_officer.csv,OFFICER-001417
43364e6c-98ae-596a-9a6b-37cd3e260bc1,,,TN-OFFICER-001418,Tamil Nadu Officer OFFICER-001418,Sub-Inspector,VIRUDHUNAGAR Station,VIRUDHUNAGAR,Circle Inspector,,,retired,,imported,12fe593e-e883-5cac-9710-f2ba74198299,13_officer.csv,OFFICER-001418
48954725-95e9-5282-99a9-6dc39cbdd513,,,TN-OFFICER-001419,Tamil Nadu Officer OFFICER-001419,Assistant Superintendent,TIRUPATHUR Station,TIRUPATHUR,Station House Officer,,,transferred,,imported,12fe593e-e883-5cac-9710-f2ba74198299,13_officer.csv,OFFICER-001419
1de15ebe-1aaf-5cdb-b1e0-e1be2b542a39,,,TN-OFFICER-001420,Tamil Nadu Officer OFFICER-001420,Inspector,RANIPET Station,RANIPET,Police Officer,,,retired,,imported,12fe593e-e883-5cac-9710-f2ba74198299,13_officer.csv,OFFICER-001420
f130aa2d-e82b-54c4-b8c5-6977ee5c4549,,,TN-OFFICER-001421,Tamil Nadu Officer OFFICER-001421,Superintendent,RAMANATHAPURAM Station,RAMANATHAPURAM,Investigator,,,suspended,,imported,12fe593e-e883-5cac-9710-f2ba74198299,13_officer.csv,OFFICER-001421
57e4431e-cb5a-5429-8278-7e6aa6d46c72,,,TN-OFFICER-001422,Tamil Nadu Officer OFFICER-001422,Inspector,RANIPET Station,RANIPET,Investigator,,,transferred,,imported,12fe593e-e883-5cac-9710-f2ba74198299,13_officer.csv,OFFICER-001422
e2cb1377-8664-5849-b782-51131226f621,,,TN-OFFICER-001423,Tamil Nadu Officer OFFICER-001423,Assistant Superintendent,NAGAPATTINAM Station,NAGAPATTINAM,Sub-Inspector,,,suspended,,imported,12fe593e-e883-5cac-9710-f2ba74198299,13_officer.csv,OFFICER-001423
9d7b5f7c-a630-5700-b681-23eeb61c59db,,,TN-OFFICER-001424,Tamil Nadu Officer OFFICER-001424,Assistant Superintendent,VILUPPURAM Station,VILUPPURAM,Sub-Inspector,,,retired,,imported,12fe593e-e883-5cac-9710-f2ba74198299,13_officer.csv,OFFICER-001424
fd61e91d-f206-5fdd-bcf6-462fcd44b4a1,,,TN-OFFICER-001425,Tamil Nadu Officer OFFICER-001425,Superintendent,KANYAKUMARI Station,KANYAKUMARI,Investigator,,,active,,imported,12fe593e-e883-5cac-9710-f2ba74198299,13_officer.csv,OFFICER-001425
1ad25058-ff71-5627-8d5d-e9e738cbadeb,,,TN-OFFICER-001426,Tamil Nadu Officer OFFICER-001426,Superintendent,DINDIGUL Station,DINDIGUL,Police Officer,,,active,,imported,12fe593e-e883-5cac-9710-f2ba74198299,13_officer.csv,OFFICER-001426
f516d64e-9ab8-58be-aea2-b32cd8bea040,,,TN-OFFICER-001427,Tamil Nadu Officer OFFICER-001427,Inspector,VILUPPURAM Station,VILUPPURAM,Sub-Inspector,,,active,,imported,12fe593e-e883-5cac-9710-f2ba74198299,13_officer.csv,OFFICER-001427
6998cc78-b2fd-5dea-a3cc-1f6a9e7a14e3,,,TN-OFFICER-001428,Tamil Nadu Officer OFFICER-001428,Sub-Inspector,DINDIGUL Station,DINDIGUL,Investigator,,,retired,,imported,12fe593e-e883-5cac-9710-f2ba74198299,13_officer.csv,OFFICER-001428
7c65d598-35a2-5738-8df2-c6a43319229e,,,TN-OFFICER-001429,Tamil Nadu Officer OFFICER-001429,Inspector,ARIYALUR Station,ARIYALUR,Station House Officer,,,suspended,,imported,12fe593e-e883-5cac-9710-f2ba74198299,13_officer.csv,OFFICER-001429
6f60472a-ecf2-5a40-b710-5c7221e29503,,,TN-OFFICER-001430,Tamil Nadu Officer OFFICER-001430,Constable,CUDDALORE Station,CUDDALORE,Investigator,,,retired,,imported,12fe593e-e883-5cac-9710-f2ba74198299,13_officer.csv,OFFICER-001430
537ccc4d-41ce-5077-a6e8-c992b53df7df,,,TN-OFFICER-001431,Tamil Nadu Officer OFFICER-001431,Inspector,KANCHEEPURAM Station,KANCHEEPURAM,Investigator,,,retired,,imported,12fe593e-e883-5cac-9710-f2ba74198299,13_officer.csv,OFFICER-001431
612200f1-bdd0-5ec4-9539-c98ab33fa3cd,,,TN-OFFICER-001432,Tamil Nadu Officer OFFICER-001432,Sub-Inspector,TIRUPPUR Station,TIRUPPUR,Investigator,,,suspended,,imported,12fe593e-e883-5cac-9710-f2ba74198299,13_officer.csv,OFFICER-001432
72e268cd-ec40-516c-baa4-16be49945584,,,TN-OFFICER-001433,Tamil Nadu Officer OFFICER-001433,Sub-Inspector,SALEM Station,SALEM,Circle Inspector,,,transferred,,imported,12fe593e-e883-5cac-9710-f2ba74198299,13_officer.csv,OFFICER-001433
ea3ccaf6-a2aa-50db-bc05-4a293858c8e5,,,TN-OFFICER-001434,Tamil Nadu Officer OFFICER-001434,Superintendent,TIRUNELVELI Station,TIRUNELVELI,Station House Officer,,,active,,imported,12fe593e-e883-5cac-9710-f2ba74198299,13_officer.csv,OFFICER-001434
495f6c02-d319-5b49-a22a-3359427811f3,,,TN-OFFICER-001435,Tamil Nadu Officer OFFICER-001435,Assistant Superintendent,KANCHEEPURAM Station,KANCHEEPURAM,Circle Inspector,,,transferred,,imported,12fe593e-e883-5cac-9710-f2ba74198299,13_officer.csv,OFFICER-001435
0f63ec49-67b7-55e0-bfd2-0d5d717f59ba,,,TN-OFFICER-001436,Tamil Nadu Officer OFFICER-001436,Superintendent,TIRUVANNAMALAI Station,TIRUVANNAMALAI,Investigator,,,retired,,imported,12fe593e-e883-5cac-9710-f2ba74198299,13_officer.csv,OFFICER-001436
23a2480d-210b-5bf8-a621-b11feba274ba,,,TN-OFFICER-001437,Tamil Nadu Officer OFFICER-001437,Constable,TIRUVANNAMALAI Station,TIRUVANNAMALAI,Circle Inspector,,,transferred,,imported,12fe593e-e883-5cac-9710-f2ba74198299,13_officer.csv,OFFICER-001437
685025b1-2e4d-51fa-af0f-92eee86e3293,,,TN-OFFICER-001438,Tamil Nadu Officer OFFICER-001438,Deputy Superintendent,NAGAPATTINAM Station,NAGAPATTINAM,Station House Officer,,,transferred,,imported,12fe593e-e883-5cac-9710-f2ba74198299,13_officer.csv,OFFICER-001438
5ed9331d-5a88-5000-895f-bdd45a0b17cd,,,TN-OFFICER-001439,Tamil Nadu Officer OFFICER-001439,Assistant Superintendent,CHENNAI Station,CHENNAI,Circle Inspector,,,active,,imported,12fe593e-e883-5cac-9710-f2ba74198299,13_officer.csv,OFFICER-001439
99eab43a-4fa6-5f93-8a50-0b5553fc4f29,,,TN-OFFICER-001440,Tamil Nadu Officer OFFICER-001440,Constable,CHENNAI Station,CHENNAI,Police Officer,,,active,,imported,12fe593e-e883-5cac-9710-f2ba74198299,13_officer.csv,OFFICER-001440
03577f29-a4e7-566d-8a4b-2a3968c71e98,,,TN-OFFICER-001441,Tamil Nadu Officer OFFICER-001441,Sub-Inspector,PUDUKOTTAI Station,PUDUKOTTAI,Station House Officer,,,transferred,,imported,12fe593e-e883-5cac-9710-f2ba74198299,13_officer.csv,OFFICER-001441
7d99400d-8e19-5019-a06f-f9f1200881e0,,,TN-OFFICER-001442,Tamil Nadu Officer OFFICER-001442,Deputy Superintendent,ERODE Station,ERODE,Station House Officer,,,retired,,imported,12fe593e-e883-5cac-9710-f2ba74198299,13_officer.csv,OFFICER-001442
4e185b1c-c331-5a6f-927c-5d77daeefdb9,,,TN-OFFICER-001443,Tamil Nadu Officer OFFICER-001443,Sub-Inspector,KRISHNAGIRI Station,KRISHNAGIRI,Station House Officer,,,retired,,imported,12fe593e-e883-5cac-9710-f2ba74198299,13_officer.csv,OFFICER-001443
ba6851bf-9acf-5001-8dce-8687a175f8ca,,,TN-OFFICER-001444,Tamil Nadu Officer OFFICER-001444,Assistant Superintendent,DHARMAPURI Station,DHARMAPURI,Investigator,,,retired,,imported,12fe593e-e883-5cac-9710-f2ba74198299,13_officer.csv,OFFICER-001444
8261dd3b-5ecb-5823-9046-75d53ea5e89b,,,TN-OFFICER-001445,Tamil Nadu Officer OFFICER-001445,Superintendent,TIRUVANNAMALAI Station,TIRUVANNAMALAI,Police Officer,,,suspended,,imported,12fe593e-e883-5cac-9710-f2ba74198299,13_officer.csv,OFFICER-001445
71f9b1d4-0863-588f-a5ab-358bbfc19293,,,TN-OFFICER-001446,Tamil Nadu Officer OFFICER-001446,Sub-Inspector,TIRUPATHUR Station,TIRUPATHUR,Sub-Inspector,,,suspended,,imported,12fe593e-e883-5cac-9710-f2ba74198299,13_officer.csv,OFFICER-001446
f307e77e-60a7-5f50-b331-50102610f5e4,,,TN-OFFICER-001447,Tamil Nadu Officer OFFICER-001447,Inspector,THIRUVARUR Station,THIRUVARUR,Investigator,,,suspended,,imported,12fe593e-e883-5cac-9710-f2ba74198299,13_officer.csv,OFFICER-001447
d641df6f-b4a4-5583-b2a0-60a18f690626,,,TN-OFFICER-001448,Tamil Nadu Officer OFFICER-001448,Constable,DINDIGUL Station,DINDIGUL,Investigator,,,transferred,,imported,12fe593e-e883-5cac-9710-f2ba74198299,13_officer.csv,OFFICER-001448
7164ed8f-5846-5bdd-8af4-7b9d1e37dae3,,,TN-OFFICER-001449,Tamil Nadu Officer OFFICER-001449,Assistant Superintendent,KRISHNAGIRI Station,KRISHNAGIRI,Circle Inspector,,,retired,,imported,12fe593e-e883-5cac-9710-f2ba74198299,13_officer.csv,OFFICER-001449
7acd0987-bc04-5436-8dac-bffe59eb37b3,,,TN-OFFICER-001450,Tamil Nadu Officer OFFICER-001450,Constable,PUDUKOTTAI Station,PUDUKOTTAI,Station House Officer,,,active,,imported,12fe593e-e883-5cac-9710-f2ba74198299,13_officer.csv,OFFICER-001450
ca45febd-41d7-580a-9533-b16fa4649aef,,,TN-OFFICER-001451,Tamil Nadu Officer OFFICER-001451,Inspector,TIRUPPUR Station,TIRUPPUR,Sub-Inspector,,,retired,,imported,12fe593e-e883-5cac-9710-f2ba74198299,13_officer.csv,OFFICER-001451
785969d8-a47f-5166-b88c-cb363051873d,,,TN-OFFICER-001452,Tamil Nadu Officer OFFICER-001452,Inspector,VIRUDHUNAGAR Station,VIRUDHUNAGAR,Circle Inspector,,,suspended,,imported,12fe593e-e883-5cac-9710-f2ba74198299,13_officer.csv,OFFICER-001452
8806ae83-20b9-59db-8240-81236fb38ea8,,,TN-OFFICER-001453,Tamil Nadu Officer OFFICER-001453,Assistant Superintendent,THENI Station,THENI,Sub-Inspector,,,suspended,,imported,12fe593e-e883-5cac-9710-f2ba74198299,13_officer.csv,OFFICER-001453
f2a8c3fd-5db1-523c-9a2e-feddf510a0c9,,,TN-OFFICER-001454,Tamil Nadu Officer OFFICER-001454,Constable,KANCHEEPURAM Station,KANCHEEPURAM,Police Officer,,,retired,,imported,12fe593e-e883-5cac-9710-f2ba74198299,13_officer.csv,OFFICER-001454
a4698424-7c2c-5af9-b49a-ae5a5eb4fda2,,,TN-OFFICER-001455,Tamil Nadu Officer OFFICER-001455,Superintendent,DINDIGUL Station,DINDIGUL,Sub-Inspector,,,suspended,,imported,12fe593e-e883-5cac-9710-f2ba74198299,13_officer.csv,OFFICER-001455
92d0aa15-52ab-57a6-af19-4723eb8bc9dd,,,TN-OFFICER-001456,Tamil Nadu Officer OFFICER-001456,Sub-Inspector,VIRUDHUNAGAR Station,VIRUDHUNAGAR,Police Officer,,,active,,imported,12fe593e-e883-5cac-9710-f2ba74198299,13_officer.csv,OFFICER-001456
ef6059d1-ac3c-544b-9fed-d408873f841b,,,TN-OFFICER-001457,Tamil Nadu Officer OFFICER-001457,Inspector,KUMBAKONAM Station,KUMBAKONAM,Investigator,,,transferred,,imported,12fe593e-e883-5cac-9710-f2ba74198299,13_officer.csv,OFFICER-001457
ef9d86ae-b0c8-5e58-9322-03f73c9e41c2,,,TN-OFFICER-001458,Tamil Nadu Officer OFFICER-001458,Sub-Inspector,CUDDALORE Station,CUDDALORE,Sub-Inspector,,,active,,imported,12fe593e-e883-5cac-9710-f2ba74198299,13_officer.csv,OFFICER-001458
0ccd6278-2d98-515d-a319-eb0764969a6c,,,TN-OFFICER-001459,Tamil Nadu Officer OFFICER-001459,Deputy Superintendent,CHENGALPATTU Station,CHENGALPATTU,Circle Inspector,,,transferred,,imported,12fe593e-e883-5cac-9710-f2ba74198299,13_officer.csv,OFFICER-001459
21c24001-384a-5c1c-b4ca-cb23760eca41,,,TN-OFFICER-001460,Tamil Nadu Officer OFFICER-001460,Assistant Superintendent,PUDUKOTTAI Station,PUDUKOTTAI,Sub-Inspector,,,suspended,,imported,12fe593e-e883-5cac-9710-f2ba74198299,13_officer.csv,OFFICER-001460
aca9086d-8f66-5b1b-9628-b696ddf0f57f,,,TN-OFFICER-001461,Tamil Nadu Officer OFFICER-001461,Assistant Superintendent,ARIYALUR Station,ARIYALUR,Investigator,,,suspended,,imported,12fe593e-e883-5cac-9710-f2ba74198299,13_officer.csv,OFFICER-001461
65669aff-338d-5c7b-be9a-65d3cf06a16f,,,TN-OFFICER-001462,Tamil Nadu Officer OFFICER-001462,Deputy Superintendent,MADURAI Station,MADURAI,Police Officer,,,transferred,,imported,12fe593e-e883-5cac-9710-f2ba74198299,13_officer.csv,OFFICER-001462
5729ab14-e69a-592f-b7b5-59aeaa63fc3a,,,TN-OFFICER-001463,Tamil Nadu Officer OFFICER-001463,Assistant Superintendent,KARUR Station,KARUR,Sub-Inspector,,,suspended,,imported,12fe593e-e883-5cac-9710-f2ba74198299,13_officer.csv,OFFICER-001463
b2a765d9-3168-50fa-9201-eb60178bc9bd,,,TN-OFFICER-001464,Tamil Nadu Officer OFFICER-001464,Constable,MADURAI Station,MADURAI,Sub-Inspector,,,suspended,,imported,12fe593e-e883-5cac-9710-f2ba74198299,13_officer.csv,OFFICER-001464
351ba63b-2df2-5b32-ac08-7f824e07f55e,,,TN-OFFICER-001465,Tamil Nadu Officer OFFICER-001465,Inspector,KRISHNAGIRI Station,KRISHNAGIRI,Station House Officer,,,active,,imported,12fe593e-e883-5cac-9710-f2ba74198299,13_officer.csv,OFFICER-001465
20a8688c-d80f-5380-b6a0-1258ba6e736c,,,TN-OFFICER-001466,Tamil Nadu Officer OFFICER-001466,Deputy Superintendent,DINDIGUL Station,DINDIGUL,Investigator,,,active,,imported,12fe593e-e883-5cac-9710-f2ba74198299,13_officer.csv,OFFICER-001466
093cebbb-93fe-50ad-8972-954a76335daa,,,TN-OFFICER-001467,Tamil Nadu Officer OFFICER-001467,Sub-Inspector,THIRUVALLUR Station,THIRUVALLUR,Circle Inspector,,,transferred,,imported,12fe593e-e883-5cac-9710-f2ba74198299,13_officer.csv,OFFICER-001467
2d936623-7a76-532f-a1de-7e7d7cab81d0,,,TN-OFFICER-001468,Tamil Nadu Officer OFFICER-001468,Assistant Superintendent,CHENGALPATTU Station,CHENGALPATTU,Sub-Inspector,,,retired,,imported,12fe593e-e883-5cac-9710-f2ba74198299,13_officer.csv,OFFICER-001468
9c9acc4c-73d0-51b5-ab6b-21517e4712af,,,TN-OFFICER-001469,Tamil Nadu Officer OFFICER-001469,Sub-Inspector,THE_NILGIRIS Station,THE_NILGIRIS,Circle Inspector,,,retired,,imported,12fe593e-e883-5cac-9710-f2ba74198299,13_officer.csv,OFFICER-001469
c353d33d-6441-539f-8747-46f26ebac717,,,TN-OFFICER-001470,Tamil Nadu Officer OFFICER-001470,Inspector,RAMESWARAM Station,RAMESWARAM,Station House Officer,,,transferred,,imported,12fe593e-e883-5cac-9710-f2ba74198299,13_officer.csv,OFFICER-001470
c2c7ee91-8037-5d20-bbd6-e3550d942c3b,,,TN-OFFICER-001471,Tamil Nadu Officer OFFICER-001471,Superintendent,PERAMBALUR Station,PERAMBALUR,Investigator,,,suspended,,imported,12fe593e-e883-5cac-9710-f2ba74198299,13_officer.csv,OFFICER-001471
2c83a8c1-32b2-55ad-bc54-954d86417e2d,,,TN-OFFICER-001472,Tamil Nadu Officer OFFICER-001472,Assistant Superintendent,RANIPET Station,RANIPET,Sub-Inspector,,,retired,,imported,12fe593e-e883-5cac-9710-f2ba74198299,13_officer.csv,OFFICER-001472
42ad064a-851c-549b-a451-9a55a6b3407a,,,TN-OFFICER-001473,Tamil Nadu Officer OFFICER-001473,Assistant Superintendent,THIRUVARUR Station,THIRUVARUR,Station House Officer,,,retired,,imported,12fe593e-e883-5cac-9710-f2ba74198299,13_officer.csv,OFFICER-001473
5f6cfff4-7c27-5ac6-a9f8-4c44cfd08cdf,,,TN-OFFICER-001474,Tamil Nadu Officer OFFICER-001474,Assistant Superintendent,KUMBAKONAM Station,KUMBAKONAM,Circle Inspector,,,retired,,imported,12fe593e-e883-5cac-9710-f2ba74198299,13_officer.csv,OFFICER-001474
dfc78473-864c-5cc1-b57b-97fc8836d9b0,,,TN-OFFICER-001475,Tamil Nadu Officer OFFICER-001475,Assistant Superintendent,THIRUVARUR Station,THIRUVARUR,Sub-Inspector,,,retired,,imported,12fe593e-e883-5cac-9710-f2ba74198299,13_officer.csv,OFFICER-001475
88674861-41a6-5813-9e5e-7e8e2541b60c,,,TN-OFFICER-001476,Tamil Nadu Officer OFFICER-001476,Superintendent,KANYAKUMARI Station,KANYAKUMARI,Investigator,,,transferred,,imported,12fe593e-e883-5cac-9710-f2ba74198299,13_officer.csv,OFFICER-001476
4e98e4f9-b606-505a-80f9-bf0f4ff720a2,,,TN-OFFICER-001477,Tamil Nadu Officer OFFICER-001477,Superintendent,TIRUCHIRAPPALLI Station,TIRUCHIRAPPALLI,Circle Inspector,,,active,,imported,12fe593e-e883-5cac-9710-f2ba74198299,13_officer.csv,OFFICER-001477
96fa9d21-235f-5f24-a405-c61fa5cd5201,,,TN-OFFICER-001478,Tamil Nadu Officer OFFICER-001478,Deputy Superintendent,KRISHNAGIRI Station,KRISHNAGIRI,Investigator,,,suspended,,imported,12fe593e-e883-5cac-9710-f2ba74198299,13_officer.csv,OFFICER-001478
b264bde3-3ad8-5ec8-b6a7-7cab9553bf25,,,TN-OFFICER-001479,Tamil Nadu Officer OFFICER-001479,Assistant Superintendent,KUMBAKONAM Station,KUMBAKONAM,Station House Officer,,,transferred,,imported,12fe593e-e883-5cac-9710-f2ba74198299,13_officer.csv,OFFICER-001479
d4590151-6db8-5450-8f13-3e9166ca2ac9,,,TN-OFFICER-001480,Tamil Nadu Officer OFFICER-001480,Constable,RAMANATHAPURAM Station,RAMANATHAPURAM,Investigator,,,retired,,imported,12fe593e-e883-5cac-9710-f2ba74198299,13_officer.csv,OFFICER-001480
42975591-6009-5b8b-ada4-b888f5d1d844,,,TN-OFFICER-001481,Tamil Nadu Officer OFFICER-001481,Assistant Superintendent,VIRUDHUNAGAR Station,VIRUDHUNAGAR,Investigator,,,transferred,,imported,12fe593e-e883-5cac-9710-f2ba74198299,13_officer.csv,OFFICER-001481
c4fbae5d-07af-51ac-b5ba-b7cccb72fd93,,,TN-OFFICER-001482,Tamil Nadu Officer OFFICER-001482,Inspector,TIRUCHIRAPPALLI Station,TIRUCHIRAPPALLI,Station House Officer,,,transferred,,imported,12fe593e-e883-5cac-9710-f2ba74198299,13_officer.csv,OFFICER-001482
891eb1bd-c0d8-53a6-a01b-cb96c9522d04,,,TN-OFFICER-001483,Tamil Nadu Officer OFFICER-001483,Inspector,TIRUCHIRAPPALLI Station,TIRUCHIRAPPALLI,Investigator,,,transferred,,imported,12fe593e-e883-5cac-9710-f2ba74198299,13_officer.csv,OFFICER-001483
5e9894d2-af4c-5e34-b9f8-8c04c351844b,,,TN-OFFICER-001484,Tamil Nadu Officer OFFICER-001484,Sub-Inspector,SALEM Station,SALEM,Sub-Inspector,,,active,,imported,12fe593e-e883-5cac-9710-f2ba74198299,13_officer.csv,OFFICER-001484
448d565c-7772-5029-b031-d235bcd76ff5,,,TN-OFFICER-001485,Tamil Nadu Officer OFFICER-001485,Deputy Superintendent,NAMAKKAL Station,NAMAKKAL,Investigator,,,suspended,,imported,12fe593e-e883-5cac-9710-f2ba74198299,13_officer.csv,OFFICER-001485
f2147390-0fb2-590a-bfc5-e682c0f428f9,,,TN-OFFICER-001486,Tamil Nadu Officer OFFICER-001486,Inspector,VIRUDHUNAGAR Station,VIRUDHUNAGAR,Investigator,,,suspended,,imported,12fe593e-e883-5cac-9710-f2ba74198299,13_officer.csv,OFFICER-001486
60bc1424-6428-5657-8206-a11c07c7609c,,,TN-OFFICER-001487,Tamil Nadu Officer OFFICER-001487,Constable,THOOTHUKUDI Station,THOOTHUKUDI,Sub-Inspector,,,active,,imported,12fe593e-e883-5cac-9710-f2ba74198299,13_officer.csv,OFFICER-001487
69166592-6dd3-5f44-9f70-46ddd9d39628,,,TN-OFFICER-001488,Tamil Nadu Officer OFFICER-001488,Assistant Superintendent,ARIYALUR Station,ARIYALUR,Investigator,,,retired,,imported,12fe593e-e883-5cac-9710-f2ba74198299,13_officer.csv,OFFICER-001488
d61a5420-d85e-555b-87b0-e0637b36edb8,,,TN-OFFICER-001489,Tamil Nadu Officer OFFICER-001489,Assistant Superintendent,CHENGALPATTU Station,CHENGALPATTU,Police Officer,,,transferred,,imported,12fe593e-e883-5cac-9710-f2ba74198299,13_officer.csv,OFFICER-001489
6b56661e-7d05-5305-a73e-4c34c7c5997d,,,TN-OFFICER-001490,Tamil Nadu Officer OFFICER-001490,Sub-Inspector,KANCHEEPURAM Station,KANCHEEPURAM,Station House Officer,,,suspended,,imported,12fe593e-e883-5cac-9710-f2ba74198299,13_officer.csv,OFFICER-001490
70b5c9c4-9a29-5482-a567-557f322b892e,,,TN-OFFICER-001491,Tamil Nadu Officer OFFICER-001491,Inspector,RANIPET Station,RANIPET,Investigator,,,active,,imported,12fe593e-e883-5cac-9710-f2ba74198299,13_officer.csv,OFFICER-001491
a92faf66-14a9-5846-ab3b-12fc72a54184,,,TN-OFFICER-001492,Tamil Nadu Officer OFFICER-001492,Sub-Inspector,KANYAKUMARI Station,KANYAKUMARI,Station House Officer,,,active,,imported,12fe593e-e883-5cac-9710-f2ba74198299,13_officer.csv,OFFICER-001492
0ee12df7-1f43-5436-9afe-ad48a3d3e848,,,TN-OFFICER-001493,Tamil Nadu Officer OFFICER-001493,Constable,ARIYALUR Station,ARIYALUR,Station House Officer,,,retired,,imported,12fe593e-e883-5cac-9710-f2ba74198299,13_officer.csv,OFFICER-001493
628ca851-c237-586d-a7a9-0b6a271d90c9,,,TN-OFFICER-001494,Tamil Nadu Officer OFFICER-001494,Sub-Inspector,PERAMBALUR Station,PERAMBALUR,Sub-Inspector,,,retired,,imported,12fe593e-e883-5cac-9710-f2ba74198299,13_officer.csv,OFFICER-001494
6ed24d29-1591-5242-9a60-e2494152b234,,,TN-OFFICER-001495,Tamil Nadu Officer OFFICER-001495,Assistant Superintendent,CHENNAI Station,CHENNAI,Circle Inspector,,,transferred,,imported,12fe593e-e883-5cac-9710-f2ba74198299,13_officer.csv,OFFICER-001495
30f6047f-1232-524b-848e-44afd49fca16,,,TN-OFFICER-001496,Tamil Nadu Officer OFFICER-001496,Inspector,NAGAPATTINAM Station,NAGAPATTINAM,Sub-Inspector,,,active,,imported,12fe593e-e883-5cac-9710-f2ba74198299,13_officer.csv,OFFICER-001496
9c732692-a9f8-5892-9b3a-46d992cdd69c,,,TN-OFFICER-001497,Tamil Nadu Officer OFFICER-001497,Sub-Inspector,DINDIGUL Station,DINDIGUL,Investigator,,,retired,,imported,12fe593e-e883-5cac-9710-f2ba74198299,13_officer.csv,OFFICER-001497
eb6e6abe-7e37-5aa6-b4ef-24943b3c07c8,,,TN-OFFICER-001498,Tamil Nadu Officer OFFICER-001498,Sub-Inspector,PUDUKOTTAI Station,PUDUKOTTAI,Sub-Inspector,,,active,,imported,12fe593e-e883-5cac-9710-f2ba74198299,13_officer.csv,OFFICER-001498
e52c0766-8189-5a6b-a5c9-ad1390d35495,,,TN-OFFICER-001499,Tamil Nadu Officer OFFICER-001499,Assistant Superintendent,RANIPET Station,RANIPET,Sub-Inspector,,,retired,,imported,12fe593e-e883-5cac-9710-f2ba74198299,13_officer.csv,OFFICER-001499
7607ec90-fc3b-5f09-8000-861d22409f7a,,,TN-OFFICER-001500,Tamil Nadu Officer OFFICER-001500,Assistant Superintendent,CUDDALORE Station,CUDDALORE,Investigator,,,retired,,imported,12fe593e-e883-5cac-9710-f2ba74198299,13_officer.csv,OFFICER-001500
91e5b3ef-44db-53ae-8a1b-e2736c1e1b07,,,TN-OFFICER-001501,Tamil Nadu Officer OFFICER-001501,Sub-Inspector,MAYILADUTHURAI Station,MAYILADUTHURAI,Police Officer,,,transferred,,imported,12fe593e-e883-5cac-9710-f2ba74198299,13_officer.csv,OFFICER-001501
cd353901-efe1-57c9-a509-3489172ad023,,,TN-OFFICER-001502,Tamil Nadu Officer OFFICER-001502,Inspector,KANCHEEPURAM Station,KANCHEEPURAM,Investigator,,,transferred,,imported,12fe593e-e883-5cac-9710-f2ba74198299,13_officer.csv,OFFICER-001502
b071db4f-bff8-5b0b-ba1d-18b5afac5597,,,TN-OFFICER-001503,Tamil Nadu Officer OFFICER-001503,Sub-Inspector,TIRUNELVELI Station,TIRUNELVELI,Investigator,,,suspended,,imported,12fe593e-e883-5cac-9710-f2ba74198299,13_officer.csv,OFFICER-001503
84e79399-b8fa-58b0-978b-21361be33444,,,TN-OFFICER-001504,Tamil Nadu Officer OFFICER-001504,Constable,MADURAI Station,MADURAI,Investigator,,,active,,imported,12fe593e-e883-5cac-9710-f2ba74198299,13_officer.csv,OFFICER-001504
603d02d1-46a6-5530-97c3-fe23556d1864,,,TN-OFFICER-001505,Tamil Nadu Officer OFFICER-001505,Assistant Superintendent,THENI Station,THENI,Station House Officer,,,active,,imported,12fe593e-e883-5cac-9710-f2ba74198299,13_officer.csv,OFFICER-001505
4e71eb71-4138-56f9-bb8c-49ff55ecfe61,,,TN-OFFICER-001506,Tamil Nadu Officer OFFICER-001506,Assistant Superintendent,KANCHEEPURAM Station,KANCHEEPURAM,Circle Inspector,,,active,,imported,12fe593e-e883-5cac-9710-f2ba74198299,13_officer.csv,OFFICER-001506
6d6820a6-b1dd-552e-bbb9-0f1d6f2abda4,,,TN-OFFICER-001507,Tamil Nadu Officer OFFICER-001507,Constable,CHENGALPATTU Station,CHENGALPATTU,Station House Officer,,,suspended,,imported,12fe593e-e883-5cac-9710-f2ba74198299,13_officer.csv,OFFICER-001507
3276ca03-babf-52c5-8183-626e58fca57f,,,TN-OFFICER-001508,Tamil Nadu Officer OFFICER-001508,Assistant Superintendent,CHENGALPATTU Station,CHENGALPATTU,Station House Officer,,,transferred,,imported,12fe593e-e883-5cac-9710-f2ba74198299,13_officer.csv,OFFICER-001508
10fbc240-6f6e-53fc-89a2-c2a515cb5c0e,,,TN-OFFICER-001509,Tamil Nadu Officer OFFICER-001509,Sub-Inspector,PUDUKOTTAI Station,PUDUKOTTAI,Circle Inspector,,,suspended,,imported,12fe593e-e883-5cac-9710-f2ba74198299,13_officer.csv,OFFICER-001509
181540fb-1704-5a15-a1e4-0052cbb912ce,,,TN-OFFICER-001510,Tamil Nadu Officer OFFICER-001510,Deputy Superintendent,TIRUVANNAMALAI Station,TIRUVANNAMALAI,Circle Inspector,,,suspended,,imported,12fe593e-e883-5cac-9710-f2ba74198299,13_officer.csv,OFFICER-001510
5efdc85d-a0df-5e89-b0ef-a1a033599659,,,TN-OFFICER-001511,Tamil Nadu Officer OFFICER-001511,Sub-Inspector,TIRUCHIRAPPALLI Station,TIRUCHIRAPPALLI,Police Officer,,,transferred,,imported,12fe593e-e883-5cac-9710-f2ba74198299,13_officer.csv,OFFICER-001511
4c89578f-ebb4-5267-b802-2a0aa8c7bbd0,,,TN-OFFICER-001512,Tamil Nadu Officer OFFICER-001512,Superintendent,KANCHEEPURAM Station,KANCHEEPURAM,Circle Inspector,,,active,,imported,12fe593e-e883-5cac-9710-f2ba74198299,13_officer.csv,OFFICER-001512
6ff64534-8148-596a-a12c-532e5d20b02d,,,TN-OFFICER-001513,Tamil Nadu Officer OFFICER-001513,Inspector,TIRUPPUR Station,TIRUPPUR,Circle Inspector,,,active,,imported,12fe593e-e883-5cac-9710-f2ba74198299,13_officer.csv,OFFICER-001513
ad3b29f6-9cb3-5f1f-8a23-ea82868d52ff,,,TN-OFFICER-001514,Tamil Nadu Officer OFFICER-001514,Constable,KALLAKURICHI Station,KALLAKURICHI,Police Officer,,,active,,imported,12fe593e-e883-5cac-9710-f2ba74198299,13_officer.csv,OFFICER-001514
d58d0287-4a95-55f1-b57d-ac2c60aca1db,,,TN-OFFICER-001515,Tamil Nadu Officer OFFICER-001515,Superintendent,MADURAI Station,MADURAI,Sub-Inspector,,,retired,,imported,12fe593e-e883-5cac-9710-f2ba74198299,13_officer.csv,OFFICER-001515
9be63b42-aba2-5f49-92de-43a1d2df2a01,,,TN-OFFICER-001516,Tamil Nadu Officer OFFICER-001516,Constable,MADURAI Station,MADURAI,Circle Inspector,,,retired,,imported,12fe593e-e883-5cac-9710-f2ba74198299,13_officer.csv,OFFICER-001516
c3104376-aa9d-5372-a0ce-5978d6c3d345,,,TN-OFFICER-001517,Tamil Nadu Officer OFFICER-001517,Deputy Superintendent,KALLAKURICHI Station,KALLAKURICHI,Station House Officer,,,retired,,imported,12fe593e-e883-5cac-9710-f2ba74198299,13_officer.csv,OFFICER-001517
f3abaf74-7445-5172-83fe-fab44f62bb4c,,,TN-OFFICER-001518,Tamil Nadu Officer OFFICER-001518,Inspector,NAGAPATTINAM Station,NAGAPATTINAM,Police Officer,,,retired,,imported,12fe593e-e883-5cac-9710-f2ba74198299,13_officer.csv,OFFICER-001518
5f245a84-dd02-5ed1-9b0c-e65319c5ffdb,,,TN-OFFICER-001519,Tamil Nadu Officer OFFICER-001519,Deputy Superintendent,RAMANATHAPURAM Station,RAMANATHAPURAM,Sub-Inspector,,,active,,imported,12fe593e-e883-5cac-9710-f2ba74198299,13_officer.csv,OFFICER-001519
a3413d35-a050-5ce2-b38e-9d6ca47048b0,,,TN-OFFICER-001520,Tamil Nadu Officer OFFICER-001520,Inspector,ERODE Station,ERODE,Police Officer,,,retired,,imported,12fe593e-e883-5cac-9710-f2ba74198299,13_officer.csv,OFFICER-001520
4a1f0d82-1c69-566a-8813-ea00e54c9333,,,TN-OFFICER-001521,Tamil Nadu Officer OFFICER-001521,Superintendent,THENI Station,THENI,Circle Inspector,,,transferred,,imported,12fe593e-e883-5cac-9710-f2ba74198299,13_officer.csv,OFFICER-001521
95c6a1e5-4fea-5839-90be-d5426ffc2930,,,TN-OFFICER-001522,Tamil Nadu Officer OFFICER-001522,Superintendent,KARUR Station,KARUR,Police Officer,,,suspended,,imported,12fe593e-e883-5cac-9710-f2ba74198299,13_officer.csv,OFFICER-001522
012520d6-9080-5c99-ad6d-915fe2b04938,,,TN-OFFICER-001523,Tamil Nadu Officer OFFICER-001523,Assistant Superintendent,THIRUVARUR Station,THIRUVARUR,Circle Inspector,,,transferred,,imported,12fe593e-e883-5cac-9710-f2ba74198299,13_officer.csv,OFFICER-001523
65fa7417-fe37-51a4-b841-5314a7fa510f,,,TN-OFFICER-001524,Tamil Nadu Officer OFFICER-001524,Inspector,VIRUDHUNAGAR Station,VIRUDHUNAGAR,Station House Officer,,,active,,imported,12fe593e-e883-5cac-9710-f2ba74198299,13_officer.csv,OFFICER-001524
7a411072-7164-53d1-87f1-a6e7c2a08caf,,,TN-OFFICER-001525,Tamil Nadu Officer OFFICER-001525,Sub-Inspector,VIRUDHUNAGAR Station,VIRUDHUNAGAR,Circle Inspector,,,transferred,,imported,12fe593e-e883-5cac-9710-f2ba74198299,13_officer.csv,OFFICER-001525
9ef82217-c395-50df-b90f-748dcc4f889f,,,TN-OFFICER-001526,Tamil Nadu Officer OFFICER-001526,Constable,CHENNAI Station,CHENNAI,Investigator,,,suspended,,imported,12fe593e-e883-5cac-9710-f2ba74198299,13_officer.csv,OFFICER-001526
67232072-1006-5c07-82d5-041c0c176e70,,,TN-OFFICER-001527,Tamil Nadu Officer OFFICER-001527,Constable,KARUR Station,KARUR,Investigator,,,suspended,,imported,12fe593e-e883-5cac-9710-f2ba74198299,13_officer.csv,OFFICER-001527
21ee4681-79e7-5a96-ba0f-902056a024b3,,,TN-OFFICER-001528,Tamil Nadu Officer OFFICER-001528,Deputy Superintendent,NAMAKKAL Station,NAMAKKAL,Investigator,,,retired,,imported,12fe593e-e883-5cac-9710-f2ba74198299,13_officer.csv,OFFICER-001528
ddc8a62c-6e0a-54c3-90c1-b06c400a8005,,,TN-OFFICER-001529,Tamil Nadu Officer OFFICER-001529,Inspector,KANCHEEPURAM Station,KANCHEEPURAM,Circle Inspector,,,suspended,,imported,12fe593e-e883-5cac-9710-f2ba74198299,13_officer.csv,OFFICER-001529
f13d712a-550b-5b3e-8fab-b367eb3ae182,,,TN-OFFICER-001530,Tamil Nadu Officer OFFICER-001530,Constable,CHENGALPATTU Station,CHENGALPATTU,Circle Inspector,,,active,,imported,12fe593e-e883-5cac-9710-f2ba74198299,13_officer.csv,OFFICER-001530
01a3b288-e690-5b37-869f-271ed0ad735a,,,TN-OFFICER-001531,Tamil Nadu Officer OFFICER-001531,Deputy Superintendent,KUMBAKONAM Station,KUMBAKONAM,Police Officer,,,active,,imported,12fe593e-e883-5cac-9710-f2ba74198299,13_officer.csv,OFFICER-001531
02aadc15-f801-5d16-ab4d-9a6a9745ac5f,,,TN-OFFICER-001532,Tamil Nadu Officer OFFICER-001532,Superintendent,NAGAPATTINAM Station,NAGAPATTINAM,Sub-Inspector,,,suspended,,imported,12fe593e-e883-5cac-9710-f2ba74198299,13_officer.csv,OFFICER-001532
b01bfdd3-79fc-5304-99de-0349b1de300a,,,TN-OFFICER-001533,Tamil Nadu Officer OFFICER-001533,Constable,DHARMAPURI Station,DHARMAPURI,Investigator,,,suspended,,imported,12fe593e-e883-5cac-9710-f2ba74198299,13_officer.csv,OFFICER-001533
fb01a0f1-fcfe-51f1-91c4-20673a59d20c,,,TN-OFFICER-001534,Tamil Nadu Officer OFFICER-001534,Deputy Superintendent,SALEM Station,SALEM,Sub-Inspector,,,transferred,,imported,12fe593e-e883-5cac-9710-f2ba74198299,13_officer.csv,OFFICER-001534
85492388-dea3-5685-98b7-22f4a9f4b094,,,TN-OFFICER-001535,Tamil Nadu Officer OFFICER-001535,Sub-Inspector,CHENNAI Station,CHENNAI,Police Officer,,,transferred,,imported,12fe593e-e883-5cac-9710-f2ba74198299,13_officer.csv,OFFICER-001535
e022a386-a0a3-5247-b812-23e7e999faaa,,,TN-OFFICER-001536,Tamil Nadu Officer OFFICER-001536,Superintendent,DINDIGUL Station,DINDIGUL,Circle Inspector,,,retired,,imported,12fe593e-e883-5cac-9710-f2ba74198299,13_officer.csv,OFFICER-001536
9479e7eb-ae9d-58bd-9014-97d1bc41dc82,,,TN-OFFICER-001537,Tamil Nadu Officer OFFICER-001537,Superintendent,TIRUVANNAMALAI Station,TIRUVANNAMALAI,Station House Officer,,,transferred,,imported,12fe593e-e883-5cac-9710-f2ba74198299,13_officer.csv,OFFICER-001537
04550f2a-8d8f-5459-8d3c-dfd5ada1be3f,,,TN-OFFICER-001538,Tamil Nadu Officer OFFICER-001538,Constable,RANIPET Station,RANIPET,Sub-Inspector,,,suspended,,imported,12fe593e-e883-5cac-9710-f2ba74198299,13_officer.csv,OFFICER-001538
5627cc1b-82b9-5c51-87bc-3951e4b568c0,,,TN-OFFICER-001539,Tamil Nadu Officer OFFICER-001539,Deputy Superintendent,TIRUPATHUR Station,TIRUPATHUR,Investigator,,,retired,,imported,12fe593e-e883-5cac-9710-f2ba74198299,13_officer.csv,OFFICER-001539
553f09e7-e343-5431-916f-6643a950b8f2,,,TN-OFFICER-001540,Tamil Nadu Officer OFFICER-001540,Constable,SALEM Station,SALEM,Investigator,,,transferred,,imported,12fe593e-e883-5cac-9710-f2ba74198299,13_officer.csv,OFFICER-001540
18b7d6d9-b774-5f52-b42d-b1c3da8a09c1,,,TN-OFFICER-001541,Tamil Nadu Officer OFFICER-001541,Assistant Superintendent,TIRUCHIRAPPALLI Station,TIRUCHIRAPPALLI,Police Officer,,,suspended,,imported,12fe593e-e883-5cac-9710-f2ba74198299,13_officer.csv,OFFICER-001541
7780bf57-cc44-53d4-8856-c63a7b7e3b41,,,TN-OFFICER-001542,Tamil Nadu Officer OFFICER-001542,Superintendent,ARIYALUR Station,ARIYALUR,Station House Officer,,,active,,imported,12fe593e-e883-5cac-9710-f2ba74198299,13_officer.csv,OFFICER-001542
91bdd681-f5dd-530c-939b-94f2ddc68de8,,,TN-OFFICER-001543,Tamil Nadu Officer OFFICER-001543,Constable,MADURAI Station,MADURAI,Station House Officer,,,transferred,,imported,12fe593e-e883-5cac-9710-f2ba74198299,13_officer.csv,OFFICER-001543
40719b88-7526-5381-a591-ebea113a513a,,,TN-OFFICER-001544,Tamil Nadu Officer OFFICER-001544,Constable,KANCHEEPURAM Station,KANCHEEPURAM,Sub-Inspector,,,transferred,,imported,12fe593e-e883-5cac-9710-f2ba74198299,13_officer.csv,OFFICER-001544
a0f6b947-e013-5372-bc4f-3e72fef5ada8,,,TN-OFFICER-001545,Tamil Nadu Officer OFFICER-001545,Inspector,THIRUVALLUR Station,THIRUVALLUR,Police Officer,,,retired,,imported,12fe593e-e883-5cac-9710-f2ba74198299,13_officer.csv,OFFICER-001545
6f37bb4c-e35d-5341-b44f-e1a280abb040,,,TN-OFFICER-001546,Tamil Nadu Officer OFFICER-001546,Superintendent,KANCHEEPURAM Station,KANCHEEPURAM,Station House Officer,,,transferred,,imported,12fe593e-e883-5cac-9710-f2ba74198299,13_officer.csv,OFFICER-001546
cabe2d9e-554c-59e2-838e-f16e1f7b12ec,,,TN-OFFICER-001547,Tamil Nadu Officer OFFICER-001547,Assistant Superintendent,THOOTHUKUDI Station,THOOTHUKUDI,Police Officer,,,retired,,imported,12fe593e-e883-5cac-9710-f2ba74198299,13_officer.csv,OFFICER-001547
f3757345-d2fa-5ac4-a9c0-a5af1b539ba7,,,TN-OFFICER-001548,Tamil Nadu Officer OFFICER-001548,Sub-Inspector,SALEM Station,SALEM,Investigator,,,suspended,,imported,12fe593e-e883-5cac-9710-f2ba74198299,13_officer.csv,OFFICER-001548
d150d933-ec16-51c2-9973-d5c54e4e2d25,,,TN-OFFICER-001549,Tamil Nadu Officer OFFICER-001549,Constable,COIMBATORE Station,COIMBATORE,Circle Inspector,,,transferred,,imported,12fe593e-e883-5cac-9710-f2ba74198299,13_officer.csv,OFFICER-001549
07370b50-8187-591b-add2-e25baec21c2a,,,TN-OFFICER-001550,Tamil Nadu Officer OFFICER-001550,Superintendent,RAMESWARAM Station,RAMESWARAM,Sub-Inspector,,,active,,imported,12fe593e-e883-5cac-9710-f2ba74198299,13_officer.csv,OFFICER-001550
0ea4c611-0ea8-5826-b08a-60a388b260b6,,,TN-OFFICER-001551,Tamil Nadu Officer OFFICER-001551,Superintendent,SALEM Station,SALEM,Investigator,,,transferred,,imported,12fe593e-e883-5cac-9710-f2ba74198299,13_officer.csv,OFFICER-001551
aa6f6dd0-0b98-584e-b9b6-ff4a34f98f8d,,,TN-OFFICER-001552,Tamil Nadu Officer OFFICER-001552,Constable,NAGAPATTINAM Station,NAGAPATTINAM,Police Officer,,,suspended,,imported,12fe593e-e883-5cac-9710-f2ba74198299,13_officer.csv,OFFICER-001552
4486db91-d35e-5334-b488-e03aec0627c6,,,TN-OFFICER-001553,Tamil Nadu Officer OFFICER-001553,Deputy Superintendent,RAMANATHAPURAM Station,RAMANATHAPURAM,Investigator,,,retired,,imported,12fe593e-e883-5cac-9710-f2ba74198299,13_officer.csv,OFFICER-001553
11951fb7-a325-594c-8d2e-433fa0b097a8,,,TN-OFFICER-001554,Tamil Nadu Officer OFFICER-001554,Sub-Inspector,SIVAGANGA Station,SIVAGANGA,Police Officer,,,suspended,,imported,12fe593e-e883-5cac-9710-f2ba74198299,13_officer.csv,OFFICER-001554
d52d73e2-24d9-5422-a09a-5a47c544ad3b,,,TN-OFFICER-001555,Tamil Nadu Officer OFFICER-001555,Inspector,KUMBAKONAM Station,KUMBAKONAM,Investigator,,,retired,,imported,12fe593e-e883-5cac-9710-f2ba74198299,13_officer.csv,OFFICER-001555
903f13d3-0ed6-5826-a811-cdabee2b7795,,,TN-OFFICER-001556,Tamil Nadu Officer OFFICER-001556,Superintendent,TIRUCHIRAPPALLI Station,TIRUCHIRAPPALLI,Police Officer,,,suspended,,imported,12fe593e-e883-5cac-9710-f2ba74198299,13_officer.csv,OFFICER-001556
462e915a-7088-58c1-86e4-b55125d4a144,,,TN-OFFICER-001557,Tamil Nadu Officer OFFICER-001557,Sub-Inspector,COIMBATORE Station,COIMBATORE,Investigator,,,transferred,,imported,12fe593e-e883-5cac-9710-f2ba74198299,13_officer.csv,OFFICER-001557
48ebc915-ffa7-53de-95c6-9335884fdb2c,,,TN-OFFICER-001558,Tamil Nadu Officer OFFICER-001558,Sub-Inspector,PUDUKOTTAI Station,PUDUKOTTAI,Police Officer,,,transferred,,imported,12fe593e-e883-5cac-9710-f2ba74198299,13_officer.csv,OFFICER-001558
2f15a1fd-1a51-5c71-844f-8e69548d85a4,,,TN-OFFICER-001559,Tamil Nadu Officer OFFICER-001559,Deputy Superintendent,NAGAPATTINAM Station,NAGAPATTINAM,Station House Officer,,,transferred,,imported,12fe593e-e883-5cac-9710-f2ba74198299,13_officer.csv,OFFICER-001559
a7d4f41b-030c-51c8-a518-5d2e0ef343b9,,,TN-OFFICER-001560,Tamil Nadu Officer OFFICER-001560,Constable,TIRUPATHUR Station,TIRUPATHUR,Station House Officer,,,active,,imported,12fe593e-e883-5cac-9710-f2ba74198299,13_officer.csv,OFFICER-001560
f18a323a-215f-523a-b41e-986a5997bdbb,,,TN-OFFICER-001561,Tamil Nadu Officer OFFICER-001561,Assistant Superintendent,VIRUDHUNAGAR Station,VIRUDHUNAGAR,Investigator,,,retired,,imported,12fe593e-e883-5cac-9710-f2ba74198299,13_officer.csv,OFFICER-001561
ad71f654-103a-5400-b5b6-5585b24d2707,,,TN-OFFICER-001562,Tamil Nadu Officer OFFICER-001562,Deputy Superintendent,KANCHEEPURAM Station,KANCHEEPURAM,Investigator,,,suspended,,imported,12fe593e-e883-5cac-9710-f2ba74198299,13_officer.csv,OFFICER-001562
185d101e-914f-5163-a022-70fb285f4fb0,,,TN-OFFICER-001563,Tamil Nadu Officer OFFICER-001563,Superintendent,RAMESWARAM Station,RAMESWARAM,Police Officer,,,active,,imported,12fe593e-e883-5cac-9710-f2ba74198299,13_officer.csv,OFFICER-001563
92f0df53-0358-55c6-9ef4-be9173606edc,,,TN-OFFICER-001564,Tamil Nadu Officer OFFICER-001564,Assistant Superintendent,VILUPPURAM Station,VILUPPURAM,Circle Inspector,,,retired,,imported,12fe593e-e883-5cac-9710-f2ba74198299,13_officer.csv,OFFICER-001564
bc100772-3ce4-5244-8ae5-23e0a594da67,,,TN-OFFICER-001565,Tamil Nadu Officer OFFICER-001565,Assistant Superintendent,TENKASI Station,TENKASI,Circle Inspector,,,transferred,,imported,12fe593e-e883-5cac-9710-f2ba74198299,13_officer.csv,OFFICER-001565
7901e736-f7b0-59cc-a5a6-f2dc475ef379,,,TN-OFFICER-001566,Tamil Nadu Officer OFFICER-001566,Inspector,NAMAKKAL Station,NAMAKKAL,Police Officer,,,retired,,imported,12fe593e-e883-5cac-9710-f2ba74198299,13_officer.csv,OFFICER-001566
15892855-2971-5e15-9b8c-4282e9ae7c21,,,TN-OFFICER-001567,Tamil Nadu Officer OFFICER-001567,Sub-Inspector,NAMAKKAL Station,NAMAKKAL,Sub-Inspector,,,active,,imported,12fe593e-e883-5cac-9710-f2ba74198299,13_officer.csv,OFFICER-001567
748dfe3f-2f58-51f0-8aef-6ca9c66ef9f8,,,TN-OFFICER-001568,Tamil Nadu Officer OFFICER-001568,Constable,VIRUDHUNAGAR Station,VIRUDHUNAGAR,Police Officer,,,transferred,,imported,12fe593e-e883-5cac-9710-f2ba74198299,13_officer.csv,OFFICER-001568
89f6f072-edc9-5173-a2d2-6c1a63f077ef,,,TN-OFFICER-001569,Tamil Nadu Officer OFFICER-001569,Deputy Superintendent,CUDDALORE Station,CUDDALORE,Investigator,,,transferred,,imported,12fe593e-e883-5cac-9710-f2ba74198299,13_officer.csv,OFFICER-001569
60dbbd53-6f1b-563d-a82e-952f93321c1c,,,TN-OFFICER-001570,Tamil Nadu Officer OFFICER-001570,Inspector,RAMANATHAPURAM Station,RAMANATHAPURAM,Circle Inspector,,,transferred,,imported,12fe593e-e883-5cac-9710-f2ba74198299,13_officer.csv,OFFICER-001570
84a684f5-c3d8-5aac-abf6-f5cb4eb7f019,,,TN-OFFICER-001571,Tamil Nadu Officer OFFICER-001571,Inspector,SIVAGANGA Station,SIVAGANGA,Sub-Inspector,,,retired,,imported,12fe593e-e883-5cac-9710-f2ba74198299,13_officer.csv,OFFICER-001571
a9936e72-a852-56d0-a2be-6d84061578b5,,,TN-OFFICER-001572,Tamil Nadu Officer OFFICER-001572,Constable,KRISHNAGIRI Station,KRISHNAGIRI,Circle Inspector,,,active,,imported,12fe593e-e883-5cac-9710-f2ba74198299,13_officer.csv,OFFICER-001572
3be3061d-6c91-51f1-9c47-4ba1a0e2f35a,,,TN-OFFICER-001573,Tamil Nadu Officer OFFICER-001573,Constable,TENKASI Station,TENKASI,Station House Officer,,,transferred,,imported,12fe593e-e883-5cac-9710-f2ba74198299,13_officer.csv,OFFICER-001573
1c8e026e-ea68-5339-9ac6-31e5bac91b8c,,,TN-OFFICER-001574,Tamil Nadu Officer OFFICER-001574,Inspector,THIRUVALLUR Station,THIRUVALLUR,Police Officer,,,active,,imported,12fe593e-e883-5cac-9710-f2ba74198299,13_officer.csv,OFFICER-001574
bcca78e8-b86c-5744-a50f-472c88d6dbf5,,,TN-OFFICER-001575,Tamil Nadu Officer OFFICER-001575,Inspector,CHENNAI Station,CHENNAI,Police Officer,,,transferred,,imported,12fe593e-e883-5cac-9710-f2ba74198299,13_officer.csv,OFFICER-001575
d7490b68-e8de-5ac9-bc55-4c8e187aabf5,,,TN-OFFICER-001576,Tamil Nadu Officer OFFICER-001576,Assistant Superintendent,CHENNAI Station,CHENNAI,Investigator,,,suspended,,imported,12fe593e-e883-5cac-9710-f2ba74198299,13_officer.csv,OFFICER-001576
aa8038a8-52d7-5675-b9bd-477cd528f60c,,,TN-OFFICER-001577,Tamil Nadu Officer OFFICER-001577,Inspector,DINDIGUL Station,DINDIGUL,Investigator,,,retired,,imported,12fe593e-e883-5cac-9710-f2ba74198299,13_officer.csv,OFFICER-001577
54f516ac-5a1a-51bc-aab7-30361e643bae,,,TN-OFFICER-001578,Tamil Nadu Officer OFFICER-001578,Sub-Inspector,RAMESWARAM Station,RAMESWARAM,Police Officer,,,active,,imported,12fe593e-e883-5cac-9710-f2ba74198299,13_officer.csv,OFFICER-001578
d179edc7-00b3-52d7-8fea-bc6cd9407191,,,TN-OFFICER-001579,Tamil Nadu Officer OFFICER-001579,Deputy Superintendent,NAMAKKAL Station,NAMAKKAL,Sub-Inspector,,,transferred,,imported,12fe593e-e883-5cac-9710-f2ba74198299,13_officer.csv,OFFICER-001579
512b4dee-f863-53a4-9096-facf24c1e205,,,TN-OFFICER-001580,Tamil Nadu Officer OFFICER-001580,Inspector,PUDUKOTTAI Station,PUDUKOTTAI,Sub-Inspector,,,transferred,,imported,12fe593e-e883-5cac-9710-f2ba74198299,13_officer.csv,OFFICER-001580
2b8f16b1-70d3-516d-8e86-0b4043f88fb6,,,TN-OFFICER-001581,Tamil Nadu Officer OFFICER-001581,Inspector,KANYAKUMARI Station,KANYAKUMARI,Investigator,,,retired,,imported,12fe593e-e883-5cac-9710-f2ba74198299,13_officer.csv,OFFICER-001581
1bb89172-8941-5eff-bf6c-4afabc8045d8,,,TN-OFFICER-001582,Tamil Nadu Officer OFFICER-001582,Inspector,TIRUPPUR Station,TIRUPPUR,Station House Officer,,,suspended,,imported,12fe593e-e883-5cac-9710-f2ba74198299,13_officer.csv,OFFICER-001582
de68a5e8-bb6f-55a8-87b2-72815e041b79,,,TN-OFFICER-001583,Tamil Nadu Officer OFFICER-001583,Inspector,SALEM Station,SALEM,Sub-Inspector,,,suspended,,imported,12fe593e-e883-5cac-9710-f2ba74198299,13_officer.csv,OFFICER-001583
f7fa2722-8fe8-5a7a-b89e-582038c6c80a,,,TN-OFFICER-001584,Tamil Nadu Officer OFFICER-001584,Sub-Inspector,DINDIGUL Station,DINDIGUL,Investigator,,,suspended,,imported,12fe593e-e883-5cac-9710-f2ba74198299,13_officer.csv,OFFICER-001584
ba405854-3665-5375-b679-770b4292d1a9,,,TN-OFFICER-001585,Tamil Nadu Officer OFFICER-001585,Superintendent,RAMESWARAM Station,RAMESWARAM,Police Officer,,,active,,imported,12fe593e-e883-5cac-9710-f2ba74198299,13_officer.csv,OFFICER-001585
fdbfee52-b251-5bcd-b1dc-be487d47be6b,,,TN-OFFICER-001586,Tamil Nadu Officer OFFICER-001586,Inspector,KALLAKURICHI Station,KALLAKURICHI,Circle Inspector,,,active,,imported,12fe593e-e883-5cac-9710-f2ba74198299,13_officer.csv,OFFICER-001586
c288284d-812e-5123-94ba-2b09b8bc4390,,,TN-OFFICER-001587,Tamil Nadu Officer OFFICER-001587,Constable,ARIYALUR Station,ARIYALUR,Sub-Inspector,,,active,,imported,12fe593e-e883-5cac-9710-f2ba74198299,13_officer.csv,OFFICER-001587
06d7e8e2-1f1d-5e97-9910-61bb092a4587,,,TN-OFFICER-001588,Tamil Nadu Officer OFFICER-001588,Inspector,THIRUVARUR Station,THIRUVARUR,Circle Inspector,,,retired,,imported,12fe593e-e883-5cac-9710-f2ba74198299,13_officer.csv,OFFICER-001588
3c60a9cd-afa3-5f78-a807-31f5e6628207,,,TN-OFFICER-001589,Tamil Nadu Officer OFFICER-001589,Sub-Inspector,TIRUVANNAMALAI Station,TIRUVANNAMALAI,Station House Officer,,,active,,imported,12fe593e-e883-5cac-9710-f2ba74198299,13_officer.csv,OFFICER-001589
cf87966d-5185-5b7d-9574-3735ae043827,,,TN-OFFICER-001590,Tamil Nadu Officer OFFICER-001590,Assistant Superintendent,THIRUVALLUR Station,THIRUVALLUR,Police Officer,,,retired,,imported,12fe593e-e883-5cac-9710-f2ba74198299,13_officer.csv,OFFICER-001590
1aecc586-43a5-5e7c-ae97-fbf1c798587a,,,TN-OFFICER-001591,Tamil Nadu Officer OFFICER-001591,Deputy Superintendent,TIRUPPUR Station,TIRUPPUR,Sub-Inspector,,,retired,,imported,12fe593e-e883-5cac-9710-f2ba74198299,13_officer.csv,OFFICER-001591
7e26d547-2a64-5953-a42d-cd62d5080aa7,,,TN-OFFICER-001592,Tamil Nadu Officer OFFICER-001592,Inspector,SIVAGANGA Station,SIVAGANGA,Sub-Inspector,,,transferred,,imported,12fe593e-e883-5cac-9710-f2ba74198299,13_officer.csv,OFFICER-001592
7b3f41a1-fcd0-52c6-8685-6bb8b235c413,,,TN-OFFICER-001593,Tamil Nadu Officer OFFICER-001593,Sub-Inspector,PERAMBALUR Station,PERAMBALUR,Police Officer,,,transferred,,imported,12fe593e-e883-5cac-9710-f2ba74198299,13_officer.csv,OFFICER-001593
7857c74f-0725-5754-96cf-038011a413f2,,,TN-OFFICER-001594,Tamil Nadu Officer OFFICER-001594,Superintendent,RANIPET Station,RANIPET,Station House Officer,,,retired,,imported,12fe593e-e883-5cac-9710-f2ba74198299,13_officer.csv,OFFICER-001594
a4568889-4580-5896-9d4e-013a4044ac7c,,,TN-OFFICER-001595,Tamil Nadu Officer OFFICER-001595,Assistant Superintendent,TIRUVANNAMALAI Station,TIRUVANNAMALAI,Sub-Inspector,,,transferred,,imported,12fe593e-e883-5cac-9710-f2ba74198299,13_officer.csv,OFFICER-001595
2d016e3f-00ce-5fef-ba87-d6595b1d133d,,,TN-OFFICER-001596,Tamil Nadu Officer OFFICER-001596,Constable,CHENGALPATTU Station,CHENGALPATTU,Station House Officer,,,retired,,imported,12fe593e-e883-5cac-9710-f2ba74198299,13_officer.csv,OFFICER-001596
49500079-b2b1-52d3-b3f0-d1b4040c3e0a,,,TN-OFFICER-001597,Tamil Nadu Officer OFFICER-001597,Assistant Superintendent,RAMANATHAPURAM Station,RAMANATHAPURAM,Sub-Inspector,,,active,,imported,12fe593e-e883-5cac-9710-f2ba74198299,13_officer.csv,OFFICER-001597
871e51ce-447e-5c0c-b3da-53df081e6bc9,,,TN-OFFICER-001598,Tamil Nadu Officer OFFICER-001598,Assistant Superintendent,CHENNAI Station,CHENNAI,Police Officer,,,transferred,,imported,12fe593e-e883-5cac-9710-f2ba74198299,13_officer.csv,OFFICER-001598
2d4e5c64-cd2a-566e-b979-822113b3801f,,,TN-OFFICER-001599,Tamil Nadu Officer OFFICER-001599,Sub-Inspector,CHENNAI Station,CHENNAI,Investigator,,,transferred,,imported,12fe593e-e883-5cac-9710-f2ba74198299,13_officer.csv,OFFICER-001599
d22180a9-fd0f-5691-9e94-7d1488af978c,,,TN-OFFICER-001600,Tamil Nadu Officer OFFICER-001600,Sub-Inspector,KUMBAKONAM Station,KUMBAKONAM,Circle Inspector,,,transferred,,imported,12fe593e-e883-5cac-9710-f2ba74198299,13_officer.csv,OFFICER-001600
19aeaf88-265d-51ec-bf28-cb30e54d180f,,,TN-OFFICER-001601,Tamil Nadu Officer OFFICER-001601,Constable,RAMANATHAPURAM Station,RAMANATHAPURAM,Investigator,,,suspended,,imported,12fe593e-e883-5cac-9710-f2ba74198299,13_officer.csv,OFFICER-001601
c762e546-5d3a-5b65-baa5-17062ec38c40,,,TN-OFFICER-001602,Tamil Nadu Officer OFFICER-001602,Sub-Inspector,TIRUNELVELI Station,TIRUNELVELI,Investigator,,,suspended,,imported,12fe593e-e883-5cac-9710-f2ba74198299,13_officer.csv,OFFICER-001602
da45e2e4-81b5-5521-8151-c2b912b825f3,,,TN-OFFICER-001603,Tamil Nadu Officer OFFICER-001603,Deputy Superintendent,KALLAKURICHI Station,KALLAKURICHI,Investigator,,,retired,,imported,12fe593e-e883-5cac-9710-f2ba74198299,13_officer.csv,OFFICER-001603
95b664b9-6109-54c5-b093-b5948208d230,,,TN-OFFICER-001604,Tamil Nadu Officer OFFICER-001604,Constable,CHENGALPATTU Station,CHENGALPATTU,Police Officer,,,transferred,,imported,12fe593e-e883-5cac-9710-f2ba74198299,13_officer.csv,OFFICER-001604
b65c9c1e-3c5a-5bbe-92be-6245bb6ebf18,,,TN-OFFICER-001605,Tamil Nadu Officer OFFICER-001605,Superintendent,ARIYALUR Station,ARIYALUR,Investigator,,,transferred,,imported,12fe593e-e883-5cac-9710-f2ba74198299,13_officer.csv,OFFICER-001605
d98879e6-1ddc-535a-89e7-2ec32b899d9a,,,TN-OFFICER-001606,Tamil Nadu Officer OFFICER-001606,Inspector,TIRUPPUR Station,TIRUPPUR,Police Officer,,,active,,imported,12fe593e-e883-5cac-9710-f2ba74198299,13_officer.csv,OFFICER-001606
26ced55a-70de-5737-afbd-6ab3e6218df7,,,TN-OFFICER-001607,Tamil Nadu Officer OFFICER-001607,Constable,NAGAPATTINAM Station,NAGAPATTINAM,Circle Inspector,,,retired,,imported,12fe593e-e883-5cac-9710-f2ba74198299,13_officer.csv,OFFICER-001607
441c10a6-96ca-5348-956a-5372de1aabb2,,,TN-OFFICER-001608,Tamil Nadu Officer OFFICER-001608,Deputy Superintendent,KRISHNAGIRI Station,KRISHNAGIRI,Circle Inspector,,,retired,,imported,12fe593e-e883-5cac-9710-f2ba74198299,13_officer.csv,OFFICER-001608
bea6e27a-fa63-54fd-af31-1852394f38a3,,,TN-OFFICER-001609,Tamil Nadu Officer OFFICER-001609,Assistant Superintendent,THIRUVALLUR Station,THIRUVALLUR,Sub-Inspector,,,suspended,,imported,12fe593e-e883-5cac-9710-f2ba74198299,13_officer.csv,OFFICER-001609
daac893f-036d-5483-b8d5-85ab7edf498a,,,TN-OFFICER-001610,Tamil Nadu Officer OFFICER-001610,Deputy Superintendent,KANCHEEPURAM Station,KANCHEEPURAM,Sub-Inspector,,,active,,imported,12fe593e-e883-5cac-9710-f2ba74198299,13_officer.csv,OFFICER-001610
efa67ad1-fa90-5727-a959-7fc124444f3f,,,TN-OFFICER-001611,Tamil Nadu Officer OFFICER-001611,Deputy Superintendent,TIRUVANNAMALAI Station,TIRUVANNAMALAI,Police Officer,,,transferred,,imported,12fe593e-e883-5cac-9710-f2ba74198299,13_officer.csv,OFFICER-001611
e06bd38e-0afb-5464-9ac3-1c407476f2df,,,TN-OFFICER-001612,Tamil Nadu Officer OFFICER-001612,Deputy Superintendent,ARIYALUR Station,ARIYALUR,Circle Inspector,,,suspended,,imported,12fe593e-e883-5cac-9710-f2ba74198299,13_officer.csv,OFFICER-001612
bc2e3f04-dd38-55fd-a1be-0163b3208c68,,,TN-OFFICER-001613,Tamil Nadu Officer OFFICER-001613,Constable,MAYILADUTHURAI Station,MAYILADUTHURAI,Sub-Inspector,,,suspended,,imported,12fe593e-e883-5cac-9710-f2ba74198299,13_officer.csv,OFFICER-001613
2cb47438-73eb-53e7-83ee-8a6dc10fa683,,,TN-OFFICER-001614,Tamil Nadu Officer OFFICER-001614,Inspector,VIRUDHUNAGAR Station,VIRUDHUNAGAR,Investigator,,,active,,imported,12fe593e-e883-5cac-9710-f2ba74198299,13_officer.csv,OFFICER-001614
d667ed83-5d75-5e6f-8ea2-b5c58d7f75c3,,,TN-OFFICER-001615,Tamil Nadu Officer OFFICER-001615,Constable,TIRUPATHUR Station,TIRUPATHUR,Police Officer,,,suspended,,imported,12fe593e-e883-5cac-9710-f2ba74198299,13_officer.csv,OFFICER-001615
edc9738d-6b0a-5182-b4f3-c91655d49c05,,,TN-OFFICER-001616,Tamil Nadu Officer OFFICER-001616,Deputy Superintendent,RANIPET Station,RANIPET,Police Officer,,,transferred,,imported,12fe593e-e883-5cac-9710-f2ba74198299,13_officer.csv,OFFICER-001616
63feda3a-b062-56ef-ba9a-b7b520550a1f,,,TN-OFFICER-001617,Tamil Nadu Officer OFFICER-001617,Sub-Inspector,TIRUPATHUR Station,TIRUPATHUR,Circle Inspector,,,retired,,imported,12fe593e-e883-5cac-9710-f2ba74198299,13_officer.csv,OFFICER-001617
188ea0a8-6f61-5629-b942-dd5689059aec,,,TN-OFFICER-001618,Tamil Nadu Officer OFFICER-001618,Deputy Superintendent,KUMBAKONAM Station,KUMBAKONAM,Station House Officer,,,suspended,,imported,12fe593e-e883-5cac-9710-f2ba74198299,13_officer.csv,OFFICER-001618
11eb9b0b-a0a2-52c9-ad61-156a4d0718e5,,,TN-OFFICER-001619,Tamil Nadu Officer OFFICER-001619,Constable,PERAMBALUR Station,PERAMBALUR,Sub-Inspector,,,suspended,,imported,12fe593e-e883-5cac-9710-f2ba74198299,13_officer.csv,OFFICER-001619
558463d2-1789-5839-b26a-f9c95db546e9,,,TN-OFFICER-001620,Tamil Nadu Officer OFFICER-001620,Assistant Superintendent,VIRUDHUNAGAR Station,VIRUDHUNAGAR,Station House Officer,,,active,,imported,12fe593e-e883-5cac-9710-f2ba74198299,13_officer.csv,OFFICER-001620
effb9183-57eb-598f-b741-a0a18172c6ac,,,TN-OFFICER-001621,Tamil Nadu Officer OFFICER-001621,Superintendent,KRISHNAGIRI Station,KRISHNAGIRI,Station House Officer,,,suspended,,imported,12fe593e-e883-5cac-9710-f2ba74198299,13_officer.csv,OFFICER-001621
bf484a12-e603-5130-ae36-38ebee99e159,,,TN-OFFICER-001622,Tamil Nadu Officer OFFICER-001622,Constable,THIRUVALLUR Station,THIRUVALLUR,Police Officer,,,transferred,,imported,12fe593e-e883-5cac-9710-f2ba74198299,13_officer.csv,OFFICER-001622
fccfc3ae-b50e-52c9-91b0-a012ebe833fa,,,TN-OFFICER-001623,Tamil Nadu Officer OFFICER-001623,Constable,KALLAKURICHI Station,KALLAKURICHI,Police Officer,,,suspended,,imported,12fe593e-e883-5cac-9710-f2ba74198299,13_officer.csv,OFFICER-001623
45b71544-d9a0-5c95-8ba1-2b71b05f8ea0,,,TN-OFFICER-001624,Tamil Nadu Officer OFFICER-001624,Deputy Superintendent,DINDIGUL Station,DINDIGUL,Sub-Inspector,,,retired,,imported,12fe593e-e883-5cac-9710-f2ba74198299,13_officer.csv,OFFICER-001624
23e3e350-0382-5f69-aa22-fb20b9344f0c,,,TN-OFFICER-001625,Tamil Nadu Officer OFFICER-001625,Constable,KRISHNAGIRI Station,KRISHNAGIRI,Circle Inspector,,,active,,imported,12fe593e-e883-5cac-9710-f2ba74198299,13_officer.csv,OFFICER-001625
efd365e4-0750-5709-95da-5f8d6c843638,,,TN-OFFICER-001626,Tamil Nadu Officer OFFICER-001626,Deputy Superintendent,SALEM Station,SALEM,Police Officer,,,active,,imported,12fe593e-e883-5cac-9710-f2ba74198299,13_officer.csv,OFFICER-001626
989bc18b-616a-5696-b726-fecf2b20ee9a,,,TN-OFFICER-001627,Tamil Nadu Officer OFFICER-001627,Superintendent,KUMBAKONAM Station,KUMBAKONAM,Police Officer,,,suspended,,imported,12fe593e-e883-5cac-9710-f2ba74198299,13_officer.csv,OFFICER-001627
54cd03dd-9ab8-5e49-8663-d70f763c342c,,,TN-OFFICER-001628,Tamil Nadu Officer OFFICER-001628,Sub-Inspector,TIRUPATHUR Station,TIRUPATHUR,Sub-Inspector,,,active,,imported,12fe593e-e883-5cac-9710-f2ba74198299,13_officer.csv,OFFICER-001628
2d1b2a28-652c-5805-a17a-bef40ccc1968,,,TN-OFFICER-001629,Tamil Nadu Officer OFFICER-001629,Constable,TIRUCHIRAPPALLI Station,TIRUCHIRAPPALLI,Police Officer,,,active,,imported,12fe593e-e883-5cac-9710-f2ba74198299,13_officer.csv,OFFICER-001629
223b81bb-470a-5436-aae7-8f14afb0582e,,,TN-OFFICER-001630,Tamil Nadu Officer OFFICER-001630,Deputy Superintendent,TIRUNELVELI Station,TIRUNELVELI,Circle Inspector,,,transferred,,imported,12fe593e-e883-5cac-9710-f2ba74198299,13_officer.csv,OFFICER-001630
82d60f3d-a58e-53e2-a13a-9f35df5ea1d5,,,TN-OFFICER-001631,Tamil Nadu Officer OFFICER-001631,Constable,KRISHNAGIRI Station,KRISHNAGIRI,Investigator,,,active,,imported,12fe593e-e883-5cac-9710-f2ba74198299,13_officer.csv,OFFICER-001631
fc54bdd5-2323-52d6-9ff0-a1598a13f591,,,TN-OFFICER-001632,Tamil Nadu Officer OFFICER-001632,Superintendent,PUDUKOTTAI Station,PUDUKOTTAI,Station House Officer,,,retired,,imported,12fe593e-e883-5cac-9710-f2ba74198299,13_officer.csv,OFFICER-001632
9b26b726-77ec-5da1-8e6c-41ac9191505f,,,TN-OFFICER-001633,Tamil Nadu Officer OFFICER-001633,Constable,RAMESWARAM Station,RAMESWARAM,Investigator,,,transferred,,imported,12fe593e-e883-5cac-9710-f2ba74198299,13_officer.csv,OFFICER-001633
6224d717-bfcc-5814-8f77-e023d35a13e6,,,TN-OFFICER-001634,Tamil Nadu Officer OFFICER-001634,Deputy Superintendent,RAMANATHAPURAM Station,RAMANATHAPURAM,Station House Officer,,,active,,imported,12fe593e-e883-5cac-9710-f2ba74198299,13_officer.csv,OFFICER-001634
74418949-1097-58c9-a735-59dbe1dd3409,,,TN-OFFICER-001635,Tamil Nadu Officer OFFICER-001635,Assistant Superintendent,KANYAKUMARI Station,KANYAKUMARI,Circle Inspector,,,active,,imported,12fe593e-e883-5cac-9710-f2ba74198299,13_officer.csv,OFFICER-001635
002d8fb0-49bd-5219-ad72-5a4b83ff96e2,,,TN-OFFICER-001636,Tamil Nadu Officer OFFICER-001636,Deputy Superintendent,RAMESWARAM Station,RAMESWARAM,Investigator,,,transferred,,imported,12fe593e-e883-5cac-9710-f2ba74198299,13_officer.csv,OFFICER-001636
01c930f9-a6bd-5950-9731-4f66ede4a796,,,TN-OFFICER-001637,Tamil Nadu Officer OFFICER-001637,Inspector,COIMBATORE Station,COIMBATORE,Station House Officer,,,active,,imported,12fe593e-e883-5cac-9710-f2ba74198299,13_officer.csv,OFFICER-001637
981b6837-da95-543c-bf83-598921a11d66,,,TN-OFFICER-001638,Tamil Nadu Officer OFFICER-001638,Deputy Superintendent,TENKASI Station,TENKASI,Station House Officer,,,transferred,,imported,12fe593e-e883-5cac-9710-f2ba74198299,13_officer.csv,OFFICER-001638
fbd45743-2ac5-5dc7-89e9-616be8dc88f5,,,TN-OFFICER-001639,Tamil Nadu Officer OFFICER-001639,Inspector,RAMESWARAM Station,RAMESWARAM,Circle Inspector,,,transferred,,imported,12fe593e-e883-5cac-9710-f2ba74198299,13_officer.csv,OFFICER-001639
669e28f5-402b-571f-98ad-f11eea2e1c55,,,TN-OFFICER-001640,Tamil Nadu Officer OFFICER-001640,Superintendent,VIRUDHUNAGAR Station,VIRUDHUNAGAR,Sub-Inspector,,,active,,imported,12fe593e-e883-5cac-9710-f2ba74198299,13_officer.csv,OFFICER-001640
18349e2c-fbfa-515c-8cf9-50efd752f35d,,,TN-OFFICER-001641,Tamil Nadu Officer OFFICER-001641,Constable,NAGAPATTINAM Station,NAGAPATTINAM,Investigator,,,retired,,imported,12fe593e-e883-5cac-9710-f2ba74198299,13_officer.csv,OFFICER-001641
a2f52b50-2b0f-594a-b760-e5f732127a07,,,TN-OFFICER-001642,Tamil Nadu Officer OFFICER-001642,Superintendent,KRISHNAGIRI Station,KRISHNAGIRI,Station House Officer,,,transferred,,imported,12fe593e-e883-5cac-9710-f2ba74198299,13_officer.csv,OFFICER-001642
790c37f0-69bb-5132-9db1-4797a57dd8e1,,,TN-OFFICER-001643,Tamil Nadu Officer OFFICER-001643,Constable,THIRUVALLUR Station,THIRUVALLUR,Station House Officer,,,suspended,,imported,12fe593e-e883-5cac-9710-f2ba74198299,13_officer.csv,OFFICER-001643
e9e05f0f-87d7-593a-a460-e2c05ca06832,,,TN-OFFICER-001644,Tamil Nadu Officer OFFICER-001644,Sub-Inspector,SIVAGANGA Station,SIVAGANGA,Station House Officer,,,active,,imported,12fe593e-e883-5cac-9710-f2ba74198299,13_officer.csv,OFFICER-001644
acb7b154-cd0a-5a3f-8366-6efe4393579c,,,TN-OFFICER-001645,Tamil Nadu Officer OFFICER-001645,Deputy Superintendent,KARUR Station,KARUR,Investigator,,,active,,imported,12fe593e-e883-5cac-9710-f2ba74198299,13_officer.csv,OFFICER-001645
346cc924-2b32-5c40-aaa5-0e2905559495,,,TN-OFFICER-001646,Tamil Nadu Officer OFFICER-001646,Assistant Superintendent,NAGAPATTINAM Station,NAGAPATTINAM,Station House Officer,,,transferred,,imported,12fe593e-e883-5cac-9710-f2ba74198299,13_officer.csv,OFFICER-001646
093c8ca1-0b9b-58c5-86f4-b35118dde16a,,,TN-OFFICER-001647,Tamil Nadu Officer OFFICER-001647,Constable,RAMANATHAPURAM Station,RAMANATHAPURAM,Circle Inspector,,,transferred,,imported,12fe593e-e883-5cac-9710-f2ba74198299,13_officer.csv,OFFICER-001647
100eae51-21f5-5185-8edb-166f8c953ee2,,,TN-OFFICER-001648,Tamil Nadu Officer OFFICER-001648,Inspector,THIRUVARUR Station,THIRUVARUR,Police Officer,,,active,,imported,12fe593e-e883-5cac-9710-f2ba74198299,13_officer.csv,OFFICER-001648
160d631b-9730-54a9-bfa4-57ea1a76a88d,,,TN-OFFICER-001649,Tamil Nadu Officer OFFICER-001649,Assistant Superintendent,RAMESWARAM Station,RAMESWARAM,Police Officer,,,transferred,,imported,12fe593e-e883-5cac-9710-f2ba74198299,13_officer.csv,OFFICER-001649
dee5eb33-3dda-54e2-acde-06349e89db5d,,,TN-OFFICER-001650,Tamil Nadu Officer OFFICER-001650,Sub-Inspector,THE_NILGIRIS Station,THE_NILGIRIS,Sub-Inspector,,,active,,imported,12fe593e-e883-5cac-9710-f2ba74198299,13_officer.csv,OFFICER-001650
1af64f94-30e2-58de-bfef-e0ca06f3079b,,,TN-OFFICER-001651,Tamil Nadu Officer OFFICER-001651,Sub-Inspector,SALEM Station,SALEM,Investigator,,,transferred,,imported,12fe593e-e883-5cac-9710-f2ba74198299,13_officer.csv,OFFICER-001651
f8a1d055-5b12-5b32-8145-6b27f45e0fa3,,,TN-OFFICER-001652,Tamil Nadu Officer OFFICER-001652,Deputy Superintendent,THENI Station,THENI,Sub-Inspector,,,transferred,,imported,12fe593e-e883-5cac-9710-f2ba74198299,13_officer.csv,OFFICER-001652
c44ae707-b286-5bc0-a7ce-1d00169f3735,,,TN-OFFICER-001653,Tamil Nadu Officer OFFICER-001653,Assistant Superintendent,COIMBATORE Station,COIMBATORE,Circle Inspector,,,active,,imported,12fe593e-e883-5cac-9710-f2ba74198299,13_officer.csv,OFFICER-001653
ce39c595-5909-5736-be1d-267bbbca7d2f,,,TN-OFFICER-001654,Tamil Nadu Officer OFFICER-001654,Inspector,THOOTHUKUDI Station,THOOTHUKUDI,Station House Officer,,,active,,imported,12fe593e-e883-5cac-9710-f2ba74198299,13_officer.csv,OFFICER-001654
01309e40-a960-5a71-8222-8461846748a8,,,TN-OFFICER-001655,Tamil Nadu Officer OFFICER-001655,Assistant Superintendent,ARIYALUR Station,ARIYALUR,Police Officer,,,suspended,,imported,12fe593e-e883-5cac-9710-f2ba74198299,13_officer.csv,OFFICER-001655
72869a57-ca2c-541f-ac07-91559620fc57,,,TN-OFFICER-001656,Tamil Nadu Officer OFFICER-001656,Constable,CHENGALPATTU Station,CHENGALPATTU,Investigator,,,retired,,imported,12fe593e-e883-5cac-9710-f2ba74198299,13_officer.csv,OFFICER-001656
f28351fa-be9f-5754-aec8-e660f4c17c89,,,TN-OFFICER-001657,Tamil Nadu Officer OFFICER-001657,Sub-Inspector,CUDDALORE Station,CUDDALORE,Circle Inspector,,,transferred,,imported,12fe593e-e883-5cac-9710-f2ba74198299,13_officer.csv,OFFICER-001657
6c1d6bc9-1164-5085-b97b-00c08b84d52e,,,TN-OFFICER-001658,Tamil Nadu Officer OFFICER-001658,Constable,KANCHEEPURAM Station,KANCHEEPURAM,Investigator,,,retired,,imported,12fe593e-e883-5cac-9710-f2ba74198299,13_officer.csv,OFFICER-001658
668f85a4-81ac-5ca6-98f8-8c7e6fc3682b,,,TN-OFFICER-001659,Tamil Nadu Officer OFFICER-001659,Inspector,CHENGALPATTU Station,CHENGALPATTU,Circle Inspector,,,transferred,,imported,12fe593e-e883-5cac-9710-f2ba74198299,13_officer.csv,OFFICER-001659
d03f881b-c64d-593b-b88e-68003444fe27,,,TN-OFFICER-001660,Tamil Nadu Officer OFFICER-001660,Constable,CHENGALPATTU Station,CHENGALPATTU,Sub-Inspector,,,suspended,,imported,12fe593e-e883-5cac-9710-f2ba74198299,13_officer.csv,OFFICER-001660
e5179521-cf27-5481-bf14-a33031639bd3,,,TN-OFFICER-001661,Tamil Nadu Officer OFFICER-001661,Deputy Superintendent,NAGAPATTINAM Station,NAGAPATTINAM,Sub-Inspector,,,retired,,imported,12fe593e-e883-5cac-9710-f2ba74198299,13_officer.csv,OFFICER-001661
8619d737-d152-540f-bac0-bbf885a58349,,,TN-OFFICER-001662,Tamil Nadu Officer OFFICER-001662,Superintendent,DHARMAPURI Station,DHARMAPURI,Police Officer,,,suspended,,imported,12fe593e-e883-5cac-9710-f2ba74198299,13_officer.csv,OFFICER-001662
62e9de15-58bf-5af8-af3b-0e7dc95dad3c,,,TN-OFFICER-001663,Tamil Nadu Officer OFFICER-001663,Deputy Superintendent,CUDDALORE Station,CUDDALORE,Station House Officer,,,active,,imported,12fe593e-e883-5cac-9710-f2ba74198299,13_officer.csv,OFFICER-001663
def66e2e-3a8b-549d-bde5-03d9e79e5c20,,,TN-OFFICER-001664,Tamil Nadu Officer OFFICER-001664,Superintendent,VIRUDHUNAGAR Station,VIRUDHUNAGAR,Investigator,,,suspended,,imported,12fe593e-e883-5cac-9710-f2ba74198299,13_officer.csv,OFFICER-001664
32e764bc-10ea-5e66-ad1d-0f365aac7fc9,,,TN-OFFICER-001665,Tamil Nadu Officer OFFICER-001665,Superintendent,ERODE Station,ERODE,Police Officer,,,retired,,imported,12fe593e-e883-5cac-9710-f2ba74198299,13_officer.csv,OFFICER-001665
e07fd51c-79f8-5745-8a10-be832f3b2320,,,TN-OFFICER-001666,Tamil Nadu Officer OFFICER-001666,Inspector,ARIYALUR Station,ARIYALUR,Sub-Inspector,,,transferred,,imported,12fe593e-e883-5cac-9710-f2ba74198299,13_officer.csv,OFFICER-001666
8436231f-093b-5b0a-aff2-3cf3aee93053,,,TN-OFFICER-001667,Tamil Nadu Officer OFFICER-001667,Constable,RANIPET Station,RANIPET,Investigator,,,retired,,imported,12fe593e-e883-5cac-9710-f2ba74198299,13_officer.csv,OFFICER-001667
9a5618ee-1af7-5ce2-85ae-a514befa0127,,,TN-OFFICER-001668,Tamil Nadu Officer OFFICER-001668,Assistant Superintendent,KALLAKURICHI Station,KALLAKURICHI,Sub-Inspector,,,suspended,,imported,12fe593e-e883-5cac-9710-f2ba74198299,13_officer.csv,OFFICER-001668
cb926044-adff-5683-9c49-ad95a1a12c94,,,TN-OFFICER-001669,Tamil Nadu Officer OFFICER-001669,Assistant Superintendent,KARUR Station,KARUR,Investigator,,,transferred,,imported,12fe593e-e883-5cac-9710-f2ba74198299,13_officer.csv,OFFICER-001669
e5e2a5b9-d56e-5a18-96d8-c5ce71f5753e,,,TN-OFFICER-001670,Tamil Nadu Officer OFFICER-001670,Assistant Superintendent,THIRUVARUR Station,THIRUVARUR,Sub-Inspector,,,suspended,,imported,12fe593e-e883-5cac-9710-f2ba74198299,13_officer.csv,OFFICER-001670
089a6000-f035-56d0-9d68-64d651bbb5b2,,,TN-OFFICER-001671,Tamil Nadu Officer OFFICER-001671,Deputy Superintendent,THIRUVARUR Station,THIRUVARUR,Police Officer,,,suspended,,imported,12fe593e-e883-5cac-9710-f2ba74198299,13_officer.csv,OFFICER-001671
e7a139aa-7195-5e8c-85e7-5c47cbb058f2,,,TN-OFFICER-001672,Tamil Nadu Officer OFFICER-001672,Deputy Superintendent,DHARMAPURI Station,DHARMAPURI,Circle Inspector,,,transferred,,imported,12fe593e-e883-5cac-9710-f2ba74198299,13_officer.csv,OFFICER-001672
7398aba3-6dd7-5041-ba28-24383ed2fe09,,,TN-OFFICER-001673,Tamil Nadu Officer OFFICER-001673,Superintendent,RANIPET Station,RANIPET,Sub-Inspector,,,active,,imported,12fe593e-e883-5cac-9710-f2ba74198299,13_officer.csv,OFFICER-001673
3c433da6-37b8-5161-9d3d-4ccb5b95f75e,,,TN-OFFICER-001674,Tamil Nadu Officer OFFICER-001674,Inspector,KUMBAKONAM Station,KUMBAKONAM,Station House Officer,,,transferred,,imported,12fe593e-e883-5cac-9710-f2ba74198299,13_officer.csv,OFFICER-001674
17560ba0-d1bb-58d8-b9ee-f13a9fd26fea,,,TN-OFFICER-001675,Tamil Nadu Officer OFFICER-001675,Sub-Inspector,SALEM Station,SALEM,Circle Inspector,,,suspended,,imported,12fe593e-e883-5cac-9710-f2ba74198299,13_officer.csv,OFFICER-001675
e222f285-42b9-5f5f-a0f8-cc30b0ac6f56,,,TN-OFFICER-001676,Tamil Nadu Officer OFFICER-001676,Sub-Inspector,DINDIGUL Station,DINDIGUL,Police Officer,,,suspended,,imported,12fe593e-e883-5cac-9710-f2ba74198299,13_officer.csv,OFFICER-001676
804438a0-1856-5241-bed2-ad4f9b5f2cc7,,,TN-OFFICER-001677,Tamil Nadu Officer OFFICER-001677,Deputy Superintendent,DINDIGUL Station,DINDIGUL,Police Officer,,,transferred,,imported,12fe593e-e883-5cac-9710-f2ba74198299,13_officer.csv,OFFICER-001677
fa103481-20c5-5993-bbdf-3dd79be0953a,,,TN-OFFICER-001678,Tamil Nadu Officer OFFICER-001678,Inspector,RAMANATHAPURAM Station,RAMANATHAPURAM,Investigator,,,retired,,imported,12fe593e-e883-5cac-9710-f2ba74198299,13_officer.csv,OFFICER-001678
2ab88637-82a3-5fca-b2ad-cae843ec9753,,,TN-OFFICER-001679,Tamil Nadu Officer OFFICER-001679,Constable,TIRUNELVELI Station,TIRUNELVELI,Circle Inspector,,,active,,imported,12fe593e-e883-5cac-9710-f2ba74198299,13_officer.csv,OFFICER-001679
cc27dd30-2cd7-58ff-91fa-2fd03a46180c,,,TN-OFFICER-001680,Tamil Nadu Officer OFFICER-001680,Sub-Inspector,ARIYALUR Station,ARIYALUR,Police Officer,,,suspended,,imported,12fe593e-e883-5cac-9710-f2ba74198299,13_officer.csv,OFFICER-001680
0a2c0117-f974-5691-80e1-00c26c02170d,,,TN-OFFICER-001681,Tamil Nadu Officer OFFICER-001681,Inspector,DHARMAPURI Station,DHARMAPURI,Circle Inspector,,,retired,,imported,12fe593e-e883-5cac-9710-f2ba74198299,13_officer.csv,OFFICER-001681
e3f8422e-be82-52ba-b5d5-8785a2b23140,,,TN-OFFICER-001682,Tamil Nadu Officer OFFICER-001682,Deputy Superintendent,KRISHNAGIRI Station,KRISHNAGIRI,Sub-Inspector,,,suspended,,imported,12fe593e-e883-5cac-9710-f2ba74198299,13_officer.csv,OFFICER-001682
0b1b5e37-ad81-5fa6-b6e9-26156b1d17ed,,,TN-OFFICER-001683,Tamil Nadu Officer OFFICER-001683,Constable,KUMBAKONAM Station,KUMBAKONAM,Station House Officer,,,transferred,,imported,12fe593e-e883-5cac-9710-f2ba74198299,13_officer.csv,OFFICER-001683
b9a0f407-8c44-5306-b518-566624b312e0,,,TN-OFFICER-001684,Tamil Nadu Officer OFFICER-001684,Constable,TIRUCHIRAPPALLI Station,TIRUCHIRAPPALLI,Investigator,,,suspended,,imported,12fe593e-e883-5cac-9710-f2ba74198299,13_officer.csv,OFFICER-001684
81d10614-1272-5496-b1ce-e60e290ea235,,,TN-OFFICER-001685,Tamil Nadu Officer OFFICER-001685,Sub-Inspector,CHENGALPATTU Station,CHENGALPATTU,Circle Inspector,,,transferred,,imported,12fe593e-e883-5cac-9710-f2ba74198299,13_officer.csv,OFFICER-001685
9c5ad158-0833-5eed-a87f-7ba598effad1,,,TN-OFFICER-001686,Tamil Nadu Officer OFFICER-001686,Superintendent,DINDIGUL Station,DINDIGUL,Sub-Inspector,,,active,,imported,12fe593e-e883-5cac-9710-f2ba74198299,13_officer.csv,OFFICER-001686
9fd4b5cd-9a12-59a1-b3cf-d114bc2b9ffa,,,TN-OFFICER-001687,Tamil Nadu Officer OFFICER-001687,Assistant Superintendent,KANCHEEPURAM Station,KANCHEEPURAM,Police Officer,,,active,,imported,12fe593e-e883-5cac-9710-f2ba74198299,13_officer.csv,OFFICER-001687
02c4f293-d9dc-5c8b-801c-f154debc57c5,,,TN-OFFICER-001688,Tamil Nadu Officer OFFICER-001688,Constable,KANCHEEPURAM Station,KANCHEEPURAM,Circle Inspector,,,active,,imported,12fe593e-e883-5cac-9710-f2ba74198299,13_officer.csv,OFFICER-001688
4d268fda-b4b9-596e-a803-b0f35afae302,,,TN-OFFICER-001689,Tamil Nadu Officer OFFICER-001689,Deputy Superintendent,RANIPET Station,RANIPET,Investigator,,,suspended,,imported,12fe593e-e883-5cac-9710-f2ba74198299,13_officer.csv,OFFICER-001689
409e5928-f939-5dc7-8f70-1bd0c27af39e,,,TN-OFFICER-001690,Tamil Nadu Officer OFFICER-001690,Sub-Inspector,TIRUCHIRAPPALLI Station,TIRUCHIRAPPALLI,Police Officer,,,suspended,,imported,12fe593e-e883-5cac-9710-f2ba74198299,13_officer.csv,OFFICER-001690
98ed9a77-cc56-5d52-a9e4-3f90bc0cc764,,,TN-OFFICER-001691,Tamil Nadu Officer OFFICER-001691,Deputy Superintendent,KALLAKURICHI Station,KALLAKURICHI,Police Officer,,,retired,,imported,12fe593e-e883-5cac-9710-f2ba74198299,13_officer.csv,OFFICER-001691
24bd947c-bd38-5c79-8d70-ed4b5d0876d7,,,TN-OFFICER-001692,Tamil Nadu Officer OFFICER-001692,Constable,THENI Station,THENI,Station House Officer,,,transferred,,imported,12fe593e-e883-5cac-9710-f2ba74198299,13_officer.csv,OFFICER-001692
e4c37157-6f28-503c-b021-51e62e012d77,,,TN-OFFICER-001693,Tamil Nadu Officer OFFICER-001693,Inspector,THENI Station,THENI,Sub-Inspector,,,suspended,,imported,12fe593e-e883-5cac-9710-f2ba74198299,13_officer.csv,OFFICER-001693
508ed633-2a57-5105-ab37-6c75572a25e8,,,TN-OFFICER-001694,Tamil Nadu Officer OFFICER-001694,Inspector,DHARMAPURI Station,DHARMAPURI,Station House Officer,,,suspended,,imported,12fe593e-e883-5cac-9710-f2ba74198299,13_officer.csv,OFFICER-001694
13556242-9fcf-5827-b301-568035ee9def,,,TN-OFFICER-001695,Tamil Nadu Officer OFFICER-001695,Superintendent,CHENNAI Station,CHENNAI,Station House Officer,,,retired,,imported,12fe593e-e883-5cac-9710-f2ba74198299,13_officer.csv,OFFICER-001695
923015dd-f38b-52cc-884c-fe17e9b35463,,,TN-OFFICER-001696,Tamil Nadu Officer OFFICER-001696,Assistant Superintendent,ARIYALUR Station,ARIYALUR,Sub-Inspector,,,suspended,,imported,12fe593e-e883-5cac-9710-f2ba74198299,13_officer.csv,OFFICER-001696
d44300ed-902a-5b54-b86d-e80539316ba1,,,TN-OFFICER-001697,Tamil Nadu Officer OFFICER-001697,Deputy Superintendent,THIRUVARUR Station,THIRUVARUR,Circle Inspector,,,active,,imported,12fe593e-e883-5cac-9710-f2ba74198299,13_officer.csv,OFFICER-001697
e61a9d5e-df5f-5871-86aa-82662c3757b1,,,TN-OFFICER-001698,Tamil Nadu Officer OFFICER-001698,Constable,DHARMAPURI Station,DHARMAPURI,Circle Inspector,,,retired,,imported,12fe593e-e883-5cac-9710-f2ba74198299,13_officer.csv,OFFICER-001698
3219e1c4-6839-587c-a39f-40762c804936,,,TN-OFFICER-001699,Tamil Nadu Officer OFFICER-001699,Assistant Superintendent,KALLAKURICHI Station,KALLAKURICHI,Police Officer,,,retired,,imported,12fe593e-e883-5cac-9710-f2ba74198299,13_officer.csv,OFFICER-001699
98a83694-1b56-5ccf-9bdc-c0455b825f80,,,TN-OFFICER-001700,Tamil Nadu Officer OFFICER-001700,Inspector,CHENNAI Station,CHENNAI,Circle Inspector,,,transferred,,imported,12fe593e-e883-5cac-9710-f2ba74198299,13_officer.csv,OFFICER-001700
19bca6d0-e3ec-5beb-bf57-fc7a45f76196,,,TN-OFFICER-001701,Tamil Nadu Officer OFFICER-001701,Superintendent,RANIPET Station,RANIPET,Police Officer,,,active,,imported,12fe593e-e883-5cac-9710-f2ba74198299,13_officer.csv,OFFICER-001701
87f5fbb6-4643-5f87-a419-0d896263e58e,,,TN-OFFICER-001702,Tamil Nadu Officer OFFICER-001702,Sub-Inspector,THOOTHUKUDI Station,THOOTHUKUDI,Circle Inspector,,,retired,,imported,12fe593e-e883-5cac-9710-f2ba74198299,13_officer.csv,OFFICER-001702
d9e5966a-bac1-5526-88fb-2ccdab6dcb5e,,,TN-OFFICER-001703,Tamil Nadu Officer OFFICER-001703,Superintendent,RANIPET Station,RANIPET,Circle Inspector,,,suspended,,imported,12fe593e-e883-5cac-9710-f2ba74198299,13_officer.csv,OFFICER-001703
68121713-b536-56b0-bcab-e9ba9d8776b9,,,TN-OFFICER-001704,Tamil Nadu Officer OFFICER-001704,Deputy Superintendent,KUMBAKONAM Station,KUMBAKONAM,Sub-Inspector,,,active,,imported,12fe593e-e883-5cac-9710-f2ba74198299,13_officer.csv,OFFICER-001704
4066f29d-2285-5138-a6f9-407689cecf56,,,TN-OFFICER-001705,Tamil Nadu Officer OFFICER-001705,Sub-Inspector,RAMESWARAM Station,RAMESWARAM,Sub-Inspector,,,active,,imported,12fe593e-e883-5cac-9710-f2ba74198299,13_officer.csv,OFFICER-001705
d76c1b37-39fb-5372-b221-ce3e42c96daf,,,TN-OFFICER-001706,Tamil Nadu Officer OFFICER-001706,Assistant Superintendent,TIRUPPUR Station,TIRUPPUR,Station House Officer,,,active,,imported,12fe593e-e883-5cac-9710-f2ba74198299,13_officer.csv,OFFICER-001706
e0eca138-d3e7-50c6-b437-f2ad31fe682a,,,TN-OFFICER-001707,Tamil Nadu Officer OFFICER-001707,Assistant Superintendent,NAGAPATTINAM Station,NAGAPATTINAM,Station House Officer,,,active,,imported,12fe593e-e883-5cac-9710-f2ba74198299,13_officer.csv,OFFICER-001707
46ec57df-3586-5fe3-9a5c-3c6c2fe1aeb1,,,TN-OFFICER-001708,Tamil Nadu Officer OFFICER-001708,Assistant Superintendent,DHARMAPURI Station,DHARMAPURI,Sub-Inspector,,,retired,,imported,12fe593e-e883-5cac-9710-f2ba74198299,13_officer.csv,OFFICER-001708
f8485310-86c9-5ed4-ad7a-f7f62113ebde,,,TN-OFFICER-001709,Tamil Nadu Officer OFFICER-001709,Deputy Superintendent,THOOTHUKUDI Station,THOOTHUKUDI,Station House Officer,,,transferred,,imported,12fe593e-e883-5cac-9710-f2ba74198299,13_officer.csv,OFFICER-001709
8f778a3d-ae5c-5a84-bf21-0035848484ad,,,TN-OFFICER-001710,Tamil Nadu Officer OFFICER-001710,Deputy Superintendent,KARUR Station,KARUR,Sub-Inspector,,,transferred,,imported,12fe593e-e883-5cac-9710-f2ba74198299,13_officer.csv,OFFICER-001710
cdef36c9-28e0-50bb-9870-88311b34235a,,,TN-OFFICER-001711,Tamil Nadu Officer OFFICER-001711,Constable,VIRUDHUNAGAR Station,VIRUDHUNAGAR,Investigator,,,transferred,,imported,12fe593e-e883-5cac-9710-f2ba74198299,13_officer.csv,OFFICER-001711
f8fbbe8d-d816-52e7-906b-68cb006ead58,,,TN-OFFICER-001712,Tamil Nadu Officer OFFICER-001712,Deputy Superintendent,RAMANATHAPURAM Station,RAMANATHAPURAM,Police Officer,,,active,,imported,12fe593e-e883-5cac-9710-f2ba74198299,13_officer.csv,OFFICER-001712
0a9da8f5-d0e7-560a-9130-1c4c87295149,,,TN-OFFICER-001713,Tamil Nadu Officer OFFICER-001713,Inspector,KANCHEEPURAM Station,KANCHEEPURAM,Sub-Inspector,,,retired,,imported,12fe593e-e883-5cac-9710-f2ba74198299,13_officer.csv,OFFICER-001713
9f811431-85cc-5dad-8ff9-5925c8d80938,,,TN-OFFICER-001714,Tamil Nadu Officer OFFICER-001714,Superintendent,TIRUNELVELI Station,TIRUNELVELI,Investigator,,,transferred,,imported,12fe593e-e883-5cac-9710-f2ba74198299,13_officer.csv,OFFICER-001714
890ced93-cf9e-5ace-a4b6-0e4e1862b2d5,,,TN-OFFICER-001715,Tamil Nadu Officer OFFICER-001715,Sub-Inspector,TIRUPPUR Station,TIRUPPUR,Circle Inspector,,,suspended,,imported,12fe593e-e883-5cac-9710-f2ba74198299,13_officer.csv,OFFICER-001715
9035bd86-cec0-5e5d-86fb-5a3217b7b33f,,,TN-OFFICER-001716,Tamil Nadu Officer OFFICER-001716,Deputy Superintendent,RAMANATHAPURAM Station,RAMANATHAPURAM,Sub-Inspector,,,active,,imported,12fe593e-e883-5cac-9710-f2ba74198299,13_officer.csv,OFFICER-001716
e519d860-b735-585d-aaf3-3f25d21f8b04,,,TN-OFFICER-001717,Tamil Nadu Officer OFFICER-001717,Deputy Superintendent,ARIYALUR Station,ARIYALUR,Station House Officer,,,retired,,imported,12fe593e-e883-5cac-9710-f2ba74198299,13_officer.csv,OFFICER-001717
86f6022a-e780-5a4f-ac6c-cc76db0ed291,,,TN-OFFICER-001718,Tamil Nadu Officer OFFICER-001718,Sub-Inspector,THIRUVALLUR Station,THIRUVALLUR,Police Officer,,,retired,,imported,12fe593e-e883-5cac-9710-f2ba74198299,13_officer.csv,OFFICER-001718
57e53671-6eb5-5656-beaa-151fab543701,,,TN-OFFICER-001719,Tamil Nadu Officer OFFICER-001719,Assistant Superintendent,DHARMAPURI Station,DHARMAPURI,Police Officer,,,retired,,imported,12fe593e-e883-5cac-9710-f2ba74198299,13_officer.csv,OFFICER-001719
c1bacc6b-45b9-53f6-9616-eb90441d7e3f,,,TN-OFFICER-001720,Tamil Nadu Officer OFFICER-001720,Assistant Superintendent,TIRUNELVELI Station,TIRUNELVELI,Sub-Inspector,,,retired,,imported,12fe593e-e883-5cac-9710-f2ba74198299,13_officer.csv,OFFICER-001720
0e3c7c67-55fc-52fb-b36e-cf629564c6af,,,TN-OFFICER-001721,Tamil Nadu Officer OFFICER-001721,Constable,KANCHEEPURAM Station,KANCHEEPURAM,Investigator,,,transferred,,imported,12fe593e-e883-5cac-9710-f2ba74198299,13_officer.csv,OFFICER-001721
d4b41ee4-67af-5e2a-8a6c-d06550abe40f,,,TN-OFFICER-001722,Tamil Nadu Officer OFFICER-001722,Inspector,THIRUVARUR Station,THIRUVARUR,Station House Officer,,,suspended,,imported,12fe593e-e883-5cac-9710-f2ba74198299,13_officer.csv,OFFICER-001722
4f5a46b7-c77f-5f3e-becb-b81415515a66,,,TN-OFFICER-001723,Tamil Nadu Officer OFFICER-001723,Deputy Superintendent,KANCHEEPURAM Station,KANCHEEPURAM,Police Officer,,,retired,,imported,12fe593e-e883-5cac-9710-f2ba74198299,13_officer.csv,OFFICER-001723
977594b0-58fa-54f8-9aa1-137b04a1f170,,,TN-OFFICER-001724,Tamil Nadu Officer OFFICER-001724,Superintendent,ARIYALUR Station,ARIYALUR,Station House Officer,,,suspended,,imported,12fe593e-e883-5cac-9710-f2ba74198299,13_officer.csv,OFFICER-001724
e6c3a7a8-4243-5f52-96a1-b59d903a0693,,,TN-OFFICER-001725,Tamil Nadu Officer OFFICER-001725,Sub-Inspector,PUDUKOTTAI Station,PUDUKOTTAI,Sub-Inspector,,,transferred,,imported,12fe593e-e883-5cac-9710-f2ba74198299,13_officer.csv,OFFICER-001725
869a6db2-8613-5aa2-9828-b51d54223638,,,TN-OFFICER-001726,Tamil Nadu Officer OFFICER-001726,Deputy Superintendent,MADURAI Station,MADURAI,Station House Officer,,,suspended,,imported,12fe593e-e883-5cac-9710-f2ba74198299,13_officer.csv,OFFICER-001726
7ef2d012-0bbf-5100-bfa0-0331fd085ed6,,,TN-OFFICER-001727,Tamil Nadu Officer OFFICER-001727,Constable,SALEM Station,SALEM,Station House Officer,,,transferred,,imported,12fe593e-e883-5cac-9710-f2ba74198299,13_officer.csv,OFFICER-001727
4c3eca27-f4bb-5200-a45a-8c012a3c3b22,,,TN-OFFICER-001728,Tamil Nadu Officer OFFICER-001728,Sub-Inspector,TIRUPPUR Station,TIRUPPUR,Police Officer,,,active,,imported,12fe593e-e883-5cac-9710-f2ba74198299,13_officer.csv,OFFICER-001728
7d8121aa-b162-5f77-b844-bb07baafb766,,,TN-OFFICER-001729,Tamil Nadu Officer OFFICER-001729,Assistant Superintendent,TIRUVANNAMALAI Station,TIRUVANNAMALAI,Investigator,,,active,,imported,12fe593e-e883-5cac-9710-f2ba74198299,13_officer.csv,OFFICER-001729
66e65f52-7b86-54b2-bb61-3913b0ef43b6,,,TN-OFFICER-001730,Tamil Nadu Officer OFFICER-001730,Sub-Inspector,ARIYALUR Station,ARIYALUR,Station House Officer,,,active,,imported,12fe593e-e883-5cac-9710-f2ba74198299,13_officer.csv,OFFICER-001730
4290e26c-d7b6-594d-b0a5-aad79ed29f8c,,,TN-OFFICER-001731,Tamil Nadu Officer OFFICER-001731,Deputy Superintendent,ERODE Station,ERODE,Police Officer,,,suspended,,imported,12fe593e-e883-5cac-9710-f2ba74198299,13_officer.csv,OFFICER-001731
0e341c52-6d57-5d8a-b167-c139df525505,,,TN-OFFICER-001732,Tamil Nadu Officer OFFICER-001732,Deputy Superintendent,CUDDALORE Station,CUDDALORE,Sub-Inspector,,,transferred,,imported,12fe593e-e883-5cac-9710-f2ba74198299,13_officer.csv,OFFICER-001732
826a9611-0c24-5da4-b2ff-6f00a4e98c64,,,TN-OFFICER-001733,Tamil Nadu Officer OFFICER-001733,Deputy Superintendent,TIRUCHIRAPPALLI Station,TIRUCHIRAPPALLI,Station House Officer,,,active,,imported,12fe593e-e883-5cac-9710-f2ba74198299,13_officer.csv,OFFICER-001733
84237f27-0fe6-5259-a8d3-0367e72bc20f,,,TN-OFFICER-001734,Tamil Nadu Officer OFFICER-001734,Sub-Inspector,PUDUKOTTAI Station,PUDUKOTTAI,Investigator,,,transferred,,imported,12fe593e-e883-5cac-9710-f2ba74198299,13_officer.csv,OFFICER-001734
79b725bb-d4f1-5da1-9a35-19a4bed8f78b,,,TN-OFFICER-001735,Tamil Nadu Officer OFFICER-001735,Sub-Inspector,TIRUPATHUR Station,TIRUPATHUR,Station House Officer,,,active,,imported,12fe593e-e883-5cac-9710-f2ba74198299,13_officer.csv,OFFICER-001735
7ab25f5d-d4ed-57d6-b3b8-41d170f1679d,,,TN-OFFICER-001736,Tamil Nadu Officer OFFICER-001736,Assistant Superintendent,THIRUVALLUR Station,THIRUVALLUR,Police Officer,,,transferred,,imported,12fe593e-e883-5cac-9710-f2ba74198299,13_officer.csv,OFFICER-001736
7db7ec51-0376-52f0-8275-4c32cfe42609,,,TN-OFFICER-001737,Tamil Nadu Officer OFFICER-001737,Assistant Superintendent,ARIYALUR Station,ARIYALUR,Station House Officer,,,suspended,,imported,12fe593e-e883-5cac-9710-f2ba74198299,13_officer.csv,OFFICER-001737
ce6bd7bd-9bad-5ffd-b99d-d3912272f6e4,,,TN-OFFICER-001738,Tamil Nadu Officer OFFICER-001738,Inspector,VIRUDHUNAGAR Station,VIRUDHUNAGAR,Circle Inspector,,,suspended,,imported,12fe593e-e883-5cac-9710-f2ba74198299,13_officer.csv,OFFICER-001738
64cfe6cf-c62a-5554-b3e1-525638a614df,,,TN-OFFICER-001739,Tamil Nadu Officer OFFICER-001739,Superintendent,CHENNAI Station,CHENNAI,Circle Inspector,,,active,,imported,12fe593e-e883-5cac-9710-f2ba74198299,13_officer.csv,OFFICER-001739
b0715402-56b2-59b9-a2b4-9fe1cea02bf5,,,TN-OFFICER-001740,Tamil Nadu Officer OFFICER-001740,Sub-Inspector,KUMBAKONAM Station,KUMBAKONAM,Station House Officer,,,transferred,,imported,12fe593e-e883-5cac-9710-f2ba74198299,13_officer.csv,OFFICER-001740
b0d5ae0b-6c00-56a0-8a7f-2e72d310ea46,,,TN-OFFICER-001741,Tamil Nadu Officer OFFICER-001741,Constable,ARIYALUR Station,ARIYALUR,Police Officer,,,suspended,,imported,12fe593e-e883-5cac-9710-f2ba74198299,13_officer.csv,OFFICER-001741
36c8ba51-51b4-505c-b1d8-5e068c39ed15,,,TN-OFFICER-001742,Tamil Nadu Officer OFFICER-001742,Inspector,KANCHEEPURAM Station,KANCHEEPURAM,Circle Inspector,,,transferred,,imported,12fe593e-e883-5cac-9710-f2ba74198299,13_officer.csv,OFFICER-001742
a0e84ff7-8f91-5655-a74e-e610fab0940f,,,TN-OFFICER-001743,Tamil Nadu Officer OFFICER-001743,Constable,VILUPPURAM Station,VILUPPURAM,Police Officer,,,transferred,,imported,12fe593e-e883-5cac-9710-f2ba74198299,13_officer.csv,OFFICER-001743
b7169666-320c-5c4a-a496-b5226914798a,,,TN-OFFICER-001744,Tamil Nadu Officer OFFICER-001744,Superintendent,VIRUDHUNAGAR Station,VIRUDHUNAGAR,Investigator,,,suspended,,imported,12fe593e-e883-5cac-9710-f2ba74198299,13_officer.csv,OFFICER-001744
dbd28a95-0cd2-5d48-b442-59b30f4045c8,,,TN-OFFICER-001745,Tamil Nadu Officer OFFICER-001745,Sub-Inspector,KANYAKUMARI Station,KANYAKUMARI,Police Officer,,,transferred,,imported,12fe593e-e883-5cac-9710-f2ba74198299,13_officer.csv,OFFICER-001745
978100d5-9fc8-50a7-a702-d175bf2ee0d1,,,TN-OFFICER-001746,Tamil Nadu Officer OFFICER-001746,Assistant Superintendent,THIRUVALLUR Station,THIRUVALLUR,Circle Inspector,,,retired,,imported,12fe593e-e883-5cac-9710-f2ba74198299,13_officer.csv,OFFICER-001746
ce6f5646-ce5c-5dbd-b4a5-404549698714,,,TN-OFFICER-001747,Tamil Nadu Officer OFFICER-001747,Assistant Superintendent,TIRUNELVELI Station,TIRUNELVELI,Circle Inspector,,,transferred,,imported,12fe593e-e883-5cac-9710-f2ba74198299,13_officer.csv,OFFICER-001747
6013b2b0-92fb-516c-b3c5-28748e71f1e4,,,TN-OFFICER-001748,Tamil Nadu Officer OFFICER-001748,Constable,NAGAPATTINAM Station,NAGAPATTINAM,Circle Inspector,,,suspended,,imported,12fe593e-e883-5cac-9710-f2ba74198299,13_officer.csv,OFFICER-001748
ed255772-ce56-5500-930a-2ade93cb3c01,,,TN-OFFICER-001749,Tamil Nadu Officer OFFICER-001749,Sub-Inspector,TIRUNELVELI Station,TIRUNELVELI,Circle Inspector,,,suspended,,imported,12fe593e-e883-5cac-9710-f2ba74198299,13_officer.csv,OFFICER-001749
b7e1a6db-f18d-5802-aa88-921f1f2ef8fd,,,TN-OFFICER-001750,Tamil Nadu Officer OFFICER-001750,Assistant Superintendent,KUMBAKONAM Station,KUMBAKONAM,Police Officer,,,suspended,,imported,12fe593e-e883-5cac-9710-f2ba74198299,13_officer.csv,OFFICER-001750
7ec38036-4cfc-54dc-a6b1-31b443f6710e,,,TN-OFFICER-001751,Tamil Nadu Officer OFFICER-001751,Inspector,KRISHNAGIRI Station,KRISHNAGIRI,Circle Inspector,,,active,,imported,12fe593e-e883-5cac-9710-f2ba74198299,13_officer.csv,OFFICER-001751
0f3238ba-7ac8-5e16-86f6-650632ae93c0,,,TN-OFFICER-001752,Tamil Nadu Officer OFFICER-001752,Sub-Inspector,THIRUVARUR Station,THIRUVARUR,Station House Officer,,,retired,,imported,12fe593e-e883-5cac-9710-f2ba74198299,13_officer.csv,OFFICER-001752
fb6a3ae8-0d8d-51a5-ab44-4bf8f4d50830,,,TN-OFFICER-001753,Tamil Nadu Officer OFFICER-001753,Constable,KANCHEEPURAM Station,KANCHEEPURAM,Investigator,,,suspended,,imported,12fe593e-e883-5cac-9710-f2ba74198299,13_officer.csv,OFFICER-001753
8cce9788-33d4-5e58-a5f1-9976bc91a742,,,TN-OFFICER-001754,Tamil Nadu Officer OFFICER-001754,Superintendent,RAMESWARAM Station,RAMESWARAM,Station House Officer,,,retired,,imported,12fe593e-e883-5cac-9710-f2ba74198299,13_officer.csv,OFFICER-001754
ff463924-1e69-53ff-823f-f2adf0b77c34,,,TN-OFFICER-001755,Tamil Nadu Officer OFFICER-001755,Superintendent,SALEM Station,SALEM,Sub-Inspector,,,active,,imported,12fe593e-e883-5cac-9710-f2ba74198299,13_officer.csv,OFFICER-001755
b8ef8797-3798-5490-8518-6cddfa1022d7,,,TN-OFFICER-001756,Tamil Nadu Officer OFFICER-001756,Assistant Superintendent,CHENGALPATTU Station,CHENGALPATTU,Station House Officer,,,active,,imported,12fe593e-e883-5cac-9710-f2ba74198299,13_officer.csv,OFFICER-001756
a76b8546-fabb-500d-895a-979ed03333f1,,,TN-OFFICER-001757,Tamil Nadu Officer OFFICER-001757,Inspector,CHENGALPATTU Station,CHENGALPATTU,Circle Inspector,,,suspended,,imported,12fe593e-e883-5cac-9710-f2ba74198299,13_officer.csv,OFFICER-001757
27c9ba36-b324-5064-b4ae-fa0a09dd1c89,,,TN-OFFICER-001758,Tamil Nadu Officer OFFICER-001758,Sub-Inspector,CHENNAI Station,CHENNAI,Station House Officer,,,suspended,,imported,12fe593e-e883-5cac-9710-f2ba74198299,13_officer.csv,OFFICER-001758
35c0c909-ba0c-5db2-a18f-d79e3c62a7c1,,,TN-OFFICER-001759,Tamil Nadu Officer OFFICER-001759,Deputy Superintendent,THENI Station,THENI,Sub-Inspector,,,retired,,imported,12fe593e-e883-5cac-9710-f2ba74198299,13_officer.csv,OFFICER-001759
74a0b24a-0ba6-586c-9849-ea4503a74b6d,,,TN-OFFICER-001760,Tamil Nadu Officer OFFICER-001760,Assistant Superintendent,ERODE Station,ERODE,Circle Inspector,,,retired,,imported,12fe593e-e883-5cac-9710-f2ba74198299,13_officer.csv,OFFICER-001760
b49815e8-a593-564f-9583-c3ce73fe1358,,,TN-OFFICER-001761,Tamil Nadu Officer OFFICER-001761,Sub-Inspector,TIRUVANNAMALAI Station,TIRUVANNAMALAI,Investigator,,,active,,imported,12fe593e-e883-5cac-9710-f2ba74198299,13_officer.csv,OFFICER-001761
4ac8d14e-ebd4-500d-bfd7-838e79d7a776,,,TN-OFFICER-001762,Tamil Nadu Officer OFFICER-001762,Superintendent,KANYAKUMARI Station,KANYAKUMARI,Station House Officer,,,suspended,,imported,12fe593e-e883-5cac-9710-f2ba74198299,13_officer.csv,OFFICER-001762
63b92f47-f44c-5efd-88fa-dfc1d00cdeb5,,,TN-OFFICER-001763,Tamil Nadu Officer OFFICER-001763,Inspector,ERODE Station,ERODE,Sub-Inspector,,,suspended,,imported,12fe593e-e883-5cac-9710-f2ba74198299,13_officer.csv,OFFICER-001763
6e8141f9-ed6d-51f5-b603-086c08e4024a,,,TN-OFFICER-001764,Tamil Nadu Officer OFFICER-001764,Inspector,TIRUCHIRAPPALLI Station,TIRUCHIRAPPALLI,Station House Officer,,,transferred,,imported,12fe593e-e883-5cac-9710-f2ba74198299,13_officer.csv,OFFICER-001764
e6d80318-6c30-5261-898f-1372ffa8a467,,,TN-OFFICER-001765,Tamil Nadu Officer OFFICER-001765,Constable,CHENGALPATTU Station,CHENGALPATTU,Station House Officer,,,retired,,imported,12fe593e-e883-5cac-9710-f2ba74198299,13_officer.csv,OFFICER-001765
84158a87-1efa-553d-b31b-77dd139713e1,,,TN-OFFICER-001766,Tamil Nadu Officer OFFICER-001766,Deputy Superintendent,MADURAI Station,MADURAI,Sub-Inspector,,,transferred,,imported,12fe593e-e883-5cac-9710-f2ba74198299,13_officer.csv,OFFICER-001766
1581da8a-3093-5dba-8911-914010f71336,,,TN-OFFICER-001767,Tamil Nadu Officer OFFICER-001767,Assistant Superintendent,RAMESWARAM Station,RAMESWARAM,Station House Officer,,,retired,,imported,12fe593e-e883-5cac-9710-f2ba74198299,13_officer.csv,OFFICER-001767
327a1443-87e0-5721-a023-cd1d13745c70,,,TN-OFFICER-001768,Tamil Nadu Officer OFFICER-001768,Superintendent,THIRUVALLUR Station,THIRUVALLUR,Station House Officer,,,suspended,,imported,12fe593e-e883-5cac-9710-f2ba74198299,13_officer.csv,OFFICER-001768
a3b1f581-aa50-51ec-858c-5591a5fb8125,,,TN-OFFICER-001769,Tamil Nadu Officer OFFICER-001769,Constable,SALEM Station,SALEM,Station House Officer,,,transferred,,imported,12fe593e-e883-5cac-9710-f2ba74198299,13_officer.csv,OFFICER-001769
92630f47-d785-51fb-af49-eb745503ab97,,,TN-OFFICER-001770,Tamil Nadu Officer OFFICER-001770,Superintendent,KUMBAKONAM Station,KUMBAKONAM,Police Officer,,,transferred,,imported,12fe593e-e883-5cac-9710-f2ba74198299,13_officer.csv,OFFICER-001770
c48ad7e1-b5f8-57e9-b7f1-222b7d858b2e,,,TN-OFFICER-001771,Tamil Nadu Officer OFFICER-001771,Inspector,NAGAPATTINAM Station,NAGAPATTINAM,Circle Inspector,,,active,,imported,12fe593e-e883-5cac-9710-f2ba74198299,13_officer.csv,OFFICER-001771
261ae81c-9638-5105-b2b0-73a674dc4752,,,TN-OFFICER-001772,Tamil Nadu Officer OFFICER-001772,Constable,DINDIGUL Station,DINDIGUL,Sub-Inspector,,,retired,,imported,12fe593e-e883-5cac-9710-f2ba74198299,13_officer.csv,OFFICER-001772
4f46dfb1-1c49-59cd-9b44-83f35aa06628,,,TN-OFFICER-001773,Tamil Nadu Officer OFFICER-001773,Assistant Superintendent,COIMBATORE Station,COIMBATORE,Circle Inspector,,,suspended,,imported,12fe593e-e883-5cac-9710-f2ba74198299,13_officer.csv,OFFICER-001773
de0f6a46-c9e7-5e33-9074-2b3110026083,,,TN-OFFICER-001774,Tamil Nadu Officer OFFICER-001774,Superintendent,CHENNAI Station,CHENNAI,Police Officer,,,suspended,,imported,12fe593e-e883-5cac-9710-f2ba74198299,13_officer.csv,OFFICER-001774
3a8c84a5-44b4-5eb3-8ac1-83417ed4a5ea,,,TN-OFFICER-001775,Tamil Nadu Officer OFFICER-001775,Assistant Superintendent,DINDIGUL Station,DINDIGUL,Circle Inspector,,,suspended,,imported,12fe593e-e883-5cac-9710-f2ba74198299,13_officer.csv,OFFICER-001775
6bd65626-baa5-5f1e-b036-d79231957c61,,,TN-OFFICER-001776,Tamil Nadu Officer OFFICER-001776,Superintendent,THE_NILGIRIS Station,THE_NILGIRIS,Circle Inspector,,,active,,imported,12fe593e-e883-5cac-9710-f2ba74198299,13_officer.csv,OFFICER-001776
14cb2915-7547-511f-97d0-c48c82364471,,,TN-OFFICER-001777,Tamil Nadu Officer OFFICER-001777,Constable,RAMANATHAPURAM Station,RAMANATHAPURAM,Station House Officer,,,suspended,,imported,12fe593e-e883-5cac-9710-f2ba74198299,13_officer.csv,OFFICER-001777
d3e431ac-d686-5b3c-91e1-2b157611a182,,,TN-OFFICER-001778,Tamil Nadu Officer OFFICER-001778,Inspector,VILUPPURAM Station,VILUPPURAM,Investigator,,,suspended,,imported,12fe593e-e883-5cac-9710-f2ba74198299,13_officer.csv,OFFICER-001778
2499d0b5-3634-5835-a820-ae1f19526ca5,,,TN-OFFICER-001779,Tamil Nadu Officer OFFICER-001779,Inspector,THENI Station,THENI,Circle Inspector,,,transferred,,imported,12fe593e-e883-5cac-9710-f2ba74198299,13_officer.csv,OFFICER-001779
3958c339-b2e6-5194-98ab-74ca1b6c2386,,,TN-OFFICER-001780,Tamil Nadu Officer OFFICER-001780,Deputy Superintendent,KUMBAKONAM Station,KUMBAKONAM,Sub-Inspector,,,retired,,imported,12fe593e-e883-5cac-9710-f2ba74198299,13_officer.csv,OFFICER-001780
a41d737b-9ffa-537c-baff-8df451999173,,,TN-OFFICER-001781,Tamil Nadu Officer OFFICER-001781,Superintendent,CHENNAI Station,CHENNAI,Sub-Inspector,,,retired,,imported,12fe593e-e883-5cac-9710-f2ba74198299,13_officer.csv,OFFICER-001781
d4d0806f-a521-55a3-ac72-c4cf68fd5276,,,TN-OFFICER-001782,Tamil Nadu Officer OFFICER-001782,Deputy Superintendent,KANCHEEPURAM Station,KANCHEEPURAM,Police Officer,,,suspended,,imported,12fe593e-e883-5cac-9710-f2ba74198299,13_officer.csv,OFFICER-001782
fa797776-4f41-50b7-9ec1-d261f7dfce25,,,TN-OFFICER-001783,Tamil Nadu Officer OFFICER-001783,Inspector,THIRUVARUR Station,THIRUVARUR,Sub-Inspector,,,active,,imported,12fe593e-e883-5cac-9710-f2ba74198299,13_officer.csv,OFFICER-001783
6e982aa1-132d-51a3-a1b6-41ff20794f0b,,,TN-OFFICER-001784,Tamil Nadu Officer OFFICER-001784,Inspector,DHARMAPURI Station,DHARMAPURI,Station House Officer,,,suspended,,imported,12fe593e-e883-5cac-9710-f2ba74198299,13_officer.csv,OFFICER-001784
9d2d37c1-6bde-5c40-96dc-1e6185cb0ceb,,,TN-OFFICER-001785,Tamil Nadu Officer OFFICER-001785,Deputy Superintendent,COIMBATORE Station,COIMBATORE,Circle Inspector,,,transferred,,imported,12fe593e-e883-5cac-9710-f2ba74198299,13_officer.csv,OFFICER-001785
ee4b7d19-a5ab-512a-b7af-ab090774f47b,,,TN-OFFICER-001786,Tamil Nadu Officer OFFICER-001786,Sub-Inspector,THIRUVALLUR Station,THIRUVALLUR,Police Officer,,,transferred,,imported,12fe593e-e883-5cac-9710-f2ba74198299,13_officer.csv,OFFICER-001786
02d77b37-16ac-502a-936a-688a9ef80ff7,,,TN-OFFICER-001787,Tamil Nadu Officer OFFICER-001787,Superintendent,KARUR Station,KARUR,Investigator,,,active,,imported,12fe593e-e883-5cac-9710-f2ba74198299,13_officer.csv,OFFICER-001787
5cf17d7c-f5d1-5403-aee0-c298f0bcabca,,,TN-OFFICER-001788,Tamil Nadu Officer OFFICER-001788,Deputy Superintendent,VIRUDHUNAGAR Station,VIRUDHUNAGAR,Circle Inspector,,,suspended,,imported,12fe593e-e883-5cac-9710-f2ba74198299,13_officer.csv,OFFICER-001788
d9602e01-5459-5b62-b916-8e4126bd8fc6,,,TN-OFFICER-001789,Tamil Nadu Officer OFFICER-001789,Inspector,DINDIGUL Station,DINDIGUL,Sub-Inspector,,,retired,,imported,12fe593e-e883-5cac-9710-f2ba74198299,13_officer.csv,OFFICER-001789
31d25b88-3cee-5ced-b520-7ff214ebd3b3,,,TN-OFFICER-001790,Tamil Nadu Officer OFFICER-001790,Sub-Inspector,THIRUVALLUR Station,THIRUVALLUR,Station House Officer,,,retired,,imported,12fe593e-e883-5cac-9710-f2ba74198299,13_officer.csv,OFFICER-001790
6e5e4c86-7076-5be3-b94c-674053b9a9e8,,,TN-OFFICER-001791,Tamil Nadu Officer OFFICER-001791,Assistant Superintendent,KALLAKURICHI Station,KALLAKURICHI,Station House Officer,,,suspended,,imported,12fe593e-e883-5cac-9710-f2ba74198299,13_officer.csv,OFFICER-001791
e830d90b-8f1e-5f02-ad18-f3e743f92719,,,TN-OFFICER-001792,Tamil Nadu Officer OFFICER-001792,Constable,RAMANATHAPURAM Station,RAMANATHAPURAM,Sub-Inspector,,,active,,imported,12fe593e-e883-5cac-9710-f2ba74198299,13_officer.csv,OFFICER-001792
bfd14ad7-bbfa-537a-854c-f21aa1b830af,,,TN-OFFICER-001793,Tamil Nadu Officer OFFICER-001793,Deputy Superintendent,MAYILADUTHURAI Station,MAYILADUTHURAI,Sub-Inspector,,,suspended,,imported,12fe593e-e883-5cac-9710-f2ba74198299,13_officer.csv,OFFICER-001793
683f1b9e-e845-5aba-8888-466f8d921e7b,,,TN-OFFICER-001794,Tamil Nadu Officer OFFICER-001794,Superintendent,SALEM Station,SALEM,Sub-Inspector,,,transferred,,imported,12fe593e-e883-5cac-9710-f2ba74198299,13_officer.csv,OFFICER-001794
e87eec67-9de9-53f9-936e-78ad9e169bf1,,,TN-OFFICER-001795,Tamil Nadu Officer OFFICER-001795,Deputy Superintendent,CHENNAI Station,CHENNAI,Investigator,,,retired,,imported,12fe593e-e883-5cac-9710-f2ba74198299,13_officer.csv,OFFICER-001795
81f4a242-0ab4-505f-aac2-5b39532434ed,,,TN-OFFICER-001796,Tamil Nadu Officer OFFICER-001796,Superintendent,THE_NILGIRIS Station,THE_NILGIRIS,Police Officer,,,suspended,,imported,12fe593e-e883-5cac-9710-f2ba74198299,13_officer.csv,OFFICER-001796
faeaa93b-d984-5ae9-a58d-7ab1bde3ab2d,,,TN-OFFICER-001797,Tamil Nadu Officer OFFICER-001797,Assistant Superintendent,SIVAGANGA Station,SIVAGANGA,Police Officer,,,active,,imported,12fe593e-e883-5cac-9710-f2ba74198299,13_officer.csv,OFFICER-001797
e9f1b7b0-506b-5402-8fcf-9c0fe115303c,,,TN-OFFICER-001798,Tamil Nadu Officer OFFICER-001798,Sub-Inspector,ARIYALUR Station,ARIYALUR,Station House Officer,,,active,,imported,12fe593e-e883-5cac-9710-f2ba74198299,13_officer.csv,OFFICER-001798
4bebf00b-c7cd-59dc-99b3-d86511b67341,,,TN-OFFICER-001799,Tamil Nadu Officer OFFICER-001799,Assistant Superintendent,VIRUDHUNAGAR Station,VIRUDHUNAGAR,Circle Inspector,,,retired,,imported,12fe593e-e883-5cac-9710-f2ba74198299,13_officer.csv,OFFICER-001799
431f9f96-1972-5f15-9a75-bb48f8891dbb,,,TN-OFFICER-001800,Tamil Nadu Officer OFFICER-001800,Deputy Superintendent,THIRUVALLUR Station,THIRUVALLUR,Police Officer,,,transferred,,imported,12fe593e-e883-5cac-9710-f2ba74198299,13_officer.csv,OFFICER-001800
e7f18796-0b54-5872-b5e7-be87c76ce44c,,,TN-OFFICER-001801,Tamil Nadu Officer OFFICER-001801,Sub-Inspector,THOOTHUKUDI Station,THOOTHUKUDI,Sub-Inspector,,,suspended,,imported,12fe593e-e883-5cac-9710-f2ba74198299,13_officer.csv,OFFICER-001801
5921d2af-bec3-5340-ab81-c3ecd3da6d06,,,TN-OFFICER-001802,Tamil Nadu Officer OFFICER-001802,Sub-Inspector,NAMAKKAL Station,NAMAKKAL,Investigator,,,retired,,imported,12fe593e-e883-5cac-9710-f2ba74198299,13_officer.csv,OFFICER-001802
23be8352-2cb8-57cb-a922-581537489814,,,TN-OFFICER-001803,Tamil Nadu Officer OFFICER-001803,Deputy Superintendent,TIRUPPUR Station,TIRUPPUR,Circle Inspector,,,suspended,,imported,12fe593e-e883-5cac-9710-f2ba74198299,13_officer.csv,OFFICER-001803
c329c1b9-0ebd-5493-b45e-d9dfec76db59,,,TN-OFFICER-001804,Tamil Nadu Officer OFFICER-001804,Deputy Superintendent,KUMBAKONAM Station,KUMBAKONAM,Circle Inspector,,,retired,,imported,12fe593e-e883-5cac-9710-f2ba74198299,13_officer.csv,OFFICER-001804
ab323c8f-7cd5-5e02-90bb-e4d63d110794,,,TN-OFFICER-001805,Tamil Nadu Officer OFFICER-001805,Assistant Superintendent,CHENGALPATTU Station,CHENGALPATTU,Police Officer,,,transferred,,imported,12fe593e-e883-5cac-9710-f2ba74198299,13_officer.csv,OFFICER-001805
3654fef4-8e7c-5fe7-99ce-2c97afd2122b,,,TN-OFFICER-001806,Tamil Nadu Officer OFFICER-001806,Deputy Superintendent,THIRUVALLUR Station,THIRUVALLUR,Investigator,,,retired,,imported,12fe593e-e883-5cac-9710-f2ba74198299,13_officer.csv,OFFICER-001806
09686190-80ef-5332-9cc2-a001710a9345,,,TN-OFFICER-001807,Tamil Nadu Officer OFFICER-001807,Constable,THE_NILGIRIS Station,THE_NILGIRIS,Circle Inspector,,,active,,imported,12fe593e-e883-5cac-9710-f2ba74198299,13_officer.csv,OFFICER-001807
97d7338f-3972-5591-9fdf-45861b6a40cf,,,TN-OFFICER-001808,Tamil Nadu Officer OFFICER-001808,Sub-Inspector,ERODE Station,ERODE,Sub-Inspector,,,retired,,imported,12fe593e-e883-5cac-9710-f2ba74198299,13_officer.csv,OFFICER-001808
52048e12-4cd7-5dc8-ad64-aae39ddc9217,,,TN-OFFICER-001809,Tamil Nadu Officer OFFICER-001809,Inspector,KALLAKURICHI Station,KALLAKURICHI,Sub-Inspector,,,transferred,,imported,12fe593e-e883-5cac-9710-f2ba74198299,13_officer.csv,OFFICER-001809
20ad4e4d-ac17-5966-aa2c-b582a7df82cf,,,TN-OFFICER-001810,Tamil Nadu Officer OFFICER-001810,Sub-Inspector,RANIPET Station,RANIPET,Investigator,,,suspended,,imported,12fe593e-e883-5cac-9710-f2ba74198299,13_officer.csv,OFFICER-001810
f1955165-b882-534f-8335-8c40a0647966,,,TN-OFFICER-001811,Tamil Nadu Officer OFFICER-001811,Inspector,KALLAKURICHI Station,KALLAKURICHI,Sub-Inspector,,,suspended,,imported,12fe593e-e883-5cac-9710-f2ba74198299,13_officer.csv,OFFICER-001811
c11eba08-8000-53ac-8997-d88672f16762,,,TN-OFFICER-001812,Tamil Nadu Officer OFFICER-001812,Deputy Superintendent,TIRUNELVELI Station,TIRUNELVELI,Sub-Inspector,,,retired,,imported,12fe593e-e883-5cac-9710-f2ba74198299,13_officer.csv,OFFICER-001812
bd967f66-5613-5655-a263-06bf9350c948,,,TN-OFFICER-001813,Tamil Nadu Officer OFFICER-001813,Constable,TIRUPPUR Station,TIRUPPUR,Sub-Inspector,,,suspended,,imported,12fe593e-e883-5cac-9710-f2ba74198299,13_officer.csv,OFFICER-001813
7becb4d7-3c15-50af-8f52-fe42638f31e2,,,TN-OFFICER-001814,Tamil Nadu Officer OFFICER-001814,Constable,KANCHEEPURAM Station,KANCHEEPURAM,Circle Inspector,,,transferred,,imported,12fe593e-e883-5cac-9710-f2ba74198299,13_officer.csv,OFFICER-001814
5d68db78-7bff-589b-93a8-aaf0d3d1591c,,,TN-OFFICER-001815,Tamil Nadu Officer OFFICER-001815,Superintendent,MADURAI Station,MADURAI,Circle Inspector,,,suspended,,imported,12fe593e-e883-5cac-9710-f2ba74198299,13_officer.csv,OFFICER-001815
83f92074-9d6d-5b05-9008-73921f40fa3b,,,TN-OFFICER-001816,Tamil Nadu Officer OFFICER-001816,Constable,THIRUVALLUR Station,THIRUVALLUR,Station House Officer,,,suspended,,imported,12fe593e-e883-5cac-9710-f2ba74198299,13_officer.csv,OFFICER-001816
9dc40b57-c1ca-51e2-be73-e56b07497484,,,TN-OFFICER-001817,Tamil Nadu Officer OFFICER-001817,Sub-Inspector,KARUR Station,KARUR,Police Officer,,,active,,imported,12fe593e-e883-5cac-9710-f2ba74198299,13_officer.csv,OFFICER-001817
3aab054f-6da0-5c2b-9766-5dab20bdf0e0,,,TN-OFFICER-001818,Tamil Nadu Officer OFFICER-001818,Inspector,KANYAKUMARI Station,KANYAKUMARI,Police Officer,,,retired,,imported,12fe593e-e883-5cac-9710-f2ba74198299,13_officer.csv,OFFICER-001818
4874c498-c241-5200-bd36-cc44c18afdab,,,TN-OFFICER-001819,Tamil Nadu Officer OFFICER-001819,Sub-Inspector,KANCHEEPURAM Station,KANCHEEPURAM,Sub-Inspector,,,transferred,,imported,12fe593e-e883-5cac-9710-f2ba74198299,13_officer.csv,OFFICER-001819
89999cfb-7fb3-59b6-999e-546388be524e,,,TN-OFFICER-001820,Tamil Nadu Officer OFFICER-001820,Constable,MADURAI Station,MADURAI,Sub-Inspector,,,active,,imported,12fe593e-e883-5cac-9710-f2ba74198299,13_officer.csv,OFFICER-001820
e4c99b5f-e5f3-5574-98a7-3e9a5ac3736e,,,TN-OFFICER-001821,Tamil Nadu Officer OFFICER-001821,Constable,COIMBATORE Station,COIMBATORE,Station House Officer,,,transferred,,imported,12fe593e-e883-5cac-9710-f2ba74198299,13_officer.csv,OFFICER-001821
04b36671-03c8-54fd-95a7-8ec186ca813e,,,TN-OFFICER-001822,Tamil Nadu Officer OFFICER-001822,Inspector,PUDUKOTTAI Station,PUDUKOTTAI,Station House Officer,,,transferred,,imported,12fe593e-e883-5cac-9710-f2ba74198299,13_officer.csv,OFFICER-001822
43b8d51c-82fc-50ab-9eb6-cb756ce668ec,,,TN-OFFICER-001823,Tamil Nadu Officer OFFICER-001823,Assistant Superintendent,CHENNAI Station,CHENNAI,Investigator,,,retired,,imported,12fe593e-e883-5cac-9710-f2ba74198299,13_officer.csv,OFFICER-001823
98d45b88-6670-5712-b9f5-b7642b8f5d92,,,TN-OFFICER-001824,Tamil Nadu Officer OFFICER-001824,Constable,TIRUCHIRAPPALLI Station,TIRUCHIRAPPALLI,Circle Inspector,,,suspended,,imported,12fe593e-e883-5cac-9710-f2ba74198299,13_officer.csv,OFFICER-001824
5d77b84f-bb4f-56ba-a139-2e606480c3e0,,,TN-OFFICER-001825,Tamil Nadu Officer OFFICER-001825,Constable,KRISHNAGIRI Station,KRISHNAGIRI,Police Officer,,,suspended,,imported,12fe593e-e883-5cac-9710-f2ba74198299,13_officer.csv,OFFICER-001825
467fea5f-16d7-5ff0-82ed-01dd01045bcc,,,TN-OFFICER-001826,Tamil Nadu Officer OFFICER-001826,Constable,VIRUDHUNAGAR Station,VIRUDHUNAGAR,Investigator,,,retired,,imported,12fe593e-e883-5cac-9710-f2ba74198299,13_officer.csv,OFFICER-001826
78a447e0-d94b-5004-9c3e-183faf6d0390,,,TN-OFFICER-001827,Tamil Nadu Officer OFFICER-001827,Constable,NAMAKKAL Station,NAMAKKAL,Circle Inspector,,,retired,,imported,12fe593e-e883-5cac-9710-f2ba74198299,13_officer.csv,OFFICER-001827
efce20c5-9bbf-51dc-9e11-d78333dc2bc2,,,TN-OFFICER-001828,Tamil Nadu Officer OFFICER-001828,Inspector,KANCHEEPURAM Station,KANCHEEPURAM,Police Officer,,,active,,imported,12fe593e-e883-5cac-9710-f2ba74198299,13_officer.csv,OFFICER-001828
f204caa0-1062-5f57-84fa-2c1529483973,,,TN-OFFICER-001829,Tamil Nadu Officer OFFICER-001829,Assistant Superintendent,ARIYALUR Station,ARIYALUR,Investigator,,,retired,,imported,12fe593e-e883-5cac-9710-f2ba74198299,13_officer.csv,OFFICER-001829
34743507-485f-5569-953b-b6ea834744ab,,,TN-OFFICER-001830,Tamil Nadu Officer OFFICER-001830,Constable,PERAMBALUR Station,PERAMBALUR,Station House Officer,,,retired,,imported,12fe593e-e883-5cac-9710-f2ba74198299,13_officer.csv,OFFICER-001830
62a9434c-df8a-5e8b-a740-7c0be589343a,,,TN-OFFICER-001831,Tamil Nadu Officer OFFICER-001831,Sub-Inspector,RANIPET Station,RANIPET,Circle Inspector,,,active,,imported,12fe593e-e883-5cac-9710-f2ba74198299,13_officer.csv,OFFICER-001831
828f132a-f504-51c8-b42b-8ad9a9ca9103,,,TN-OFFICER-001832,Tamil Nadu Officer OFFICER-001832,Assistant Superintendent,VIRUDHUNAGAR Station,VIRUDHUNAGAR,Investigator,,,suspended,,imported,12fe593e-e883-5cac-9710-f2ba74198299,13_officer.csv,OFFICER-001832
921ca79f-31a3-5f39-9af7-bd1032638c31,,,TN-OFFICER-001833,Tamil Nadu Officer OFFICER-001833,Assistant Superintendent,KANCHEEPURAM Station,KANCHEEPURAM,Police Officer,,,retired,,imported,12fe593e-e883-5cac-9710-f2ba74198299,13_officer.csv,OFFICER-001833
ef0a4b2d-d7c7-5a5a-a895-e0d05db0a449,,,TN-OFFICER-001834,Tamil Nadu Officer OFFICER-001834,Deputy Superintendent,MADURAI Station,MADURAI,Police Officer,,,transferred,,imported,12fe593e-e883-5cac-9710-f2ba74198299,13_officer.csv,OFFICER-001834
fb60a5eb-dc77-52e8-9a14-7e53df2d6690,,,TN-OFFICER-001835,Tamil Nadu Officer OFFICER-001835,Inspector,THOOTHUKUDI Station,THOOTHUKUDI,Investigator,,,active,,imported,12fe593e-e883-5cac-9710-f2ba74198299,13_officer.csv,OFFICER-001835
78e91717-d691-5421-8407-6f8c4e0df417,,,TN-OFFICER-001836,Tamil Nadu Officer OFFICER-001836,Deputy Superintendent,KANCHEEPURAM Station,KANCHEEPURAM,Sub-Inspector,,,transferred,,imported,12fe593e-e883-5cac-9710-f2ba74198299,13_officer.csv,OFFICER-001836
444abbe0-e9ab-5632-a774-2139b94dfcee,,,TN-OFFICER-001837,Tamil Nadu Officer OFFICER-001837,Superintendent,MAYILADUTHURAI Station,MAYILADUTHURAI,Police Officer,,,suspended,,imported,12fe593e-e883-5cac-9710-f2ba74198299,13_officer.csv,OFFICER-001837
38c387d1-dc68-570a-9a11-2f7f35b55de4,,,TN-OFFICER-001838,Tamil Nadu Officer OFFICER-001838,Inspector,TIRUNELVELI Station,TIRUNELVELI,Station House Officer,,,active,,imported,12fe593e-e883-5cac-9710-f2ba74198299,13_officer.csv,OFFICER-001838
d593b16e-564b-5103-9211-21d9fac854a0,,,TN-OFFICER-001839,Tamil Nadu Officer OFFICER-001839,Constable,KANCHEEPURAM Station,KANCHEEPURAM,Police Officer,,,active,,imported,12fe593e-e883-5cac-9710-f2ba74198299,13_officer.csv,OFFICER-001839
d094bc04-8485-5521-ab03-ceec0fdaa9c0,,,TN-OFFICER-001840,Tamil Nadu Officer OFFICER-001840,Deputy Superintendent,SALEM Station,SALEM,Sub-Inspector,,,transferred,,imported,12fe593e-e883-5cac-9710-f2ba74198299,13_officer.csv,OFFICER-001840
df98ade7-c0c5-5338-8180-2c02b2bf8eae,,,TN-OFFICER-001841,Tamil Nadu Officer OFFICER-001841,Deputy Superintendent,CUDDALORE Station,CUDDALORE,Circle Inspector,,,retired,,imported,12fe593e-e883-5cac-9710-f2ba74198299,13_officer.csv,OFFICER-001841
d0ee7d45-84c2-5bda-9f7c-425e1e68eeb4,,,TN-OFFICER-001842,Tamil Nadu Officer OFFICER-001842,Constable,KALLAKURICHI Station,KALLAKURICHI,Circle Inspector,,,suspended,,imported,12fe593e-e883-5cac-9710-f2ba74198299,13_officer.csv,OFFICER-001842
3cef4b3b-06b3-5b09-92ca-f5a5a3603afe,,,TN-OFFICER-001843,Tamil Nadu Officer OFFICER-001843,Inspector,CHENGALPATTU Station,CHENGALPATTU,Investigator,,,suspended,,imported,12fe593e-e883-5cac-9710-f2ba74198299,13_officer.csv,OFFICER-001843
fa9a1eef-a829-56e6-aab9-03c47b28f238,,,TN-OFFICER-001844,Tamil Nadu Officer OFFICER-001844,Assistant Superintendent,PERAMBALUR Station,PERAMBALUR,Investigator,,,suspended,,imported,12fe593e-e883-5cac-9710-f2ba74198299,13_officer.csv,OFFICER-001844
72b9631b-0c80-510d-beb1-8566e920b67c,,,TN-OFFICER-001845,Tamil Nadu Officer OFFICER-001845,Sub-Inspector,VILUPPURAM Station,VILUPPURAM,Circle Inspector,,,suspended,,imported,12fe593e-e883-5cac-9710-f2ba74198299,13_officer.csv,OFFICER-001845
31cc050b-fcf3-516e-99b2-97b84f53e53c,,,TN-OFFICER-001846,Tamil Nadu Officer OFFICER-001846,Deputy Superintendent,MAYILADUTHURAI Station,MAYILADUTHURAI,Station House Officer,,,retired,,imported,12fe593e-e883-5cac-9710-f2ba74198299,13_officer.csv,OFFICER-001846
5ba4dad9-8a2f-5ce1-a374-4db3601f7095,,,TN-OFFICER-001847,Tamil Nadu Officer OFFICER-001847,Sub-Inspector,CHENGALPATTU Station,CHENGALPATTU,Circle Inspector,,,retired,,imported,12fe593e-e883-5cac-9710-f2ba74198299,13_officer.csv,OFFICER-001847
2e1da74a-babc-54b9-8412-262a7c2fe0a2,,,TN-OFFICER-001848,Tamil Nadu Officer OFFICER-001848,Assistant Superintendent,DHARMAPURI Station,DHARMAPURI,Police Officer,,,transferred,,imported,12fe593e-e883-5cac-9710-f2ba74198299,13_officer.csv,OFFICER-001848
7628d74b-ee98-5438-bc96-b177bcdfb42a,,,TN-OFFICER-001849,Tamil Nadu Officer OFFICER-001849,Assistant Superintendent,KANCHEEPURAM Station,KANCHEEPURAM,Investigator,,,retired,,imported,12fe593e-e883-5cac-9710-f2ba74198299,13_officer.csv,OFFICER-001849
9e84e10d-b0c2-567b-baf4-449d08ab1902,,,TN-OFFICER-001850,Tamil Nadu Officer OFFICER-001850,Superintendent,KANCHEEPURAM Station,KANCHEEPURAM,Circle Inspector,,,retired,,imported,12fe593e-e883-5cac-9710-f2ba74198299,13_officer.csv,OFFICER-001850
4136ad35-f729-5ee3-b899-1ee2f89d1f99,,,TN-OFFICER-001851,Tamil Nadu Officer OFFICER-001851,Superintendent,THENI Station,THENI,Circle Inspector,,,suspended,,imported,12fe593e-e883-5cac-9710-f2ba74198299,13_officer.csv,OFFICER-001851
e711ef07-cbf9-58ce-b557-b56a37d8d67e,,,TN-OFFICER-001852,Tamil Nadu Officer OFFICER-001852,Deputy Superintendent,COIMBATORE Station,COIMBATORE,Police Officer,,,transferred,,imported,12fe593e-e883-5cac-9710-f2ba74198299,13_officer.csv,OFFICER-001852
56583ef3-8202-5a63-85ea-953f3d2838bb,,,TN-OFFICER-001853,Tamil Nadu Officer OFFICER-001853,Superintendent,KALLAKURICHI Station,KALLAKURICHI,Sub-Inspector,,,suspended,,imported,12fe593e-e883-5cac-9710-f2ba74198299,13_officer.csv,OFFICER-001853
30d35732-4078-5cf5-bae7-f2b1e312db80,,,TN-OFFICER-001854,Tamil Nadu Officer OFFICER-001854,Superintendent,THIRUVARUR Station,THIRUVARUR,Circle Inspector,,,retired,,imported,12fe593e-e883-5cac-9710-f2ba74198299,13_officer.csv,OFFICER-001854
ebc4cfc2-af7b-5b08-9dc9-92c0dc625d62,,,TN-OFFICER-001855,Tamil Nadu Officer OFFICER-001855,Assistant Superintendent,RAMANATHAPURAM Station,RAMANATHAPURAM,Police Officer,,,active,,imported,12fe593e-e883-5cac-9710-f2ba74198299,13_officer.csv,OFFICER-001855
1cff61f1-e905-5260-b6f9-a289d2393fcb,,,TN-OFFICER-001856,Tamil Nadu Officer OFFICER-001856,Inspector,RAMANATHAPURAM Station,RAMANATHAPURAM,Circle Inspector,,,active,,imported,12fe593e-e883-5cac-9710-f2ba74198299,13_officer.csv,OFFICER-001856
08e568fb-af72-5232-83f2-8f61b7129d68,,,TN-OFFICER-001857,Tamil Nadu Officer OFFICER-001857,Sub-Inspector,DINDIGUL Station,DINDIGUL,Police Officer,,,transferred,,imported,12fe593e-e883-5cac-9710-f2ba74198299,13_officer.csv,OFFICER-001857
7a980c7c-5754-5aa6-9a7e-40735aeaf03c,,,TN-OFFICER-001858,Tamil Nadu Officer OFFICER-001858,Superintendent,DHARMAPURI Station,DHARMAPURI,Sub-Inspector,,,active,,imported,12fe593e-e883-5cac-9710-f2ba74198299,13_officer.csv,OFFICER-001858
9d80a532-a6aa-53da-9de8-a3cdb3838aa5,,,TN-OFFICER-001859,Tamil Nadu Officer OFFICER-001859,Sub-Inspector,TIRUPPUR Station,TIRUPPUR,Sub-Inspector,,,transferred,,imported,12fe593e-e883-5cac-9710-f2ba74198299,13_officer.csv,OFFICER-001859
b81ab159-6125-5b4e-be14-38a6315bda4a,,,TN-OFFICER-001860,Tamil Nadu Officer OFFICER-001860,Inspector,RAMANATHAPURAM Station,RAMANATHAPURAM,Investigator,,,active,,imported,12fe593e-e883-5cac-9710-f2ba74198299,13_officer.csv,OFFICER-001860
d624cec5-dd64-5fa0-8ece-9d56c1013c13,,,TN-OFFICER-001861,Tamil Nadu Officer OFFICER-001861,Assistant Superintendent,KALLAKURICHI Station,KALLAKURICHI,Investigator,,,active,,imported,12fe593e-e883-5cac-9710-f2ba74198299,13_officer.csv,OFFICER-001861
8a20afc1-137e-5c30-9c21-e0fa18f7cf6d,,,TN-OFFICER-001862,Tamil Nadu Officer OFFICER-001862,Constable,KUMBAKONAM Station,KUMBAKONAM,Investigator,,,transferred,,imported,12fe593e-e883-5cac-9710-f2ba74198299,13_officer.csv,OFFICER-001862
edbdb93a-9617-53bd-ad2f-1e6e230bd42c,,,TN-OFFICER-001863,Tamil Nadu Officer OFFICER-001863,Deputy Superintendent,ARIYALUR Station,ARIYALUR,Station House Officer,,,retired,,imported,12fe593e-e883-5cac-9710-f2ba74198299,13_officer.csv,OFFICER-001863
9c0b5ce8-1260-5af5-95e5-2043c78f7e31,,,TN-OFFICER-001864,Tamil Nadu Officer OFFICER-001864,Sub-Inspector,KUMBAKONAM Station,KUMBAKONAM,Police Officer,,,suspended,,imported,12fe593e-e883-5cac-9710-f2ba74198299,13_officer.csv,OFFICER-001864
83906e10-9efa-51d9-827d-3e45e9edaba0,,,TN-OFFICER-001865,Tamil Nadu Officer OFFICER-001865,Deputy Superintendent,RAMANATHAPURAM Station,RAMANATHAPURAM,Sub-Inspector,,,transferred,,imported,12fe593e-e883-5cac-9710-f2ba74198299,13_officer.csv,OFFICER-001865
90c85aa9-cf6f-5097-828a-de61e90540e4,,,TN-OFFICER-001866,Tamil Nadu Officer OFFICER-001866,Superintendent,TENKASI Station,TENKASI,Circle Inspector,,,retired,,imported,12fe593e-e883-5cac-9710-f2ba74198299,13_officer.csv,OFFICER-001866
166f5f83-9047-5293-a58c-e5f61cb36584,,,TN-OFFICER-001867,Tamil Nadu Officer OFFICER-001867,Superintendent,SALEM Station,SALEM,Sub-Inspector,,,active,,imported,12fe593e-e883-5cac-9710-f2ba74198299,13_officer.csv,OFFICER-001867
d2bf5916-6b71-5e88-950e-e6189b5b1cf6,,,TN-OFFICER-001868,Tamil Nadu Officer OFFICER-001868,Deputy Superintendent,TIRUCHIRAPPALLI Station,TIRUCHIRAPPALLI,Circle Inspector,,,retired,,imported,12fe593e-e883-5cac-9710-f2ba74198299,13_officer.csv,OFFICER-001868
bbd1c064-dc1d-5b65-b564-26b0428b4ee7,,,TN-OFFICER-001869,Tamil Nadu Officer OFFICER-001869,Assistant Superintendent,CHENGALPATTU Station,CHENGALPATTU,Station House Officer,,,transferred,,imported,12fe593e-e883-5cac-9710-f2ba74198299,13_officer.csv,OFFICER-001869
b120c079-7cd5-5f4e-8896-d4ddcc8e9f2b,,,TN-OFFICER-001870,Tamil Nadu Officer OFFICER-001870,Constable,THIRUVARUR Station,THIRUVARUR,Investigator,,,active,,imported,12fe593e-e883-5cac-9710-f2ba74198299,13_officer.csv,OFFICER-001870
7fc82a22-f36b-5451-9090-eb596f64f16d,,,TN-OFFICER-001871,Tamil Nadu Officer OFFICER-001871,Assistant Superintendent,KUMBAKONAM Station,KUMBAKONAM,Investigator,,,retired,,imported,12fe593e-e883-5cac-9710-f2ba74198299,13_officer.csv,OFFICER-001871
c85036a9-fdeb-5417-84e1-c0842e15c5ae,,,TN-OFFICER-001872,Tamil Nadu Officer OFFICER-001872,Sub-Inspector,PUDUKOTTAI Station,PUDUKOTTAI,Sub-Inspector,,,suspended,,imported,12fe593e-e883-5cac-9710-f2ba74198299,13_officer.csv,OFFICER-001872
b333a0df-b531-5e7d-9b09-3ce180c9e79b,,,TN-OFFICER-001873,Tamil Nadu Officer OFFICER-001873,Assistant Superintendent,PERAMBALUR Station,PERAMBALUR,Station House Officer,,,suspended,,imported,12fe593e-e883-5cac-9710-f2ba74198299,13_officer.csv,OFFICER-001873
53347fa5-7efa-56b5-a666-a2b9aca679aa,,,TN-OFFICER-001874,Tamil Nadu Officer OFFICER-001874,Assistant Superintendent,NAGAPATTINAM Station,NAGAPATTINAM,Sub-Inspector,,,suspended,,imported,12fe593e-e883-5cac-9710-f2ba74198299,13_officer.csv,OFFICER-001874
8c683bb8-806b-5c35-b684-20e39caad840,,,TN-OFFICER-001875,Tamil Nadu Officer OFFICER-001875,Inspector,KALLAKURICHI Station,KALLAKURICHI,Sub-Inspector,,,active,,imported,12fe593e-e883-5cac-9710-f2ba74198299,13_officer.csv,OFFICER-001875
c151be62-bffe-5128-9033-ebfce7b5dd69,,,TN-OFFICER-001876,Tamil Nadu Officer OFFICER-001876,Inspector,THIRUVARUR Station,THIRUVARUR,Investigator,,,transferred,,imported,12fe593e-e883-5cac-9710-f2ba74198299,13_officer.csv,OFFICER-001876
32686b84-f6fc-567f-afaa-ff08c3e90cf6,,,TN-OFFICER-001877,Tamil Nadu Officer OFFICER-001877,Constable,RANIPET Station,RANIPET,Circle Inspector,,,suspended,,imported,12fe593e-e883-5cac-9710-f2ba74198299,13_officer.csv,OFFICER-001877
4c6a0a65-728e-5c4b-866e-04be929b1b25,,,TN-OFFICER-001878,Tamil Nadu Officer OFFICER-001878,Assistant Superintendent,SIVAGANGA Station,SIVAGANGA,Police Officer,,,active,,imported,12fe593e-e883-5cac-9710-f2ba74198299,13_officer.csv,OFFICER-001878
32f82018-0807-5da5-ada4-3490e1ac2f82,,,TN-OFFICER-001879,Tamil Nadu Officer OFFICER-001879,Sub-Inspector,MAYILADUTHURAI Station,MAYILADUTHURAI,Station House Officer,,,transferred,,imported,12fe593e-e883-5cac-9710-f2ba74198299,13_officer.csv,OFFICER-001879
002c9e5a-508d-56c0-8660-35b46fccea37,,,TN-OFFICER-001880,Tamil Nadu Officer OFFICER-001880,Deputy Superintendent,THIRUVARUR Station,THIRUVARUR,Circle Inspector,,,retired,,imported,12fe593e-e883-5cac-9710-f2ba74198299,13_officer.csv,OFFICER-001880
1371cd86-5f00-5f8e-94eb-958d3d846c8e,,,TN-OFFICER-001881,Tamil Nadu Officer OFFICER-001881,Assistant Superintendent,TIRUPATHUR Station,TIRUPATHUR,Station House Officer,,,transferred,,imported,12fe593e-e883-5cac-9710-f2ba74198299,13_officer.csv,OFFICER-001881
c6ecc188-ec1e-5806-a96f-fe19e9b77ab9,,,TN-OFFICER-001882,Tamil Nadu Officer OFFICER-001882,Superintendent,KARUR Station,KARUR,Station House Officer,,,transferred,,imported,12fe593e-e883-5cac-9710-f2ba74198299,13_officer.csv,OFFICER-001882
49b86794-951c-54d0-a5c3-1394734ea5a1,,,TN-OFFICER-001883,Tamil Nadu Officer OFFICER-001883,Deputy Superintendent,MAYILADUTHURAI Station,MAYILADUTHURAI,Police Officer,,,suspended,,imported,12fe593e-e883-5cac-9710-f2ba74198299,13_officer.csv,OFFICER-001883
11c4040b-6dfd-555b-981a-14f8159a2b3a,,,TN-OFFICER-001884,Tamil Nadu Officer OFFICER-001884,Assistant Superintendent,THENI Station,THENI,Circle Inspector,,,suspended,,imported,12fe593e-e883-5cac-9710-f2ba74198299,13_officer.csv,OFFICER-001884
fa562538-a275-57be-b6fe-a285dd6ceb0a,,,TN-OFFICER-001885,Tamil Nadu Officer OFFICER-001885,Assistant Superintendent,ERODE Station,ERODE,Sub-Inspector,,,suspended,,imported,12fe593e-e883-5cac-9710-f2ba74198299,13_officer.csv,OFFICER-001885
f0711716-06e8-53a1-9b9c-7aad05f948fe,,,TN-OFFICER-001886,Tamil Nadu Officer OFFICER-001886,Sub-Inspector,SALEM Station,SALEM,Sub-Inspector,,,transferred,,imported,12fe593e-e883-5cac-9710-f2ba74198299,13_officer.csv,OFFICER-001886
916f1195-8ed0-5565-8a3d-401deccb0783,,,TN-OFFICER-001887,Tamil Nadu Officer OFFICER-001887,Superintendent,VILUPPURAM Station,VILUPPURAM,Station House Officer,,,active,,imported,12fe593e-e883-5cac-9710-f2ba74198299,13_officer.csv,OFFICER-001887
745bdcfa-ac7b-5c8d-8690-86d77ea927b0,,,TN-OFFICER-001888,Tamil Nadu Officer OFFICER-001888,Deputy Superintendent,SALEM Station,SALEM,Police Officer,,,transferred,,imported,12fe593e-e883-5cac-9710-f2ba74198299,13_officer.csv,OFFICER-001888
972168bb-8e01-5a7a-8565-f769de35738d,,,TN-OFFICER-001889,Tamil Nadu Officer OFFICER-001889,Assistant Superintendent,RAMESWARAM Station,RAMESWARAM,Investigator,,,active,,imported,12fe593e-e883-5cac-9710-f2ba74198299,13_officer.csv,OFFICER-001889
c43aa942-c4c7-5e2f-96e3-29505040d121,,,TN-OFFICER-001890,Tamil Nadu Officer OFFICER-001890,Sub-Inspector,RAMANATHAPURAM Station,RAMANATHAPURAM,Investigator,,,retired,,imported,12fe593e-e883-5cac-9710-f2ba74198299,13_officer.csv,OFFICER-001890
d5683d5e-b3ee-57db-b8ed-1008350b7378,,,TN-OFFICER-001891,Tamil Nadu Officer OFFICER-001891,Sub-Inspector,SIVAGANGA Station,SIVAGANGA,Circle Inspector,,,suspended,,imported,12fe593e-e883-5cac-9710-f2ba74198299,13_officer.csv,OFFICER-001891
42f8771d-56bb-5adb-a584-2eb04f58c512,,,TN-OFFICER-001892,Tamil Nadu Officer OFFICER-001892,Deputy Superintendent,DHARMAPURI Station,DHARMAPURI,Sub-Inspector,,,retired,,imported,12fe593e-e883-5cac-9710-f2ba74198299,13_officer.csv,OFFICER-001892
42aa38fa-9ba9-5873-a20e-434493329e87,,,TN-OFFICER-001893,Tamil Nadu Officer OFFICER-001893,Assistant Superintendent,CHENNAI Station,CHENNAI,Station House Officer,,,retired,,imported,12fe593e-e883-5cac-9710-f2ba74198299,13_officer.csv,OFFICER-001893
24a4fda3-143f-5ef0-a63d-7502a7d3eba1,,,TN-OFFICER-001894,Tamil Nadu Officer OFFICER-001894,Superintendent,CUDDALORE Station,CUDDALORE,Station House Officer,,,active,,imported,12fe593e-e883-5cac-9710-f2ba74198299,13_officer.csv,OFFICER-001894
52f913c9-8008-5265-9fb6-4916494d2a96,,,TN-OFFICER-001895,Tamil Nadu Officer OFFICER-001895,Deputy Superintendent,COIMBATORE Station,COIMBATORE,Station House Officer,,,suspended,,imported,12fe593e-e883-5cac-9710-f2ba74198299,13_officer.csv,OFFICER-001895
39403990-3131-5672-8584-19081ece06a2,,,TN-OFFICER-001896,Tamil Nadu Officer OFFICER-001896,Sub-Inspector,CHENNAI Station,CHENNAI,Circle Inspector,,,transferred,,imported,12fe593e-e883-5cac-9710-f2ba74198299,13_officer.csv,OFFICER-001896
9b93d1b4-71ce-5c1a-b9dc-3cf1bc116945,,,TN-OFFICER-001897,Tamil Nadu Officer OFFICER-001897,Inspector,RAMESWARAM Station,RAMESWARAM,Circle Inspector,,,active,,imported,12fe593e-e883-5cac-9710-f2ba74198299,13_officer.csv,OFFICER-001897
f6fb9f6d-1135-5250-855e-3c70b5362f74,,,TN-OFFICER-001898,Tamil Nadu Officer OFFICER-001898,Constable,THIRUVALLUR Station,THIRUVALLUR,Sub-Inspector,,,suspended,,imported,12fe593e-e883-5cac-9710-f2ba74198299,13_officer.csv,OFFICER-001898
0d2dc98a-e51f-5ce8-8c94-70493ca51043,,,TN-OFFICER-001899,Tamil Nadu Officer OFFICER-001899,Assistant Superintendent,NAGAPATTINAM Station,NAGAPATTINAM,Sub-Inspector,,,active,,imported,12fe593e-e883-5cac-9710-f2ba74198299,13_officer.csv,OFFICER-001899
7dfef60d-e132-5c1a-9e8a-782d266045ee,,,TN-OFFICER-001900,Tamil Nadu Officer OFFICER-001900,Assistant Superintendent,TIRUPPUR Station,TIRUPPUR,Investigator,,,active,,imported,12fe593e-e883-5cac-9710-f2ba74198299,13_officer.csv,OFFICER-001900
ed2b99eb-0abc-5258-b242-191514dcfdf8,,,TN-OFFICER-001901,Tamil Nadu Officer OFFICER-001901,Sub-Inspector,RAMESWARAM Station,RAMESWARAM,Circle Inspector,,,transferred,,imported,12fe593e-e883-5cac-9710-f2ba74198299,13_officer.csv,OFFICER-001901
929e259a-9d5f-58fa-ad9f-f9dbd41dc2d6,,,TN-OFFICER-001902,Tamil Nadu Officer OFFICER-001902,Deputy Superintendent,KANYAKUMARI Station,KANYAKUMARI,Investigator,,,retired,,imported,12fe593e-e883-5cac-9710-f2ba74198299,13_officer.csv,OFFICER-001902
b90acba1-ab8d-5d6e-ab46-dcb42596d8ce,,,TN-OFFICER-001903,Tamil Nadu Officer OFFICER-001903,Constable,VIRUDHUNAGAR Station,VIRUDHUNAGAR,Station House Officer,,,active,,imported,12fe593e-e883-5cac-9710-f2ba74198299,13_officer.csv,OFFICER-001903
6710914d-6de2-5cd5-b788-5ec813133cf1,,,TN-OFFICER-001904,Tamil Nadu Officer OFFICER-001904,Sub-Inspector,KARUR Station,KARUR,Station House Officer,,,active,,imported,12fe593e-e883-5cac-9710-f2ba74198299,13_officer.csv,OFFICER-001904
c40dc617-0d5b-5f8d-9582-58364d79319f,,,TN-OFFICER-001905,Tamil Nadu Officer OFFICER-001905,Superintendent,THE_NILGIRIS Station,THE_NILGIRIS,Station House Officer,,,retired,,imported,12fe593e-e883-5cac-9710-f2ba74198299,13_officer.csv,OFFICER-001905
5ef38f5f-bcb0-58f2-a5e7-1edc6bab80be,,,TN-OFFICER-001906,Tamil Nadu Officer OFFICER-001906,Inspector,NAGAPATTINAM Station,NAGAPATTINAM,Circle Inspector,,,active,,imported,12fe593e-e883-5cac-9710-f2ba74198299,13_officer.csv,OFFICER-001906
79dd9226-c4f9-597b-9441-c6dde288e3aa,,,TN-OFFICER-001907,Tamil Nadu Officer OFFICER-001907,Constable,THIRUVARUR Station,THIRUVARUR,Sub-Inspector,,,suspended,,imported,12fe593e-e883-5cac-9710-f2ba74198299,13_officer.csv,OFFICER-001907
cce895ec-4c33-5765-b197-fa577f1c2f26,,,TN-OFFICER-001908,Tamil Nadu Officer OFFICER-001908,Constable,TIRUPPUR Station,TIRUPPUR,Investigator,,,active,,imported,12fe593e-e883-5cac-9710-f2ba74198299,13_officer.csv,OFFICER-001908
d93fe104-64b0-5619-a1e3-de5f61a1d466,,,TN-OFFICER-001909,Tamil Nadu Officer OFFICER-001909,Constable,TIRUNELVELI Station,TIRUNELVELI,Circle Inspector,,,suspended,,imported,12fe593e-e883-5cac-9710-f2ba74198299,13_officer.csv,OFFICER-001909
5184f975-81b9-51fa-a86b-a833cadb5fa1,,,TN-OFFICER-001910,Tamil Nadu Officer OFFICER-001910,Sub-Inspector,RANIPET Station,RANIPET,Station House Officer,,,retired,,imported,12fe593e-e883-5cac-9710-f2ba74198299,13_officer.csv,OFFICER-001910
587afd9e-1957-52d3-96ec-332b2a6b8271,,,TN-OFFICER-001911,Tamil Nadu Officer OFFICER-001911,Deputy Superintendent,KRISHNAGIRI Station,KRISHNAGIRI,Circle Inspector,,,retired,,imported,12fe593e-e883-5cac-9710-f2ba74198299,13_officer.csv,OFFICER-001911
dd7a88ef-a07f-59d7-9893-c536858e91af,,,TN-OFFICER-001912,Tamil Nadu Officer OFFICER-001912,Superintendent,THOOTHUKUDI Station,THOOTHUKUDI,Station House Officer,,,retired,,imported,12fe593e-e883-5cac-9710-f2ba74198299,13_officer.csv,OFFICER-001912
c821d21f-32de-58df-ade1-59e6e69c16c0,,,TN-OFFICER-001913,Tamil Nadu Officer OFFICER-001913,Constable,NAGAPATTINAM Station,NAGAPATTINAM,Sub-Inspector,,,suspended,,imported,12fe593e-e883-5cac-9710-f2ba74198299,13_officer.csv,OFFICER-001913
3a8efa21-b3a5-548b-a440-cbf6d6919849,,,TN-OFFICER-001914,Tamil Nadu Officer OFFICER-001914,Inspector,VIRUDHUNAGAR Station,VIRUDHUNAGAR,Sub-Inspector,,,transferred,,imported,12fe593e-e883-5cac-9710-f2ba74198299,13_officer.csv,OFFICER-001914
85349baa-a7c7-5749-bbbb-499ce2f6fe89,,,TN-OFFICER-001915,Tamil Nadu Officer OFFICER-001915,Inspector,RANIPET Station,RANIPET,Investigator,,,transferred,,imported,12fe593e-e883-5cac-9710-f2ba74198299,13_officer.csv,OFFICER-001915
a2c1f87e-0567-56b0-b562-44d0a3163e04,,,TN-OFFICER-001916,Tamil Nadu Officer OFFICER-001916,Constable,MADURAI Station,MADURAI,Investigator,,,active,,imported,12fe593e-e883-5cac-9710-f2ba74198299,13_officer.csv,OFFICER-001916
40420106-2290-5fe7-badb-f53a1b809c81,,,TN-OFFICER-001917,Tamil Nadu Officer OFFICER-001917,Sub-Inspector,TIRUVANNAMALAI Station,TIRUVANNAMALAI,Sub-Inspector,,,retired,,imported,12fe593e-e883-5cac-9710-f2ba74198299,13_officer.csv,OFFICER-001917
0a13a82f-039c-577e-9929-e01c14d544fd,,,TN-OFFICER-001918,Tamil Nadu Officer OFFICER-001918,Superintendent,KRISHNAGIRI Station,KRISHNAGIRI,Investigator,,,transferred,,imported,12fe593e-e883-5cac-9710-f2ba74198299,13_officer.csv,OFFICER-001918
bc295484-f9fc-55f9-94c9-e5db50cea120,,,TN-OFFICER-001919,Tamil Nadu Officer OFFICER-001919,Deputy Superintendent,DHARMAPURI Station,DHARMAPURI,Sub-Inspector,,,transferred,,imported,12fe593e-e883-5cac-9710-f2ba74198299,13_officer.csv,OFFICER-001919
c355ad99-d153-5123-82fd-4761f3050809,,,TN-OFFICER-001920,Tamil Nadu Officer OFFICER-001920,Inspector,ARIYALUR Station,ARIYALUR,Station House Officer,,,retired,,imported,12fe593e-e883-5cac-9710-f2ba74198299,13_officer.csv,OFFICER-001920
578e3728-990d-5044-8fbc-ca694f49980f,,,TN-OFFICER-001921,Tamil Nadu Officer OFFICER-001921,Sub-Inspector,NAMAKKAL Station,NAMAKKAL,Circle Inspector,,,active,,imported,12fe593e-e883-5cac-9710-f2ba74198299,13_officer.csv,OFFICER-001921
af37df58-ba08-56df-bfd1-0f0a4df188ba,,,TN-OFFICER-001922,Tamil Nadu Officer OFFICER-001922,Sub-Inspector,CUDDALORE Station,CUDDALORE,Police Officer,,,suspended,,imported,12fe593e-e883-5cac-9710-f2ba74198299,13_officer.csv,OFFICER-001922
eccb02af-4d84-50fe-9098-a3cca18ba581,,,TN-OFFICER-001923,Tamil Nadu Officer OFFICER-001923,Constable,KARUR Station,KARUR,Investigator,,,active,,imported,12fe593e-e883-5cac-9710-f2ba74198299,13_officer.csv,OFFICER-001923
7d53630c-8ab9-5bab-b400-a288a8a45ccc,,,TN-OFFICER-001924,Tamil Nadu Officer OFFICER-001924,Sub-Inspector,SALEM Station,SALEM,Police Officer,,,transferred,,imported,12fe593e-e883-5cac-9710-f2ba74198299,13_officer.csv,OFFICER-001924
387f87a3-0bb6-59c7-96e6-a1d35eefe520,,,TN-OFFICER-001925,Tamil Nadu Officer OFFICER-001925,Sub-Inspector,DINDIGUL Station,DINDIGUL,Station House Officer,,,transferred,,imported,12fe593e-e883-5cac-9710-f2ba74198299,13_officer.csv,OFFICER-001925
92d75532-b354-58a9-b377-a3bbfb14b187,,,TN-OFFICER-001926,Tamil Nadu Officer OFFICER-001926,Sub-Inspector,DHARMAPURI Station,DHARMAPURI,Station House Officer,,,transferred,,imported,12fe593e-e883-5cac-9710-f2ba74198299,13_officer.csv,OFFICER-001926
25d8f42e-d1bd-530d-97cf-56192465a841,,,TN-OFFICER-001927,Tamil Nadu Officer OFFICER-001927,Superintendent,RAMANATHAPURAM Station,RAMANATHAPURAM,Circle Inspector,,,transferred,,imported,12fe593e-e883-5cac-9710-f2ba74198299,13_officer.csv,OFFICER-001927
d1044b04-9846-502c-bc4a-2c26b81e2ad9,,,TN-OFFICER-001928,Tamil Nadu Officer OFFICER-001928,Sub-Inspector,SALEM Station,SALEM,Investigator,,,suspended,,imported,12fe593e-e883-5cac-9710-f2ba74198299,13_officer.csv,OFFICER-001928
c8e41e2c-329a-5306-bc2f-248950ecfbe9,,,TN-OFFICER-001929,Tamil Nadu Officer OFFICER-001929,Sub-Inspector,VIRUDHUNAGAR Station,VIRUDHUNAGAR,Police Officer,,,retired,,imported,12fe593e-e883-5cac-9710-f2ba74198299,13_officer.csv,OFFICER-001929
8749e4b2-4f6e-54f3-be87-4b594601ab74,,,TN-OFFICER-001930,Tamil Nadu Officer OFFICER-001930,Inspector,NAGAPATTINAM Station,NAGAPATTINAM,Police Officer,,,active,,imported,12fe593e-e883-5cac-9710-f2ba74198299,13_officer.csv,OFFICER-001930
3728d210-ef0a-5b77-9253-7e012a88a382,,,TN-OFFICER-001931,Tamil Nadu Officer OFFICER-001931,Superintendent,NAGAPATTINAM Station,NAGAPATTINAM,Station House Officer,,,retired,,imported,12fe593e-e883-5cac-9710-f2ba74198299,13_officer.csv,OFFICER-001931
259eabc8-dda0-52b0-92a2-02060c276d83,,,TN-OFFICER-001932,Tamil Nadu Officer OFFICER-001932,Sub-Inspector,RANIPET Station,RANIPET,Police Officer,,,retired,,imported,12fe593e-e883-5cac-9710-f2ba74198299,13_officer.csv,OFFICER-001932
e5f3b503-0203-5662-9172-dec84e05c68f,,,TN-OFFICER-001933,Tamil Nadu Officer OFFICER-001933,Assistant Superintendent,KRISHNAGIRI Station,KRISHNAGIRI,Station House Officer,,,active,,imported,12fe593e-e883-5cac-9710-f2ba74198299,13_officer.csv,OFFICER-001933
13af6f19-8717-5bca-b310-0bf5c12da1df,,,TN-OFFICER-001934,Tamil Nadu Officer OFFICER-001934,Assistant Superintendent,PERAMBALUR Station,PERAMBALUR,Circle Inspector,,,retired,,imported,12fe593e-e883-5cac-9710-f2ba74198299,13_officer.csv,OFFICER-001934
6438396d-7855-5d13-81d4-e001ea47da07,,,TN-OFFICER-001935,Tamil Nadu Officer OFFICER-001935,Superintendent,CHENNAI Station,CHENNAI,Station House Officer,,,suspended,,imported,12fe593e-e883-5cac-9710-f2ba74198299,13_officer.csv,OFFICER-001935
a36f09eb-28f1-5125-a7a9-0a0ba1472cc5,,,TN-OFFICER-001936,Tamil Nadu Officer OFFICER-001936,Sub-Inspector,TIRUCHIRAPPALLI Station,TIRUCHIRAPPALLI,Circle Inspector,,,suspended,,imported,12fe593e-e883-5cac-9710-f2ba74198299,13_officer.csv,OFFICER-001936
8859b366-9513-561c-a5f0-f5a1ac4820bc,,,TN-OFFICER-001937,Tamil Nadu Officer OFFICER-001937,Assistant Superintendent,CHENGALPATTU Station,CHENGALPATTU,Sub-Inspector,,,suspended,,imported,12fe593e-e883-5cac-9710-f2ba74198299,13_officer.csv,OFFICER-001937
04e7aa58-bf39-5334-b8d6-9881d72af9a1,,,TN-OFFICER-001938,Tamil Nadu Officer OFFICER-001938,Inspector,RANIPET Station,RANIPET,Police Officer,,,suspended,,imported,12fe593e-e883-5cac-9710-f2ba74198299,13_officer.csv,OFFICER-001938
9da5776b-ae86-53aa-aef6-246ba356bb2c,,,TN-OFFICER-001939,Tamil Nadu Officer OFFICER-001939,Superintendent,THIRUVARUR Station,THIRUVARUR,Investigator,,,retired,,imported,12fe593e-e883-5cac-9710-f2ba74198299,13_officer.csv,OFFICER-001939
7d5f2755-fcc0-59bb-9a8e-37f3aa7dc36b,,,TN-OFFICER-001940,Tamil Nadu Officer OFFICER-001940,Superintendent,PERAMBALUR Station,PERAMBALUR,Circle Inspector,,,retired,,imported,12fe593e-e883-5cac-9710-f2ba74198299,13_officer.csv,OFFICER-001940
3e6bca63-8256-5e47-b5fe-af627d43e8be,,,TN-OFFICER-001941,Tamil Nadu Officer OFFICER-001941,Deputy Superintendent,KARUR Station,KARUR,Circle Inspector,,,active,,imported,12fe593e-e883-5cac-9710-f2ba74198299,13_officer.csv,OFFICER-001941
ef0dc3e7-ffe2-583e-a703-d404f13b34a1,,,TN-OFFICER-001942,Tamil Nadu Officer OFFICER-001942,Deputy Superintendent,THIRUVARUR Station,THIRUVARUR,Circle Inspector,,,active,,imported,12fe593e-e883-5cac-9710-f2ba74198299,13_officer.csv,OFFICER-001942
adc5ba81-2997-577a-bd58-c1a21c3c8fa4,,,TN-OFFICER-001943,Tamil Nadu Officer OFFICER-001943,Deputy Superintendent,THENI Station,THENI,Station House Officer,,,transferred,,imported,12fe593e-e883-5cac-9710-f2ba74198299,13_officer.csv,OFFICER-001943
d629b8ec-6845-5f58-aa5d-66147e848309,,,TN-OFFICER-001944,Tamil Nadu Officer OFFICER-001944,Superintendent,MADURAI Station,MADURAI,Sub-Inspector,,,retired,,imported,12fe593e-e883-5cac-9710-f2ba74198299,13_officer.csv,OFFICER-001944
9ecc87a7-707a-5593-9194-f5b4114317d9,,,TN-OFFICER-001945,Tamil Nadu Officer OFFICER-001945,Sub-Inspector,MAYILADUTHURAI Station,MAYILADUTHURAI,Police Officer,,,suspended,,imported,12fe593e-e883-5cac-9710-f2ba74198299,13_officer.csv,OFFICER-001945
ee0135c4-4a8c-58c1-8de0-35888515bf85,,,TN-OFFICER-001946,Tamil Nadu Officer OFFICER-001946,Sub-Inspector,VILUPPURAM Station,VILUPPURAM,Circle Inspector,,,transferred,,imported,12fe593e-e883-5cac-9710-f2ba74198299,13_officer.csv,OFFICER-001946
b83a10b9-3021-5ad7-b9a0-aa3e029531f0,,,TN-OFFICER-001947,Tamil Nadu Officer OFFICER-001947,Superintendent,SIVAGANGA Station,SIVAGANGA,Investigator,,,suspended,,imported,12fe593e-e883-5cac-9710-f2ba74198299,13_officer.csv,OFFICER-001947
990a7f69-9c49-51f9-821c-c2011e62fc4b,,,TN-OFFICER-001948,Tamil Nadu Officer OFFICER-001948,Deputy Superintendent,THIRUVALLUR Station,THIRUVALLUR,Police Officer,,,suspended,,imported,12fe593e-e883-5cac-9710-f2ba74198299,13_officer.csv,OFFICER-001948
99ce8883-b756-52c1-ad40-9732b1c287ba,,,TN-OFFICER-001949,Tamil Nadu Officer OFFICER-001949,Inspector,SIVAGANGA Station,SIVAGANGA,Circle Inspector,,,retired,,imported,12fe593e-e883-5cac-9710-f2ba74198299,13_officer.csv,OFFICER-001949
0869fee2-5581-5a71-b1a3-72d64f7afd5e,,,TN-OFFICER-001950,Tamil Nadu Officer OFFICER-001950,Deputy Superintendent,KANYAKUMARI Station,KANYAKUMARI,Investigator,,,suspended,,imported,12fe593e-e883-5cac-9710-f2ba74198299,13_officer.csv,OFFICER-001950
fc593e1b-1b45-5c65-ad3a-79e2d5c1bd67,,,TN-OFFICER-001951,Tamil Nadu Officer OFFICER-001951,Inspector,NAGAPATTINAM Station,NAGAPATTINAM,Investigator,,,retired,,imported,12fe593e-e883-5cac-9710-f2ba74198299,13_officer.csv,OFFICER-001951
85a4ca25-b3e1-5242-9fec-893b1a577a37,,,TN-OFFICER-001952,Tamil Nadu Officer OFFICER-001952,Sub-Inspector,KANYAKUMARI Station,KANYAKUMARI,Station House Officer,,,transferred,,imported,12fe593e-e883-5cac-9710-f2ba74198299,13_officer.csv,OFFICER-001952
ce455355-f174-5fb0-b6b6-bbed5accdb4b,,,TN-OFFICER-001953,Tamil Nadu Officer OFFICER-001953,Sub-Inspector,THIRUVARUR Station,THIRUVARUR,Circle Inspector,,,suspended,,imported,12fe593e-e883-5cac-9710-f2ba74198299,13_officer.csv,OFFICER-001953
858e991e-c2ee-5042-bdfb-15b95ec1bb00,,,TN-OFFICER-001954,Tamil Nadu Officer OFFICER-001954,Constable,ERODE Station,ERODE,Investigator,,,retired,,imported,12fe593e-e883-5cac-9710-f2ba74198299,13_officer.csv,OFFICER-001954
f39d9a7d-481b-5c70-aa61-1fc113db21c1,,,TN-OFFICER-001955,Tamil Nadu Officer OFFICER-001955,Superintendent,PUDUKOTTAI Station,PUDUKOTTAI,Sub-Inspector,,,retired,,imported,12fe593e-e883-5cac-9710-f2ba74198299,13_officer.csv,OFFICER-001955
897349f8-f518-5f3c-9c27-e6583bdaf7dc,,,TN-OFFICER-001956,Tamil Nadu Officer OFFICER-001956,Superintendent,RAMESWARAM Station,RAMESWARAM,Police Officer,,,transferred,,imported,12fe593e-e883-5cac-9710-f2ba74198299,13_officer.csv,OFFICER-001956
268fb04b-c860-5cfe-9196-db96ea045cb0,,,TN-OFFICER-001957,Tamil Nadu Officer OFFICER-001957,Constable,RAMESWARAM Station,RAMESWARAM,Circle Inspector,,,retired,,imported,12fe593e-e883-5cac-9710-f2ba74198299,13_officer.csv,OFFICER-001957
b749937f-f906-5918-9af2-e5c2f872eb92,,,TN-OFFICER-001958,Tamil Nadu Officer OFFICER-001958,Sub-Inspector,CUDDALORE Station,CUDDALORE,Sub-Inspector,,,suspended,,imported,12fe593e-e883-5cac-9710-f2ba74198299,13_officer.csv,OFFICER-001958
05ce1229-2d25-5c67-8c8a-cfdc36910fd6,,,TN-OFFICER-001959,Tamil Nadu Officer OFFICER-001959,Assistant Superintendent,RANIPET Station,RANIPET,Circle Inspector,,,active,,imported,12fe593e-e883-5cac-9710-f2ba74198299,13_officer.csv,OFFICER-001959
0282a46e-6c5a-5298-89b4-4c7d2e930746,,,TN-OFFICER-001960,Tamil Nadu Officer OFFICER-001960,Constable,SALEM Station,SALEM,Station House Officer,,,active,,imported,12fe593e-e883-5cac-9710-f2ba74198299,13_officer.csv,OFFICER-001960
71c4200d-4a11-5f47-8576-b5bceb6fa767,,,TN-OFFICER-001961,Tamil Nadu Officer OFFICER-001961,Constable,CHENGALPATTU Station,CHENGALPATTU,Investigator,,,retired,,imported,12fe593e-e883-5cac-9710-f2ba74198299,13_officer.csv,OFFICER-001961
d45040e2-93ac-5c7b-92fb-116929cde899,,,TN-OFFICER-001962,Tamil Nadu Officer OFFICER-001962,Deputy Superintendent,KUMBAKONAM Station,KUMBAKONAM,Sub-Inspector,,,suspended,,imported,12fe593e-e883-5cac-9710-f2ba74198299,13_officer.csv,OFFICER-001962
ce1a6433-a27d-5b3f-8edb-ceeaff9b9c66,,,TN-OFFICER-001963,Tamil Nadu Officer OFFICER-001963,Superintendent,THIRUVALLUR Station,THIRUVALLUR,Police Officer,,,transferred,,imported,12fe593e-e883-5cac-9710-f2ba74198299,13_officer.csv,OFFICER-001963
5efd322b-85df-5294-8ee7-8ff361620f8d,,,TN-OFFICER-001964,Tamil Nadu Officer OFFICER-001964,Inspector,KUMBAKONAM Station,KUMBAKONAM,Sub-Inspector,,,retired,,imported,12fe593e-e883-5cac-9710-f2ba74198299,13_officer.csv,OFFICER-001964
be8a6bd6-a784-5a6d-b0d3-668b12f4421b,,,TN-OFFICER-001965,Tamil Nadu Officer OFFICER-001965,Inspector,RAMESWARAM Station,RAMESWARAM,Circle Inspector,,,suspended,,imported,12fe593e-e883-5cac-9710-f2ba74198299,13_officer.csv,OFFICER-001965
44ddb2ca-7d0f-50b8-b428-1a02e77a6fb1,,,TN-OFFICER-001966,Tamil Nadu Officer OFFICER-001966,Inspector,TIRUPPUR Station,TIRUPPUR,Circle Inspector,,,active,,imported,12fe593e-e883-5cac-9710-f2ba74198299,13_officer.csv,OFFICER-001966
dfbf71ec-df36-5b94-bb13-2b6b15a124ef,,,TN-OFFICER-001967,Tamil Nadu Officer OFFICER-001967,Constable,RANIPET Station,RANIPET,Police Officer,,,transferred,,imported,12fe593e-e883-5cac-9710-f2ba74198299,13_officer.csv,OFFICER-001967
e16d1c5a-d873-50a9-84a0-caa96d0d7cff,,,TN-OFFICER-001968,Tamil Nadu Officer OFFICER-001968,Constable,VIRUDHUNAGAR Station,VIRUDHUNAGAR,Station House Officer,,,transferred,,imported,12fe593e-e883-5cac-9710-f2ba74198299,13_officer.csv,OFFICER-001968
dbf0e0f5-bb5f-526c-ba68-5c6c5eb8cf67,,,TN-OFFICER-001969,Tamil Nadu Officer OFFICER-001969,Sub-Inspector,CHENGALPATTU Station,CHENGALPATTU,Investigator,,,retired,,imported,12fe593e-e883-5cac-9710-f2ba74198299,13_officer.csv,OFFICER-001969
c760fb5c-9f2a-5804-9d21-99896a20c3f0,,,TN-OFFICER-001970,Tamil Nadu Officer OFFICER-001970,Constable,CHENGALPATTU Station,CHENGALPATTU,Circle Inspector,,,active,,imported,12fe593e-e883-5cac-9710-f2ba74198299,13_officer.csv,OFFICER-001970
b393b003-08f1-51e9-a69a-b41a05f1a27e,,,TN-OFFICER-001971,Tamil Nadu Officer OFFICER-001971,Sub-Inspector,PUDUKOTTAI Station,PUDUKOTTAI,Station House Officer,,,retired,,imported,12fe593e-e883-5cac-9710-f2ba74198299,13_officer.csv,OFFICER-001971
55c49d07-24e8-5887-ae0c-61ef81b1c4d9,,,TN-OFFICER-001972,Tamil Nadu Officer OFFICER-001972,Deputy Superintendent,VIRUDHUNAGAR Station,VIRUDHUNAGAR,Sub-Inspector,,,active,,imported,12fe593e-e883-5cac-9710-f2ba74198299,13_officer.csv,OFFICER-001972
ddf692f0-b6a8-561b-9f3b-c601722daa6c,,,TN-OFFICER-001973,Tamil Nadu Officer OFFICER-001973,Constable,ARIYALUR Station,ARIYALUR,Station House Officer,,,suspended,,imported,12fe593e-e883-5cac-9710-f2ba74198299,13_officer.csv,OFFICER-001973
637ea3bd-1779-5782-9b54-5501f2edafa9,,,TN-OFFICER-001974,Tamil Nadu Officer OFFICER-001974,Assistant Superintendent,RANIPET Station,RANIPET,Police Officer,,,transferred,,imported,12fe593e-e883-5cac-9710-f2ba74198299,13_officer.csv,OFFICER-001974
b7f86bf6-6c29-51c4-aa85-b0dacd5ea0e0,,,TN-OFFICER-001975,Tamil Nadu Officer OFFICER-001975,Superintendent,RAMESWARAM Station,RAMESWARAM,Station House Officer,,,transferred,,imported,12fe593e-e883-5cac-9710-f2ba74198299,13_officer.csv,OFFICER-001975
16ddf7d5-8c68-5606-a052-445edfc0775f,,,TN-OFFICER-001976,Tamil Nadu Officer OFFICER-001976,Deputy Superintendent,THIRUVARUR Station,THIRUVARUR,Sub-Inspector,,,transferred,,imported,12fe593e-e883-5cac-9710-f2ba74198299,13_officer.csv,OFFICER-001976
d16bd3f0-c4b4-5c71-b48c-f84dc4ccb6c8,,,TN-OFFICER-001977,Tamil Nadu Officer OFFICER-001977,Deputy Superintendent,THIRUVALLUR Station,THIRUVALLUR,Sub-Inspector,,,retired,,imported,12fe593e-e883-5cac-9710-f2ba74198299,13_officer.csv,OFFICER-001977
de85ee42-9237-5aa7-875b-f43e1c718ee1,,,TN-OFFICER-001978,Tamil Nadu Officer OFFICER-001978,Assistant Superintendent,KARUR Station,KARUR,Police Officer,,,suspended,,imported,12fe593e-e883-5cac-9710-f2ba74198299,13_officer.csv,OFFICER-001978
0846ea1a-6582-5335-b897-174dff6100f3,,,TN-OFFICER-001979,Tamil Nadu Officer OFFICER-001979,Constable,ARIYALUR Station,ARIYALUR,Station House Officer,,,retired,,imported,12fe593e-e883-5cac-9710-f2ba74198299,13_officer.csv,OFFICER-001979
6d24a5e3-8a9f-503c-b211-f0ea19004a7c,,,TN-OFFICER-001980,Tamil Nadu Officer OFFICER-001980,Sub-Inspector,KUMBAKONAM Station,KUMBAKONAM,Circle Inspector,,,retired,,imported,12fe593e-e883-5cac-9710-f2ba74198299,13_officer.csv,OFFICER-001980
c19e7281-c1ec-540b-8d41-83dc04678703,,,TN-OFFICER-001981,Tamil Nadu Officer OFFICER-001981,Assistant Superintendent,THOOTHUKUDI Station,THOOTHUKUDI,Circle Inspector,,,active,,imported,12fe593e-e883-5cac-9710-f2ba74198299,13_officer.csv,OFFICER-001981
883df6c1-6a54-5bef-940e-60b767160c20,,,TN-OFFICER-001982,Tamil Nadu Officer OFFICER-001982,Sub-Inspector,VIRUDHUNAGAR Station,VIRUDHUNAGAR,Investigator,,,active,,imported,12fe593e-e883-5cac-9710-f2ba74198299,13_officer.csv,OFFICER-001982
28cfd2d8-59b8-5f92-a257-bfbe7e9b6dcb,,,TN-OFFICER-001983,Tamil Nadu Officer OFFICER-001983,Deputy Superintendent,CHENNAI Station,CHENNAI,Sub-Inspector,,,active,,imported,12fe593e-e883-5cac-9710-f2ba74198299,13_officer.csv,OFFICER-001983
58aebc6f-9ce7-5756-a321-a21e6d8d2abc,,,TN-OFFICER-001984,Tamil Nadu Officer OFFICER-001984,Constable,TIRUVANNAMALAI Station,TIRUVANNAMALAI,Sub-Inspector,,,active,,imported,12fe593e-e883-5cac-9710-f2ba74198299,13_officer.csv,OFFICER-001984
a2301314-415a-582a-b99b-1e81f78b3ecc,,,TN-OFFICER-001985,Tamil Nadu Officer OFFICER-001985,Inspector,VIRUDHUNAGAR Station,VIRUDHUNAGAR,Station House Officer,,,active,,imported,12fe593e-e883-5cac-9710-f2ba74198299,13_officer.csv,OFFICER-001985
873a4082-a4b9-5b92-a3d1-89cc3567eca4,,,TN-OFFICER-001986,Tamil Nadu Officer OFFICER-001986,Inspector,DHARMAPURI Station,DHARMAPURI,Circle Inspector,,,suspended,,imported,12fe593e-e883-5cac-9710-f2ba74198299,13_officer.csv,OFFICER-001986
55ef8efe-9cf8-5d65-b422-5fe39d55422e,,,TN-OFFICER-001987,Tamil Nadu Officer OFFICER-001987,Superintendent,KUMBAKONAM Station,KUMBAKONAM,Station House Officer,,,suspended,,imported,12fe593e-e883-5cac-9710-f2ba74198299,13_officer.csv,OFFICER-001987
be4a640b-8057-517e-af1b-6a813bd3a693,,,TN-OFFICER-001988,Tamil Nadu Officer OFFICER-001988,Constable,KARUR Station,KARUR,Police Officer,,,transferred,,imported,12fe593e-e883-5cac-9710-f2ba74198299,13_officer.csv,OFFICER-001988
899304ed-d426-5f12-a119-8d3f1ae8ab35,,,TN-OFFICER-001989,Tamil Nadu Officer OFFICER-001989,Sub-Inspector,KANCHEEPURAM Station,KANCHEEPURAM,Police Officer,,,active,,imported,12fe593e-e883-5cac-9710-f2ba74198299,13_officer.csv,OFFICER-001989
aec1442e-5440-5585-88f9-375386077755,,,TN-OFFICER-001990,Tamil Nadu Officer OFFICER-001990,Assistant Superintendent,KALLAKURICHI Station,KALLAKURICHI,Police Officer,,,retired,,imported,12fe593e-e883-5cac-9710-f2ba74198299,13_officer.csv,OFFICER-001990
d5056667-ed21-51cb-9f3b-32ccff4eacad,,,TN-OFFICER-001991,Tamil Nadu Officer OFFICER-001991,Sub-Inspector,TENKASI Station,TENKASI,Station House Officer,,,retired,,imported,12fe593e-e883-5cac-9710-f2ba74198299,13_officer.csv,OFFICER-001991
1631860a-3ee4-5e31-b3ed-ff243f468899,,,TN-OFFICER-001992,Tamil Nadu Officer OFFICER-001992,Sub-Inspector,TIRUNELVELI Station,TIRUNELVELI,Station House Officer,,,suspended,,imported,12fe593e-e883-5cac-9710-f2ba74198299,13_officer.csv,OFFICER-001992
f9ac2cbd-0ba0-5e58-a3f2-0b6cbc2ad1a2,,,TN-OFFICER-001993,Tamil Nadu Officer OFFICER-001993,Inspector,NAGAPATTINAM Station,NAGAPATTINAM,Investigator,,,retired,,imported,12fe593e-e883-5cac-9710-f2ba74198299,13_officer.csv,OFFICER-001993
381f6624-9b0a-52fa-a12e-24cf139a3b7f,,,TN-OFFICER-001994,Tamil Nadu Officer OFFICER-001994,Sub-Inspector,CHENNAI Station,CHENNAI,Sub-Inspector,,,suspended,,imported,12fe593e-e883-5cac-9710-f2ba74198299,13_officer.csv,OFFICER-001994
5dabe64b-0fe1-5a4e-b0bd-153357afa5dd,,,TN-OFFICER-001995,Tamil Nadu Officer OFFICER-001995,Sub-Inspector,THENI Station,THENI,Circle Inspector,,,suspended,,imported,12fe593e-e883-5cac-9710-f2ba74198299,13_officer.csv,OFFICER-001995
cd3eacc8-b3ef-53f3-8b0b-74f2a70dc874,,,TN-OFFICER-001996,Tamil Nadu Officer OFFICER-001996,Assistant Superintendent,THIRUVARUR Station,THIRUVARUR,Station House Officer,,,transferred,,imported,12fe593e-e883-5cac-9710-f2ba74198299,13_officer.csv,OFFICER-001996
e72a32c4-6ce1-5990-ad5b-c60998deda7d,,,TN-OFFICER-001997,Tamil Nadu Officer OFFICER-001997,Deputy Superintendent,THE_NILGIRIS Station,THE_NILGIRIS,Investigator,,,active,,imported,12fe593e-e883-5cac-9710-f2ba74198299,13_officer.csv,OFFICER-001997
daa70015-aa12-5c4b-931d-cae69bf4edcf,,,TN-OFFICER-001998,Tamil Nadu Officer OFFICER-001998,Assistant Superintendent,CHENGALPATTU Station,CHENGALPATTU,Sub-Inspector,,,transferred,,imported,12fe593e-e883-5cac-9710-f2ba74198299,13_officer.csv,OFFICER-001998
63596e42-8230-5a82-b1f4-a42eb1446057,,,TN-OFFICER-001999,Tamil Nadu Officer OFFICER-001999,Inspector,PUDUKOTTAI Station,PUDUKOTTAI,Station House Officer,,,transferred,,imported,12fe593e-e883-5cac-9710-f2ba74198299,13_officer.csv,OFFICER-001999
0e90d9e7-994a-503f-a950-0ddc83ced100,,,TN-OFFICER-002000,Tamil Nadu Officer OFFICER-002000,Assistant Superintendent,ARIYALUR Station,ARIYALUR,Police Officer,,,transferred,,imported,12fe593e-e883-5cac-9710-f2ba74198299,13_officer.csv,OFFICER-002000
cb806d74-b80d-50c6-a44d-13721751f35e,,,TN-OFFICER-002001,Tamil Nadu Officer OFFICER-002001,Constable,RANIPET Station,RANIPET,Station House Officer,,,transferred,,imported,12fe593e-e883-5cac-9710-f2ba74198299,13_officer.csv,OFFICER-002001
e2efead1-4962-5672-b962-2e92d029728a,,,TN-OFFICER-002002,Tamil Nadu Officer OFFICER-002002,Superintendent,KANCHEEPURAM Station,KANCHEEPURAM,Circle Inspector,,,retired,,imported,12fe593e-e883-5cac-9710-f2ba74198299,13_officer.csv,OFFICER-002002
8e651bc5-e244-534c-9752-3dcae620bb06,,,TN-OFFICER-002003,Tamil Nadu Officer OFFICER-002003,Superintendent,KRISHNAGIRI Station,KRISHNAGIRI,Station House Officer,,,active,,imported,12fe593e-e883-5cac-9710-f2ba74198299,13_officer.csv,OFFICER-002003
70200ae7-6264-5266-9647-250642806fb6,,,TN-OFFICER-002004,Tamil Nadu Officer OFFICER-002004,Superintendent,THIRUVARUR Station,THIRUVARUR,Circle Inspector,,,suspended,,imported,12fe593e-e883-5cac-9710-f2ba74198299,13_officer.csv,OFFICER-002004
d744e4b6-e9c2-5aea-b3a1-72bdd1a5b575,,,TN-OFFICER-002005,Tamil Nadu Officer OFFICER-002005,Constable,KANYAKUMARI Station,KANYAKUMARI,Circle Inspector,,,active,,imported,12fe593e-e883-5cac-9710-f2ba74198299,13_officer.csv,OFFICER-002005
5153c8a3-88a0-5ab4-8b57-1ea1e1949452,,,TN-OFFICER-002006,Tamil Nadu Officer OFFICER-002006,Assistant Superintendent,NAMAKKAL Station,NAMAKKAL,Investigator,,,retired,,imported,12fe593e-e883-5cac-9710-f2ba74198299,13_officer.csv,OFFICER-002006
919c3bc8-01e3-5fff-a3c1-aec0f84bcad4,,,TN-OFFICER-002007,Tamil Nadu Officer OFFICER-002007,Deputy Superintendent,SALEM Station,SALEM,Police Officer,,,transferred,,imported,12fe593e-e883-5cac-9710-f2ba74198299,13_officer.csv,OFFICER-002007
b5b01a00-6d64-592c-9236-72948e44d68d,,,TN-OFFICER-002008,Tamil Nadu Officer OFFICER-002008,Sub-Inspector,THOOTHUKUDI Station,THOOTHUKUDI,Investigator,,,transferred,,imported,12fe593e-e883-5cac-9710-f2ba74198299,13_officer.csv,OFFICER-002008
47e16216-1ada-5f8b-af25-8a7c224f81b3,,,TN-OFFICER-002009,Tamil Nadu Officer OFFICER-002009,Inspector,KALLAKURICHI Station,KALLAKURICHI,Investigator,,,active,,imported,12fe593e-e883-5cac-9710-f2ba74198299,13_officer.csv,OFFICER-002009
a38ffa10-309c-597e-8066-a837bb9bc538,,,TN-OFFICER-002010,Tamil Nadu Officer OFFICER-002010,Assistant Superintendent,MAYILADUTHURAI Station,MAYILADUTHURAI,Station House Officer,,,transferred,,imported,12fe593e-e883-5cac-9710-f2ba74198299,13_officer.csv,OFFICER-002010
34452249-1568-5717-b51f-dc304270e5a5,,,TN-OFFICER-002011,Tamil Nadu Officer OFFICER-002011,Sub-Inspector,THIRUVARUR Station,THIRUVARUR,Police Officer,,,active,,imported,12fe593e-e883-5cac-9710-f2ba74198299,13_officer.csv,OFFICER-002011
7165bc47-0427-5baa-b484-d310be8df58c,,,TN-OFFICER-002012,Tamil Nadu Officer OFFICER-002012,Assistant Superintendent,RAMESWARAM Station,RAMESWARAM,Circle Inspector,,,retired,,imported,12fe593e-e883-5cac-9710-f2ba74198299,13_officer.csv,OFFICER-002012
5b30cce9-7a80-5ba5-bb13-0d38fccef3c0,,,TN-OFFICER-002013,Tamil Nadu Officer OFFICER-002013,Sub-Inspector,THENI Station,THENI,Station House Officer,,,transferred,,imported,12fe593e-e883-5cac-9710-f2ba74198299,13_officer.csv,OFFICER-002013
ecf05cea-a70b-5fee-89c4-024c4cbe1f12,,,TN-OFFICER-002014,Tamil Nadu Officer OFFICER-002014,Sub-Inspector,VIRUDHUNAGAR Station,VIRUDHUNAGAR,Station House Officer,,,active,,imported,12fe593e-e883-5cac-9710-f2ba74198299,13_officer.csv,OFFICER-002014
a8f57e52-fc01-5c89-b555-38b374b39154,,,TN-OFFICER-002015,Tamil Nadu Officer OFFICER-002015,Constable,KUMBAKONAM Station,KUMBAKONAM,Station House Officer,,,suspended,,imported,12fe593e-e883-5cac-9710-f2ba74198299,13_officer.csv,OFFICER-002015
760ea39d-7784-575b-b0e5-adb135d23f73,,,TN-OFFICER-002016,Tamil Nadu Officer OFFICER-002016,Constable,NAMAKKAL Station,NAMAKKAL,Investigator,,,transferred,,imported,12fe593e-e883-5cac-9710-f2ba74198299,13_officer.csv,OFFICER-002016
4003f7ab-9119-5411-961b-9095533fe155,,,TN-OFFICER-002017,Tamil Nadu Officer OFFICER-002017,Inspector,KALLAKURICHI Station,KALLAKURICHI,Station House Officer,,,suspended,,imported,12fe593e-e883-5cac-9710-f2ba74198299,13_officer.csv,OFFICER-002017
c5b71f2e-0183-5e34-ba27-f41a925597fb,,,TN-OFFICER-002018,Tamil Nadu Officer OFFICER-002018,Constable,KANYAKUMARI Station,KANYAKUMARI,Circle Inspector,,,transferred,,imported,12fe593e-e883-5cac-9710-f2ba74198299,13_officer.csv,OFFICER-002018
209d9e28-02b4-5a39-aaba-cab42c024ec9,,,TN-OFFICER-002019,Tamil Nadu Officer OFFICER-002019,Superintendent,CHENNAI Station,CHENNAI,Police Officer,,,suspended,,imported,12fe593e-e883-5cac-9710-f2ba74198299,13_officer.csv,OFFICER-002019
656dc54a-9fe9-5425-b7ab-6ecf32d30eee,,,TN-OFFICER-002020,Tamil Nadu Officer OFFICER-002020,Sub-Inspector,THIRUVALLUR Station,THIRUVALLUR,Sub-Inspector,,,retired,,imported,12fe593e-e883-5cac-9710-f2ba74198299,13_officer.csv,OFFICER-002020
17327938-5622-5f82-9dbf-fb75f12cbcf0,,,TN-OFFICER-002021,Tamil Nadu Officer OFFICER-002021,Inspector,RAMANATHAPURAM Station,RAMANATHAPURAM,Police Officer,,,active,,imported,12fe593e-e883-5cac-9710-f2ba74198299,13_officer.csv,OFFICER-002021
620086ec-cbe3-503b-9c55-217a700f1312,,,TN-OFFICER-002022,Tamil Nadu Officer OFFICER-002022,Deputy Superintendent,CHENNAI Station,CHENNAI,Sub-Inspector,,,active,,imported,12fe593e-e883-5cac-9710-f2ba74198299,13_officer.csv,OFFICER-002022
af26d5c1-190b-5376-ae5c-13c0148033d4,,,TN-OFFICER-002023,Tamil Nadu Officer OFFICER-002023,Deputy Superintendent,DINDIGUL Station,DINDIGUL,Investigator,,,active,,imported,12fe593e-e883-5cac-9710-f2ba74198299,13_officer.csv,OFFICER-002023
6de07296-5884-550c-b2d1-ecce989d4544,,,TN-OFFICER-002024,Tamil Nadu Officer OFFICER-002024,Deputy Superintendent,RANIPET Station,RANIPET,Station House Officer,,,active,,imported,12fe593e-e883-5cac-9710-f2ba74198299,13_officer.csv,OFFICER-002024
4d45f3d4-40f2-5e65-a6e5-922211477c72,,,TN-OFFICER-002025,Tamil Nadu Officer OFFICER-002025,Sub-Inspector,THIRUVALLUR Station,THIRUVALLUR,Police Officer,,,transferred,,imported,12fe593e-e883-5cac-9710-f2ba74198299,13_officer.csv,OFFICER-002025
8253ce2e-4077-5698-b7eb-b396de1de7fd,,,TN-OFFICER-002026,Tamil Nadu Officer OFFICER-002026,Deputy Superintendent,KALLAKURICHI Station,KALLAKURICHI,Police Officer,,,suspended,,imported,12fe593e-e883-5cac-9710-f2ba74198299,13_officer.csv,OFFICER-002026
38282948-deb3-52a7-b259-1a5e116423ac,,,TN-OFFICER-002027,Tamil Nadu Officer OFFICER-002027,Superintendent,PERAMBALUR Station,PERAMBALUR,Investigator,,,transferred,,imported,12fe593e-e883-5cac-9710-f2ba74198299,13_officer.csv,OFFICER-002027
071c9eb5-6d52-5566-a16a-bdaf1dd08cf3,,,TN-OFFICER-002028,Tamil Nadu Officer OFFICER-002028,Superintendent,SALEM Station,SALEM,Circle Inspector,,,retired,,imported,12fe593e-e883-5cac-9710-f2ba74198299,13_officer.csv,OFFICER-002028
76ef6418-4736-5823-95f2-1435d54192e6,,,TN-OFFICER-002029,Tamil Nadu Officer OFFICER-002029,Sub-Inspector,ARIYALUR Station,ARIYALUR,Station House Officer,,,suspended,,imported,12fe593e-e883-5cac-9710-f2ba74198299,13_officer.csv,OFFICER-002029
8db5c257-ca59-5d8c-ab6d-ed6d56d1b61c,,,TN-OFFICER-002030,Tamil Nadu Officer OFFICER-002030,Assistant Superintendent,CHENNAI Station,CHENNAI,Investigator,,,retired,,imported,12fe593e-e883-5cac-9710-f2ba74198299,13_officer.csv,OFFICER-002030
88f677ac-84ad-52b5-a4db-0b6e4dd1edf3,,,TN-OFFICER-002031,Tamil Nadu Officer OFFICER-002031,Superintendent,TIRUCHIRAPPALLI Station,TIRUCHIRAPPALLI,Circle Inspector,,,suspended,,imported,12fe593e-e883-5cac-9710-f2ba74198299,13_officer.csv,OFFICER-002031
629c4417-7970-5973-8c07-45ceed3867fa,,,TN-OFFICER-002032,Tamil Nadu Officer OFFICER-002032,Assistant Superintendent,ERODE Station,ERODE,Sub-Inspector,,,retired,,imported,12fe593e-e883-5cac-9710-f2ba74198299,13_officer.csv,OFFICER-002032
b5eb8d31-d9cf-5f34-bf42-621d0e36c2c3,,,TN-OFFICER-002033,Tamil Nadu Officer OFFICER-002033,Superintendent,KANCHEEPURAM Station,KANCHEEPURAM,Investigator,,,suspended,,imported,12fe593e-e883-5cac-9710-f2ba74198299,13_officer.csv,OFFICER-002033
220189bd-be95-585a-964e-8b5cf1800218,,,TN-OFFICER-002034,Tamil Nadu Officer OFFICER-002034,Constable,TIRUNELVELI Station,TIRUNELVELI,Police Officer,,,suspended,,imported,12fe593e-e883-5cac-9710-f2ba74198299,13_officer.csv,OFFICER-002034
27a26b11-e225-51d4-a58e-827f5eccb36c,,,TN-OFFICER-002035,Tamil Nadu Officer OFFICER-002035,Inspector,DINDIGUL Station,DINDIGUL,Investigator,,,retired,,imported,12fe593e-e883-5cac-9710-f2ba74198299,13_officer.csv,OFFICER-002035
ef66a7ef-8062-55e6-b5a1-9c9a16a9284f,,,TN-OFFICER-002036,Tamil Nadu Officer OFFICER-002036,Inspector,KUMBAKONAM Station,KUMBAKONAM,Station House Officer,,,retired,,imported,12fe593e-e883-5cac-9710-f2ba74198299,13_officer.csv,OFFICER-002036
f0d19844-0f6b-5967-b289-737caa5eebb8,,,TN-OFFICER-002037,Tamil Nadu Officer OFFICER-002037,Inspector,NAGAPATTINAM Station,NAGAPATTINAM,Sub-Inspector,,,active,,imported,12fe593e-e883-5cac-9710-f2ba74198299,13_officer.csv,OFFICER-002037
59335a77-b182-5a90-bbaa-c2b1be0fa720,,,TN-OFFICER-002038,Tamil Nadu Officer OFFICER-002038,Superintendent,PERAMBALUR Station,PERAMBALUR,Investigator,,,suspended,,imported,12fe593e-e883-5cac-9710-f2ba74198299,13_officer.csv,OFFICER-002038
92a63e11-c164-53df-99f0-6ceefaec91f3,,,TN-OFFICER-002039,Tamil Nadu Officer OFFICER-002039,Deputy Superintendent,CHENNAI Station,CHENNAI,Sub-Inspector,,,suspended,,imported,12fe593e-e883-5cac-9710-f2ba74198299,13_officer.csv,OFFICER-002039
6240feee-320f-50d0-90c2-e9748fed6d24,,,TN-OFFICER-002040,Tamil Nadu Officer OFFICER-002040,Deputy Superintendent,RANIPET Station,RANIPET,Sub-Inspector,,,suspended,,imported,12fe593e-e883-5cac-9710-f2ba74198299,13_officer.csv,OFFICER-002040
9d3ecdcf-2709-582e-b704-7ea34045acbf,,,TN-OFFICER-002041,Tamil Nadu Officer OFFICER-002041,Sub-Inspector,CHENNAI Station,CHENNAI,Investigator,,,transferred,,imported,12fe593e-e883-5cac-9710-f2ba74198299,13_officer.csv,OFFICER-002041
9e1f038b-696b-5398-a538-ffbaf1e02091,,,TN-OFFICER-002042,Tamil Nadu Officer OFFICER-002042,Superintendent,TIRUVANNAMALAI Station,TIRUVANNAMALAI,Police Officer,,,suspended,,imported,12fe593e-e883-5cac-9710-f2ba74198299,13_officer.csv,OFFICER-002042
8ad26968-a77e-5ffe-bce7-8c2715a691f6,,,TN-OFFICER-002043,Tamil Nadu Officer OFFICER-002043,Sub-Inspector,TIRUCHIRAPPALLI Station,TIRUCHIRAPPALLI,Investigator,,,active,,imported,12fe593e-e883-5cac-9710-f2ba74198299,13_officer.csv,OFFICER-002043
185f5b21-992f-5488-ab19-a7da5a19da69,,,TN-OFFICER-002044,Tamil Nadu Officer OFFICER-002044,Deputy Superintendent,DINDIGUL Station,DINDIGUL,Station House Officer,,,retired,,imported,12fe593e-e883-5cac-9710-f2ba74198299,13_officer.csv,OFFICER-002044
051a9e77-0d3c-5030-9bba-77c040a96806,,,TN-OFFICER-002045,Tamil Nadu Officer OFFICER-002045,Superintendent,RANIPET Station,RANIPET,Investigator,,,retired,,imported,12fe593e-e883-5cac-9710-f2ba74198299,13_officer.csv,OFFICER-002045
01e52d85-d825-58f8-b2a7-9e25d2d9da7f,,,TN-OFFICER-002046,Tamil Nadu Officer OFFICER-002046,Constable,RAMESWARAM Station,RAMESWARAM,Circle Inspector,,,transferred,,imported,12fe593e-e883-5cac-9710-f2ba74198299,13_officer.csv,OFFICER-002046
7ee0f304-0bbc-5b00-93ca-882ca63fe6a4,,,TN-OFFICER-002047,Tamil Nadu Officer OFFICER-002047,Constable,NAGAPATTINAM Station,NAGAPATTINAM,Sub-Inspector,,,transferred,,imported,12fe593e-e883-5cac-9710-f2ba74198299,13_officer.csv,OFFICER-002047
29147884-f812-5290-bcb1-89cd2b8df458,,,TN-OFFICER-002048,Tamil Nadu Officer OFFICER-002048,Inspector,MAYILADUTHURAI Station,MAYILADUTHURAI,Circle Inspector,,,transferred,,imported,12fe593e-e883-5cac-9710-f2ba74198299,13_officer.csv,OFFICER-002048
a5e6dcb5-f033-546a-8cc5-f94cc372df74,,,TN-OFFICER-002049,Tamil Nadu Officer OFFICER-002049,Superintendent,CHENNAI Station,CHENNAI,Police Officer,,,retired,,imported,12fe593e-e883-5cac-9710-f2ba74198299,13_officer.csv,OFFICER-002049
4073f960-8521-507b-b13e-19a16deee1fe,,,TN-OFFICER-002050,Tamil Nadu Officer OFFICER-002050,Assistant Superintendent,KANCHEEPURAM Station,KANCHEEPURAM,Investigator,,,transferred,,imported,12fe593e-e883-5cac-9710-f2ba74198299,13_officer.csv,OFFICER-002050
e57f00c6-541f-5d5b-99a1-df234f8f22d1,,,TN-OFFICER-002051,Tamil Nadu Officer OFFICER-002051,Deputy Superintendent,NAGAPATTINAM Station,NAGAPATTINAM,Station House Officer,,,active,,imported,12fe593e-e883-5cac-9710-f2ba74198299,13_officer.csv,OFFICER-002051
87a3320d-c8b7-599a-8d80-80caa1c7087a,,,TN-OFFICER-002052,Tamil Nadu Officer OFFICER-002052,Sub-Inspector,ARIYALUR Station,ARIYALUR,Investigator,,,transferred,,imported,12fe593e-e883-5cac-9710-f2ba74198299,13_officer.csv,OFFICER-002052
e65cc1e0-70d7-5fae-9c7d-a360294eb70d,,,TN-OFFICER-002053,Tamil Nadu Officer OFFICER-002053,Inspector,KUMBAKONAM Station,KUMBAKONAM,Investigator,,,active,,imported,12fe593e-e883-5cac-9710-f2ba74198299,13_officer.csv,OFFICER-002053
cc851662-af6f-52a9-bcd8-2a2fb3df1ebe,,,TN-OFFICER-002054,Tamil Nadu Officer OFFICER-002054,Deputy Superintendent,ARIYALUR Station,ARIYALUR,Station House Officer,,,retired,,imported,12fe593e-e883-5cac-9710-f2ba74198299,13_officer.csv,OFFICER-002054
60b93fc5-76a1-53fc-8960-739517adbd40,,,TN-OFFICER-002055,Tamil Nadu Officer OFFICER-002055,Assistant Superintendent,KUMBAKONAM Station,KUMBAKONAM,Police Officer,,,retired,,imported,12fe593e-e883-5cac-9710-f2ba74198299,13_officer.csv,OFFICER-002055
03b2bfdf-d67f-5af2-aeee-71fe2b37edd3,,,TN-OFFICER-002056,Tamil Nadu Officer OFFICER-002056,Inspector,THIRUVARUR Station,THIRUVARUR,Circle Inspector,,,active,,imported,12fe593e-e883-5cac-9710-f2ba74198299,13_officer.csv,OFFICER-002056
a25b526f-d359-5048-8ce5-76d3e7b2abf2,,,TN-OFFICER-002057,Tamil Nadu Officer OFFICER-002057,Sub-Inspector,SIVAGANGA Station,SIVAGANGA,Sub-Inspector,,,suspended,,imported,12fe593e-e883-5cac-9710-f2ba74198299,13_officer.csv,OFFICER-002057
846945c8-9412-566b-b474-04f417cfc081,,,TN-OFFICER-002058,Tamil Nadu Officer OFFICER-002058,Sub-Inspector,RAMANATHAPURAM Station,RAMANATHAPURAM,Investigator,,,transferred,,imported,12fe593e-e883-5cac-9710-f2ba74198299,13_officer.csv,OFFICER-002058
88c5f590-b719-587e-8b91-ba2fda7601f7,,,TN-OFFICER-002059,Tamil Nadu Officer OFFICER-002059,Assistant Superintendent,RAMESWARAM Station,RAMESWARAM,Police Officer,,,transferred,,imported,12fe593e-e883-5cac-9710-f2ba74198299,13_officer.csv,OFFICER-002059
1c0ecab6-3cff-54c3-b6d3-7553382927f4,,,TN-OFFICER-002060,Tamil Nadu Officer OFFICER-002060,Deputy Superintendent,TIRUNELVELI Station,TIRUNELVELI,Station House Officer,,,active,,imported,12fe593e-e883-5cac-9710-f2ba74198299,13_officer.csv,OFFICER-002060
763161df-c020-53ae-be3c-88843f64452f,,,TN-OFFICER-002061,Tamil Nadu Officer OFFICER-002061,Sub-Inspector,VIRUDHUNAGAR Station,VIRUDHUNAGAR,Station House Officer,,,transferred,,imported,12fe593e-e883-5cac-9710-f2ba74198299,13_officer.csv,OFFICER-002061
34e39874-0289-52f6-89fb-11a2048ddd84,,,TN-OFFICER-002062,Tamil Nadu Officer OFFICER-002062,Deputy Superintendent,KUMBAKONAM Station,KUMBAKONAM,Sub-Inspector,,,transferred,,imported,12fe593e-e883-5cac-9710-f2ba74198299,13_officer.csv,OFFICER-002062
cde28457-437d-5683-acf3-f93685d3b703,,,TN-OFFICER-002063,Tamil Nadu Officer OFFICER-002063,Inspector,TIRUCHIRAPPALLI Station,TIRUCHIRAPPALLI,Investigator,,,retired,,imported,12fe593e-e883-5cac-9710-f2ba74198299,13_officer.csv,OFFICER-002063
cfbaffb9-b47b-50ac-ac33-95cc5231d723,,,TN-OFFICER-002064,Tamil Nadu Officer OFFICER-002064,Deputy Superintendent,KARUR Station,KARUR,Circle Inspector,,,transferred,,imported,12fe593e-e883-5cac-9710-f2ba74198299,13_officer.csv,OFFICER-002064
de49fd46-80ca-5251-8e75-a00d467460c9,,,TN-OFFICER-002065,Tamil Nadu Officer OFFICER-002065,Assistant Superintendent,RANIPET Station,RANIPET,Station House Officer,,,retired,,imported,12fe593e-e883-5cac-9710-f2ba74198299,13_officer.csv,OFFICER-002065
4c66bb70-b758-5a09-971c-17028c67d254,,,TN-OFFICER-002066,Tamil Nadu Officer OFFICER-002066,Superintendent,KALLAKURICHI Station,KALLAKURICHI,Investigator,,,transferred,,imported,12fe593e-e883-5cac-9710-f2ba74198299,13_officer.csv,OFFICER-002066
83a0a7fa-c1c7-52e5-8c2d-dd6492401148,,,TN-OFFICER-002067,Tamil Nadu Officer OFFICER-002067,Assistant Superintendent,KARUR Station,KARUR,Investigator,,,transferred,,imported,12fe593e-e883-5cac-9710-f2ba74198299,13_officer.csv,OFFICER-002067
3da0b012-a016-5bde-b1c1-b99b48191b9c,,,TN-OFFICER-002068,Tamil Nadu Officer OFFICER-002068,Superintendent,KUMBAKONAM Station,KUMBAKONAM,Investigator,,,suspended,,imported,12fe593e-e883-5cac-9710-f2ba74198299,13_officer.csv,OFFICER-002068
225c1e64-4878-5c98-b9d1-ddba5b5ed7f4,,,TN-OFFICER-002069,Tamil Nadu Officer OFFICER-002069,Constable,KANCHEEPURAM Station,KANCHEEPURAM,Police Officer,,,active,,imported,12fe593e-e883-5cac-9710-f2ba74198299,13_officer.csv,OFFICER-002069
11e075f8-8719-5268-a514-af0cc2791965,,,TN-OFFICER-002070,Tamil Nadu Officer OFFICER-002070,Constable,THOOTHUKUDI Station,THOOTHUKUDI,Station House Officer,,,active,,imported,12fe593e-e883-5cac-9710-f2ba74198299,13_officer.csv,OFFICER-002070
b0fa87d0-975f-5ae1-aee1-d9ce52adbf87,,,TN-OFFICER-002071,Tamil Nadu Officer OFFICER-002071,Constable,RAMANATHAPURAM Station,RAMANATHAPURAM,Circle Inspector,,,active,,imported,12fe593e-e883-5cac-9710-f2ba74198299,13_officer.csv,OFFICER-002071
caa95d87-6691-5362-9eed-f12dcd1247e8,,,TN-OFFICER-002072,Tamil Nadu Officer OFFICER-002072,Assistant Superintendent,TIRUNELVELI Station,TIRUNELVELI,Police Officer,,,transferred,,imported,12fe593e-e883-5cac-9710-f2ba74198299,13_officer.csv,OFFICER-002072
65a2607c-0b3a-577e-9829-fa039d3eca79,,,TN-OFFICER-002073,Tamil Nadu Officer OFFICER-002073,Assistant Superintendent,KALLAKURICHI Station,KALLAKURICHI,Sub-Inspector,,,active,,imported,12fe593e-e883-5cac-9710-f2ba74198299,13_officer.csv,OFFICER-002073
e5f8e939-5bb0-505b-9d9e-d9e2a74ccb98,,,TN-OFFICER-002074,Tamil Nadu Officer OFFICER-002074,Inspector,NAMAKKAL Station,NAMAKKAL,Sub-Inspector,,,retired,,imported,12fe593e-e883-5cac-9710-f2ba74198299,13_officer.csv,OFFICER-002074
18b7368d-13c0-577d-bfe9-28cd1384e5d2,,,TN-OFFICER-002075,Tamil Nadu Officer OFFICER-002075,Constable,CHENGALPATTU Station,CHENGALPATTU,Sub-Inspector,,,active,,imported,12fe593e-e883-5cac-9710-f2ba74198299,13_officer.csv,OFFICER-002075
77bfb006-cf37-5c20-90d0-012aaf3ed54b,,,TN-OFFICER-002076,Tamil Nadu Officer OFFICER-002076,Assistant Superintendent,VILUPPURAM Station,VILUPPURAM,Station House Officer,,,active,,imported,12fe593e-e883-5cac-9710-f2ba74198299,13_officer.csv,OFFICER-002076
cacd57fe-ce8f-5b0c-8bee-d4fa72c072a1,,,TN-OFFICER-002077,Tamil Nadu Officer OFFICER-002077,Sub-Inspector,DHARMAPURI Station,DHARMAPURI,Police Officer,,,transferred,,imported,12fe593e-e883-5cac-9710-f2ba74198299,13_officer.csv,OFFICER-002077
02718541-3a6a-5f06-addd-a7160f47750d,,,TN-OFFICER-002078,Tamil Nadu Officer OFFICER-002078,Superintendent,CHENNAI Station,CHENNAI,Investigator,,,retired,,imported,12fe593e-e883-5cac-9710-f2ba74198299,13_officer.csv,OFFICER-002078
c09ded04-d774-53e5-8b78-f68e4a6af62e,,,TN-OFFICER-002079,Tamil Nadu Officer OFFICER-002079,Inspector,PUDUKOTTAI Station,PUDUKOTTAI,Circle Inspector,,,retired,,imported,12fe593e-e883-5cac-9710-f2ba74198299,13_officer.csv,OFFICER-002079
34e71f2f-7b32-5bc4-911b-c3c55c8fd63d,,,TN-OFFICER-002080,Tamil Nadu Officer OFFICER-002080,Assistant Superintendent,DHARMAPURI Station,DHARMAPURI,Station House Officer,,,retired,,imported,12fe593e-e883-5cac-9710-f2ba74198299,13_officer.csv,OFFICER-002080
ae345db6-2f01-5e21-a39d-4795b7cb146a,,,TN-OFFICER-002081,Tamil Nadu Officer OFFICER-002081,Deputy Superintendent,TIRUNELVELI Station,TIRUNELVELI,Investigator,,,retired,,imported,12fe593e-e883-5cac-9710-f2ba74198299,13_officer.csv,OFFICER-002081
8b8c1e91-444a-5fbf-a43a-b9435a40f20f,,,TN-OFFICER-002082,Tamil Nadu Officer OFFICER-002082,Constable,KANCHEEPURAM Station,KANCHEEPURAM,Investigator,,,active,,imported,12fe593e-e883-5cac-9710-f2ba74198299,13_officer.csv,OFFICER-002082
ff1dbfec-3a9d-5b3a-8b80-712109e3b5e4,,,TN-OFFICER-002083,Tamil Nadu Officer OFFICER-002083,Constable,THE_NILGIRIS Station,THE_NILGIRIS,Circle Inspector,,,suspended,,imported,12fe593e-e883-5cac-9710-f2ba74198299,13_officer.csv,OFFICER-002083
e8fa661a-fdd5-5e2a-8180-8eab5ef0adea,,,TN-OFFICER-002084,Tamil Nadu Officer OFFICER-002084,Sub-Inspector,KRISHNAGIRI Station,KRISHNAGIRI,Circle Inspector,,,suspended,,imported,12fe593e-e883-5cac-9710-f2ba74198299,13_officer.csv,OFFICER-002084
f5770988-ed31-58ec-969b-ef48e264c405,,,TN-OFFICER-002085,Tamil Nadu Officer OFFICER-002085,Assistant Superintendent,RAMANATHAPURAM Station,RAMANATHAPURAM,Sub-Inspector,,,retired,,imported,12fe593e-e883-5cac-9710-f2ba74198299,13_officer.csv,OFFICER-002085
e0545031-7e8d-589f-a274-5885cf83c478,,,TN-OFFICER-002086,Tamil Nadu Officer OFFICER-002086,Deputy Superintendent,CHENNAI Station,CHENNAI,Station House Officer,,,suspended,,imported,12fe593e-e883-5cac-9710-f2ba74198299,13_officer.csv,OFFICER-002086
f9298b53-1ee3-55a5-bcf9-ec55c29fe02b,,,TN-OFFICER-002087,Tamil Nadu Officer OFFICER-002087,Sub-Inspector,CHENNAI Station,CHENNAI,Investigator,,,active,,imported,12fe593e-e883-5cac-9710-f2ba74198299,13_officer.csv,OFFICER-002087
2b2b033e-00ff-5156-9cb8-c60bc8c2d36a,,,TN-OFFICER-002088,Tamil Nadu Officer OFFICER-002088,Sub-Inspector,KANYAKUMARI Station,KANYAKUMARI,Circle Inspector,,,transferred,,imported,12fe593e-e883-5cac-9710-f2ba74198299,13_officer.csv,OFFICER-002088
d94b3d66-fedd-503b-8ccb-d14c459bddd1,,,TN-OFFICER-002089,Tamil Nadu Officer OFFICER-002089,Superintendent,CHENGALPATTU Station,CHENGALPATTU,Circle Inspector,,,active,,imported,12fe593e-e883-5cac-9710-f2ba74198299,13_officer.csv,OFFICER-002089
4e9bed03-44e4-5132-8be3-9b6248819301,,,TN-OFFICER-002090,Tamil Nadu Officer OFFICER-002090,Deputy Superintendent,DHARMAPURI Station,DHARMAPURI,Investigator,,,retired,,imported,12fe593e-e883-5cac-9710-f2ba74198299,13_officer.csv,OFFICER-002090
3e571e97-5b42-5455-b2f9-9d7371908b4a,,,TN-OFFICER-002091,Tamil Nadu Officer OFFICER-002091,Sub-Inspector,VIRUDHUNAGAR Station,VIRUDHUNAGAR,Circle Inspector,,,suspended,,imported,12fe593e-e883-5cac-9710-f2ba74198299,13_officer.csv,OFFICER-002091
e8f38dc2-63df-5ca2-98b5-06382343adb1,,,TN-OFFICER-002092,Tamil Nadu Officer OFFICER-002092,Inspector,KARUR Station,KARUR,Station House Officer,,,suspended,,imported,12fe593e-e883-5cac-9710-f2ba74198299,13_officer.csv,OFFICER-002092
f4bb5b7d-1188-5bcd-8474-8e5a467e0c53,,,TN-OFFICER-002093,Tamil Nadu Officer OFFICER-002093,Assistant Superintendent,RANIPET Station,RANIPET,Sub-Inspector,,,suspended,,imported,12fe593e-e883-5cac-9710-f2ba74198299,13_officer.csv,OFFICER-002093
2bbbb42e-eba9-549f-8f1e-12f255644db3,,,TN-OFFICER-002094,Tamil Nadu Officer OFFICER-002094,Constable,NAMAKKAL Station,NAMAKKAL,Police Officer,,,active,,imported,12fe593e-e883-5cac-9710-f2ba74198299,13_officer.csv,OFFICER-002094
dc13900c-f8ca-5e7a-8535-1722c6347f84,,,TN-OFFICER-002095,Tamil Nadu Officer OFFICER-002095,Assistant Superintendent,THIRUVARUR Station,THIRUVARUR,Station House Officer,,,transferred,,imported,12fe593e-e883-5cac-9710-f2ba74198299,13_officer.csv,OFFICER-002095
d9426a01-a182-5b7d-90fa-8159a14aeede,,,TN-OFFICER-002096,Tamil Nadu Officer OFFICER-002096,Assistant Superintendent,SALEM Station,SALEM,Circle Inspector,,,suspended,,imported,12fe593e-e883-5cac-9710-f2ba74198299,13_officer.csv,OFFICER-002096
9ca2718b-4ddc-5b6a-8052-774553d9faa2,,,TN-OFFICER-002097,Tamil Nadu Officer OFFICER-002097,Sub-Inspector,PERAMBALUR Station,PERAMBALUR,Police Officer,,,active,,imported,12fe593e-e883-5cac-9710-f2ba74198299,13_officer.csv,OFFICER-002097
7ed35b5b-063b-5677-9fc0-e8cd3b94f26e,,,TN-OFFICER-002098,Tamil Nadu Officer OFFICER-002098,Sub-Inspector,NAGAPATTINAM Station,NAGAPATTINAM,Circle Inspector,,,transferred,,imported,12fe593e-e883-5cac-9710-f2ba74198299,13_officer.csv,OFFICER-002098
eed9f308-88d1-5dff-8ef0-0322255c375b,,,TN-OFFICER-002099,Tamil Nadu Officer OFFICER-002099,Superintendent,THE_NILGIRIS Station,THE_NILGIRIS,Police Officer,,,suspended,,imported,12fe593e-e883-5cac-9710-f2ba74198299,13_officer.csv,OFFICER-002099
9bd1d8c2-bbd3-503b-af7f-cffd45c051fb,,,TN-OFFICER-002100,Tamil Nadu Officer OFFICER-002100,Assistant Superintendent,RAMESWARAM Station,RAMESWARAM,Investigator,,,transferred,,imported,12fe593e-e883-5cac-9710-f2ba74198299,13_officer.csv,OFFICER-002100
f1032a9b-6211-5ae5-a839-c5b0e4e7642d,,,TN-OFFICER-002101,Tamil Nadu Officer OFFICER-002101,Inspector,ERODE Station,ERODE,Circle Inspector,,,suspended,,imported,12fe593e-e883-5cac-9710-f2ba74198299,13_officer.csv,OFFICER-002101
9542eac6-ba54-550c-90ad-f01f0752e0e5,,,TN-OFFICER-002102,Tamil Nadu Officer OFFICER-002102,Deputy Superintendent,DINDIGUL Station,DINDIGUL,Circle Inspector,,,retired,,imported,12fe593e-e883-5cac-9710-f2ba74198299,13_officer.csv,OFFICER-002102
40339bff-9f4d-538f-aef9-93e2c06d022c,,,TN-OFFICER-002103,Tamil Nadu Officer OFFICER-002103,Assistant Superintendent,NAGAPATTINAM Station,NAGAPATTINAM,Police Officer,,,retired,,imported,12fe593e-e883-5cac-9710-f2ba74198299,13_officer.csv,OFFICER-002103
c435f714-9615-5dd3-bada-b248d6044e33,,,TN-OFFICER-002104,Tamil Nadu Officer OFFICER-002104,Assistant Superintendent,THIRUVARUR Station,THIRUVARUR,Police Officer,,,transferred,,imported,12fe593e-e883-5cac-9710-f2ba74198299,13_officer.csv,OFFICER-002104
0572b359-40c8-5fb0-9cd2-1c48f056f4ad,,,TN-OFFICER-002105,Tamil Nadu Officer OFFICER-002105,Superintendent,RANIPET Station,RANIPET,Circle Inspector,,,retired,,imported,12fe593e-e883-5cac-9710-f2ba74198299,13_officer.csv,OFFICER-002105
9db9a5ee-f5c5-59fc-9808-bd6bd8113e72,,,TN-OFFICER-002106,Tamil Nadu Officer OFFICER-002106,Assistant Superintendent,THENI Station,THENI,Police Officer,,,transferred,,imported,12fe593e-e883-5cac-9710-f2ba74198299,13_officer.csv,OFFICER-002106
bf37d592-0ad6-5fec-a3bf-7e4128c1c772,,,TN-OFFICER-002107,Tamil Nadu Officer OFFICER-002107,Sub-Inspector,THENI Station,THENI,Circle Inspector,,,suspended,,imported,12fe593e-e883-5cac-9710-f2ba74198299,13_officer.csv,OFFICER-002107
a3c46a3e-21db-5cc4-bacf-56df7bbcf568,,,TN-OFFICER-002108,Tamil Nadu Officer OFFICER-002108,Assistant Superintendent,PERAMBALUR Station,PERAMBALUR,Police Officer,,,suspended,,imported,12fe593e-e883-5cac-9710-f2ba74198299,13_officer.csv,OFFICER-002108
6bbd505e-0f2d-5a6f-bbcc-bbfde31b3a84,,,TN-OFFICER-002109,Tamil Nadu Officer OFFICER-002109,Deputy Superintendent,TIRUNELVELI Station,TIRUNELVELI,Station House Officer,,,suspended,,imported,12fe593e-e883-5cac-9710-f2ba74198299,13_officer.csv,OFFICER-002109
fd23a165-d58d-547e-a092-73f0c4b6e119,,,TN-OFFICER-002110,Tamil Nadu Officer OFFICER-002110,Assistant Superintendent,KUMBAKONAM Station,KUMBAKONAM,Sub-Inspector,,,transferred,,imported,12fe593e-e883-5cac-9710-f2ba74198299,13_officer.csv,OFFICER-002110
ffdc229c-a096-5b21-9c2e-fc1b0b8d0bb6,,,TN-OFFICER-002111,Tamil Nadu Officer OFFICER-002111,Assistant Superintendent,CHENGALPATTU Station,CHENGALPATTU,Investigator,,,active,,imported,12fe593e-e883-5cac-9710-f2ba74198299,13_officer.csv,OFFICER-002111
6e927479-e21d-5b65-a147-fef6805f40e3,,,TN-OFFICER-002112,Tamil Nadu Officer OFFICER-002112,Deputy Superintendent,ARIYALUR Station,ARIYALUR,Investigator,,,suspended,,imported,12fe593e-e883-5cac-9710-f2ba74198299,13_officer.csv,OFFICER-002112
bd91e5da-ba22-5130-8e26-f5e9bc081050,,,TN-OFFICER-002113,Tamil Nadu Officer OFFICER-002113,Assistant Superintendent,PUDUKOTTAI Station,PUDUKOTTAI,Sub-Inspector,,,transferred,,imported,12fe593e-e883-5cac-9710-f2ba74198299,13_officer.csv,OFFICER-002113
b0baabd4-f662-55ad-80b4-b86e0cdbed74,,,TN-OFFICER-002114,Tamil Nadu Officer OFFICER-002114,Inspector,TIRUNELVELI Station,TIRUNELVELI,Sub-Inspector,,,transferred,,imported,12fe593e-e883-5cac-9710-f2ba74198299,13_officer.csv,OFFICER-002114
91290821-10e6-5aea-8359-e7f0bdab7a66,,,TN-OFFICER-002115,Tamil Nadu Officer OFFICER-002115,Assistant Superintendent,TIRUCHIRAPPALLI Station,TIRUCHIRAPPALLI,Sub-Inspector,,,active,,imported,12fe593e-e883-5cac-9710-f2ba74198299,13_officer.csv,OFFICER-002115
2bbc4510-1fd9-5c68-ac6e-8b667d373191,,,TN-OFFICER-002116,Tamil Nadu Officer OFFICER-002116,Deputy Superintendent,TIRUPATHUR Station,TIRUPATHUR,Station House Officer,,,suspended,,imported,12fe593e-e883-5cac-9710-f2ba74198299,13_officer.csv,OFFICER-002116
cf1fbd5b-330a-5dda-b4a2-e737de1ff430,,,TN-OFFICER-002117,Tamil Nadu Officer OFFICER-002117,Constable,VILUPPURAM Station,VILUPPURAM,Circle Inspector,,,transferred,,imported,12fe593e-e883-5cac-9710-f2ba74198299,13_officer.csv,OFFICER-002117
170beb15-cb5d-5a32-a916-f51e7ec14b81,,,TN-OFFICER-002118,Tamil Nadu Officer OFFICER-002118,Constable,DINDIGUL Station,DINDIGUL,Investigator,,,active,,imported,12fe593e-e883-5cac-9710-f2ba74198299,13_officer.csv,OFFICER-002118
b2d5b410-b10b-5d9a-aeaf-6f4b7f7a4461,,,TN-OFFICER-002119,Tamil Nadu Officer OFFICER-002119,Superintendent,KRISHNAGIRI Station,KRISHNAGIRI,Police Officer,,,retired,,imported,12fe593e-e883-5cac-9710-f2ba74198299,13_officer.csv,OFFICER-002119
5c3284dc-e20f-56a3-b4ec-3668aafeb076,,,TN-OFFICER-002120,Tamil Nadu Officer OFFICER-002120,Superintendent,KALLAKURICHI Station,KALLAKURICHI,Investigator,,,retired,,imported,12fe593e-e883-5cac-9710-f2ba74198299,13_officer.csv,OFFICER-002120
db8068f8-1e95-5061-8cdb-df0c4b9c3456,,,TN-OFFICER-002121,Tamil Nadu Officer OFFICER-002121,Sub-Inspector,KUMBAKONAM Station,KUMBAKONAM,Sub-Inspector,,,suspended,,imported,12fe593e-e883-5cac-9710-f2ba74198299,13_officer.csv,OFFICER-002121
5e5322a6-4084-581f-818f-531b371ce10b,,,TN-OFFICER-002122,Tamil Nadu Officer OFFICER-002122,Assistant Superintendent,MADURAI Station,MADURAI,Investigator,,,active,,imported,12fe593e-e883-5cac-9710-f2ba74198299,13_officer.csv,OFFICER-002122
3fa77eda-9abf-56c2-a65e-e8d42327e833,,,TN-OFFICER-002123,Tamil Nadu Officer OFFICER-002123,Deputy Superintendent,MAYILADUTHURAI Station,MAYILADUTHURAI,Police Officer,,,active,,imported,12fe593e-e883-5cac-9710-f2ba74198299,13_officer.csv,OFFICER-002123
1ca0622b-06c1-556b-baa2-d41ac5c57056,,,TN-OFFICER-002124,Tamil Nadu Officer OFFICER-002124,Superintendent,KALLAKURICHI Station,KALLAKURICHI,Sub-Inspector,,,transferred,,imported,12fe593e-e883-5cac-9710-f2ba74198299,13_officer.csv,OFFICER-002124
91c9b136-a2ca-5203-9594-edc57b6072dc,,,TN-OFFICER-002125,Tamil Nadu Officer OFFICER-002125,Superintendent,TIRUPPUR Station,TIRUPPUR,Police Officer,,,active,,imported,12fe593e-e883-5cac-9710-f2ba74198299,13_officer.csv,OFFICER-002125
54cb8597-244a-535d-9808-5d66d7d11af4,,,TN-OFFICER-002126,Tamil Nadu Officer OFFICER-002126,Superintendent,TIRUVANNAMALAI Station,TIRUVANNAMALAI,Station House Officer,,,active,,imported,12fe593e-e883-5cac-9710-f2ba74198299,13_officer.csv,OFFICER-002126
cf79dcbd-284c-5703-8850-48b6adbcd24a,,,TN-OFFICER-002127,Tamil Nadu Officer OFFICER-002127,Sub-Inspector,KARUR Station,KARUR,Investigator,,,active,,imported,12fe593e-e883-5cac-9710-f2ba74198299,13_officer.csv,OFFICER-002127
f2b80d25-1dd4-563a-b0dc-05ca4b1ad101,,,TN-OFFICER-002128,Tamil Nadu Officer OFFICER-002128,Sub-Inspector,RANIPET Station,RANIPET,Investigator,,,active,,imported,12fe593e-e883-5cac-9710-f2ba74198299,13_officer.csv,OFFICER-002128
001becd2-05aa-5e4c-88a2-c20769851bc4,,,TN-OFFICER-002129,Tamil Nadu Officer OFFICER-002129,Sub-Inspector,KARUR Station,KARUR,Station House Officer,,,retired,,imported,12fe593e-e883-5cac-9710-f2ba74198299,13_officer.csv,OFFICER-002129
c3919d93-aad5-5f7f-a05c-f2a66cd11f21,,,TN-OFFICER-002130,Tamil Nadu Officer OFFICER-002130,Constable,MAYILADUTHURAI Station,MAYILADUTHURAI,Police Officer,,,transferred,,imported,12fe593e-e883-5cac-9710-f2ba74198299,13_officer.csv,OFFICER-002130
383bb8bb-f0ac-5af1-8563-7dfd7adab487,,,TN-OFFICER-002131,Tamil Nadu Officer OFFICER-002131,Assistant Superintendent,KUMBAKONAM Station,KUMBAKONAM,Circle Inspector,,,suspended,,imported,12fe593e-e883-5cac-9710-f2ba74198299,13_officer.csv,OFFICER-002131
9c34b318-1293-5a5a-9d02-37229d9f16d9,,,TN-OFFICER-002132,Tamil Nadu Officer OFFICER-002132,Sub-Inspector,NAGAPATTINAM Station,NAGAPATTINAM,Sub-Inspector,,,retired,,imported,12fe593e-e883-5cac-9710-f2ba74198299,13_officer.csv,OFFICER-002132
96693643-3653-5d36-9a52-40f326366ef4,,,TN-OFFICER-002133,Tamil Nadu Officer OFFICER-002133,Superintendent,MADURAI Station,MADURAI,Station House Officer,,,retired,,imported,12fe593e-e883-5cac-9710-f2ba74198299,13_officer.csv,OFFICER-002133
1fd2ddc8-f920-5f72-afcb-9433b0dc6865,,,TN-OFFICER-002134,Tamil Nadu Officer OFFICER-002134,Assistant Superintendent,SALEM Station,SALEM,Circle Inspector,,,active,,imported,12fe593e-e883-5cac-9710-f2ba74198299,13_officer.csv,OFFICER-002134
36d58961-858d-5e9b-ad11-1a5946ec0222,,,TN-OFFICER-002135,Tamil Nadu Officer OFFICER-002135,Sub-Inspector,KRISHNAGIRI Station,KRISHNAGIRI,Investigator,,,transferred,,imported,12fe593e-e883-5cac-9710-f2ba74198299,13_officer.csv,OFFICER-002135
df5fd6c8-9aa8-5474-b34d-5a5b0f3a08c0,,,TN-OFFICER-002136,Tamil Nadu Officer OFFICER-002136,Inspector,KUMBAKONAM Station,KUMBAKONAM,Police Officer,,,active,,imported,12fe593e-e883-5cac-9710-f2ba74198299,13_officer.csv,OFFICER-002136
e9f1ca3b-b8ec-53f3-a177-131bb2ebdb6d,,,TN-OFFICER-002137,Tamil Nadu Officer OFFICER-002137,Deputy Superintendent,ARIYALUR Station,ARIYALUR,Investigator,,,suspended,,imported,12fe593e-e883-5cac-9710-f2ba74198299,13_officer.csv,OFFICER-002137
7a093c8c-ed3d-5bb8-906e-39f18a58b09e,,,TN-OFFICER-002138,Tamil Nadu Officer OFFICER-002138,Deputy Superintendent,THENI Station,THENI,Investigator,,,active,,imported,12fe593e-e883-5cac-9710-f2ba74198299,13_officer.csv,OFFICER-002138
99b4652b-bf65-50d7-a306-e134496bf5f9,,,TN-OFFICER-002139,Tamil Nadu Officer OFFICER-002139,Assistant Superintendent,THIRUVALLUR Station,THIRUVALLUR,Police Officer,,,transferred,,imported,12fe593e-e883-5cac-9710-f2ba74198299,13_officer.csv,OFFICER-002139
0d06fe7f-ae1f-5659-bf48-a299a7598634,,,TN-OFFICER-002140,Tamil Nadu Officer OFFICER-002140,Inspector,DINDIGUL Station,DINDIGUL,Station House Officer,,,transferred,,imported,12fe593e-e883-5cac-9710-f2ba74198299,13_officer.csv,OFFICER-002140
ef247cda-8b47-5d0f-9032-063c51972895,,,TN-OFFICER-002141,Tamil Nadu Officer OFFICER-002141,Assistant Superintendent,TIRUPATHUR Station,TIRUPATHUR,Sub-Inspector,,,active,,imported,12fe593e-e883-5cac-9710-f2ba74198299,13_officer.csv,OFFICER-002141
66e77327-9431-5318-bfab-fca8ca1ac3ad,,,TN-OFFICER-002142,Tamil Nadu Officer OFFICER-002142,Superintendent,CUDDALORE Station,CUDDALORE,Police Officer,,,transferred,,imported,12fe593e-e883-5cac-9710-f2ba74198299,13_officer.csv,OFFICER-002142
c05c7e8b-f1cf-5142-b62a-ef28c1608b3f,,,TN-OFFICER-002143,Tamil Nadu Officer OFFICER-002143,Inspector,SIVAGANGA Station,SIVAGANGA,Investigator,,,retired,,imported,12fe593e-e883-5cac-9710-f2ba74198299,13_officer.csv,OFFICER-002143
0f3bd18e-d62e-55e7-afc0-f6425e38b55d,,,TN-OFFICER-002144,Tamil Nadu Officer OFFICER-002144,Deputy Superintendent,CHENNAI Station,CHENNAI,Police Officer,,,retired,,imported,12fe593e-e883-5cac-9710-f2ba74198299,13_officer.csv,OFFICER-002144
ec54b59b-3657-5ac2-b5dc-019f2987f269,,,TN-OFFICER-002145,Tamil Nadu Officer OFFICER-002145,Assistant Superintendent,KRISHNAGIRI Station,KRISHNAGIRI,Circle Inspector,,,suspended,,imported,12fe593e-e883-5cac-9710-f2ba74198299,13_officer.csv,OFFICER-002145
1b50a628-8aec-562d-b465-011f0a6f4521,,,TN-OFFICER-002146,Tamil Nadu Officer OFFICER-002146,Deputy Superintendent,KANCHEEPURAM Station,KANCHEEPURAM,Station House Officer,,,suspended,,imported,12fe593e-e883-5cac-9710-f2ba74198299,13_officer.csv,OFFICER-002146
c63f80dd-6430-5916-a71f-830bbce43cb2,,,TN-OFFICER-002147,Tamil Nadu Officer OFFICER-002147,Inspector,PUDUKOTTAI Station,PUDUKOTTAI,Station House Officer,,,active,,imported,12fe593e-e883-5cac-9710-f2ba74198299,13_officer.csv,OFFICER-002147
094d7892-5f01-5116-857d-44370ccb8566,,,TN-OFFICER-002148,Tamil Nadu Officer OFFICER-002148,Inspector,NAGAPATTINAM Station,NAGAPATTINAM,Investigator,,,active,,imported,12fe593e-e883-5cac-9710-f2ba74198299,13_officer.csv,OFFICER-002148
e19270ba-51dd-5d12-baff-3ec3094a2691,,,TN-OFFICER-002149,Tamil Nadu Officer OFFICER-002149,Constable,NAMAKKAL Station,NAMAKKAL,Police Officer,,,retired,,imported,12fe593e-e883-5cac-9710-f2ba74198299,13_officer.csv,OFFICER-002149
476c20cd-a86a-5173-b638-1cad4d62d3ab,,,TN-OFFICER-002150,Tamil Nadu Officer OFFICER-002150,Inspector,KRISHNAGIRI Station,KRISHNAGIRI,Circle Inspector,,,active,,imported,12fe593e-e883-5cac-9710-f2ba74198299,13_officer.csv,OFFICER-002150
12f67904-146b-599c-8ec5-22369315190c,,,TN-OFFICER-002151,Tamil Nadu Officer OFFICER-002151,Inspector,THIRUVARUR Station,THIRUVARUR,Police Officer,,,active,,imported,12fe593e-e883-5cac-9710-f2ba74198299,13_officer.csv,OFFICER-002151
5d5784c2-cd36-5171-bedc-7c4b3f503b85,,,TN-OFFICER-002152,Tamil Nadu Officer OFFICER-002152,Superintendent,MADURAI Station,MADURAI,Police Officer,,,retired,,imported,12fe593e-e883-5cac-9710-f2ba74198299,13_officer.csv,OFFICER-002152
0edda5e9-0bf8-5e02-814f-757888038596,,,TN-OFFICER-002153,Tamil Nadu Officer OFFICER-002153,Inspector,KUMBAKONAM Station,KUMBAKONAM,Circle Inspector,,,active,,imported,12fe593e-e883-5cac-9710-f2ba74198299,13_officer.csv,OFFICER-002153
c71c7bfb-95df-53fd-8439-2eab540e5f85,,,TN-OFFICER-002154,Tamil Nadu Officer OFFICER-002154,Inspector,KANYAKUMARI Station,KANYAKUMARI,Investigator,,,active,,imported,12fe593e-e883-5cac-9710-f2ba74198299,13_officer.csv,OFFICER-002154
14c03bc1-e374-549b-9601-2dafab3553be,,,TN-OFFICER-002155,Tamil Nadu Officer OFFICER-002155,Assistant Superintendent,SIVAGANGA Station,SIVAGANGA,Police Officer,,,suspended,,imported,12fe593e-e883-5cac-9710-f2ba74198299,13_officer.csv,OFFICER-002155
1c520281-da05-56b3-8d9e-9e361f3eea37,,,TN-OFFICER-002156,Tamil Nadu Officer OFFICER-002156,Constable,ARIYALUR Station,ARIYALUR,Sub-Inspector,,,suspended,,imported,12fe593e-e883-5cac-9710-f2ba74198299,13_officer.csv,OFFICER-002156
034a88c2-42a5-5576-8a66-569080b4eac5,,,TN-OFFICER-002157,Tamil Nadu Officer OFFICER-002157,Inspector,KRISHNAGIRI Station,KRISHNAGIRI,Police Officer,,,transferred,,imported,12fe593e-e883-5cac-9710-f2ba74198299,13_officer.csv,OFFICER-002157
dba838a4-c286-55ad-962b-f4ff7e89a8ff,,,TN-OFFICER-002158,Tamil Nadu Officer OFFICER-002158,Inspector,ERODE Station,ERODE,Sub-Inspector,,,active,,imported,12fe593e-e883-5cac-9710-f2ba74198299,13_officer.csv,OFFICER-002158
21e2e316-fb8b-5374-b3a3-63a2df11bc31,,,TN-OFFICER-002159,Tamil Nadu Officer OFFICER-002159,Sub-Inspector,TIRUNELVELI Station,TIRUNELVELI,Sub-Inspector,,,transferred,,imported,12fe593e-e883-5cac-9710-f2ba74198299,13_officer.csv,OFFICER-002159
088cfd1c-a2bb-5ea4-b3eb-3135efdf0673,,,TN-OFFICER-002160,Tamil Nadu Officer OFFICER-002160,Inspector,THIRUVALLUR Station,THIRUVALLUR,Investigator,,,active,,imported,12fe593e-e883-5cac-9710-f2ba74198299,13_officer.csv,OFFICER-002160
4aaff4ec-7110-597b-8e40-f36d839f022e,,,TN-OFFICER-002161,Tamil Nadu Officer OFFICER-002161,Constable,NAMAKKAL Station,NAMAKKAL,Investigator,,,suspended,,imported,12fe593e-e883-5cac-9710-f2ba74198299,13_officer.csv,OFFICER-002161
c6ff43c1-c4ad-58c6-8011-7d8352b6042d,,,TN-OFFICER-002162,Tamil Nadu Officer OFFICER-002162,Assistant Superintendent,TENKASI Station,TENKASI,Investigator,,,retired,,imported,12fe593e-e883-5cac-9710-f2ba74198299,13_officer.csv,OFFICER-002162
d83e0c5e-e5e3-54c0-b298-b86faeef849f,,,TN-OFFICER-002163,Tamil Nadu Officer OFFICER-002163,Inspector,TENKASI Station,TENKASI,Station House Officer,,,transferred,,imported,12fe593e-e883-5cac-9710-f2ba74198299,13_officer.csv,OFFICER-002163
291c4c05-5302-5972-a63e-359ec19d4287,,,TN-OFFICER-002164,Tamil Nadu Officer OFFICER-002164,Superintendent,KARUR Station,KARUR,Police Officer,,,active,,imported,12fe593e-e883-5cac-9710-f2ba74198299,13_officer.csv,OFFICER-002164
dc87b54a-48c8-54af-a72b-40150740b566,,,TN-OFFICER-002165,Tamil Nadu Officer OFFICER-002165,Superintendent,PUDUKOTTAI Station,PUDUKOTTAI,Police Officer,,,transferred,,imported,12fe593e-e883-5cac-9710-f2ba74198299,13_officer.csv,OFFICER-002165
5cf856b6-40b0-5336-86eb-945cc91d9965,,,TN-OFFICER-002166,Tamil Nadu Officer OFFICER-002166,Inspector,DHARMAPURI Station,DHARMAPURI,Sub-Inspector,,,suspended,,imported,12fe593e-e883-5cac-9710-f2ba74198299,13_officer.csv,OFFICER-002166
b6507ab3-d05f-5487-98b9-1b1bf89326b0,,,TN-OFFICER-002167,Tamil Nadu Officer OFFICER-002167,Superintendent,KARUR Station,KARUR,Station House Officer,,,retired,,imported,12fe593e-e883-5cac-9710-f2ba74198299,13_officer.csv,OFFICER-002167
f6dde5ae-05f5-5ea7-a0b7-21936dc5f371,,,TN-OFFICER-002168,Tamil Nadu Officer OFFICER-002168,Constable,TIRUVANNAMALAI Station,TIRUVANNAMALAI,Sub-Inspector,,,active,,imported,12fe593e-e883-5cac-9710-f2ba74198299,13_officer.csv,OFFICER-002168
fe79828c-ea80-55a8-99d1-f82f6cdeab55,,,TN-OFFICER-002169,Tamil Nadu Officer OFFICER-002169,Inspector,KUMBAKONAM Station,KUMBAKONAM,Investigator,,,transferred,,imported,12fe593e-e883-5cac-9710-f2ba74198299,13_officer.csv,OFFICER-002169
7c37cd0d-1255-53a3-812c-0002c8946884,,,TN-OFFICER-002170,Tamil Nadu Officer OFFICER-002170,Sub-Inspector,THIRUVARUR Station,THIRUVARUR,Station House Officer,,,active,,imported,12fe593e-e883-5cac-9710-f2ba74198299,13_officer.csv,OFFICER-002170
320e216c-d38a-5ece-801c-e20f4e368989,,,TN-OFFICER-002171,Tamil Nadu Officer OFFICER-002171,Assistant Superintendent,DHARMAPURI Station,DHARMAPURI,Police Officer,,,active,,imported,12fe593e-e883-5cac-9710-f2ba74198299,13_officer.csv,OFFICER-002171
d800629a-1152-5b32-a768-7f106fcc96b6,,,TN-OFFICER-002172,Tamil Nadu Officer OFFICER-002172,Superintendent,RAMANATHAPURAM Station,RAMANATHAPURAM,Circle Inspector,,,transferred,,imported,12fe593e-e883-5cac-9710-f2ba74198299,13_officer.csv,OFFICER-002172
801e8dd2-a653-5fd0-bc21-85dac7bee561,,,TN-OFFICER-002173,Tamil Nadu Officer OFFICER-002173,Superintendent,TIRUPPUR Station,TIRUPPUR,Station House Officer,,,transferred,,imported,12fe593e-e883-5cac-9710-f2ba74198299,13_officer.csv,OFFICER-002173
04e5381c-6733-51b8-8e76-92779b315739,,,TN-OFFICER-002174,Tamil Nadu Officer OFFICER-002174,Inspector,KRISHNAGIRI Station,KRISHNAGIRI,Station House Officer,,,transferred,,imported,12fe593e-e883-5cac-9710-f2ba74198299,13_officer.csv,OFFICER-002174
9440e55b-0cb8-59e2-b6e1-64390969202a,,,TN-OFFICER-002175,Tamil Nadu Officer OFFICER-002175,Deputy Superintendent,CHENNAI Station,CHENNAI,Sub-Inspector,,,active,,imported,12fe593e-e883-5cac-9710-f2ba74198299,13_officer.csv,OFFICER-002175
6efcff7f-81fb-5b92-8d07-7a1fdf80af7c,,,TN-OFFICER-002176,Tamil Nadu Officer OFFICER-002176,Sub-Inspector,NAMAKKAL Station,NAMAKKAL,Investigator,,,retired,,imported,12fe593e-e883-5cac-9710-f2ba74198299,13_officer.csv,OFFICER-002176
3ee2d6ac-8a05-577b-98d0-4a87821e4627,,,TN-OFFICER-002177,Tamil Nadu Officer OFFICER-002177,Sub-Inspector,VIRUDHUNAGAR Station,VIRUDHUNAGAR,Investigator,,,transferred,,imported,12fe593e-e883-5cac-9710-f2ba74198299,13_officer.csv,OFFICER-002177
4ff6de5c-2bf4-5b79-a1bc-476144f902cd,,,TN-OFFICER-002178,Tamil Nadu Officer OFFICER-002178,Superintendent,CHENGALPATTU Station,CHENGALPATTU,Station House Officer,,,transferred,,imported,12fe593e-e883-5cac-9710-f2ba74198299,13_officer.csv,OFFICER-002178
1ab1a777-e339-5443-b36c-4ebf705f4bf6,,,TN-OFFICER-002179,Tamil Nadu Officer OFFICER-002179,Assistant Superintendent,RANIPET Station,RANIPET,Investigator,,,suspended,,imported,12fe593e-e883-5cac-9710-f2ba74198299,13_officer.csv,OFFICER-002179
bc3eeba3-cc98-5a6b-a19e-052b0b816d8a,,,TN-OFFICER-002180,Tamil Nadu Officer OFFICER-002180,Inspector,CUDDALORE Station,CUDDALORE,Investigator,,,transferred,,imported,12fe593e-e883-5cac-9710-f2ba74198299,13_officer.csv,OFFICER-002180
f1dbfd03-e9d1-56e1-8493-0024ffde98d3,,,TN-OFFICER-002181,Tamil Nadu Officer OFFICER-002181,Sub-Inspector,DHARMAPURI Station,DHARMAPURI,Police Officer,,,active,,imported,12fe593e-e883-5cac-9710-f2ba74198299,13_officer.csv,OFFICER-002181
200c45e7-d8ae-5830-a484-83fd3bb3e18a,,,TN-OFFICER-002182,Tamil Nadu Officer OFFICER-002182,Inspector,CUDDALORE Station,CUDDALORE,Investigator,,,active,,imported,12fe593e-e883-5cac-9710-f2ba74198299,13_officer.csv,OFFICER-002182
e367f57d-1a21-5731-a826-ffa7bd81f09a,,,TN-OFFICER-002183,Tamil Nadu Officer OFFICER-002183,Superintendent,NAGAPATTINAM Station,NAGAPATTINAM,Circle Inspector,,,active,,imported,12fe593e-e883-5cac-9710-f2ba74198299,13_officer.csv,OFFICER-002183
5f2579fa-34eb-5fc0-a0b6-83eee30bcc85,,,TN-OFFICER-002184,Tamil Nadu Officer OFFICER-002184,Inspector,KALLAKURICHI Station,KALLAKURICHI,Investigator,,,transferred,,imported,12fe593e-e883-5cac-9710-f2ba74198299,13_officer.csv,OFFICER-002184
b69a0733-60b2-53ed-8b31-de7c81efceaa,,,TN-OFFICER-002185,Tamil Nadu Officer OFFICER-002185,Inspector,THIRUVARUR Station,THIRUVARUR,Investigator,,,transferred,,imported,12fe593e-e883-5cac-9710-f2ba74198299,13_officer.csv,OFFICER-002185
7fb545e1-c186-5fa2-9c23-1f2db5b76d28,,,TN-OFFICER-002186,Tamil Nadu Officer OFFICER-002186,Deputy Superintendent,NAMAKKAL Station,NAMAKKAL,Circle Inspector,,,retired,,imported,12fe593e-e883-5cac-9710-f2ba74198299,13_officer.csv,OFFICER-002186
ad7a5530-e9ae-5462-a405-69ad5f1d40e8,,,TN-OFFICER-002187,Tamil Nadu Officer OFFICER-002187,Sub-Inspector,KARUR Station,KARUR,Station House Officer,,,transferred,,imported,12fe593e-e883-5cac-9710-f2ba74198299,13_officer.csv,OFFICER-002187
bfb0b83e-368a-59a7-9957-e78f015f6434,,,TN-OFFICER-002188,Tamil Nadu Officer OFFICER-002188,Inspector,ARIYALUR Station,ARIYALUR,Investigator,,,active,,imported,12fe593e-e883-5cac-9710-f2ba74198299,13_officer.csv,OFFICER-002188
b10fbdb9-b557-5a36-b1c3-e805d46eeb78,,,TN-OFFICER-002189,Tamil Nadu Officer OFFICER-002189,Assistant Superintendent,RAMESWARAM Station,RAMESWARAM,Investigator,,,active,,imported,12fe593e-e883-5cac-9710-f2ba74198299,13_officer.csv,OFFICER-002189
08a8aa3d-444c-5555-91ba-838f77c3b48c,,,TN-OFFICER-002190,Tamil Nadu Officer OFFICER-002190,Assistant Superintendent,ARIYALUR Station,ARIYALUR,Sub-Inspector,,,active,,imported,12fe593e-e883-5cac-9710-f2ba74198299,13_officer.csv,OFFICER-002190
4f28d71f-1887-503b-ba3a-b93115226666,,,TN-OFFICER-002191,Tamil Nadu Officer OFFICER-002191,Inspector,DINDIGUL Station,DINDIGUL,Circle Inspector,,,suspended,,imported,12fe593e-e883-5cac-9710-f2ba74198299,13_officer.csv,OFFICER-002191
ec979077-a7ea-5532-b3f1-e4e3b500034f,,,TN-OFFICER-002192,Tamil Nadu Officer OFFICER-002192,Deputy Superintendent,RAMANATHAPURAM Station,RAMANATHAPURAM,Sub-Inspector,,,active,,imported,12fe593e-e883-5cac-9710-f2ba74198299,13_officer.csv,OFFICER-002192
28bc8541-b810-56f6-9278-adf74e038b39,,,TN-OFFICER-002193,Tamil Nadu Officer OFFICER-002193,Deputy Superintendent,RAMESWARAM Station,RAMESWARAM,Circle Inspector,,,transferred,,imported,12fe593e-e883-5cac-9710-f2ba74198299,13_officer.csv,OFFICER-002193
b1e1df4a-3616-5513-a4db-9458fa285466,,,TN-OFFICER-002194,Tamil Nadu Officer OFFICER-002194,Constable,KRISHNAGIRI Station,KRISHNAGIRI,Investigator,,,retired,,imported,12fe593e-e883-5cac-9710-f2ba74198299,13_officer.csv,OFFICER-002194
726917de-8d9d-5c58-9214-e2abdf0ee83b,,,TN-OFFICER-002195,Tamil Nadu Officer OFFICER-002195,Assistant Superintendent,KRISHNAGIRI Station,KRISHNAGIRI,Station House Officer,,,active,,imported,12fe593e-e883-5cac-9710-f2ba74198299,13_officer.csv,OFFICER-002195
b77db9ac-6dcd-5e66-92e6-ad04ff161030,,,TN-OFFICER-002196,Tamil Nadu Officer OFFICER-002196,Sub-Inspector,THIRUVALLUR Station,THIRUVALLUR,Sub-Inspector,,,transferred,,imported,12fe593e-e883-5cac-9710-f2ba74198299,13_officer.csv,OFFICER-002196
3fde1c40-a778-53a5-a54e-17c0959ae39a,,,TN-OFFICER-002197,Tamil Nadu Officer OFFICER-002197,Inspector,KALLAKURICHI Station,KALLAKURICHI,Station House Officer,,,retired,,imported,12fe593e-e883-5cac-9710-f2ba74198299,13_officer.csv,OFFICER-002197
1b19832a-0fba-5708-be28-75f7e25562a2,,,TN-OFFICER-002198,Tamil Nadu Officer OFFICER-002198,Constable,SIVAGANGA Station,SIVAGANGA,Police Officer,,,active,,imported,12fe593e-e883-5cac-9710-f2ba74198299,13_officer.csv,OFFICER-002198
706b5094-e35f-5b6c-9ba1-49a732505db2,,,TN-OFFICER-002199,Tamil Nadu Officer OFFICER-002199,Inspector,ERODE Station,ERODE,Circle Inspector,,,active,,imported,12fe593e-e883-5cac-9710-f2ba74198299,13_officer.csv,OFFICER-002199
eb93ba65-2f8e-52f0-a3f1-887e6bbeb7f2,,,TN-OFFICER-002200,Tamil Nadu Officer OFFICER-002200,Deputy Superintendent,DHARMAPURI Station,DHARMAPURI,Circle Inspector,,,transferred,,imported,12fe593e-e883-5cac-9710-f2ba74198299,13_officer.csv,OFFICER-002200
6d6e0368-ea71-5692-ab02-f52731dffe42,,,TN-OFFICER-002201,Tamil Nadu Officer OFFICER-002201,Assistant Superintendent,CUDDALORE Station,CUDDALORE,Station House Officer,,,active,,imported,12fe593e-e883-5cac-9710-f2ba74198299,13_officer.csv,OFFICER-002201
0cda4fae-f329-5388-94f1-60cb21e4f5ec,,,TN-OFFICER-002202,Tamil Nadu Officer OFFICER-002202,Superintendent,ERODE Station,ERODE,Station House Officer,,,retired,,imported,12fe593e-e883-5cac-9710-f2ba74198299,13_officer.csv,OFFICER-002202
bf837097-894e-5758-ba8e-71e10ddb849d,,,TN-OFFICER-002203,Tamil Nadu Officer OFFICER-002203,Sub-Inspector,CHENNAI Station,CHENNAI,Police Officer,,,transferred,,imported,12fe593e-e883-5cac-9710-f2ba74198299,13_officer.csv,OFFICER-002203
bd56cbfb-600f-52b1-a824-e2e56ae804d7,,,TN-OFFICER-002204,Tamil Nadu Officer OFFICER-002204,Superintendent,THE_NILGIRIS Station,THE_NILGIRIS,Sub-Inspector,,,suspended,,imported,12fe593e-e883-5cac-9710-f2ba74198299,13_officer.csv,OFFICER-002204
e104e5d6-fac4-5ddd-b822-5ec3460e1f12,,,TN-OFFICER-002205,Tamil Nadu Officer OFFICER-002205,Superintendent,THIRUVARUR Station,THIRUVARUR,Investigator,,,retired,,imported,12fe593e-e883-5cac-9710-f2ba74198299,13_officer.csv,OFFICER-002205
8759ad1a-39f0-5525-905d-5030176412c5,,,TN-OFFICER-002206,Tamil Nadu Officer OFFICER-002206,Superintendent,PUDUKOTTAI Station,PUDUKOTTAI,Circle Inspector,,,transferred,,imported,12fe593e-e883-5cac-9710-f2ba74198299,13_officer.csv,OFFICER-002206
972ad688-65bb-5ee7-a8ba-fabce789e7d7,,,TN-OFFICER-002207,Tamil Nadu Officer OFFICER-002207,Superintendent,VIRUDHUNAGAR Station,VIRUDHUNAGAR,Investigator,,,suspended,,imported,12fe593e-e883-5cac-9710-f2ba74198299,13_officer.csv,OFFICER-002207
c92d5df5-c48c-5430-9449-8d39ac958877,,,TN-OFFICER-002208,Tamil Nadu Officer OFFICER-002208,Constable,SIVAGANGA Station,SIVAGANGA,Station House Officer,,,retired,,imported,12fe593e-e883-5cac-9710-f2ba74198299,13_officer.csv,OFFICER-002208
219c2ad0-5050-5b30-a05b-9669c7e6e136,,,TN-OFFICER-002209,Tamil Nadu Officer OFFICER-002209,Sub-Inspector,COIMBATORE Station,COIMBATORE,Circle Inspector,,,suspended,,imported,12fe593e-e883-5cac-9710-f2ba74198299,13_officer.csv,OFFICER-002209
885dcb61-50c9-54a5-be53-1e633a1f3c0f,,,TN-OFFICER-002210,Tamil Nadu Officer OFFICER-002210,Sub-Inspector,KUMBAKONAM Station,KUMBAKONAM,Sub-Inspector,,,suspended,,imported,12fe593e-e883-5cac-9710-f2ba74198299,13_officer.csv,OFFICER-002210
0b4da31b-83cb-52a1-92af-d9dcad6aaad6,,,TN-OFFICER-002211,Tamil Nadu Officer OFFICER-002211,Constable,SALEM Station,SALEM,Circle Inspector,,,transferred,,imported,12fe593e-e883-5cac-9710-f2ba74198299,13_officer.csv,OFFICER-002211
880f8313-9900-589d-8d1b-82705e40f0f2,,,TN-OFFICER-002212,Tamil Nadu Officer OFFICER-002212,Deputy Superintendent,RAMANATHAPURAM Station,RAMANATHAPURAM,Investigator,,,retired,,imported,12fe593e-e883-5cac-9710-f2ba74198299,13_officer.csv,OFFICER-002212
0cb74cc9-df6a-5509-9224-1493e63fef8a,,,TN-OFFICER-002213,Tamil Nadu Officer OFFICER-002213,Inspector,CHENNAI Station,CHENNAI,Sub-Inspector,,,suspended,,imported,12fe593e-e883-5cac-9710-f2ba74198299,13_officer.csv,OFFICER-002213
fa267794-1479-5f96-be4a-d7dc071937a9,,,TN-OFFICER-002214,Tamil Nadu Officer OFFICER-002214,Constable,KANCHEEPURAM Station,KANCHEEPURAM,Circle Inspector,,,active,,imported,12fe593e-e883-5cac-9710-f2ba74198299,13_officer.csv,OFFICER-002214
686ab41d-f40d-5fe3-ab99-64910613345e,,,TN-OFFICER-002215,Tamil Nadu Officer OFFICER-002215,Sub-Inspector,DHARMAPURI Station,DHARMAPURI,Investigator,,,transferred,,imported,12fe593e-e883-5cac-9710-f2ba74198299,13_officer.csv,OFFICER-002215
77c66977-6670-5789-92dd-5708e3016d92,,,TN-OFFICER-002216,Tamil Nadu Officer OFFICER-002216,Deputy Superintendent,VIRUDHUNAGAR Station,VIRUDHUNAGAR,Police Officer,,,transferred,,imported,12fe593e-e883-5cac-9710-f2ba74198299,13_officer.csv,OFFICER-002216
1e434cf3-6846-5085-b7f7-3b3dc9f63c91,,,TN-OFFICER-002217,Tamil Nadu Officer OFFICER-002217,Assistant Superintendent,ERODE Station,ERODE,Circle Inspector,,,suspended,,imported,12fe593e-e883-5cac-9710-f2ba74198299,13_officer.csv,OFFICER-002217
d4b216ec-878f-5329-b8ee-ce30aca68c91,,,TN-OFFICER-002218,Tamil Nadu Officer OFFICER-002218,Assistant Superintendent,THIRUVALLUR Station,THIRUVALLUR,Investigator,,,retired,,imported,12fe593e-e883-5cac-9710-f2ba74198299,13_officer.csv,OFFICER-002218
0ea1a2f5-22a7-5de6-a8c5-8a0948678357,,,TN-OFFICER-002219,Tamil Nadu Officer OFFICER-002219,Inspector,TIRUNELVELI Station,TIRUNELVELI,Sub-Inspector,,,active,,imported,12fe593e-e883-5cac-9710-f2ba74198299,13_officer.csv,OFFICER-002219
749eb3eb-e4f5-5a9c-ad88-eae1be49e7b6,,,TN-OFFICER-002220,Tamil Nadu Officer OFFICER-002220,Constable,NAMAKKAL Station,NAMAKKAL,Station House Officer,,,transferred,,imported,12fe593e-e883-5cac-9710-f2ba74198299,13_officer.csv,OFFICER-002220
d6b62155-aff6-534b-9d72-10e4ffac8a19,,,TN-OFFICER-002221,Tamil Nadu Officer OFFICER-002221,Sub-Inspector,SALEM Station,SALEM,Police Officer,,,transferred,,imported,12fe593e-e883-5cac-9710-f2ba74198299,13_officer.csv,OFFICER-002221
b8e36ad2-ecd6-5ce6-9860-065b9ca34a18,,,TN-OFFICER-002222,Tamil Nadu Officer OFFICER-002222,Assistant Superintendent,VIRUDHUNAGAR Station,VIRUDHUNAGAR,Circle Inspector,,,transferred,,imported,12fe593e-e883-5cac-9710-f2ba74198299,13_officer.csv,OFFICER-002222
b9c4d3d8-097d-5c93-9dc1-1784ad82a432,,,TN-OFFICER-002223,Tamil Nadu Officer OFFICER-002223,Constable,ARIYALUR Station,ARIYALUR,Circle Inspector,,,transferred,,imported,12fe593e-e883-5cac-9710-f2ba74198299,13_officer.csv,OFFICER-002223
421b11d3-5802-5918-811a-2e409f8992f4,,,TN-OFFICER-002224,Tamil Nadu Officer OFFICER-002224,Superintendent,KANYAKUMARI Station,KANYAKUMARI,Investigator,,,active,,imported,12fe593e-e883-5cac-9710-f2ba74198299,13_officer.csv,OFFICER-002224
8618af10-a0b8-5cdd-9d90-baf5bb941b32,,,TN-OFFICER-002225,Tamil Nadu Officer OFFICER-002225,Sub-Inspector,NAGAPATTINAM Station,NAGAPATTINAM,Investigator,,,retired,,imported,12fe593e-e883-5cac-9710-f2ba74198299,13_officer.csv,OFFICER-002225
4950b837-522c-5136-b45a-0f7af025b394,,,TN-OFFICER-002226,Tamil Nadu Officer OFFICER-002226,Sub-Inspector,NAMAKKAL Station,NAMAKKAL,Sub-Inspector,,,retired,,imported,12fe593e-e883-5cac-9710-f2ba74198299,13_officer.csv,OFFICER-002226
aaf624ca-bd7d-524e-8db0-42602acdd748,,,TN-OFFICER-002227,Tamil Nadu Officer OFFICER-002227,Superintendent,RAMANATHAPURAM Station,RAMANATHAPURAM,Circle Inspector,,,suspended,,imported,12fe593e-e883-5cac-9710-f2ba74198299,13_officer.csv,OFFICER-002227
024bf8b3-76d8-5ce7-85fd-3d5a2cc6f30b,,,TN-OFFICER-002228,Tamil Nadu Officer OFFICER-002228,Assistant Superintendent,CHENNAI Station,CHENNAI,Investigator,,,active,,imported,12fe593e-e883-5cac-9710-f2ba74198299,13_officer.csv,OFFICER-002228
4a5127d2-32ed-5c2f-892a-13a4788d5eb8,,,TN-OFFICER-002229,Tamil Nadu Officer OFFICER-002229,Assistant Superintendent,NAGAPATTINAM Station,NAGAPATTINAM,Circle Inspector,,,retired,,imported,12fe593e-e883-5cac-9710-f2ba74198299,13_officer.csv,OFFICER-002229
2341e27d-06ca-54ea-83f9-113237d4013e,,,TN-OFFICER-002230,Tamil Nadu Officer OFFICER-002230,Sub-Inspector,VIRUDHUNAGAR Station,VIRUDHUNAGAR,Sub-Inspector,,,suspended,,imported,12fe593e-e883-5cac-9710-f2ba74198299,13_officer.csv,OFFICER-002230
b6eff822-4085-56a1-82fb-c082e2dfa8b4,,,TN-OFFICER-002231,Tamil Nadu Officer OFFICER-002231,Sub-Inspector,KUMBAKONAM Station,KUMBAKONAM,Police Officer,,,suspended,,imported,12fe593e-e883-5cac-9710-f2ba74198299,13_officer.csv,OFFICER-002231
a57fafcf-6782-57c3-96e1-309ffe2be242,,,TN-OFFICER-002232,Tamil Nadu Officer OFFICER-002232,Constable,NAGAPATTINAM Station,NAGAPATTINAM,Investigator,,,retired,,imported,12fe593e-e883-5cac-9710-f2ba74198299,13_officer.csv,OFFICER-002232
82708821-7c6e-5c0d-a8b2-9b72edbfca65,,,TN-OFFICER-002233,Tamil Nadu Officer OFFICER-002233,Sub-Inspector,TIRUPATHUR Station,TIRUPATHUR,Circle Inspector,,,active,,imported,12fe593e-e883-5cac-9710-f2ba74198299,13_officer.csv,OFFICER-002233
5fe39f46-2d32-5ccc-b76b-e87153361f30,,,TN-OFFICER-002234,Tamil Nadu Officer OFFICER-002234,Assistant Superintendent,TIRUCHIRAPPALLI Station,TIRUCHIRAPPALLI,Circle Inspector,,,retired,,imported,12fe593e-e883-5cac-9710-f2ba74198299,13_officer.csv,OFFICER-002234
8f67defc-1bae-5846-9c82-3a009dc56bae,,,TN-OFFICER-002235,Tamil Nadu Officer OFFICER-002235,Superintendent,KANYAKUMARI Station,KANYAKUMARI,Circle Inspector,,,retired,,imported,12fe593e-e883-5cac-9710-f2ba74198299,13_officer.csv,OFFICER-002235
bfdb33e6-1734-5134-98a2-00c48a1a2c54,,,TN-OFFICER-002236,Tamil Nadu Officer OFFICER-002236,Constable,NAGAPATTINAM Station,NAGAPATTINAM,Investigator,,,transferred,,imported,12fe593e-e883-5cac-9710-f2ba74198299,13_officer.csv,OFFICER-002236
b1a11fe1-24a0-5c47-b0f0-1ec5142f3cf1,,,TN-OFFICER-002237,Tamil Nadu Officer OFFICER-002237,Sub-Inspector,MAYILADUTHURAI Station,MAYILADUTHURAI,Station House Officer,,,transferred,,imported,12fe593e-e883-5cac-9710-f2ba74198299,13_officer.csv,OFFICER-002237
c6b483a7-4678-5660-9883-d40fdc433785,,,TN-OFFICER-002238,Tamil Nadu Officer OFFICER-002238,Superintendent,TIRUPPUR Station,TIRUPPUR,Circle Inspector,,,transferred,,imported,12fe593e-e883-5cac-9710-f2ba74198299,13_officer.csv,OFFICER-002238
03ef17a1-4752-56c6-821a-5c6cf4050cac,,,TN-OFFICER-002239,Tamil Nadu Officer OFFICER-002239,Superintendent,TIRUVANNAMALAI Station,TIRUVANNAMALAI,Station House Officer,,,retired,,imported,12fe593e-e883-5cac-9710-f2ba74198299,13_officer.csv,OFFICER-002239
0f729359-dd71-5016-9768-b83bc85bafdd,,,TN-OFFICER-002240,Tamil Nadu Officer OFFICER-002240,Inspector,PUDUKOTTAI Station,PUDUKOTTAI,Investigator,,,suspended,,imported,12fe593e-e883-5cac-9710-f2ba74198299,13_officer.csv,OFFICER-002240
5403ad1b-67c7-5528-897c-51acb4b85a1d,,,TN-OFFICER-002241,Tamil Nadu Officer OFFICER-002241,Inspector,KANYAKUMARI Station,KANYAKUMARI,Circle Inspector,,,retired,,imported,12fe593e-e883-5cac-9710-f2ba74198299,13_officer.csv,OFFICER-002241
e8272a5a-1e64-5357-a07c-7ea8122dc473,,,TN-OFFICER-002242,Tamil Nadu Officer OFFICER-002242,Superintendent,PUDUKOTTAI Station,PUDUKOTTAI,Investigator,,,suspended,,imported,12fe593e-e883-5cac-9710-f2ba74198299,13_officer.csv,OFFICER-002242
57628818-8292-5bcf-8ecd-a4da1ac94fa6,,,TN-OFFICER-002243,Tamil Nadu Officer OFFICER-002243,Inspector,ERODE Station,ERODE,Circle Inspector,,,transferred,,imported,12fe593e-e883-5cac-9710-f2ba74198299,13_officer.csv,OFFICER-002243
1b61e5bb-a750-5752-b3ae-bf9ca2613889,,,TN-OFFICER-002244,Tamil Nadu Officer OFFICER-002244,Deputy Superintendent,RANIPET Station,RANIPET,Station House Officer,,,suspended,,imported,12fe593e-e883-5cac-9710-f2ba74198299,13_officer.csv,OFFICER-002244
0f7bd94d-2ce6-5f45-b93c-2e252ed0898b,,,TN-OFFICER-002245,Tamil Nadu Officer OFFICER-002245,Superintendent,ERODE Station,ERODE,Investigator,,,active,,imported,12fe593e-e883-5cac-9710-f2ba74198299,13_officer.csv,OFFICER-002245
b00bdcc0-1237-5aa6-b58e-bddb024db804,,,TN-OFFICER-002246,Tamil Nadu Officer OFFICER-002246,Constable,CHENGALPATTU Station,CHENGALPATTU,Police Officer,,,suspended,,imported,12fe593e-e883-5cac-9710-f2ba74198299,13_officer.csv,OFFICER-002246
3c6f4bf5-7072-5409-858e-cd487d4ce109,,,TN-OFFICER-002247,Tamil Nadu Officer OFFICER-002247,Deputy Superintendent,TIRUNELVELI Station,TIRUNELVELI,Station House Officer,,,suspended,,imported,12fe593e-e883-5cac-9710-f2ba74198299,13_officer.csv,OFFICER-002247
75c65f6b-49e5-57d1-9ebc-2248fa05b579,,,TN-OFFICER-002248,Tamil Nadu Officer OFFICER-002248,Constable,CHENGALPATTU Station,CHENGALPATTU,Circle Inspector,,,suspended,,imported,12fe593e-e883-5cac-9710-f2ba74198299,13_officer.csv,OFFICER-002248
b3113c5e-7064-5e31-b6cd-a452a6b3b130,,,TN-OFFICER-002249,Tamil Nadu Officer OFFICER-002249,Sub-Inspector,KUMBAKONAM Station,KUMBAKONAM,Police Officer,,,suspended,,imported,12fe593e-e883-5cac-9710-f2ba74198299,13_officer.csv,OFFICER-002249
eeb5917d-f505-5772-858b-b5082ac34135,,,TN-OFFICER-002250,Tamil Nadu Officer OFFICER-002250,Sub-Inspector,PUDUKOTTAI Station,PUDUKOTTAI,Sub-Inspector,,,active,,imported,12fe593e-e883-5cac-9710-f2ba74198299,13_officer.csv,OFFICER-002250
c0a55032-9e62-5803-8f49-796dff0b15c1,,,TN-OFFICER-002251,Tamil Nadu Officer OFFICER-002251,Deputy Superintendent,THIRUVALLUR Station,THIRUVALLUR,Investigator,,,suspended,,imported,12fe593e-e883-5cac-9710-f2ba74198299,13_officer.csv,OFFICER-002251
273861ea-0ba8-5b23-a4d4-a015c3377cb8,,,TN-OFFICER-002252,Tamil Nadu Officer OFFICER-002252,Superintendent,VILUPPURAM Station,VILUPPURAM,Investigator,,,retired,,imported,12fe593e-e883-5cac-9710-f2ba74198299,13_officer.csv,OFFICER-002252
4d6840db-5c25-5c1b-b58d-c4a23d92de2e,,,TN-OFFICER-002253,Tamil Nadu Officer OFFICER-002253,Deputy Superintendent,RANIPET Station,RANIPET,Police Officer,,,active,,imported,12fe593e-e883-5cac-9710-f2ba74198299,13_officer.csv,OFFICER-002253
be601f99-17e8-5e49-88cb-f2d2cc4ed6b3,,,TN-OFFICER-002254,Tamil Nadu Officer OFFICER-002254,Superintendent,DINDIGUL Station,DINDIGUL,Station House Officer,,,transferred,,imported,12fe593e-e883-5cac-9710-f2ba74198299,13_officer.csv,OFFICER-002254
69ca6058-a927-5edb-9e0b-597a393cc907,,,TN-OFFICER-002255,Tamil Nadu Officer OFFICER-002255,Sub-Inspector,MAYILADUTHURAI Station,MAYILADUTHURAI,Sub-Inspector,,,retired,,imported,12fe593e-e883-5cac-9710-f2ba74198299,13_officer.csv,OFFICER-002255
2dabe9e5-fe88-59c0-bb95-5f67b30dbe59,,,TN-OFFICER-002256,Tamil Nadu Officer OFFICER-002256,Constable,NAGAPATTINAM Station,NAGAPATTINAM,Sub-Inspector,,,retired,,imported,12fe593e-e883-5cac-9710-f2ba74198299,13_officer.csv,OFFICER-002256
ccb30c83-d4c0-5e30-aa4e-bfa2bce00920,,,TN-OFFICER-002257,Tamil Nadu Officer OFFICER-002257,Assistant Superintendent,MAYILADUTHURAI Station,MAYILADUTHURAI,Investigator,,,transferred,,imported,12fe593e-e883-5cac-9710-f2ba74198299,13_officer.csv,OFFICER-002257
f608cade-fa82-53fd-ab7b-fa348678092f,,,TN-OFFICER-002258,Tamil Nadu Officer OFFICER-002258,Constable,CUDDALORE Station,CUDDALORE,Sub-Inspector,,,retired,,imported,12fe593e-e883-5cac-9710-f2ba74198299,13_officer.csv,OFFICER-002258
fc500144-2c4c-5db4-be29-49688664c4fe,,,TN-OFFICER-002259,Tamil Nadu Officer OFFICER-002259,Inspector,SALEM Station,SALEM,Police Officer,,,retired,,imported,12fe593e-e883-5cac-9710-f2ba74198299,13_officer.csv,OFFICER-002259
bde4d27a-c112-5c81-9e83-148b630ba3fd,,,TN-OFFICER-002260,Tamil Nadu Officer OFFICER-002260,Deputy Superintendent,TENKASI Station,TENKASI,Circle Inspector,,,transferred,,imported,12fe593e-e883-5cac-9710-f2ba74198299,13_officer.csv,OFFICER-002260
6fea49e4-2ee4-59de-a48c-90ca8f73691c,,,TN-OFFICER-002261,Tamil Nadu Officer OFFICER-002261,Assistant Superintendent,TIRUCHIRAPPALLI Station,TIRUCHIRAPPALLI,Station House Officer,,,transferred,,imported,12fe593e-e883-5cac-9710-f2ba74198299,13_officer.csv,OFFICER-002261
7acb7bdd-2a3a-5681-91d3-7fe0cc498560,,,TN-OFFICER-002262,Tamil Nadu Officer OFFICER-002262,Assistant Superintendent,MADURAI Station,MADURAI,Police Officer,,,retired,,imported,12fe593e-e883-5cac-9710-f2ba74198299,13_officer.csv,OFFICER-002262
c5714278-18bb-533e-88f1-61d9b264bca8,,,TN-OFFICER-002263,Tamil Nadu Officer OFFICER-002263,Superintendent,CUDDALORE Station,CUDDALORE,Investigator,,,suspended,,imported,12fe593e-e883-5cac-9710-f2ba74198299,13_officer.csv,OFFICER-002263
b1dca4a6-265b-51bc-9b1b-4b84306eeabc,,,TN-OFFICER-002264,Tamil Nadu Officer OFFICER-002264,Inspector,CUDDALORE Station,CUDDALORE,Circle Inspector,,,transferred,,imported,12fe593e-e883-5cac-9710-f2ba74198299,13_officer.csv,OFFICER-002264
bbcbfa21-440d-53e2-9d82-8b0264a66c16,,,TN-OFFICER-002265,Tamil Nadu Officer OFFICER-002265,Sub-Inspector,CHENNAI Station,CHENNAI,Investigator,,,suspended,,imported,12fe593e-e883-5cac-9710-f2ba74198299,13_officer.csv,OFFICER-002265
c86797d7-91d8-5cde-bf44-5de9a9d080fa,,,TN-OFFICER-002266,Tamil Nadu Officer OFFICER-002266,Deputy Superintendent,DHARMAPURI Station,DHARMAPURI,Investigator,,,retired,,imported,12fe593e-e883-5cac-9710-f2ba74198299,13_officer.csv,OFFICER-002266
63ee0380-e699-5a04-a17a-0eec93462f0e,,,TN-OFFICER-002267,Tamil Nadu Officer OFFICER-002267,Superintendent,NAGAPATTINAM Station,NAGAPATTINAM,Sub-Inspector,,,retired,,imported,12fe593e-e883-5cac-9710-f2ba74198299,13_officer.csv,OFFICER-002267
8a0bc5ca-5cc8-5fce-b43a-75a23cc7c07e,,,TN-OFFICER-002268,Tamil Nadu Officer OFFICER-002268,Superintendent,RANIPET Station,RANIPET,Police Officer,,,active,,imported,12fe593e-e883-5cac-9710-f2ba74198299,13_officer.csv,OFFICER-002268
c290460c-3fc2-50e0-a552-0d9b3f4694f6,,,TN-OFFICER-002269,Tamil Nadu Officer OFFICER-002269,Constable,MAYILADUTHURAI Station,MAYILADUTHURAI,Sub-Inspector,,,retired,,imported,12fe593e-e883-5cac-9710-f2ba74198299,13_officer.csv,OFFICER-002269
590a9ff0-24ec-5797-9fe9-ad3cdad9d712,,,TN-OFFICER-002270,Tamil Nadu Officer OFFICER-002270,Constable,ARIYALUR Station,ARIYALUR,Circle Inspector,,,retired,,imported,12fe593e-e883-5cac-9710-f2ba74198299,13_officer.csv,OFFICER-002270
1126f76a-61bb-5088-a7b3-7bf6d04bed27,,,TN-OFFICER-002271,Tamil Nadu Officer OFFICER-002271,Inspector,THENI Station,THENI,Circle Inspector,,,transferred,,imported,12fe593e-e883-5cac-9710-f2ba74198299,13_officer.csv,OFFICER-002271
e4827ce3-4a0f-59aa-a519-49a51a1fbd64,,,TN-OFFICER-002272,Tamil Nadu Officer OFFICER-002272,Inspector,KUMBAKONAM Station,KUMBAKONAM,Sub-Inspector,,,active,,imported,12fe593e-e883-5cac-9710-f2ba74198299,13_officer.csv,OFFICER-002272
cab90511-b38d-5459-a9ff-d904d5ca2bbf,,,TN-OFFICER-002273,Tamil Nadu Officer OFFICER-002273,Assistant Superintendent,THIRUVALLUR Station,THIRUVALLUR,Station House Officer,,,transferred,,imported,12fe593e-e883-5cac-9710-f2ba74198299,13_officer.csv,OFFICER-002273
d2bdbb39-accd-59e7-9fba-a506a46baa33,,,TN-OFFICER-002274,Tamil Nadu Officer OFFICER-002274,Superintendent,DINDIGUL Station,DINDIGUL,Circle Inspector,,,retired,,imported,12fe593e-e883-5cac-9710-f2ba74198299,13_officer.csv,OFFICER-002274
4de4d272-5050-505e-a16a-9331467a6765,,,TN-OFFICER-002275,Tamil Nadu Officer OFFICER-002275,Sub-Inspector,THENI Station,THENI,Station House Officer,,,active,,imported,12fe593e-e883-5cac-9710-f2ba74198299,13_officer.csv,OFFICER-002275
4bb15cfe-f73f-5163-af7d-76e8f65d86c8,,,TN-OFFICER-002276,Tamil Nadu Officer OFFICER-002276,Assistant Superintendent,KUMBAKONAM Station,KUMBAKONAM,Sub-Inspector,,,active,,imported,12fe593e-e883-5cac-9710-f2ba74198299,13_officer.csv,OFFICER-002276
961d0899-cc65-5823-a833-3b42fbfa2126,,,TN-OFFICER-002277,Tamil Nadu Officer OFFICER-002277,Constable,RAMANATHAPURAM Station,RAMANATHAPURAM,Police Officer,,,suspended,,imported,12fe593e-e883-5cac-9710-f2ba74198299,13_officer.csv,OFFICER-002277
eb891da2-3fdc-5fba-84bc-f57219ccbf44,,,TN-OFFICER-002278,Tamil Nadu Officer OFFICER-002278,Deputy Superintendent,NAMAKKAL Station,NAMAKKAL,Circle Inspector,,,transferred,,imported,12fe593e-e883-5cac-9710-f2ba74198299,13_officer.csv,OFFICER-002278
1eb08853-71e5-5997-ba4f-f9d0e78712a4,,,TN-OFFICER-002279,Tamil Nadu Officer OFFICER-002279,Deputy Superintendent,ARIYALUR Station,ARIYALUR,Sub-Inspector,,,active,,imported,12fe593e-e883-5cac-9710-f2ba74198299,13_officer.csv,OFFICER-002279
623d5d7e-ad78-5a15-96f1-b6f8c48d48ef,,,TN-OFFICER-002280,Tamil Nadu Officer OFFICER-002280,Deputy Superintendent,RAMESWARAM Station,RAMESWARAM,Station House Officer,,,suspended,,imported,12fe593e-e883-5cac-9710-f2ba74198299,13_officer.csv,OFFICER-002280
ab060071-ee6b-5c2d-a2a7-54c8356b0d28,,,TN-OFFICER-002281,Tamil Nadu Officer OFFICER-002281,Superintendent,NAMAKKAL Station,NAMAKKAL,Investigator,,,suspended,,imported,12fe593e-e883-5cac-9710-f2ba74198299,13_officer.csv,OFFICER-002281
1311c781-4a53-53a6-a99b-6209c4b09d6f,,,TN-OFFICER-002282,Tamil Nadu Officer OFFICER-002282,Inspector,SIVAGANGA Station,SIVAGANGA,Circle Inspector,,,suspended,,imported,12fe593e-e883-5cac-9710-f2ba74198299,13_officer.csv,OFFICER-002282
35bfdfbd-3252-58cc-9d7f-4245d1a7034f,,,TN-OFFICER-002283,Tamil Nadu Officer OFFICER-002283,Sub-Inspector,NAGAPATTINAM Station,NAGAPATTINAM,Circle Inspector,,,retired,,imported,12fe593e-e883-5cac-9710-f2ba74198299,13_officer.csv,OFFICER-002283
ba196f17-2689-54d8-b6bc-f3d82dad3cae,,,TN-OFFICER-002284,Tamil Nadu Officer OFFICER-002284,Deputy Superintendent,CUDDALORE Station,CUDDALORE,Investigator,,,active,,imported,12fe593e-e883-5cac-9710-f2ba74198299,13_officer.csv,OFFICER-002284
7df6b6dd-ae92-5342-b838-cdaf3c8e2f19,,,TN-OFFICER-002285,Tamil Nadu Officer OFFICER-002285,Assistant Superintendent,RAMESWARAM Station,RAMESWARAM,Station House Officer,,,transferred,,imported,12fe593e-e883-5cac-9710-f2ba74198299,13_officer.csv,OFFICER-002285
3d2ffd4b-8348-5955-a226-6bfd05c66334,,,TN-OFFICER-002286,Tamil Nadu Officer OFFICER-002286,Assistant Superintendent,NAMAKKAL Station,NAMAKKAL,Sub-Inspector,,,retired,,imported,12fe593e-e883-5cac-9710-f2ba74198299,13_officer.csv,OFFICER-002286
d59a18d1-4da4-521b-9e4c-99873b6e5f22,,,TN-OFFICER-002287,Tamil Nadu Officer OFFICER-002287,Deputy Superintendent,TIRUPATHUR Station,TIRUPATHUR,Investigator,,,suspended,,imported,12fe593e-e883-5cac-9710-f2ba74198299,13_officer.csv,OFFICER-002287
c6ce5e8a-86bb-50ce-872c-167d2e3f2ef9,,,TN-OFFICER-002288,Tamil Nadu Officer OFFICER-002288,Sub-Inspector,RANIPET Station,RANIPET,Sub-Inspector,,,transferred,,imported,12fe593e-e883-5cac-9710-f2ba74198299,13_officer.csv,OFFICER-002288
e5cb5d59-5f3f-5db4-bfac-b323cb645f13,,,TN-OFFICER-002289,Tamil Nadu Officer OFFICER-002289,Constable,KARUR Station,KARUR,Station House Officer,,,suspended,,imported,12fe593e-e883-5cac-9710-f2ba74198299,13_officer.csv,OFFICER-002289
6f86a57c-faf4-55d2-a97e-b6d03cc8cee7,,,TN-OFFICER-002290,Tamil Nadu Officer OFFICER-002290,Deputy Superintendent,THIRUVARUR Station,THIRUVARUR,Station House Officer,,,suspended,,imported,12fe593e-e883-5cac-9710-f2ba74198299,13_officer.csv,OFFICER-002290
0208b649-7fc4-513d-a7f5-3acab6c6b49a,,,TN-OFFICER-002291,Tamil Nadu Officer OFFICER-002291,Deputy Superintendent,VIRUDHUNAGAR Station,VIRUDHUNAGAR,Station House Officer,,,retired,,imported,12fe593e-e883-5cac-9710-f2ba74198299,13_officer.csv,OFFICER-002291
47d3c6b8-2714-5658-aa07-8b3cf472af5c,,,TN-OFFICER-002292,Tamil Nadu Officer OFFICER-002292,Superintendent,KRISHNAGIRI Station,KRISHNAGIRI,Circle Inspector,,,suspended,,imported,12fe593e-e883-5cac-9710-f2ba74198299,13_officer.csv,OFFICER-002292
af92f04a-f42f-5308-99e4-f474c4151019,,,TN-OFFICER-002293,Tamil Nadu Officer OFFICER-002293,Deputy Superintendent,SALEM Station,SALEM,Station House Officer,,,retired,,imported,12fe593e-e883-5cac-9710-f2ba74198299,13_officer.csv,OFFICER-002293
1fd66884-80d7-53f4-a062-eb57eb79a97d,,,TN-OFFICER-002294,Tamil Nadu Officer OFFICER-002294,Inspector,ARIYALUR Station,ARIYALUR,Police Officer,,,suspended,,imported,12fe593e-e883-5cac-9710-f2ba74198299,13_officer.csv,OFFICER-002294
110bc0fb-8fb1-590d-8948-628f81ce1488,,,TN-OFFICER-002295,Tamil Nadu Officer OFFICER-002295,Deputy Superintendent,KANCHEEPURAM Station,KANCHEEPURAM,Circle Inspector,,,active,,imported,12fe593e-e883-5cac-9710-f2ba74198299,13_officer.csv,OFFICER-002295
e5083c6c-6594-582f-8a8b-fba512b3154c,,,TN-OFFICER-002296,Tamil Nadu Officer OFFICER-002296,Deputy Superintendent,PERAMBALUR Station,PERAMBALUR,Police Officer,,,transferred,,imported,12fe593e-e883-5cac-9710-f2ba74198299,13_officer.csv,OFFICER-002296
ff803624-5f21-5d81-a163-f27590536c95,,,TN-OFFICER-002297,Tamil Nadu Officer OFFICER-002297,Superintendent,PERAMBALUR Station,PERAMBALUR,Investigator,,,retired,,imported,12fe593e-e883-5cac-9710-f2ba74198299,13_officer.csv,OFFICER-002297
8e6e62c2-4566-5aea-90da-4f322ee21f87,,,TN-OFFICER-002298,Tamil Nadu Officer OFFICER-002298,Constable,THIRUVALLUR Station,THIRUVALLUR,Police Officer,,,transferred,,imported,12fe593e-e883-5cac-9710-f2ba74198299,13_officer.csv,OFFICER-002298
b7bb942c-b7e0-531b-8357-a8bbc7fe8780,,,TN-OFFICER-002299,Tamil Nadu Officer OFFICER-002299,Constable,NAMAKKAL Station,NAMAKKAL,Station House Officer,,,suspended,,imported,12fe593e-e883-5cac-9710-f2ba74198299,13_officer.csv,OFFICER-002299
b296134b-d289-5483-a187-ce0a38880db0,,,TN-OFFICER-002300,Tamil Nadu Officer OFFICER-002300,Superintendent,THOOTHUKUDI Station,THOOTHUKUDI,Sub-Inspector,,,retired,,imported,12fe593e-e883-5cac-9710-f2ba74198299,13_officer.csv,OFFICER-002300
387dc2b5-7847-5ad7-807a-6b417dbfa9f5,,,TN-OFFICER-002301,Tamil Nadu Officer OFFICER-002301,Constable,COIMBATORE Station,COIMBATORE,Sub-Inspector,,,suspended,,imported,12fe593e-e883-5cac-9710-f2ba74198299,13_officer.csv,OFFICER-002301
169d1e4d-02c9-5db6-9334-7b69c53f0125,,,TN-OFFICER-002302,Tamil Nadu Officer OFFICER-002302,Assistant Superintendent,THENI Station,THENI,Circle Inspector,,,suspended,,imported,12fe593e-e883-5cac-9710-f2ba74198299,13_officer.csv,OFFICER-002302
ef09acc6-4a87-5d97-9e25-866af369e297,,,TN-OFFICER-002303,Tamil Nadu Officer OFFICER-002303,Sub-Inspector,SALEM Station,SALEM,Station House Officer,,,retired,,imported,12fe593e-e883-5cac-9710-f2ba74198299,13_officer.csv,OFFICER-002303
ea85459f-ceb0-5bf0-8288-6782e4ebbc98,,,TN-OFFICER-002304,Tamil Nadu Officer OFFICER-002304,Constable,KUMBAKONAM Station,KUMBAKONAM,Police Officer,,,active,,imported,12fe593e-e883-5cac-9710-f2ba74198299,13_officer.csv,OFFICER-002304
a53da17e-a097-59a6-8655-3bad606434c5,,,TN-OFFICER-002305,Tamil Nadu Officer OFFICER-002305,Assistant Superintendent,SIVAGANGA Station,SIVAGANGA,Sub-Inspector,,,transferred,,imported,12fe593e-e883-5cac-9710-f2ba74198299,13_officer.csv,OFFICER-002305
2c6260c9-8472-5572-896b-8f28a08852e2,,,TN-OFFICER-002306,Tamil Nadu Officer OFFICER-002306,Superintendent,RAMANATHAPURAM Station,RAMANATHAPURAM,Sub-Inspector,,,transferred,,imported,12fe593e-e883-5cac-9710-f2ba74198299,13_officer.csv,OFFICER-002306
59ee407c-07a2-59bc-8a8e-010c9e0e1c29,,,TN-OFFICER-002307,Tamil Nadu Officer OFFICER-002307,Sub-Inspector,DHARMAPURI Station,DHARMAPURI,Sub-Inspector,,,suspended,,imported,12fe593e-e883-5cac-9710-f2ba74198299,13_officer.csv,OFFICER-002307
32a11923-f615-5c15-b62a-c2b4c259fdd5,,,TN-OFFICER-002308,Tamil Nadu Officer OFFICER-002308,Deputy Superintendent,NAMAKKAL Station,NAMAKKAL,Circle Inspector,,,active,,imported,12fe593e-e883-5cac-9710-f2ba74198299,13_officer.csv,OFFICER-002308
4a5e56ba-a9d9-53d0-a294-95dc4958c1f4,,,TN-OFFICER-002309,Tamil Nadu Officer OFFICER-002309,Superintendent,NAGAPATTINAM Station,NAGAPATTINAM,Station House Officer,,,transferred,,imported,12fe593e-e883-5cac-9710-f2ba74198299,13_officer.csv,OFFICER-002309
a47d9642-d994-5b8e-8bd9-d18995011a34,,,TN-OFFICER-002310,Tamil Nadu Officer OFFICER-002310,Assistant Superintendent,THIRUVARUR Station,THIRUVARUR,Circle Inspector,,,active,,imported,12fe593e-e883-5cac-9710-f2ba74198299,13_officer.csv,OFFICER-002310
8ebabbc6-cbde-5e5d-bd67-024ccccaa6c1,,,TN-OFFICER-002311,Tamil Nadu Officer OFFICER-002311,Deputy Superintendent,DHARMAPURI Station,DHARMAPURI,Station House Officer,,,transferred,,imported,12fe593e-e883-5cac-9710-f2ba74198299,13_officer.csv,OFFICER-002311
9030fc5b-2e26-5d2a-93c2-f5e1aaadf0b9,,,TN-OFFICER-002312,Tamil Nadu Officer OFFICER-002312,Sub-Inspector,DHARMAPURI Station,DHARMAPURI,Police Officer,,,retired,,imported,12fe593e-e883-5cac-9710-f2ba74198299,13_officer.csv,OFFICER-002312
e0dd2a25-9d61-5498-85e2-07c9207508d2,,,TN-OFFICER-002313,Tamil Nadu Officer OFFICER-002313,Constable,THIRUVALLUR Station,THIRUVALLUR,Station House Officer,,,retired,,imported,12fe593e-e883-5cac-9710-f2ba74198299,13_officer.csv,OFFICER-002313
fbe3fbc7-c615-5243-b9df-204b20ab1871,,,TN-OFFICER-002314,Tamil Nadu Officer OFFICER-002314,Assistant Superintendent,KANCHEEPURAM Station,KANCHEEPURAM,Police Officer,,,retired,,imported,12fe593e-e883-5cac-9710-f2ba74198299,13_officer.csv,OFFICER-002314
13b5c91e-ed47-5166-8186-2390af0ad630,,,TN-OFFICER-002315,Tamil Nadu Officer OFFICER-002315,Inspector,SALEM Station,SALEM,Station House Officer,,,retired,,imported,12fe593e-e883-5cac-9710-f2ba74198299,13_officer.csv,OFFICER-002315
f02d42b1-141c-5a21-a107-33ef12498ceb,,,TN-OFFICER-002316,Tamil Nadu Officer OFFICER-002316,Superintendent,CHENGALPATTU Station,CHENGALPATTU,Police Officer,,,active,,imported,12fe593e-e883-5cac-9710-f2ba74198299,13_officer.csv,OFFICER-002316
3acbf10b-33c7-5baf-becf-01fbb23ebde6,,,TN-OFFICER-002317,Tamil Nadu Officer OFFICER-002317,Superintendent,RAMESWARAM Station,RAMESWARAM,Police Officer,,,suspended,,imported,12fe593e-e883-5cac-9710-f2ba74198299,13_officer.csv,OFFICER-002317
68277cc6-a117-5c62-ad8c-1945f6bab0fb,,,TN-OFFICER-002318,Tamil Nadu Officer OFFICER-002318,Sub-Inspector,KANCHEEPURAM Station,KANCHEEPURAM,Sub-Inspector,,,active,,imported,12fe593e-e883-5cac-9710-f2ba74198299,13_officer.csv,OFFICER-002318
bfdc4e9b-7f0c-55cc-a24d-d09ddc82e7b5,,,TN-OFFICER-002319,Tamil Nadu Officer OFFICER-002319,Constable,TIRUPPUR Station,TIRUPPUR,Police Officer,,,transferred,,imported,12fe593e-e883-5cac-9710-f2ba74198299,13_officer.csv,OFFICER-002319
0775e3e6-6d1b-5d23-a760-95b16c3b2da8,,,TN-OFFICER-002320,Tamil Nadu Officer OFFICER-002320,Assistant Superintendent,RANIPET Station,RANIPET,Police Officer,,,transferred,,imported,12fe593e-e883-5cac-9710-f2ba74198299,13_officer.csv,OFFICER-002320
7c158cdd-833d-54ac-be5e-4bfe018afac1,,,TN-OFFICER-002321,Tamil Nadu Officer OFFICER-002321,Assistant Superintendent,NAGAPATTINAM Station,NAGAPATTINAM,Police Officer,,,retired,,imported,12fe593e-e883-5cac-9710-f2ba74198299,13_officer.csv,OFFICER-002321
ce37f319-de5c-5e9e-b8a3-6b33b6221f75,,,TN-OFFICER-002322,Tamil Nadu Officer OFFICER-002322,Assistant Superintendent,TIRUNELVELI Station,TIRUNELVELI,Circle Inspector,,,active,,imported,12fe593e-e883-5cac-9710-f2ba74198299,13_officer.csv,OFFICER-002322
cb127509-d3fa-54dc-867c-619362db798d,,,TN-OFFICER-002323,Tamil Nadu Officer OFFICER-002323,Deputy Superintendent,VIRUDHUNAGAR Station,VIRUDHUNAGAR,Police Officer,,,transferred,,imported,12fe593e-e883-5cac-9710-f2ba74198299,13_officer.csv,OFFICER-002323
ff9065c5-40be-5cd0-b6df-545ef4afa82f,,,TN-OFFICER-002324,Tamil Nadu Officer OFFICER-002324,Deputy Superintendent,PUDUKOTTAI Station,PUDUKOTTAI,Sub-Inspector,,,active,,imported,12fe593e-e883-5cac-9710-f2ba74198299,13_officer.csv,OFFICER-002324
78eb4de0-4c51-5cf9-8b56-40dd38683c5c,,,TN-OFFICER-002325,Tamil Nadu Officer OFFICER-002325,Assistant Superintendent,RAMANATHAPURAM Station,RAMANATHAPURAM,Sub-Inspector,,,active,,imported,12fe593e-e883-5cac-9710-f2ba74198299,13_officer.csv,OFFICER-002325
82b82beb-9c27-51fc-9780-5c44635bea15,,,TN-OFFICER-002326,Tamil Nadu Officer OFFICER-002326,Sub-Inspector,DHARMAPURI Station,DHARMAPURI,Police Officer,,,retired,,imported,12fe593e-e883-5cac-9710-f2ba74198299,13_officer.csv,OFFICER-002326
447c6132-cc80-52e3-b71b-1aa8b73fb78a,,,TN-OFFICER-002327,Tamil Nadu Officer OFFICER-002327,Constable,ARIYALUR Station,ARIYALUR,Station House Officer,,,active,,imported,12fe593e-e883-5cac-9710-f2ba74198299,13_officer.csv,OFFICER-002327
afffce3f-22bb-5190-836f-5b68b3c28355,,,TN-OFFICER-002328,Tamil Nadu Officer OFFICER-002328,Inspector,ERODE Station,ERODE,Investigator,,,retired,,imported,12fe593e-e883-5cac-9710-f2ba74198299,13_officer.csv,OFFICER-002328
623c3690-25e9-54f9-badb-b740d7e9ba40,,,TN-OFFICER-002329,Tamil Nadu Officer OFFICER-002329,Superintendent,TIRUPPUR Station,TIRUPPUR,Sub-Inspector,,,suspended,,imported,12fe593e-e883-5cac-9710-f2ba74198299,13_officer.csv,OFFICER-002329
056fbe44-3ab1-5295-a545-7448a2a3fbbb,,,TN-OFFICER-002330,Tamil Nadu Officer OFFICER-002330,Inspector,DHARMAPURI Station,DHARMAPURI,Sub-Inspector,,,active,,imported,12fe593e-e883-5cac-9710-f2ba74198299,13_officer.csv,OFFICER-002330
7beca0b8-f732-55ac-acde-e60b9b75ebdb,,,TN-OFFICER-002331,Tamil Nadu Officer OFFICER-002331,Assistant Superintendent,THOOTHUKUDI Station,THOOTHUKUDI,Sub-Inspector,,,transferred,,imported,12fe593e-e883-5cac-9710-f2ba74198299,13_officer.csv,OFFICER-002331
22c0b6a6-db40-5b0b-bef2-c53488ea2764,,,TN-OFFICER-002332,Tamil Nadu Officer OFFICER-002332,Assistant Superintendent,TIRUVANNAMALAI Station,TIRUVANNAMALAI,Investigator,,,transferred,,imported,12fe593e-e883-5cac-9710-f2ba74198299,13_officer.csv,OFFICER-002332
29bb9821-7357-57db-800a-9ba1a4bd90ac,,,TN-OFFICER-002333,Tamil Nadu Officer OFFICER-002333,Sub-Inspector,ARIYALUR Station,ARIYALUR,Sub-Inspector,,,transferred,,imported,12fe593e-e883-5cac-9710-f2ba74198299,13_officer.csv,OFFICER-002333
24dc4712-1898-520e-ab08-dfa6de14542e,,,TN-OFFICER-002334,Tamil Nadu Officer OFFICER-002334,Assistant Superintendent,CHENNAI Station,CHENNAI,Station House Officer,,,transferred,,imported,12fe593e-e883-5cac-9710-f2ba74198299,13_officer.csv,OFFICER-002334
270d845b-08c8-5437-957a-974b8f89be8d,,,TN-OFFICER-002335,Tamil Nadu Officer OFFICER-002335,Assistant Superintendent,RANIPET Station,RANIPET,Station House Officer,,,suspended,,imported,12fe593e-e883-5cac-9710-f2ba74198299,13_officer.csv,OFFICER-002335
8f52467a-bbf3-5657-9a15-1ee8cfbd2d9e,,,TN-OFFICER-002336,Tamil Nadu Officer OFFICER-002336,Assistant Superintendent,TENKASI Station,TENKASI,Station House Officer,,,transferred,,imported,12fe593e-e883-5cac-9710-f2ba74198299,13_officer.csv,OFFICER-002336
52909108-d63e-537a-9fe4-801f485c3b03,,,TN-OFFICER-002337,Tamil Nadu Officer OFFICER-002337,Superintendent,THOOTHUKUDI Station,THOOTHUKUDI,Investigator,,,active,,imported,12fe593e-e883-5cac-9710-f2ba74198299,13_officer.csv,OFFICER-002337
9eb628e2-90e3-5045-87aa-ca0767f4ba09,,,TN-OFFICER-002338,Tamil Nadu Officer OFFICER-002338,Deputy Superintendent,THIRUVARUR Station,THIRUVARUR,Investigator,,,active,,imported,12fe593e-e883-5cac-9710-f2ba74198299,13_officer.csv,OFFICER-002338
deb1f8bb-b1f6-56ea-8e9a-1f7d4370b593,,,TN-OFFICER-002339,Tamil Nadu Officer OFFICER-002339,Superintendent,THOOTHUKUDI Station,THOOTHUKUDI,Police Officer,,,transferred,,imported,12fe593e-e883-5cac-9710-f2ba74198299,13_officer.csv,OFFICER-002339
e90caba3-1b46-5148-911d-3723ff665c7a,,,TN-OFFICER-002340,Tamil Nadu Officer OFFICER-002340,Deputy Superintendent,SIVAGANGA Station,SIVAGANGA,Sub-Inspector,,,suspended,,imported,12fe593e-e883-5cac-9710-f2ba74198299,13_officer.csv,OFFICER-002340
2b8eb0b6-3826-5093-9b32-e871f4688470,,,TN-OFFICER-002341,Tamil Nadu Officer OFFICER-002341,Superintendent,THIRUVARUR Station,THIRUVARUR,Station House Officer,,,active,,imported,12fe593e-e883-5cac-9710-f2ba74198299,13_officer.csv,OFFICER-002341
fc4437ea-19d0-5b9a-b546-aa0dfb058f68,,,TN-OFFICER-002342,Tamil Nadu Officer OFFICER-002342,Superintendent,TIRUPATHUR Station,TIRUPATHUR,Circle Inspector,,,retired,,imported,12fe593e-e883-5cac-9710-f2ba74198299,13_officer.csv,OFFICER-002342
07f05b43-5048-5000-995c-60f899fb932c,,,TN-OFFICER-002343,Tamil Nadu Officer OFFICER-002343,Superintendent,RANIPET Station,RANIPET,Station House Officer,,,retired,,imported,12fe593e-e883-5cac-9710-f2ba74198299,13_officer.csv,OFFICER-002343
d79bae9b-1554-518b-8802-6aefb23c3a9f,,,TN-OFFICER-002344,Tamil Nadu Officer OFFICER-002344,Assistant Superintendent,TIRUNELVELI Station,TIRUNELVELI,Station House Officer,,,retired,,imported,12fe593e-e883-5cac-9710-f2ba74198299,13_officer.csv,OFFICER-002344
8681f95b-c828-5976-a3e8-c3917bbd07cc,,,TN-OFFICER-002345,Tamil Nadu Officer OFFICER-002345,Superintendent,RAMESWARAM Station,RAMESWARAM,Investigator,,,suspended,,imported,12fe593e-e883-5cac-9710-f2ba74198299,13_officer.csv,OFFICER-002345
7c52a53b-d55c-5064-9b6a-72de0b6fdaf4,,,TN-OFFICER-002346,Tamil Nadu Officer OFFICER-002346,Superintendent,RANIPET Station,RANIPET,Police Officer,,,transferred,,imported,12fe593e-e883-5cac-9710-f2ba74198299,13_officer.csv,OFFICER-002346
bee9317f-724f-5e7f-b79e-c2398fd8c110,,,TN-OFFICER-002347,Tamil Nadu Officer OFFICER-002347,Constable,RANIPET Station,RANIPET,Station House Officer,,,retired,,imported,12fe593e-e883-5cac-9710-f2ba74198299,13_officer.csv,OFFICER-002347
21834586-c164-59ea-963f-823bd5aa4d28,,,TN-OFFICER-002348,Tamil Nadu Officer OFFICER-002348,Constable,THENI Station,THENI,Circle Inspector,,,suspended,,imported,12fe593e-e883-5cac-9710-f2ba74198299,13_officer.csv,OFFICER-002348
77995531-8963-52b7-9bc5-33dc1e25ccdc,,,TN-OFFICER-002349,Tamil Nadu Officer OFFICER-002349,Assistant Superintendent,TIRUNELVELI Station,TIRUNELVELI,Investigator,,,active,,imported,12fe593e-e883-5cac-9710-f2ba74198299,13_officer.csv,OFFICER-002349
fd6e92e6-e2b1-5b10-a14a-7ff27ce24ae2,,,TN-OFFICER-002350,Tamil Nadu Officer OFFICER-002350,Constable,CHENNAI Station,CHENNAI,Circle Inspector,,,suspended,,imported,12fe593e-e883-5cac-9710-f2ba74198299,13_officer.csv,OFFICER-002350
28325b4f-d2e3-52cb-b125-6a332ecfdc3d,,,TN-OFFICER-002351,Tamil Nadu Officer OFFICER-002351,Deputy Superintendent,THOOTHUKUDI Station,THOOTHUKUDI,Police Officer,,,active,,imported,12fe593e-e883-5cac-9710-f2ba74198299,13_officer.csv,OFFICER-002351
ea537f4a-0702-5115-aec6-d2e67f3eee54,,,TN-OFFICER-002352,Tamil Nadu Officer OFFICER-002352,Deputy Superintendent,VILUPPURAM Station,VILUPPURAM,Station House Officer,,,suspended,,imported,12fe593e-e883-5cac-9710-f2ba74198299,13_officer.csv,OFFICER-002352
97964040-0078-56b0-8df5-0728fcbf26dc,,,TN-OFFICER-002353,Tamil Nadu Officer OFFICER-002353,Assistant Superintendent,TIRUPPUR Station,TIRUPPUR,Circle Inspector,,,active,,imported,12fe593e-e883-5cac-9710-f2ba74198299,13_officer.csv,OFFICER-002353
4cbd4834-0021-5948-8545-41a237a8f77c,,,TN-OFFICER-002354,Tamil Nadu Officer OFFICER-002354,Constable,TIRUVANNAMALAI Station,TIRUVANNAMALAI,Station House Officer,,,retired,,imported,12fe593e-e883-5cac-9710-f2ba74198299,13_officer.csv,OFFICER-002354
c4ccc551-eb0c-58c5-b5c1-dc17c58abc94,,,TN-OFFICER-002355,Tamil Nadu Officer OFFICER-002355,Constable,CUDDALORE Station,CUDDALORE,Police Officer,,,active,,imported,12fe593e-e883-5cac-9710-f2ba74198299,13_officer.csv,OFFICER-002355
c3866708-38a0-5602-adb8-d7f8bd4a0791,,,TN-OFFICER-002356,Tamil Nadu Officer OFFICER-002356,Inspector,PUDUKOTTAI Station,PUDUKOTTAI,Investigator,,,suspended,,imported,12fe593e-e883-5cac-9710-f2ba74198299,13_officer.csv,OFFICER-002356
47030562-5ed1-57e6-8173-5e25c0a88849,,,TN-OFFICER-002357,Tamil Nadu Officer OFFICER-002357,Sub-Inspector,TIRUCHIRAPPALLI Station,TIRUCHIRAPPALLI,Police Officer,,,transferred,,imported,12fe593e-e883-5cac-9710-f2ba74198299,13_officer.csv,OFFICER-002357
ff11b1a3-75f1-5339-81c7-53c75b6911a8,,,TN-OFFICER-002358,Tamil Nadu Officer OFFICER-002358,Inspector,RAMANATHAPURAM Station,RAMANATHAPURAM,Investigator,,,active,,imported,12fe593e-e883-5cac-9710-f2ba74198299,13_officer.csv,OFFICER-002358
27498b99-be61-5657-b66b-bb7378ba34e4,,,TN-OFFICER-002359,Tamil Nadu Officer OFFICER-002359,Inspector,DHARMAPURI Station,DHARMAPURI,Circle Inspector,,,active,,imported,12fe593e-e883-5cac-9710-f2ba74198299,13_officer.csv,OFFICER-002359
ca2daf6b-0fa9-5e13-a4c8-a13a3ba89545,,,TN-OFFICER-002360,Tamil Nadu Officer OFFICER-002360,Deputy Superintendent,RAMESWARAM Station,RAMESWARAM,Police Officer,,,transferred,,imported,12fe593e-e883-5cac-9710-f2ba74198299,13_officer.csv,OFFICER-002360
e28c6aca-2d33-5523-8989-84820e1da724,,,TN-OFFICER-002361,Tamil Nadu Officer OFFICER-002361,Inspector,KUMBAKONAM Station,KUMBAKONAM,Police Officer,,,active,,imported,12fe593e-e883-5cac-9710-f2ba74198299,13_officer.csv,OFFICER-002361
22ebded9-00af-52fa-a263-a7b93cd58a9c,,,TN-OFFICER-002362,Tamil Nadu Officer OFFICER-002362,Deputy Superintendent,VIRUDHUNAGAR Station,VIRUDHUNAGAR,Circle Inspector,,,suspended,,imported,12fe593e-e883-5cac-9710-f2ba74198299,13_officer.csv,OFFICER-002362
461b1ab9-aefb-5715-a913-c4a383d26a80,,,TN-OFFICER-002363,Tamil Nadu Officer OFFICER-002363,Constable,KUMBAKONAM Station,KUMBAKONAM,Sub-Inspector,,,active,,imported,12fe593e-e883-5cac-9710-f2ba74198299,13_officer.csv,OFFICER-002363
80804d97-8b91-502a-b02d-0934ff140bea,,,TN-OFFICER-002364,Tamil Nadu Officer OFFICER-002364,Constable,NAGAPATTINAM Station,NAGAPATTINAM,Station House Officer,,,transferred,,imported,12fe593e-e883-5cac-9710-f2ba74198299,13_officer.csv,OFFICER-002364
8503f2d2-4be8-521f-a16f-e3eaf430638f,,,TN-OFFICER-002365,Tamil Nadu Officer OFFICER-002365,Assistant Superintendent,KRISHNAGIRI Station,KRISHNAGIRI,Station House Officer,,,retired,,imported,12fe593e-e883-5cac-9710-f2ba74198299,13_officer.csv,OFFICER-002365
09b78a6c-60dc-5414-ac85-431a5c0cf56c,,,TN-OFFICER-002366,Tamil Nadu Officer OFFICER-002366,Sub-Inspector,NAMAKKAL Station,NAMAKKAL,Circle Inspector,,,active,,imported,12fe593e-e883-5cac-9710-f2ba74198299,13_officer.csv,OFFICER-002366
f1c04a59-9c89-57e4-81a3-086e99925277,,,TN-OFFICER-002367,Tamil Nadu Officer OFFICER-002367,Assistant Superintendent,NAGAPATTINAM Station,NAGAPATTINAM,Sub-Inspector,,,suspended,,imported,12fe593e-e883-5cac-9710-f2ba74198299,13_officer.csv,OFFICER-002367
378041ca-6694-5c59-877d-92c1a96b81e5,,,TN-OFFICER-002368,Tamil Nadu Officer OFFICER-002368,Sub-Inspector,SALEM Station,SALEM,Investigator,,,retired,,imported,12fe593e-e883-5cac-9710-f2ba74198299,13_officer.csv,OFFICER-002368
0c6f720a-fd00-52d8-b0a9-b671963031f7,,,TN-OFFICER-002369,Tamil Nadu Officer OFFICER-002369,Constable,CHENNAI Station,CHENNAI,Sub-Inspector,,,transferred,,imported,12fe593e-e883-5cac-9710-f2ba74198299,13_officer.csv,OFFICER-002369
6e00d9ae-b8fa-52a2-930e-93a86b774d50,,,TN-OFFICER-002370,Tamil Nadu Officer OFFICER-002370,Sub-Inspector,KANYAKUMARI Station,KANYAKUMARI,Sub-Inspector,,,transferred,,imported,12fe593e-e883-5cac-9710-f2ba74198299,13_officer.csv,OFFICER-002370
3e1e8b48-1b9f-56e8-9d24-e1f52e90f4c0,,,TN-OFFICER-002371,Tamil Nadu Officer OFFICER-002371,Constable,KANCHEEPURAM Station,KANCHEEPURAM,Circle Inspector,,,suspended,,imported,12fe593e-e883-5cac-9710-f2ba74198299,13_officer.csv,OFFICER-002371
72354da8-6b94-5578-ac81-21fd939b8bb6,,,TN-OFFICER-002372,Tamil Nadu Officer OFFICER-002372,Assistant Superintendent,TIRUCHIRAPPALLI Station,TIRUCHIRAPPALLI,Sub-Inspector,,,retired,,imported,12fe593e-e883-5cac-9710-f2ba74198299,13_officer.csv,OFFICER-002372
cc1035b7-1bc2-51d8-ac1d-eb87924daabb,,,TN-OFFICER-002373,Tamil Nadu Officer OFFICER-002373,Inspector,KUMBAKONAM Station,KUMBAKONAM,Circle Inspector,,,active,,imported,12fe593e-e883-5cac-9710-f2ba74198299,13_officer.csv,OFFICER-002373
6ad20d0a-540b-56e3-9ee0-7855ce0edca7,,,TN-OFFICER-002374,Tamil Nadu Officer OFFICER-002374,Sub-Inspector,KANYAKUMARI Station,KANYAKUMARI,Circle Inspector,,,retired,,imported,12fe593e-e883-5cac-9710-f2ba74198299,13_officer.csv,OFFICER-002374
6b0602a7-4a1f-54ac-9bb0-3c42001f5198,,,TN-OFFICER-002375,Tamil Nadu Officer OFFICER-002375,Assistant Superintendent,TIRUVANNAMALAI Station,TIRUVANNAMALAI,Station House Officer,,,suspended,,imported,12fe593e-e883-5cac-9710-f2ba74198299,13_officer.csv,OFFICER-002375
93b4b4e0-8279-5723-8b82-d60a4aab6b2f,,,TN-OFFICER-002376,Tamil Nadu Officer OFFICER-002376,Superintendent,TIRUNELVELI Station,TIRUNELVELI,Sub-Inspector,,,active,,imported,12fe593e-e883-5cac-9710-f2ba74198299,13_officer.csv,OFFICER-002376
2ff517ea-d84a-5e36-a493-a9d7b98b0360,,,TN-OFFICER-002377,Tamil Nadu Officer OFFICER-002377,Assistant Superintendent,RAMANATHAPURAM Station,RAMANATHAPURAM,Sub-Inspector,,,retired,,imported,12fe593e-e883-5cac-9710-f2ba74198299,13_officer.csv,OFFICER-002377
bc6ec4a7-70e3-54bf-8ae4-b985e67014f2,,,TN-OFFICER-002378,Tamil Nadu Officer OFFICER-002378,Sub-Inspector,RAMANATHAPURAM Station,RAMANATHAPURAM,Police Officer,,,retired,,imported,12fe593e-e883-5cac-9710-f2ba74198299,13_officer.csv,OFFICER-002378
556a4081-7be8-5ed0-8b0e-f2f020a78b09,,,TN-OFFICER-002379,Tamil Nadu Officer OFFICER-002379,Assistant Superintendent,DINDIGUL Station,DINDIGUL,Sub-Inspector,,,suspended,,imported,12fe593e-e883-5cac-9710-f2ba74198299,13_officer.csv,OFFICER-002379
9ed93dae-0bcf-524a-8712-4fb5a4a9dc58,,,TN-OFFICER-002380,Tamil Nadu Officer OFFICER-002380,Superintendent,ERODE Station,ERODE,Sub-Inspector,,,suspended,,imported,12fe593e-e883-5cac-9710-f2ba74198299,13_officer.csv,OFFICER-002380
ffac134b-d6e9-55cd-b7ea-0989e6b21972,,,TN-OFFICER-002381,Tamil Nadu Officer OFFICER-002381,Deputy Superintendent,KUMBAKONAM Station,KUMBAKONAM,Police Officer,,,suspended,,imported,12fe593e-e883-5cac-9710-f2ba74198299,13_officer.csv,OFFICER-002381
7724283f-2b14-504b-bb2b-0dc9d958af02,,,TN-OFFICER-002382,Tamil Nadu Officer OFFICER-002382,Deputy Superintendent,THIRUVARUR Station,THIRUVARUR,Investigator,,,transferred,,imported,12fe593e-e883-5cac-9710-f2ba74198299,13_officer.csv,OFFICER-002382
2cc69a23-f4ec-5358-9608-2f99da916fae,,,TN-OFFICER-002383,Tamil Nadu Officer OFFICER-002383,Inspector,VIRUDHUNAGAR Station,VIRUDHUNAGAR,Investigator,,,retired,,imported,12fe593e-e883-5cac-9710-f2ba74198299,13_officer.csv,OFFICER-002383
a37eaedf-e25e-5c1e-a7c3-31664ad447a1,,,TN-OFFICER-002384,Tamil Nadu Officer OFFICER-002384,Assistant Superintendent,KUMBAKONAM Station,KUMBAKONAM,Circle Inspector,,,active,,imported,12fe593e-e883-5cac-9710-f2ba74198299,13_officer.csv,OFFICER-002384
c9637fa4-47e1-5b67-8e71-62c1eb25ba1f,,,TN-OFFICER-002385,Tamil Nadu Officer OFFICER-002385,Deputy Superintendent,THIRUVALLUR Station,THIRUVALLUR,Police Officer,,,active,,imported,12fe593e-e883-5cac-9710-f2ba74198299,13_officer.csv,OFFICER-002385
0c71c4ab-83cb-55b3-b935-21ec02cf10b0,,,TN-OFFICER-002386,Tamil Nadu Officer OFFICER-002386,Superintendent,ARIYALUR Station,ARIYALUR,Sub-Inspector,,,retired,,imported,12fe593e-e883-5cac-9710-f2ba74198299,13_officer.csv,OFFICER-002386
668c2915-5ded-5a03-85fa-44686fe4e51d,,,TN-OFFICER-002387,Tamil Nadu Officer OFFICER-002387,Superintendent,RAMANATHAPURAM Station,RAMANATHAPURAM,Station House Officer,,,suspended,,imported,12fe593e-e883-5cac-9710-f2ba74198299,13_officer.csv,OFFICER-002387
ed73194b-b29d-54cd-a52b-7e717d2b14de,,,TN-OFFICER-002388,Tamil Nadu Officer OFFICER-002388,Constable,KARUR Station,KARUR,Sub-Inspector,,,retired,,imported,12fe593e-e883-5cac-9710-f2ba74198299,13_officer.csv,OFFICER-002388
da75f2a6-e12c-5dfe-a3ce-a75e722b6973,,,TN-OFFICER-002389,Tamil Nadu Officer OFFICER-002389,Sub-Inspector,CUDDALORE Station,CUDDALORE,Police Officer,,,transferred,,imported,12fe593e-e883-5cac-9710-f2ba74198299,13_officer.csv,OFFICER-002389
23a08faa-43b0-5310-a26a-caa67e8a707f,,,TN-OFFICER-002390,Tamil Nadu Officer OFFICER-002390,Sub-Inspector,PUDUKOTTAI Station,PUDUKOTTAI,Circle Inspector,,,suspended,,imported,12fe593e-e883-5cac-9710-f2ba74198299,13_officer.csv,OFFICER-002390
cf1903f9-7828-5336-b07c-2e4eccf827a8,,,TN-OFFICER-002391,Tamil Nadu Officer OFFICER-002391,Sub-Inspector,KRISHNAGIRI Station,KRISHNAGIRI,Station House Officer,,,suspended,,imported,12fe593e-e883-5cac-9710-f2ba74198299,13_officer.csv,OFFICER-002391
88619482-f73d-5b13-85f6-86b756acadea,,,TN-OFFICER-002392,Tamil Nadu Officer OFFICER-002392,Deputy Superintendent,PUDUKOTTAI Station,PUDUKOTTAI,Investigator,,,transferred,,imported,12fe593e-e883-5cac-9710-f2ba74198299,13_officer.csv,OFFICER-002392
fef34463-4997-5248-bc49-b5962e10b1ad,,,TN-OFFICER-002393,Tamil Nadu Officer OFFICER-002393,Deputy Superintendent,THENI Station,THENI,Station House Officer,,,suspended,,imported,12fe593e-e883-5cac-9710-f2ba74198299,13_officer.csv,OFFICER-002393
190683a0-b00b-5d87-b350-99f110f4f719,,,TN-OFFICER-002394,Tamil Nadu Officer OFFICER-002394,Sub-Inspector,TIRUCHIRAPPALLI Station,TIRUCHIRAPPALLI,Police Officer,,,active,,imported,12fe593e-e883-5cac-9710-f2ba74198299,13_officer.csv,OFFICER-002394
97a6ee57-3fa8-58cc-a2ff-f39636c8250b,,,TN-OFFICER-002395,Tamil Nadu Officer OFFICER-002395,Superintendent,CHENGALPATTU Station,CHENGALPATTU,Police Officer,,,active,,imported,12fe593e-e883-5cac-9710-f2ba74198299,13_officer.csv,OFFICER-002395
efb57393-bdf5-5334-8ece-9d5178f570b9,,,TN-OFFICER-002396,Tamil Nadu Officer OFFICER-002396,Deputy Superintendent,KUMBAKONAM Station,KUMBAKONAM,Investigator,,,retired,,imported,12fe593e-e883-5cac-9710-f2ba74198299,13_officer.csv,OFFICER-002396
d624a687-3ed4-596e-bdef-da478cf9415c,,,TN-OFFICER-002397,Tamil Nadu Officer OFFICER-002397,Assistant Superintendent,COIMBATORE Station,COIMBATORE,Investigator,,,retired,,imported,12fe593e-e883-5cac-9710-f2ba74198299,13_officer.csv,OFFICER-002397
681b58d4-2036-527f-a3ca-1110fd6ee7cb,,,TN-OFFICER-002398,Tamil Nadu Officer OFFICER-002398,Superintendent,TENKASI Station,TENKASI,Sub-Inspector,,,active,,imported,12fe593e-e883-5cac-9710-f2ba74198299,13_officer.csv,OFFICER-002398
56f3e923-6ede-5079-aa53-dbac6b5bf3ba,,,TN-OFFICER-002399,Tamil Nadu Officer OFFICER-002399,Superintendent,CHENNAI Station,CHENNAI,Police Officer,,,retired,,imported,12fe593e-e883-5cac-9710-f2ba74198299,13_officer.csv,OFFICER-002399
c07462a9-3b2d-58a6-8ba1-626180686f3a,,,TN-OFFICER-002400,Tamil Nadu Officer OFFICER-002400,Assistant Superintendent,THOOTHUKUDI Station,THOOTHUKUDI,Station House Officer,,,retired,,imported,12fe593e-e883-5cac-9710-f2ba74198299,13_officer.csv,OFFICER-002400
23e1a04c-76cb-5170-a0e1-96d1061e2361,,,TN-OFFICER-002401,Tamil Nadu Officer OFFICER-002401,Inspector,DHARMAPURI Station,DHARMAPURI,Circle Inspector,,,transferred,,imported,12fe593e-e883-5cac-9710-f2ba74198299,13_officer.csv,OFFICER-002401
4d89d812-165b-5093-a954-c0f2607c08a6,,,TN-OFFICER-002402,Tamil Nadu Officer OFFICER-002402,Deputy Superintendent,RAMANATHAPURAM Station,RAMANATHAPURAM,Circle Inspector,,,suspended,,imported,12fe593e-e883-5cac-9710-f2ba74198299,13_officer.csv,OFFICER-002402
c1ad4d59-0d30-597b-b2a3-6f747a6b0fb7,,,TN-OFFICER-002403,Tamil Nadu Officer OFFICER-002403,Sub-Inspector,KANYAKUMARI Station,KANYAKUMARI,Sub-Inspector,,,transferred,,imported,12fe593e-e883-5cac-9710-f2ba74198299,13_officer.csv,OFFICER-002403
8536481a-d909-5b20-8c02-f25f13b67542,,,TN-OFFICER-002404,Tamil Nadu Officer OFFICER-002404,Superintendent,KALLAKURICHI Station,KALLAKURICHI,Circle Inspector,,,retired,,imported,12fe593e-e883-5cac-9710-f2ba74198299,13_officer.csv,OFFICER-002404
69cc87bc-1f20-5c5c-a1df-6c9fb51ebc2d,,,TN-OFFICER-002405,Tamil Nadu Officer OFFICER-002405,Constable,SIVAGANGA Station,SIVAGANGA,Police Officer,,,retired,,imported,12fe593e-e883-5cac-9710-f2ba74198299,13_officer.csv,OFFICER-002405
e50c5125-8770-5d59-a410-958580ea94fa,,,TN-OFFICER-002406,Tamil Nadu Officer OFFICER-002406,Inspector,VIRUDHUNAGAR Station,VIRUDHUNAGAR,Sub-Inspector,,,retired,,imported,12fe593e-e883-5cac-9710-f2ba74198299,13_officer.csv,OFFICER-002406
d351648e-d1bb-5f45-a2ab-e0118f887032,,,TN-OFFICER-002407,Tamil Nadu Officer OFFICER-002407,Superintendent,KUMBAKONAM Station,KUMBAKONAM,Police Officer,,,transferred,,imported,12fe593e-e883-5cac-9710-f2ba74198299,13_officer.csv,OFFICER-002407
f1e96ca2-4364-5d55-bc3b-21d1d72e3150,,,TN-OFFICER-002408,Tamil Nadu Officer OFFICER-002408,Inspector,KANYAKUMARI Station,KANYAKUMARI,Circle Inspector,,,retired,,imported,12fe593e-e883-5cac-9710-f2ba74198299,13_officer.csv,OFFICER-002408
f3a76273-c794-57e5-86a2-ff38dab320fa,,,TN-OFFICER-002409,Tamil Nadu Officer OFFICER-002409,Superintendent,SALEM Station,SALEM,Police Officer,,,retired,,imported,12fe593e-e883-5cac-9710-f2ba74198299,13_officer.csv,OFFICER-002409
33c92fb4-e95a-5d8c-8ddd-3b75a591063a,,,TN-OFFICER-002410,Tamil Nadu Officer OFFICER-002410,Deputy Superintendent,TIRUCHIRAPPALLI Station,TIRUCHIRAPPALLI,Sub-Inspector,,,active,,imported,12fe593e-e883-5cac-9710-f2ba74198299,13_officer.csv,OFFICER-002410
4b79fa75-965e-5114-9a85-2eb116095864,,,TN-OFFICER-002411,Tamil Nadu Officer OFFICER-002411,Constable,CHENGALPATTU Station,CHENGALPATTU,Sub-Inspector,,,transferred,,imported,12fe593e-e883-5cac-9710-f2ba74198299,13_officer.csv,OFFICER-002411
189a531b-7c06-5edd-96de-b3a8ff65d263,,,TN-OFFICER-002412,Tamil Nadu Officer OFFICER-002412,Inspector,KRISHNAGIRI Station,KRISHNAGIRI,Circle Inspector,,,active,,imported,12fe593e-e883-5cac-9710-f2ba74198299,13_officer.csv,OFFICER-002412
75a45828-c113-5777-a181-bc800f8e2788,,,TN-OFFICER-002413,Tamil Nadu Officer OFFICER-002413,Superintendent,THE_NILGIRIS Station,THE_NILGIRIS,Circle Inspector,,,active,,imported,12fe593e-e883-5cac-9710-f2ba74198299,13_officer.csv,OFFICER-002413
f1263e28-7512-58af-8951-a729ba4b992a,,,TN-OFFICER-002414,Tamil Nadu Officer OFFICER-002414,Sub-Inspector,THIRUVALLUR Station,THIRUVALLUR,Sub-Inspector,,,active,,imported,12fe593e-e883-5cac-9710-f2ba74198299,13_officer.csv,OFFICER-002414
178c737e-f6aa-5082-ab46-290bd7198454,,,TN-OFFICER-002415,Tamil Nadu Officer OFFICER-002415,Superintendent,ERODE Station,ERODE,Circle Inspector,,,suspended,,imported,12fe593e-e883-5cac-9710-f2ba74198299,13_officer.csv,OFFICER-002415
87de9d93-67eb-5711-9ef2-51bac48ceb72,,,TN-OFFICER-002416,Tamil Nadu Officer OFFICER-002416,Constable,RANIPET Station,RANIPET,Police Officer,,,active,,imported,12fe593e-e883-5cac-9710-f2ba74198299,13_officer.csv,OFFICER-002416
e726a841-7b42-5581-962b-e91e67b6013e,,,TN-OFFICER-002417,Tamil Nadu Officer OFFICER-002417,Assistant Superintendent,KARUR Station,KARUR,Police Officer,,,transferred,,imported,12fe593e-e883-5cac-9710-f2ba74198299,13_officer.csv,OFFICER-002417
b8e1cda6-8d11-557c-93b3-69dc57fe8287,,,TN-OFFICER-002418,Tamil Nadu Officer OFFICER-002418,Superintendent,TIRUPPUR Station,TIRUPPUR,Investigator,,,transferred,,imported,12fe593e-e883-5cac-9710-f2ba74198299,13_officer.csv,OFFICER-002418
11659296-1a41-5341-a329-bc97cc22c16f,,,TN-OFFICER-002419,Tamil Nadu Officer OFFICER-002419,Assistant Superintendent,TIRUPATHUR Station,TIRUPATHUR,Circle Inspector,,,transferred,,imported,12fe593e-e883-5cac-9710-f2ba74198299,13_officer.csv,OFFICER-002419
6d93c733-79ce-5019-9087-daf670f14e92,,,TN-OFFICER-002420,Tamil Nadu Officer OFFICER-002420,Assistant Superintendent,KANCHEEPURAM Station,KANCHEEPURAM,Police Officer,,,transferred,,imported,12fe593e-e883-5cac-9710-f2ba74198299,13_officer.csv,OFFICER-002420
aeec3513-9432-5520-bc0c-efe9ce5e3f0b,,,TN-OFFICER-002421,Tamil Nadu Officer OFFICER-002421,Superintendent,RAMANATHAPURAM Station,RAMANATHAPURAM,Police Officer,,,active,,imported,12fe593e-e883-5cac-9710-f2ba74198299,13_officer.csv,OFFICER-002421
5b9945d1-e9de-548c-b67d-68598b3b4d05,,,TN-OFFICER-002422,Tamil Nadu Officer OFFICER-002422,Assistant Superintendent,KARUR Station,KARUR,Investigator,,,suspended,,imported,12fe593e-e883-5cac-9710-f2ba74198299,13_officer.csv,OFFICER-002422
bbc072dd-0499-58bf-914c-dca3a3b7637a,,,TN-OFFICER-002423,Tamil Nadu Officer OFFICER-002423,Superintendent,CHENNAI Station,CHENNAI,Police Officer,,,transferred,,imported,12fe593e-e883-5cac-9710-f2ba74198299,13_officer.csv,OFFICER-002423
9659d599-5ba6-5687-85f6-841f654b7c51,,,TN-OFFICER-002424,Tamil Nadu Officer OFFICER-002424,Assistant Superintendent,RAMANATHAPURAM Station,RAMANATHAPURAM,Police Officer,,,transferred,,imported,12fe593e-e883-5cac-9710-f2ba74198299,13_officer.csv,OFFICER-002424
69285b6e-0d41-5a51-a283-670bc60fca6a,,,TN-OFFICER-002425,Tamil Nadu Officer OFFICER-002425,Inspector,KARUR Station,KARUR,Circle Inspector,,,transferred,,imported,12fe593e-e883-5cac-9710-f2ba74198299,13_officer.csv,OFFICER-002425
fe37fb7b-4a7d-5e53-8881-be92157b6259,,,TN-OFFICER-002426,Tamil Nadu Officer OFFICER-002426,Superintendent,ARIYALUR Station,ARIYALUR,Sub-Inspector,,,active,,imported,12fe593e-e883-5cac-9710-f2ba74198299,13_officer.csv,OFFICER-002426
b8778aff-e6bc-5753-8779-6e1eb4314b06,,,TN-OFFICER-002427,Tamil Nadu Officer OFFICER-002427,Inspector,KRISHNAGIRI Station,KRISHNAGIRI,Station House Officer,,,retired,,imported,12fe593e-e883-5cac-9710-f2ba74198299,13_officer.csv,OFFICER-002427
e5354931-52c1-5b9b-b71d-5c7604eb4494,,,TN-OFFICER-002428,Tamil Nadu Officer OFFICER-002428,Inspector,KUMBAKONAM Station,KUMBAKONAM,Sub-Inspector,,,active,,imported,12fe593e-e883-5cac-9710-f2ba74198299,13_officer.csv,OFFICER-002428
84e05bd8-158f-532b-b829-8181e2731db1,,,TN-OFFICER-002429,Tamil Nadu Officer OFFICER-002429,Sub-Inspector,TIRUPPUR Station,TIRUPPUR,Sub-Inspector,,,active,,imported,12fe593e-e883-5cac-9710-f2ba74198299,13_officer.csv,OFFICER-002429
08c7dc21-8e52-5f80-8068-3d2d6f463cbd,,,TN-OFFICER-002430,Tamil Nadu Officer OFFICER-002430,Superintendent,DHARMAPURI Station,DHARMAPURI,Police Officer,,,retired,,imported,12fe593e-e883-5cac-9710-f2ba74198299,13_officer.csv,OFFICER-002430
88a0c91b-6cc7-5697-8fea-82bd19bd6e76,,,TN-OFFICER-002431,Tamil Nadu Officer OFFICER-002431,Superintendent,KANCHEEPURAM Station,KANCHEEPURAM,Investigator,,,suspended,,imported,12fe593e-e883-5cac-9710-f2ba74198299,13_officer.csv,OFFICER-002431
927b18ed-ce99-51f9-a16e-831cc0ec3b59,,,TN-OFFICER-002432,Tamil Nadu Officer OFFICER-002432,Constable,KANCHEEPURAM Station,KANCHEEPURAM,Investigator,,,retired,,imported,12fe593e-e883-5cac-9710-f2ba74198299,13_officer.csv,OFFICER-002432
77cf6d6c-d51b-50c8-aa6a-b26f3934fe14,,,TN-OFFICER-002433,Tamil Nadu Officer OFFICER-002433,Deputy Superintendent,MAYILADUTHURAI Station,MAYILADUTHURAI,Sub-Inspector,,,suspended,,imported,12fe593e-e883-5cac-9710-f2ba74198299,13_officer.csv,OFFICER-002433
d7bacfbd-8fa8-5e6c-a0c2-f6dfbee853a0,,,TN-OFFICER-002434,Tamil Nadu Officer OFFICER-002434,Deputy Superintendent,NAGAPATTINAM Station,NAGAPATTINAM,Circle Inspector,,,transferred,,imported,12fe593e-e883-5cac-9710-f2ba74198299,13_officer.csv,OFFICER-002434
9f358de8-f599-583b-8048-ef5a4c22cbe7,,,TN-OFFICER-002435,Tamil Nadu Officer OFFICER-002435,Superintendent,NAMAKKAL Station,NAMAKKAL,Sub-Inspector,,,suspended,,imported,12fe593e-e883-5cac-9710-f2ba74198299,13_officer.csv,OFFICER-002435
2998e3d3-6c9f-5eab-90ff-3c76368d7b89,,,TN-OFFICER-002436,Tamil Nadu Officer OFFICER-002436,Constable,NAMAKKAL Station,NAMAKKAL,Investigator,,,transferred,,imported,12fe593e-e883-5cac-9710-f2ba74198299,13_officer.csv,OFFICER-002436
933ca9cf-ca21-54bd-a251-3064440d93a6,,,TN-OFFICER-002437,Tamil Nadu Officer OFFICER-002437,Assistant Superintendent,NAGAPATTINAM Station,NAGAPATTINAM,Investigator,,,suspended,,imported,12fe593e-e883-5cac-9710-f2ba74198299,13_officer.csv,OFFICER-002437
1107542c-c08f-5c47-a949-c127355213b8,,,TN-OFFICER-002438,Tamil Nadu Officer OFFICER-002438,Assistant Superintendent,THOOTHUKUDI Station,THOOTHUKUDI,Station House Officer,,,suspended,,imported,12fe593e-e883-5cac-9710-f2ba74198299,13_officer.csv,OFFICER-002438
e6acfdb2-8457-5f72-95b9-b7be716ac550,,,TN-OFFICER-002439,Tamil Nadu Officer OFFICER-002439,Superintendent,MADURAI Station,MADURAI,Station House Officer,,,active,,imported,12fe593e-e883-5cac-9710-f2ba74198299,13_officer.csv,OFFICER-002439
b85f6ec1-41fa-5e8d-a76b-34ef0ff6deca,,,TN-OFFICER-002440,Tamil Nadu Officer OFFICER-002440,Constable,RAMESWARAM Station,RAMESWARAM,Circle Inspector,,,retired,,imported,12fe593e-e883-5cac-9710-f2ba74198299,13_officer.csv,OFFICER-002440
96bdf62b-f1b0-5f6b-a1ca-47994709e27b,,,TN-OFFICER-002441,Tamil Nadu Officer OFFICER-002441,Sub-Inspector,MAYILADUTHURAI Station,MAYILADUTHURAI,Station House Officer,,,active,,imported,12fe593e-e883-5cac-9710-f2ba74198299,13_officer.csv,OFFICER-002441
435ea314-2ae7-5d4a-ba2d-c1ff6ea4ecf4,,,TN-OFFICER-002442,Tamil Nadu Officer OFFICER-002442,Deputy Superintendent,CHENGALPATTU Station,CHENGALPATTU,Circle Inspector,,,retired,,imported,12fe593e-e883-5cac-9710-f2ba74198299,13_officer.csv,OFFICER-002442
0ecc92d8-37c8-5ab6-9c3e-0fb0d4c46d89,,,TN-OFFICER-002443,Tamil Nadu Officer OFFICER-002443,Constable,RANIPET Station,RANIPET,Investigator,,,transferred,,imported,12fe593e-e883-5cac-9710-f2ba74198299,13_officer.csv,OFFICER-002443
a929c0ef-ebff-5f6e-8315-f214d0e52c85,,,TN-OFFICER-002444,Tamil Nadu Officer OFFICER-002444,Constable,PUDUKOTTAI Station,PUDUKOTTAI,Circle Inspector,,,suspended,,imported,12fe593e-e883-5cac-9710-f2ba74198299,13_officer.csv,OFFICER-002444
95d23fb9-c2e1-5ce4-a77f-d978b69fcc8c,,,TN-OFFICER-002445,Tamil Nadu Officer OFFICER-002445,Assistant Superintendent,DINDIGUL Station,DINDIGUL,Sub-Inspector,,,retired,,imported,12fe593e-e883-5cac-9710-f2ba74198299,13_officer.csv,OFFICER-002445
0c910660-b6b2-594f-9d94-878a2b5b34b8,,,TN-OFFICER-002446,Tamil Nadu Officer OFFICER-002446,Assistant Superintendent,ARIYALUR Station,ARIYALUR,Circle Inspector,,,active,,imported,12fe593e-e883-5cac-9710-f2ba74198299,13_officer.csv,OFFICER-002446
04c9b316-bd81-5ab1-a5fb-2f4558e01cdb,,,TN-OFFICER-002447,Tamil Nadu Officer OFFICER-002447,Deputy Superintendent,DHARMAPURI Station,DHARMAPURI,Station House Officer,,,retired,,imported,12fe593e-e883-5cac-9710-f2ba74198299,13_officer.csv,OFFICER-002447
063fd4fb-1862-5b50-a226-4f834fe7d101,,,TN-OFFICER-002448,Tamil Nadu Officer OFFICER-002448,Sub-Inspector,VIRUDHUNAGAR Station,VIRUDHUNAGAR,Investigator,,,suspended,,imported,12fe593e-e883-5cac-9710-f2ba74198299,13_officer.csv,OFFICER-002448
a9484112-f624-5726-9caa-37de0247bfed,,,TN-OFFICER-002449,Tamil Nadu Officer OFFICER-002449,Constable,KANYAKUMARI Station,KANYAKUMARI,Sub-Inspector,,,active,,imported,12fe593e-e883-5cac-9710-f2ba74198299,13_officer.csv,OFFICER-002449
e08ee979-99f9-5b98-8256-298551bb435a,,,TN-OFFICER-002450,Tamil Nadu Officer OFFICER-002450,Assistant Superintendent,KANYAKUMARI Station,KANYAKUMARI,Station House Officer,,,suspended,,imported,12fe593e-e883-5cac-9710-f2ba74198299,13_officer.csv,OFFICER-002450
be9b4859-7724-5ac3-be0c-fad8e188ca52,,,TN-OFFICER-002451,Tamil Nadu Officer OFFICER-002451,Sub-Inspector,CHENGALPATTU Station,CHENGALPATTU,Station House Officer,,,active,,imported,12fe593e-e883-5cac-9710-f2ba74198299,13_officer.csv,OFFICER-002451
ac68474c-295b-5582-9785-9d88d7432a74,,,TN-OFFICER-002452,Tamil Nadu Officer OFFICER-002452,Deputy Superintendent,TENKASI Station,TENKASI,Investigator,,,active,,imported,12fe593e-e883-5cac-9710-f2ba74198299,13_officer.csv,OFFICER-002452
18682003-ba76-5ad8-be75-a6cad09d837d,,,TN-OFFICER-002453,Tamil Nadu Officer OFFICER-002453,Assistant Superintendent,CHENGALPATTU Station,CHENGALPATTU,Investigator,,,transferred,,imported,12fe593e-e883-5cac-9710-f2ba74198299,13_officer.csv,OFFICER-002453
9159f84e-807d-5ff5-a06f-4c0b452ecadc,,,TN-OFFICER-002454,Tamil Nadu Officer OFFICER-002454,Superintendent,CUDDALORE Station,CUDDALORE,Police Officer,,,transferred,,imported,12fe593e-e883-5cac-9710-f2ba74198299,13_officer.csv,OFFICER-002454
bfd249a9-4299-507a-baa6-3b2b8d8faf0d,,,TN-OFFICER-002455,Tamil Nadu Officer OFFICER-002455,Superintendent,DHARMAPURI Station,DHARMAPURI,Station House Officer,,,transferred,,imported,12fe593e-e883-5cac-9710-f2ba74198299,13_officer.csv,OFFICER-002455
aa96ee85-7e92-5e73-922f-e956a64dd97d,,,TN-OFFICER-002456,Tamil Nadu Officer OFFICER-002456,Inspector,KANYAKUMARI Station,KANYAKUMARI,Sub-Inspector,,,active,,imported,12fe593e-e883-5cac-9710-f2ba74198299,13_officer.csv,OFFICER-002456
72031550-ff36-5732-944e-0e727aac9c59,,,TN-OFFICER-002457,Tamil Nadu Officer OFFICER-002457,Deputy Superintendent,THIRUVALLUR Station,THIRUVALLUR,Police Officer,,,transferred,,imported,12fe593e-e883-5cac-9710-f2ba74198299,13_officer.csv,OFFICER-002457
723ee1d5-8915-585f-8c8f-807925395b3d,,,TN-OFFICER-002458,Tamil Nadu Officer OFFICER-002458,Constable,ERODE Station,ERODE,Investigator,,,active,,imported,12fe593e-e883-5cac-9710-f2ba74198299,13_officer.csv,OFFICER-002458
beed7108-2c36-5d2a-83e8-f2b13a1d33cf,,,TN-OFFICER-002459,Tamil Nadu Officer OFFICER-002459,Superintendent,PUDUKOTTAI Station,PUDUKOTTAI,Sub-Inspector,,,active,,imported,12fe593e-e883-5cac-9710-f2ba74198299,13_officer.csv,OFFICER-002459
699aaf12-78d2-5e42-9026-60ddd770ac73,,,TN-OFFICER-002460,Tamil Nadu Officer OFFICER-002460,Inspector,CHENNAI Station,CHENNAI,Investigator,,,transferred,,imported,12fe593e-e883-5cac-9710-f2ba74198299,13_officer.csv,OFFICER-002460
f5b241b5-6d3b-5902-8813-b43490cf137c,,,TN-OFFICER-002461,Tamil Nadu Officer OFFICER-002461,Superintendent,RAMESWARAM Station,RAMESWARAM,Investigator,,,retired,,imported,12fe593e-e883-5cac-9710-f2ba74198299,13_officer.csv,OFFICER-002461
f7cfe85c-4d1b-5489-b0f7-e26a93f72941,,,TN-OFFICER-002462,Tamil Nadu Officer OFFICER-002462,Sub-Inspector,THE_NILGIRIS Station,THE_NILGIRIS,Circle Inspector,,,transferred,,imported,12fe593e-e883-5cac-9710-f2ba74198299,13_officer.csv,OFFICER-002462
54ac7c65-38f1-57c8-8d63-f127ba8caa67,,,TN-OFFICER-002463,Tamil Nadu Officer OFFICER-002463,Inspector,KUMBAKONAM Station,KUMBAKONAM,Station House Officer,,,retired,,imported,12fe593e-e883-5cac-9710-f2ba74198299,13_officer.csv,OFFICER-002463
7031c1ed-4fc2-5685-98a1-afe5ec1bb8ae,,,TN-OFFICER-002464,Tamil Nadu Officer OFFICER-002464,Assistant Superintendent,NAMAKKAL Station,NAMAKKAL,Police Officer,,,transferred,,imported,12fe593e-e883-5cac-9710-f2ba74198299,13_officer.csv,OFFICER-002464
b20d1493-d645-58a3-9ab5-9b8505e400de,,,TN-OFFICER-002465,Tamil Nadu Officer OFFICER-002465,Inspector,CUDDALORE Station,CUDDALORE,Investigator,,,transferred,,imported,12fe593e-e883-5cac-9710-f2ba74198299,13_officer.csv,OFFICER-002465
fa24d90c-4e14-566e-86a7-4b8bafee0aed,,,TN-OFFICER-002466,Tamil Nadu Officer OFFICER-002466,Superintendent,NAGAPATTINAM Station,NAGAPATTINAM,Circle Inspector,,,retired,,imported,12fe593e-e883-5cac-9710-f2ba74198299,13_officer.csv,OFFICER-002466
9005a0f7-31f2-5cd2-9e7b-6c0090dafad2,,,TN-OFFICER-002467,Tamil Nadu Officer OFFICER-002467,Constable,MADURAI Station,MADURAI,Sub-Inspector,,,active,,imported,12fe593e-e883-5cac-9710-f2ba74198299,13_officer.csv,OFFICER-002467
577ab462-aadf-59ec-a934-1c39fe0def63,,,TN-OFFICER-002468,Tamil Nadu Officer OFFICER-002468,Inspector,THIRUVARUR Station,THIRUVARUR,Sub-Inspector,,,active,,imported,12fe593e-e883-5cac-9710-f2ba74198299,13_officer.csv,OFFICER-002468
6db37e5a-eb53-5626-9650-75ba48761743,,,TN-OFFICER-002469,Tamil Nadu Officer OFFICER-002469,Deputy Superintendent,CUDDALORE Station,CUDDALORE,Sub-Inspector,,,suspended,,imported,12fe593e-e883-5cac-9710-f2ba74198299,13_officer.csv,OFFICER-002469
407762a3-9267-50cd-9657-5b52c959a6a8,,,TN-OFFICER-002470,Tamil Nadu Officer OFFICER-002470,Superintendent,RAMANATHAPURAM Station,RAMANATHAPURAM,Station House Officer,,,transferred,,imported,12fe593e-e883-5cac-9710-f2ba74198299,13_officer.csv,OFFICER-002470
d0329699-3fe6-5fca-80e9-720dedc7844d,,,TN-OFFICER-002471,Tamil Nadu Officer OFFICER-002471,Deputy Superintendent,KALLAKURICHI Station,KALLAKURICHI,Investigator,,,transferred,,imported,12fe593e-e883-5cac-9710-f2ba74198299,13_officer.csv,OFFICER-002471
cc76a6db-8733-5c0b-9b93-68f5ed9cc44f,,,TN-OFFICER-002472,Tamil Nadu Officer OFFICER-002472,Assistant Superintendent,KANCHEEPURAM Station,KANCHEEPURAM,Police Officer,,,transferred,,imported,12fe593e-e883-5cac-9710-f2ba74198299,13_officer.csv,OFFICER-002472
295e0342-b0c0-5049-a017-919c8302c4c4,,,TN-OFFICER-002473,Tamil Nadu Officer OFFICER-002473,Constable,MAYILADUTHURAI Station,MAYILADUTHURAI,Sub-Inspector,,,retired,,imported,12fe593e-e883-5cac-9710-f2ba74198299,13_officer.csv,OFFICER-002473
36c38854-4c55-5271-a461-37658a0ca81f,,,TN-OFFICER-002474,Tamil Nadu Officer OFFICER-002474,Inspector,THENI Station,THENI,Circle Inspector,,,active,,imported,12fe593e-e883-5cac-9710-f2ba74198299,13_officer.csv,OFFICER-002474
db24ac1c-acbe-5d00-bb86-35531f1451ca,,,TN-OFFICER-002475,Tamil Nadu Officer OFFICER-002475,Deputy Superintendent,KANYAKUMARI Station,KANYAKUMARI,Investigator,,,active,,imported,12fe593e-e883-5cac-9710-f2ba74198299,13_officer.csv,OFFICER-002475
5786c2b5-3124-53fe-b494-d51922bba390,,,TN-OFFICER-002476,Tamil Nadu Officer OFFICER-002476,Inspector,DHARMAPURI Station,DHARMAPURI,Sub-Inspector,,,active,,imported,12fe593e-e883-5cac-9710-f2ba74198299,13_officer.csv,OFFICER-002476
7fb32e35-86dc-5601-974d-9072f7332ad3,,,TN-OFFICER-002477,Tamil Nadu Officer OFFICER-002477,Sub-Inspector,DINDIGUL Station,DINDIGUL,Station House Officer,,,transferred,,imported,12fe593e-e883-5cac-9710-f2ba74198299,13_officer.csv,OFFICER-002477
99c4c688-9ea2-5568-8f7d-2d443b1ea02a,,,TN-OFFICER-002478,Tamil Nadu Officer OFFICER-002478,Inspector,RAMANATHAPURAM Station,RAMANATHAPURAM,Sub-Inspector,,,retired,,imported,12fe593e-e883-5cac-9710-f2ba74198299,13_officer.csv,OFFICER-002478
27e17dbb-9652-5abb-8c64-20ebf4b9ec39,,,TN-OFFICER-002479,Tamil Nadu Officer OFFICER-002479,Inspector,SIVAGANGA Station,SIVAGANGA,Circle Inspector,,,active,,imported,12fe593e-e883-5cac-9710-f2ba74198299,13_officer.csv,OFFICER-002479
50084d22-ef19-52fa-ab4b-bda63280b575,,,TN-OFFICER-002480,Tamil Nadu Officer OFFICER-002480,Constable,KARUR Station,KARUR,Circle Inspector,,,suspended,,imported,12fe593e-e883-5cac-9710-f2ba74198299,13_officer.csv,OFFICER-002480
8af41ed6-5a18-5a9f-9f62-4fd2ecfe55cd,,,TN-OFFICER-002481,Tamil Nadu Officer OFFICER-002481,Assistant Superintendent,CUDDALORE Station,CUDDALORE,Police Officer,,,suspended,,imported,12fe593e-e883-5cac-9710-f2ba74198299,13_officer.csv,OFFICER-002481
736bf94d-8b96-5b51-a64d-dc0abbc9b2eb,,,TN-OFFICER-002482,Tamil Nadu Officer OFFICER-002482,Superintendent,THIRUVARUR Station,THIRUVARUR,Sub-Inspector,,,active,,imported,12fe593e-e883-5cac-9710-f2ba74198299,13_officer.csv,OFFICER-002482
1b9eb394-d423-5b64-9176-5e6978e391b5,,,TN-OFFICER-002483,Tamil Nadu Officer OFFICER-002483,Deputy Superintendent,KUMBAKONAM Station,KUMBAKONAM,Station House Officer,,,suspended,,imported,12fe593e-e883-5cac-9710-f2ba74198299,13_officer.csv,OFFICER-002483
4190ec9d-6733-5393-a697-2dab2b14aae1,,,TN-OFFICER-002484,Tamil Nadu Officer OFFICER-002484,Deputy Superintendent,CUDDALORE Station,CUDDALORE,Sub-Inspector,,,active,,imported,12fe593e-e883-5cac-9710-f2ba74198299,13_officer.csv,OFFICER-002484
8fbab927-4905-5c79-831d-6a7ea09bc76e,,,TN-OFFICER-002485,Tamil Nadu Officer OFFICER-002485,Sub-Inspector,ERODE Station,ERODE,Circle Inspector,,,transferred,,imported,12fe593e-e883-5cac-9710-f2ba74198299,13_officer.csv,OFFICER-002485
02fcbcf3-0fed-5d4c-afdc-08244937d0c6,,,TN-OFFICER-002486,Tamil Nadu Officer OFFICER-002486,Assistant Superintendent,TENKASI Station,TENKASI,Station House Officer,,,suspended,,imported,12fe593e-e883-5cac-9710-f2ba74198299,13_officer.csv,OFFICER-002486
90bbb672-ef7f-5945-925c-2bc503e58260,,,TN-OFFICER-002487,Tamil Nadu Officer OFFICER-002487,Sub-Inspector,RANIPET Station,RANIPET,Investigator,,,retired,,imported,12fe593e-e883-5cac-9710-f2ba74198299,13_officer.csv,OFFICER-002487
81aa21bd-d419-5663-a45d-d40c6ea0ad4e,,,TN-OFFICER-002488,Tamil Nadu Officer OFFICER-002488,Constable,SALEM Station,SALEM,Investigator,,,transferred,,imported,12fe593e-e883-5cac-9710-f2ba74198299,13_officer.csv,OFFICER-002488
eee733ad-905d-50e7-a581-5c5879780c5b,,,TN-OFFICER-002489,Tamil Nadu Officer OFFICER-002489,Inspector,THIRUVALLUR Station,THIRUVALLUR,Sub-Inspector,,,active,,imported,12fe593e-e883-5cac-9710-f2ba74198299,13_officer.csv,OFFICER-002489
548856e1-f3d2-5479-a300-a2eff0e7c75a,,,TN-OFFICER-002490,Tamil Nadu Officer OFFICER-002490,Constable,CHENNAI Station,CHENNAI,Circle Inspector,,,active,,imported,12fe593e-e883-5cac-9710-f2ba74198299,13_officer.csv,OFFICER-002490
cc78d06f-dc44-5252-95ef-26dcf971b65b,,,TN-OFFICER-002491,Tamil Nadu Officer OFFICER-002491,Deputy Superintendent,RAMESWARAM Station,RAMESWARAM,Police Officer,,,transferred,,imported,12fe593e-e883-5cac-9710-f2ba74198299,13_officer.csv,OFFICER-002491
41af514c-76f9-5ba7-9ea8-0d5b16bb9b79,,,TN-OFFICER-002492,Tamil Nadu Officer OFFICER-002492,Deputy Superintendent,DINDIGUL Station,DINDIGUL,Station House Officer,,,active,,imported,12fe593e-e883-5cac-9710-f2ba74198299,13_officer.csv,OFFICER-002492
4c46f2f1-9d75-5e6a-952b-d109a6a32771,,,TN-OFFICER-002493,Tamil Nadu Officer OFFICER-002493,Deputy Superintendent,THIRUVARUR Station,THIRUVARUR,Station House Officer,,,active,,imported,12fe593e-e883-5cac-9710-f2ba74198299,13_officer.csv,OFFICER-002493
f639b0ed-8a34-5475-bef8-a9d1af2db925,,,TN-OFFICER-002494,Tamil Nadu Officer OFFICER-002494,Inspector,NAMAKKAL Station,NAMAKKAL,Station House Officer,,,transferred,,imported,12fe593e-e883-5cac-9710-f2ba74198299,13_officer.csv,OFFICER-002494
4fe00691-0c9e-54ec-b45b-d6732bf5acd7,,,TN-OFFICER-002495,Tamil Nadu Officer OFFICER-002495,Superintendent,THOOTHUKUDI Station,THOOTHUKUDI,Police Officer,,,retired,,imported,12fe593e-e883-5cac-9710-f2ba74198299,13_officer.csv,OFFICER-002495
22db8fcc-bd9a-50b4-b4bd-ba889621e5b9,,,TN-OFFICER-002496,Tamil Nadu Officer OFFICER-002496,Superintendent,KANCHEEPURAM Station,KANCHEEPURAM,Sub-Inspector,,,active,,imported,12fe593e-e883-5cac-9710-f2ba74198299,13_officer.csv,OFFICER-002496
2720767c-97a8-50ab-a192-9982a4784bf1,,,TN-OFFICER-002497,Tamil Nadu Officer OFFICER-002497,Deputy Superintendent,TIRUPPUR Station,TIRUPPUR,Circle Inspector,,,transferred,,imported,12fe593e-e883-5cac-9710-f2ba74198299,13_officer.csv,OFFICER-002497
17b988e7-f8aa-5931-b209-7d77788f8d2f,,,TN-OFFICER-002498,Tamil Nadu Officer OFFICER-002498,Inspector,ARIYALUR Station,ARIYALUR,Police Officer,,,transferred,,imported,12fe593e-e883-5cac-9710-f2ba74198299,13_officer.csv,OFFICER-002498
05fc0bd8-8cdb-54a5-b30a-8dc48b594318,,,TN-OFFICER-002499,Tamil Nadu Officer OFFICER-002499,Sub-Inspector,RAMESWARAM Station,RAMESWARAM,Station House Officer,,,transferred,,imported,12fe593e-e883-5cac-9710-f2ba74198299,13_officer.csv,OFFICER-002499
624eacac-be72-502e-b9c0-940795180573,,,TN-OFFICER-002500,Tamil Nadu Officer OFFICER-002500,Constable,RAMESWARAM Station,RAMESWARAM,Circle Inspector,,,retired,,imported,12fe593e-e883-5cac-9710-f2ba74198299,13_officer.csv,OFFICER-002500
85961155-6963-543b-8554-0f943113c3e8,,,TN-OFFICER-002501,Tamil Nadu Officer OFFICER-002501,Constable,THOOTHUKUDI Station,THOOTHUKUDI,Station House Officer,,,retired,,imported,12fe593e-e883-5cac-9710-f2ba74198299,13_officer.csv,OFFICER-002501
10d98fa0-22fc-534c-8dff-a2382aaa5b4d,,,TN-OFFICER-002502,Tamil Nadu Officer OFFICER-002502,Superintendent,KRISHNAGIRI Station,KRISHNAGIRI,Investigator,,,transferred,,imported,12fe593e-e883-5cac-9710-f2ba74198299,13_officer.csv,OFFICER-002502
382542f7-a546-5ef4-a1a4-554c1dde09dd,,,TN-OFFICER-002503,Tamil Nadu Officer OFFICER-002503,Inspector,SALEM Station,SALEM,Station House Officer,,,retired,,imported,12fe593e-e883-5cac-9710-f2ba74198299,13_officer.csv,OFFICER-002503
bf08b358-c3c0-5993-8abb-3f6ce3fe5ae6,,,TN-OFFICER-002504,Tamil Nadu Officer OFFICER-002504,Inspector,THE_NILGIRIS Station,THE_NILGIRIS,Sub-Inspector,,,active,,imported,12fe593e-e883-5cac-9710-f2ba74198299,13_officer.csv,OFFICER-002504
27bb41c9-5c3e-55f6-98e5-25266509c4fa,,,TN-OFFICER-002505,Tamil Nadu Officer OFFICER-002505,Sub-Inspector,CHENGALPATTU Station,CHENGALPATTU,Station House Officer,,,transferred,,imported,12fe593e-e883-5cac-9710-f2ba74198299,13_officer.csv,OFFICER-002505
9c11b3d1-f867-5a07-bbbf-bb3045087302,,,TN-OFFICER-002506,Tamil Nadu Officer OFFICER-002506,Assistant Superintendent,TIRUPPUR Station,TIRUPPUR,Station House Officer,,,retired,,imported,12fe593e-e883-5cac-9710-f2ba74198299,13_officer.csv,OFFICER-002506
bf60f1c6-a0ca-58b8-84de-9b36e72b5651,,,TN-OFFICER-002507,Tamil Nadu Officer OFFICER-002507,Deputy Superintendent,TIRUPPUR Station,TIRUPPUR,Police Officer,,,retired,,imported,12fe593e-e883-5cac-9710-f2ba74198299,13_officer.csv,OFFICER-002507
d3b122bf-78b7-54c0-9670-89ce6afd98c1,,,TN-OFFICER-002508,Tamil Nadu Officer OFFICER-002508,Deputy Superintendent,THENI Station,THENI,Station House Officer,,,suspended,,imported,12fe593e-e883-5cac-9710-f2ba74198299,13_officer.csv,OFFICER-002508
cc28bffa-9e9c-5173-bda0-94a28606cc27,,,TN-OFFICER-002509,Tamil Nadu Officer OFFICER-002509,Deputy Superintendent,TENKASI Station,TENKASI,Police Officer,,,suspended,,imported,12fe593e-e883-5cac-9710-f2ba74198299,13_officer.csv,OFFICER-002509
a89167d7-d71e-5882-afe1-08224fd2b997,,,TN-OFFICER-002510,Tamil Nadu Officer OFFICER-002510,Assistant Superintendent,MAYILADUTHURAI Station,MAYILADUTHURAI,Police Officer,,,suspended,,imported,12fe593e-e883-5cac-9710-f2ba74198299,13_officer.csv,OFFICER-002510
d010495b-b0cc-5610-a6c2-ca727884e158,,,TN-OFFICER-002511,Tamil Nadu Officer OFFICER-002511,Constable,CUDDALORE Station,CUDDALORE,Investigator,,,suspended,,imported,12fe593e-e883-5cac-9710-f2ba74198299,13_officer.csv,OFFICER-002511
10a46bab-1a92-5882-b62a-cfdba70befff,,,TN-OFFICER-002512,Tamil Nadu Officer OFFICER-002512,Inspector,COIMBATORE Station,COIMBATORE,Sub-Inspector,,,suspended,,imported,12fe593e-e883-5cac-9710-f2ba74198299,13_officer.csv,OFFICER-002512
dc488eb5-5a0d-59ec-98b1-fc6637a50e4a,,,TN-OFFICER-002513,Tamil Nadu Officer OFFICER-002513,Constable,RANIPET Station,RANIPET,Investigator,,,retired,,imported,12fe593e-e883-5cac-9710-f2ba74198299,13_officer.csv,OFFICER-002513
8b42846b-b969-5508-b6e3-4cd4ea64af7b,,,TN-OFFICER-002514,Tamil Nadu Officer OFFICER-002514,Constable,THIRUVARUR Station,THIRUVARUR,Investigator,,,active,,imported,12fe593e-e883-5cac-9710-f2ba74198299,13_officer.csv,OFFICER-002514
a17f4ee0-4b74-5765-9691-2e08e80d7303,,,TN-OFFICER-002515,Tamil Nadu Officer OFFICER-002515,Constable,KUMBAKONAM Station,KUMBAKONAM,Police Officer,,,active,,imported,12fe593e-e883-5cac-9710-f2ba74198299,13_officer.csv,OFFICER-002515
b2c1a65f-574f-59ff-b1af-96eac0afc95a,,,TN-OFFICER-002516,Tamil Nadu Officer OFFICER-002516,Superintendent,THOOTHUKUDI Station,THOOTHUKUDI,Sub-Inspector,,,suspended,,imported,12fe593e-e883-5cac-9710-f2ba74198299,13_officer.csv,OFFICER-002516
ddcec9a7-bbe9-570c-bd14-dd6ab7af4db8,,,TN-OFFICER-002517,Tamil Nadu Officer OFFICER-002517,Superintendent,PUDUKOTTAI Station,PUDUKOTTAI,Police Officer,,,suspended,,imported,12fe593e-e883-5cac-9710-f2ba74198299,13_officer.csv,OFFICER-002517
6666cce6-1f4a-5d55-b1a7-e1d364f6ba88,,,TN-OFFICER-002518,Tamil Nadu Officer OFFICER-002518,Sub-Inspector,NAMAKKAL Station,NAMAKKAL,Investigator,,,transferred,,imported,12fe593e-e883-5cac-9710-f2ba74198299,13_officer.csv,OFFICER-002518
f917fe05-5890-5eed-ad85-0bf4b99aff7f,,,TN-OFFICER-002519,Tamil Nadu Officer OFFICER-002519,Inspector,THIRUVALLUR Station,THIRUVALLUR,Circle Inspector,,,retired,,imported,12fe593e-e883-5cac-9710-f2ba74198299,13_officer.csv,OFFICER-002519
ceeb115d-f62a-5823-8dc6-44254bec2d92,,,TN-OFFICER-002520,Tamil Nadu Officer OFFICER-002520,Assistant Superintendent,KRISHNAGIRI Station,KRISHNAGIRI,Station House Officer,,,transferred,,imported,12fe593e-e883-5cac-9710-f2ba74198299,13_officer.csv,OFFICER-002520
91b0df20-7956-5dbe-9dcc-c02d96d2355b,,,TN-OFFICER-002521,Tamil Nadu Officer OFFICER-002521,Assistant Superintendent,VILUPPURAM Station,VILUPPURAM,Station House Officer,,,active,,imported,12fe593e-e883-5cac-9710-f2ba74198299,13_officer.csv,OFFICER-002521
6050424f-b1a9-53a3-85d2-4afe6f68b41a,,,TN-OFFICER-002522,Tamil Nadu Officer OFFICER-002522,Inspector,THIRUVALLUR Station,THIRUVALLUR,Police Officer,,,suspended,,imported,12fe593e-e883-5cac-9710-f2ba74198299,13_officer.csv,OFFICER-002522
2f4efce4-24e5-5f99-9016-5a6a9d1bd2f1,,,TN-OFFICER-002523,Tamil Nadu Officer OFFICER-002523,Superintendent,SALEM Station,SALEM,Sub-Inspector,,,suspended,,imported,12fe593e-e883-5cac-9710-f2ba74198299,13_officer.csv,OFFICER-002523
a3d566d0-77fa-5333-9194-ba5f8f16022d,,,TN-OFFICER-002524,Tamil Nadu Officer OFFICER-002524,Inspector,TIRUNELVELI Station,TIRUNELVELI,Circle Inspector,,,active,,imported,12fe593e-e883-5cac-9710-f2ba74198299,13_officer.csv,OFFICER-002524
020f5776-06ab-5745-969b-41b5427bb1af,,,TN-OFFICER-002525,Tamil Nadu Officer OFFICER-002525,Assistant Superintendent,DHARMAPURI Station,DHARMAPURI,Police Officer,,,active,,imported,12fe593e-e883-5cac-9710-f2ba74198299,13_officer.csv,OFFICER-002525
8c858f62-fec1-511c-8338-8c29bb0294ef,,,TN-OFFICER-002526,Tamil Nadu Officer OFFICER-002526,Superintendent,KRISHNAGIRI Station,KRISHNAGIRI,Investigator,,,active,,imported,12fe593e-e883-5cac-9710-f2ba74198299,13_officer.csv,OFFICER-002526
6b2a60ee-9265-5493-9c4d-7bba3c50ac64,,,TN-OFFICER-002527,Tamil Nadu Officer OFFICER-002527,Deputy Superintendent,DHARMAPURI Station,DHARMAPURI,Circle Inspector,,,retired,,imported,12fe593e-e883-5cac-9710-f2ba74198299,13_officer.csv,OFFICER-002527
6ee177eb-d3ca-5441-9059-497b007f04e2,,,TN-OFFICER-002528,Tamil Nadu Officer OFFICER-002528,Superintendent,KARUR Station,KARUR,Circle Inspector,,,active,,imported,12fe593e-e883-5cac-9710-f2ba74198299,13_officer.csv,OFFICER-002528
21ca329d-05f6-5b1f-9de9-7b926f367f29,,,TN-OFFICER-002529,Tamil Nadu Officer OFFICER-002529,Assistant Superintendent,KARUR Station,KARUR,Sub-Inspector,,,suspended,,imported,12fe593e-e883-5cac-9710-f2ba74198299,13_officer.csv,OFFICER-002529
54c1bc2a-5290-59eb-9317-e94f94df180e,,,TN-OFFICER-002530,Tamil Nadu Officer OFFICER-002530,Assistant Superintendent,KALLAKURICHI Station,KALLAKURICHI,Circle Inspector,,,active,,imported,12fe593e-e883-5cac-9710-f2ba74198299,13_officer.csv,OFFICER-002530
b0cebb74-b5d7-50b3-bb1d-e77bb6458251,,,TN-OFFICER-002531,Tamil Nadu Officer OFFICER-002531,Sub-Inspector,NAGAPATTINAM Station,NAGAPATTINAM,Circle Inspector,,,suspended,,imported,12fe593e-e883-5cac-9710-f2ba74198299,13_officer.csv,OFFICER-002531
e8fdba3f-808e-56eb-ab2e-47e59c7d6bb8,,,TN-OFFICER-002532,Tamil Nadu Officer OFFICER-002532,Sub-Inspector,TIRUVANNAMALAI Station,TIRUVANNAMALAI,Circle Inspector,,,transferred,,imported,12fe593e-e883-5cac-9710-f2ba74198299,13_officer.csv,OFFICER-002532
54381738-5e9f-599d-830b-c8b6938dd444,,,TN-OFFICER-002533,Tamil Nadu Officer OFFICER-002533,Sub-Inspector,RAMESWARAM Station,RAMESWARAM,Investigator,,,active,,imported,12fe593e-e883-5cac-9710-f2ba74198299,13_officer.csv,OFFICER-002533
375b775a-9f61-57b0-8e3c-b8c3a9f8e724,,,TN-OFFICER-002534,Tamil Nadu Officer OFFICER-002534,Constable,CUDDALORE Station,CUDDALORE,Circle Inspector,,,suspended,,imported,12fe593e-e883-5cac-9710-f2ba74198299,13_officer.csv,OFFICER-002534
b108ddde-eccd-5186-9c65-d79ffbd23088,,,TN-OFFICER-002535,Tamil Nadu Officer OFFICER-002535,Superintendent,KANYAKUMARI Station,KANYAKUMARI,Investigator,,,suspended,,imported,12fe593e-e883-5cac-9710-f2ba74198299,13_officer.csv,OFFICER-002535
0c29bbe6-13c2-5502-84d6-24c50316a611,,,TN-OFFICER-002536,Tamil Nadu Officer OFFICER-002536,Inspector,KANCHEEPURAM Station,KANCHEEPURAM,Circle Inspector,,,active,,imported,12fe593e-e883-5cac-9710-f2ba74198299,13_officer.csv,OFFICER-002536
d9fe8d5b-710a-5754-a5b5-e2ddcef03907,,,TN-OFFICER-002537,Tamil Nadu Officer OFFICER-002537,Assistant Superintendent,NAGAPATTINAM Station,NAGAPATTINAM,Station House Officer,,,retired,,imported,12fe593e-e883-5cac-9710-f2ba74198299,13_officer.csv,OFFICER-002537
174498cf-95e8-5aee-a80b-a08136d14dc0,,,TN-OFFICER-002538,Tamil Nadu Officer OFFICER-002538,Constable,KRISHNAGIRI Station,KRISHNAGIRI,Investigator,,,active,,imported,12fe593e-e883-5cac-9710-f2ba74198299,13_officer.csv,OFFICER-002538
c57a7842-7568-5e44-aacc-670e83698a6f,,,TN-OFFICER-002539,Tamil Nadu Officer OFFICER-002539,Deputy Superintendent,TIRUNELVELI Station,TIRUNELVELI,Investigator,,,suspended,,imported,12fe593e-e883-5cac-9710-f2ba74198299,13_officer.csv,OFFICER-002539
d7d986df-81a1-58e1-b4a8-62f8c4b84f15,,,TN-OFFICER-002540,Tamil Nadu Officer OFFICER-002540,Inspector,CHENGALPATTU Station,CHENGALPATTU,Circle Inspector,,,retired,,imported,12fe593e-e883-5cac-9710-f2ba74198299,13_officer.csv,OFFICER-002540
a9d80a21-9bcf-5522-ac9e-3b62e1ea4380,,,TN-OFFICER-002541,Tamil Nadu Officer OFFICER-002541,Superintendent,KRISHNAGIRI Station,KRISHNAGIRI,Circle Inspector,,,retired,,imported,12fe593e-e883-5cac-9710-f2ba74198299,13_officer.csv,OFFICER-002541
49d7a7f0-0abc-5c1f-b06c-d98191510446,,,TN-OFFICER-002542,Tamil Nadu Officer OFFICER-002542,Deputy Superintendent,NAGAPATTINAM Station,NAGAPATTINAM,Station House Officer,,,transferred,,imported,12fe593e-e883-5cac-9710-f2ba74198299,13_officer.csv,OFFICER-002542
16359961-a062-5a81-a7d9-abf174ccf010,,,TN-OFFICER-002543,Tamil Nadu Officer OFFICER-002543,Constable,PUDUKOTTAI Station,PUDUKOTTAI,Police Officer,,,retired,,imported,12fe593e-e883-5cac-9710-f2ba74198299,13_officer.csv,OFFICER-002543
88026a9a-cdd6-5538-a163-280ec224976a,,,TN-OFFICER-002544,Tamil Nadu Officer OFFICER-002544,Constable,PUDUKOTTAI Station,PUDUKOTTAI,Sub-Inspector,,,active,,imported,12fe593e-e883-5cac-9710-f2ba74198299,13_officer.csv,OFFICER-002544
f46b2a82-ecc9-5772-a990-13dc84f94bca,,,TN-OFFICER-002545,Tamil Nadu Officer OFFICER-002545,Deputy Superintendent,VILUPPURAM Station,VILUPPURAM,Station House Officer,,,transferred,,imported,12fe593e-e883-5cac-9710-f2ba74198299,13_officer.csv,OFFICER-002545
508cafc9-74d5-59ce-9b16-18ec20958128,,,TN-OFFICER-002546,Tamil Nadu Officer OFFICER-002546,Assistant Superintendent,PUDUKOTTAI Station,PUDUKOTTAI,Circle Inspector,,,retired,,imported,12fe593e-e883-5cac-9710-f2ba74198299,13_officer.csv,OFFICER-002546
b887b80e-46dc-51eb-991b-1488a795693d,,,TN-OFFICER-002547,Tamil Nadu Officer OFFICER-002547,Inspector,TIRUVANNAMALAI Station,TIRUVANNAMALAI,Station House Officer,,,retired,,imported,12fe593e-e883-5cac-9710-f2ba74198299,13_officer.csv,OFFICER-002547
7a1df58a-35ea-523b-8ad5-a6b486ff62b9,,,TN-OFFICER-002548,Tamil Nadu Officer OFFICER-002548,Constable,MADURAI Station,MADURAI,Circle Inspector,,,active,,imported,12fe593e-e883-5cac-9710-f2ba74198299,13_officer.csv,OFFICER-002548
d2235d89-ab03-5b4b-9218-9555f1d6986a,,,TN-OFFICER-002549,Tamil Nadu Officer OFFICER-002549,Assistant Superintendent,TIRUCHIRAPPALLI Station,TIRUCHIRAPPALLI,Sub-Inspector,,,retired,,imported,12fe593e-e883-5cac-9710-f2ba74198299,13_officer.csv,OFFICER-002549
c019babe-a53d-5ad1-99b1-87867e31afbb,,,TN-OFFICER-002550,Tamil Nadu Officer OFFICER-002550,Inspector,NAMAKKAL Station,NAMAKKAL,Investigator,,,transferred,,imported,12fe593e-e883-5cac-9710-f2ba74198299,13_officer.csv,OFFICER-002550
85cd5294-e33d-5dc0-b349-bed91e8a3131,,,TN-OFFICER-002551,Tamil Nadu Officer OFFICER-002551,Assistant Superintendent,THIRUVALLUR Station,THIRUVALLUR,Station House Officer,,,suspended,,imported,12fe593e-e883-5cac-9710-f2ba74198299,13_officer.csv,OFFICER-002551
a1fde4b7-7b6d-52a8-ac71-058b0c27e4ea,,,TN-OFFICER-002552,Tamil Nadu Officer OFFICER-002552,Assistant Superintendent,TIRUCHIRAPPALLI Station,TIRUCHIRAPPALLI,Circle Inspector,,,active,,imported,12fe593e-e883-5cac-9710-f2ba74198299,13_officer.csv,OFFICER-002552
50d84b85-d38e-58db-b963-7234f8d844b5,,,TN-OFFICER-002553,Tamil Nadu Officer OFFICER-002553,Superintendent,ARIYALUR Station,ARIYALUR,Police Officer,,,suspended,,imported,12fe593e-e883-5cac-9710-f2ba74198299,13_officer.csv,OFFICER-002553
abf47055-2955-5f34-9cf7-556af207334a,,,TN-OFFICER-002554,Tamil Nadu Officer OFFICER-002554,Constable,THENI Station,THENI,Circle Inspector,,,suspended,,imported,12fe593e-e883-5cac-9710-f2ba74198299,13_officer.csv,OFFICER-002554
7bf03355-868b-506f-8083-3982b12d96a6,,,TN-OFFICER-002555,Tamil Nadu Officer OFFICER-002555,Constable,RANIPET Station,RANIPET,Sub-Inspector,,,suspended,,imported,12fe593e-e883-5cac-9710-f2ba74198299,13_officer.csv,OFFICER-002555
5b826153-8b0a-50d7-b2c9-a78792de0852,,,TN-OFFICER-002556,Tamil Nadu Officer OFFICER-002556,Constable,DHARMAPURI Station,DHARMAPURI,Station House Officer,,,transferred,,imported,12fe593e-e883-5cac-9710-f2ba74198299,13_officer.csv,OFFICER-002556
7afc32aa-c8c6-51d5-98f1-d98a596437f2,,,TN-OFFICER-002557,Tamil Nadu Officer OFFICER-002557,Sub-Inspector,KARUR Station,KARUR,Circle Inspector,,,transferred,,imported,12fe593e-e883-5cac-9710-f2ba74198299,13_officer.csv,OFFICER-002557
b014d2ad-581d-5d76-8354-4fd82ef9f7f5,,,TN-OFFICER-002558,Tamil Nadu Officer OFFICER-002558,Sub-Inspector,THIRUVARUR Station,THIRUVARUR,Police Officer,,,transferred,,imported,12fe593e-e883-5cac-9710-f2ba74198299,13_officer.csv,OFFICER-002558
b8953171-0ca4-5a8c-8690-4508ef7f6fc0,,,TN-OFFICER-002559,Tamil Nadu Officer OFFICER-002559,Constable,DINDIGUL Station,DINDIGUL,Investigator,,,active,,imported,12fe593e-e883-5cac-9710-f2ba74198299,13_officer.csv,OFFICER-002559
8fdd701f-fcb4-539a-9e22-28b0e6b02c35,,,TN-OFFICER-002560,Tamil Nadu Officer OFFICER-002560,Inspector,ARIYALUR Station,ARIYALUR,Police Officer,,,suspended,,imported,12fe593e-e883-5cac-9710-f2ba74198299,13_officer.csv,OFFICER-002560
1207f1b1-62a4-5a6f-9bca-34a34e82ef74,,,TN-OFFICER-002561,Tamil Nadu Officer OFFICER-002561,Superintendent,CHENGALPATTU Station,CHENGALPATTU,Sub-Inspector,,,transferred,,imported,12fe593e-e883-5cac-9710-f2ba74198299,13_officer.csv,OFFICER-002561
09302278-c28a-5fbc-ac39-d843a85fd54e,,,TN-OFFICER-002562,Tamil Nadu Officer OFFICER-002562,Assistant Superintendent,KALLAKURICHI Station,KALLAKURICHI,Investigator,,,transferred,,imported,12fe593e-e883-5cac-9710-f2ba74198299,13_officer.csv,OFFICER-002562
be8c1475-c300-5133-b193-2d38acc61fb4,,,TN-OFFICER-002563,Tamil Nadu Officer OFFICER-002563,Superintendent,MADURAI Station,MADURAI,Circle Inspector,,,transferred,,imported,12fe593e-e883-5cac-9710-f2ba74198299,13_officer.csv,OFFICER-002563
66e8f46f-8040-5d15-997f-31e4be88b4d8,,,TN-OFFICER-002564,Tamil Nadu Officer OFFICER-002564,Constable,KANCHEEPURAM Station,KANCHEEPURAM,Station House Officer,,,transferred,,imported,12fe593e-e883-5cac-9710-f2ba74198299,13_officer.csv,OFFICER-002564
82175864-e415-5855-bd65-6ed09555c8fd,,,TN-OFFICER-002565,Tamil Nadu Officer OFFICER-002565,Assistant Superintendent,THENI Station,THENI,Circle Inspector,,,transferred,,imported,12fe593e-e883-5cac-9710-f2ba74198299,13_officer.csv,OFFICER-002565
3dae3cec-f715-5065-9cac-0eda84d3a2fc,,,TN-OFFICER-002566,Tamil Nadu Officer OFFICER-002566,Superintendent,PUDUKOTTAI Station,PUDUKOTTAI,Circle Inspector,,,retired,,imported,12fe593e-e883-5cac-9710-f2ba74198299,13_officer.csv,OFFICER-002566
0626b21f-db1c-58bd-8a12-95fa2d6b84a2,,,TN-OFFICER-002567,Tamil Nadu Officer OFFICER-002567,Superintendent,TIRUPATHUR Station,TIRUPATHUR,Station House Officer,,,retired,,imported,12fe593e-e883-5cac-9710-f2ba74198299,13_officer.csv,OFFICER-002567
c5f42763-9964-5287-a613-0ca18ea4e6a1,,,TN-OFFICER-002568,Tamil Nadu Officer OFFICER-002568,Inspector,THIRUVALLUR Station,THIRUVALLUR,Station House Officer,,,transferred,,imported,12fe593e-e883-5cac-9710-f2ba74198299,13_officer.csv,OFFICER-002568
8ba4f131-60fb-597e-933b-7d73b3511baf,,,TN-OFFICER-002569,Tamil Nadu Officer OFFICER-002569,Sub-Inspector,SALEM Station,SALEM,Police Officer,,,suspended,,imported,12fe593e-e883-5cac-9710-f2ba74198299,13_officer.csv,OFFICER-002569
093d8eab-a0bf-5566-be76-5a71639263fc,,,TN-OFFICER-002570,Tamil Nadu Officer OFFICER-002570,Superintendent,CHENNAI Station,CHENNAI,Station House Officer,,,retired,,imported,12fe593e-e883-5cac-9710-f2ba74198299,13_officer.csv,OFFICER-002570
4d581489-f5b4-5d34-b84c-ba274f09f9b5,,,TN-OFFICER-002571,Tamil Nadu Officer OFFICER-002571,Superintendent,VIRUDHUNAGAR Station,VIRUDHUNAGAR,Police Officer,,,transferred,,imported,12fe593e-e883-5cac-9710-f2ba74198299,13_officer.csv,OFFICER-002571
4e50da21-4df5-5ebb-9464-fa3c2e7c5095,,,TN-OFFICER-002572,Tamil Nadu Officer OFFICER-002572,Inspector,CUDDALORE Station,CUDDALORE,Station House Officer,,,transferred,,imported,12fe593e-e883-5cac-9710-f2ba74198299,13_officer.csv,OFFICER-002572
c036e08d-0d4a-58ca-b79f-bc624e364f0c,,,TN-OFFICER-002573,Tamil Nadu Officer OFFICER-002573,Sub-Inspector,KANCHEEPURAM Station,KANCHEEPURAM,Police Officer,,,suspended,,imported,12fe593e-e883-5cac-9710-f2ba74198299,13_officer.csv,OFFICER-002573
4ad08fdf-4fc9-53af-994e-06bb2f07c5a1,,,TN-OFFICER-002574,Tamil Nadu Officer OFFICER-002574,Inspector,TIRUPPUR Station,TIRUPPUR,Station House Officer,,,suspended,,imported,12fe593e-e883-5cac-9710-f2ba74198299,13_officer.csv,OFFICER-002574
cd5af201-9704-59c2-b0dc-5d7c5d971623,,,TN-OFFICER-002575,Tamil Nadu Officer OFFICER-002575,Constable,THENI Station,THENI,Police Officer,,,suspended,,imported,12fe593e-e883-5cac-9710-f2ba74198299,13_officer.csv,OFFICER-002575
f807e253-147c-5ae4-937d-0ee73f663b39,,,TN-OFFICER-002576,Tamil Nadu Officer OFFICER-002576,Assistant Superintendent,ARIYALUR Station,ARIYALUR,Circle Inspector,,,active,,imported,12fe593e-e883-5cac-9710-f2ba74198299,13_officer.csv,OFFICER-002576
32b336af-0a71-5430-9a15-cbbe221e1c3b,,,TN-OFFICER-002577,Tamil Nadu Officer OFFICER-002577,Inspector,RAMESWARAM Station,RAMESWARAM,Sub-Inspector,,,active,,imported,12fe593e-e883-5cac-9710-f2ba74198299,13_officer.csv,OFFICER-002577
e878defc-8017-5c93-a249-ffea07f3f8b9,,,TN-OFFICER-002578,Tamil Nadu Officer OFFICER-002578,Deputy Superintendent,RAMANATHAPURAM Station,RAMANATHAPURAM,Investigator,,,suspended,,imported,12fe593e-e883-5cac-9710-f2ba74198299,13_officer.csv,OFFICER-002578
8c6e08e0-208c-55eb-90c5-9596f52a34d2,,,TN-OFFICER-002579,Tamil Nadu Officer OFFICER-002579,Constable,RANIPET Station,RANIPET,Investigator,,,active,,imported,12fe593e-e883-5cac-9710-f2ba74198299,13_officer.csv,OFFICER-002579
4abc9893-d2c8-54e9-b1fe-d58f01ca063c,,,TN-OFFICER-002580,Tamil Nadu Officer OFFICER-002580,Assistant Superintendent,NAGAPATTINAM Station,NAGAPATTINAM,Station House Officer,,,transferred,,imported,12fe593e-e883-5cac-9710-f2ba74198299,13_officer.csv,OFFICER-002580
81a0d553-0daf-54fe-ab91-63657665d6da,,,TN-OFFICER-002581,Tamil Nadu Officer OFFICER-002581,Sub-Inspector,THENI Station,THENI,Investigator,,,retired,,imported,12fe593e-e883-5cac-9710-f2ba74198299,13_officer.csv,OFFICER-002581
7b206aeb-ee4e-5882-b21a-8feea6e15ae1,,,TN-OFFICER-002582,Tamil Nadu Officer OFFICER-002582,Inspector,RAMESWARAM Station,RAMESWARAM,Station House Officer,,,transferred,,imported,12fe593e-e883-5cac-9710-f2ba74198299,13_officer.csv,OFFICER-002582
acf87166-4f94-5bf2-8c12-fdcba86691d4,,,TN-OFFICER-002583,Tamil Nadu Officer OFFICER-002583,Inspector,DINDIGUL Station,DINDIGUL,Investigator,,,transferred,,imported,12fe593e-e883-5cac-9710-f2ba74198299,13_officer.csv,OFFICER-002583
75a9e883-b274-5e70-bb58-d6fda8f0fedf,,,TN-OFFICER-002584,Tamil Nadu Officer OFFICER-002584,Inspector,CHENNAI Station,CHENNAI,Sub-Inspector,,,active,,imported,12fe593e-e883-5cac-9710-f2ba74198299,13_officer.csv,OFFICER-002584
110535ab-ba2c-5dac-a908-a759ff1872e2,,,TN-OFFICER-002585,Tamil Nadu Officer OFFICER-002585,Superintendent,SALEM Station,SALEM,Circle Inspector,,,transferred,,imported,12fe593e-e883-5cac-9710-f2ba74198299,13_officer.csv,OFFICER-002585
acff8805-9b10-579b-9c1b-042326f34e8f,,,TN-OFFICER-002586,Tamil Nadu Officer OFFICER-002586,Superintendent,KRISHNAGIRI Station,KRISHNAGIRI,Circle Inspector,,,retired,,imported,12fe593e-e883-5cac-9710-f2ba74198299,13_officer.csv,OFFICER-002586
ae86f3f1-0f77-51a2-a4c8-e03c11d5b885,,,TN-OFFICER-002587,Tamil Nadu Officer OFFICER-002587,Constable,NAGAPATTINAM Station,NAGAPATTINAM,Investigator,,,retired,,imported,12fe593e-e883-5cac-9710-f2ba74198299,13_officer.csv,OFFICER-002587
3d184dfe-6b5e-5d8c-a20c-0a435e8b5261,,,TN-OFFICER-002588,Tamil Nadu Officer OFFICER-002588,Deputy Superintendent,KRISHNAGIRI Station,KRISHNAGIRI,Sub-Inspector,,,suspended,,imported,12fe593e-e883-5cac-9710-f2ba74198299,13_officer.csv,OFFICER-002588
727917f6-64a0-532e-ac87-a67e298859f6,,,TN-OFFICER-002589,Tamil Nadu Officer OFFICER-002589,Assistant Superintendent,MAYILADUTHURAI Station,MAYILADUTHURAI,Investigator,,,suspended,,imported,12fe593e-e883-5cac-9710-f2ba74198299,13_officer.csv,OFFICER-002589
790d9850-9742-560a-b424-f87b4fd15bbd,,,TN-OFFICER-002590,Tamil Nadu Officer OFFICER-002590,Superintendent,NAGAPATTINAM Station,NAGAPATTINAM,Investigator,,,retired,,imported,12fe593e-e883-5cac-9710-f2ba74198299,13_officer.csv,OFFICER-002590
8101eb40-0d44-5484-958d-f5e58436b8e7,,,TN-OFFICER-002591,Tamil Nadu Officer OFFICER-002591,Deputy Superintendent,VIRUDHUNAGAR Station,VIRUDHUNAGAR,Police Officer,,,transferred,,imported,12fe593e-e883-5cac-9710-f2ba74198299,13_officer.csv,OFFICER-002591
e0e8100b-0269-5f5e-b77a-8ae9df443286,,,TN-OFFICER-002592,Tamil Nadu Officer OFFICER-002592,Sub-Inspector,SALEM Station,SALEM,Police Officer,,,suspended,,imported,12fe593e-e883-5cac-9710-f2ba74198299,13_officer.csv,OFFICER-002592
dad60d8d-d0dd-59b2-9db8-b5eb3c9152b7,,,TN-OFFICER-002593,Tamil Nadu Officer OFFICER-002593,Deputy Superintendent,TIRUPPUR Station,TIRUPPUR,Circle Inspector,,,suspended,,imported,12fe593e-e883-5cac-9710-f2ba74198299,13_officer.csv,OFFICER-002593
e64652ec-a64d-5785-980e-4cdac6da2696,,,TN-OFFICER-002594,Tamil Nadu Officer OFFICER-002594,Deputy Superintendent,ERODE Station,ERODE,Investigator,,,active,,imported,12fe593e-e883-5cac-9710-f2ba74198299,13_officer.csv,OFFICER-002594
163f8e95-e619-5345-88d2-6a90b93d8b61,,,TN-OFFICER-002595,Tamil Nadu Officer OFFICER-002595,Assistant Superintendent,CHENGALPATTU Station,CHENGALPATTU,Police Officer,,,suspended,,imported,12fe593e-e883-5cac-9710-f2ba74198299,13_officer.csv,OFFICER-002595
3a7f11ae-b6ae-540d-931a-9d111597fecd,,,TN-OFFICER-002596,Tamil Nadu Officer OFFICER-002596,Inspector,DINDIGUL Station,DINDIGUL,Sub-Inspector,,,suspended,,imported,12fe593e-e883-5cac-9710-f2ba74198299,13_officer.csv,OFFICER-002596
db287f62-1278-51e3-8e0d-73a3657ec22d,,,TN-OFFICER-002597,Tamil Nadu Officer OFFICER-002597,Constable,RAMESWARAM Station,RAMESWARAM,Station House Officer,,,suspended,,imported,12fe593e-e883-5cac-9710-f2ba74198299,13_officer.csv,OFFICER-002597
4b67e5fb-a89e-5b4d-9450-8fef7dc49fb1,,,TN-OFFICER-002598,Tamil Nadu Officer OFFICER-002598,Deputy Superintendent,DINDIGUL Station,DINDIGUL,Investigator,,,retired,,imported,12fe593e-e883-5cac-9710-f2ba74198299,13_officer.csv,OFFICER-002598
9d9aa375-001e-5009-aba2-87acaf643ec1,,,TN-OFFICER-002599,Tamil Nadu Officer OFFICER-002599,Constable,VIRUDHUNAGAR Station,VIRUDHUNAGAR,Police Officer,,,transferred,,imported,12fe593e-e883-5cac-9710-f2ba74198299,13_officer.csv,OFFICER-002599
0b50a5c8-96ee-579e-be60-bfbf0b242249,,,TN-OFFICER-002600,Tamil Nadu Officer OFFICER-002600,Superintendent,RANIPET Station,RANIPET,Investigator,,,retired,,imported,12fe593e-e883-5cac-9710-f2ba74198299,13_officer.csv,OFFICER-002600
1fe6d57a-a149-57e7-9ab7-7ab8548b45dc,,,TN-OFFICER-002601,Tamil Nadu Officer OFFICER-002601,Superintendent,RANIPET Station,RANIPET,Station House Officer,,,retired,,imported,12fe593e-e883-5cac-9710-f2ba74198299,13_officer.csv,OFFICER-002601
2eea1a5f-a023-521f-a91e-1a5c530c83b6,,,TN-OFFICER-002602,Tamil Nadu Officer OFFICER-002602,Sub-Inspector,THIRUVARUR Station,THIRUVARUR,Police Officer,,,active,,imported,12fe593e-e883-5cac-9710-f2ba74198299,13_officer.csv,OFFICER-002602
d4db2aee-f9b4-5932-b49b-d678930436dd,,,TN-OFFICER-002603,Tamil Nadu Officer OFFICER-002603,Assistant Superintendent,THIRUVARUR Station,THIRUVARUR,Circle Inspector,,,suspended,,imported,12fe593e-e883-5cac-9710-f2ba74198299,13_officer.csv,OFFICER-002603
b743a94f-706e-5a9a-9515-4fad309d31d4,,,TN-OFFICER-002604,Tamil Nadu Officer OFFICER-002604,Inspector,TIRUCHIRAPPALLI Station,TIRUCHIRAPPALLI,Police Officer,,,transferred,,imported,12fe593e-e883-5cac-9710-f2ba74198299,13_officer.csv,OFFICER-002604
b6a36ac0-6939-52a5-a279-d9ba51af9427,,,TN-OFFICER-002605,Tamil Nadu Officer OFFICER-002605,Assistant Superintendent,RANIPET Station,RANIPET,Investigator,,,suspended,,imported,12fe593e-e883-5cac-9710-f2ba74198299,13_officer.csv,OFFICER-002605
51c12fe2-bcff-51b4-8da3-225fe2b32029,,,TN-OFFICER-002606,Tamil Nadu Officer OFFICER-002606,Assistant Superintendent,KARUR Station,KARUR,Circle Inspector,,,transferred,,imported,12fe593e-e883-5cac-9710-f2ba74198299,13_officer.csv,OFFICER-002606
13953b20-01f4-597b-a702-46b5e4813d3b,,,TN-OFFICER-002607,Tamil Nadu Officer OFFICER-002607,Deputy Superintendent,KALLAKURICHI Station,KALLAKURICHI,Sub-Inspector,,,retired,,imported,12fe593e-e883-5cac-9710-f2ba74198299,13_officer.csv,OFFICER-002607
c7b0d485-3e32-51d9-9bde-df88563b1d02,,,TN-OFFICER-002608,Tamil Nadu Officer OFFICER-002608,Constable,ERODE Station,ERODE,Station House Officer,,,transferred,,imported,12fe593e-e883-5cac-9710-f2ba74198299,13_officer.csv,OFFICER-002608
b89fe2f7-b54a-5add-8011-49ef70d9431c,,,TN-OFFICER-002609,Tamil Nadu Officer OFFICER-002609,Superintendent,TIRUVANNAMALAI Station,TIRUVANNAMALAI,Station House Officer,,,suspended,,imported,12fe593e-e883-5cac-9710-f2ba74198299,13_officer.csv,OFFICER-002609
e7c2d738-2f99-5243-a0b6-d5b7ec0c9517,,,TN-OFFICER-002610,Tamil Nadu Officer OFFICER-002610,Superintendent,TIRUPATHUR Station,TIRUPATHUR,Sub-Inspector,,,retired,,imported,12fe593e-e883-5cac-9710-f2ba74198299,13_officer.csv,OFFICER-002610
4ed44df7-d200-504e-af9e-29d4964a48a2,,,TN-OFFICER-002611,Tamil Nadu Officer OFFICER-002611,Assistant Superintendent,CHENNAI Station,CHENNAI,Station House Officer,,,active,,imported,12fe593e-e883-5cac-9710-f2ba74198299,13_officer.csv,OFFICER-002611
0f1b6bc6-21b1-59db-b3e6-55e7793dbe02,,,TN-OFFICER-002612,Tamil Nadu Officer OFFICER-002612,Superintendent,KRISHNAGIRI Station,KRISHNAGIRI,Sub-Inspector,,,retired,,imported,12fe593e-e883-5cac-9710-f2ba74198299,13_officer.csv,OFFICER-002612
adf8dfc6-6843-5106-881f-7279fea165a0,,,TN-OFFICER-002613,Tamil Nadu Officer OFFICER-002613,Superintendent,NAMAKKAL Station,NAMAKKAL,Circle Inspector,,,suspended,,imported,12fe593e-e883-5cac-9710-f2ba74198299,13_officer.csv,OFFICER-002613
c7a8411f-4996-528b-be0a-643099899697,,,TN-OFFICER-002614,Tamil Nadu Officer OFFICER-002614,Deputy Superintendent,KANCHEEPURAM Station,KANCHEEPURAM,Station House Officer,,,suspended,,imported,12fe593e-e883-5cac-9710-f2ba74198299,13_officer.csv,OFFICER-002614
4e03752f-3ec2-5ee4-aa57-927610d1daa5,,,TN-OFFICER-002615,Tamil Nadu Officer OFFICER-002615,Inspector,ARIYALUR Station,ARIYALUR,Investigator,,,active,,imported,12fe593e-e883-5cac-9710-f2ba74198299,13_officer.csv,OFFICER-002615
b08b9361-58c7-5e01-84ed-30c81bde4805,,,TN-OFFICER-002616,Tamil Nadu Officer OFFICER-002616,Deputy Superintendent,TIRUCHIRAPPALLI Station,TIRUCHIRAPPALLI,Station House Officer,,,active,,imported,12fe593e-e883-5cac-9710-f2ba74198299,13_officer.csv,OFFICER-002616
b0b9e6e2-0971-5db3-9ad0-7431a16c1126,,,TN-OFFICER-002617,Tamil Nadu Officer OFFICER-002617,Constable,RAMANATHAPURAM Station,RAMANATHAPURAM,Investigator,,,retired,,imported,12fe593e-e883-5cac-9710-f2ba74198299,13_officer.csv,OFFICER-002617
341bf447-b0ee-5217-b940-7fc7c0d83c46,,,TN-OFFICER-002618,Tamil Nadu Officer OFFICER-002618,Sub-Inspector,THIRUVALLUR Station,THIRUVALLUR,Sub-Inspector,,,transferred,,imported,12fe593e-e883-5cac-9710-f2ba74198299,13_officer.csv,OFFICER-002618
ab9df4e5-233c-571a-b604-40d200b06ddd,,,TN-OFFICER-002619,Tamil Nadu Officer OFFICER-002619,Superintendent,KRISHNAGIRI Station,KRISHNAGIRI,Circle Inspector,,,suspended,,imported,12fe593e-e883-5cac-9710-f2ba74198299,13_officer.csv,OFFICER-002619
fba8602a-65c4-599e-89ba-be67275395c1,,,TN-OFFICER-002620,Tamil Nadu Officer OFFICER-002620,Superintendent,TIRUPATHUR Station,TIRUPATHUR,Station House Officer,,,retired,,imported,12fe593e-e883-5cac-9710-f2ba74198299,13_officer.csv,OFFICER-002620
a019eb00-1a7f-59e3-8040-2332455739ff,,,TN-OFFICER-002621,Tamil Nadu Officer OFFICER-002621,Sub-Inspector,PUDUKOTTAI Station,PUDUKOTTAI,Station House Officer,,,retired,,imported,12fe593e-e883-5cac-9710-f2ba74198299,13_officer.csv,OFFICER-002621
455a34b7-42d6-5bf9-b9c5-561631544fcb,,,TN-OFFICER-002622,Tamil Nadu Officer OFFICER-002622,Superintendent,THENI Station,THENI,Sub-Inspector,,,retired,,imported,12fe593e-e883-5cac-9710-f2ba74198299,13_officer.csv,OFFICER-002622
e226fe9c-5525-5f28-90ba-fa6fb3efc67b,,,TN-OFFICER-002623,Tamil Nadu Officer OFFICER-002623,Assistant Superintendent,NAGAPATTINAM Station,NAGAPATTINAM,Police Officer,,,transferred,,imported,12fe593e-e883-5cac-9710-f2ba74198299,13_officer.csv,OFFICER-002623
dd94bf14-5768-5b46-8050-7305d7f33216,,,TN-OFFICER-002624,Tamil Nadu Officer OFFICER-002624,Deputy Superintendent,TIRUCHIRAPPALLI Station,TIRUCHIRAPPALLI,Station House Officer,,,active,,imported,12fe593e-e883-5cac-9710-f2ba74198299,13_officer.csv,OFFICER-002624
e837bf75-64e7-5109-ab96-a1e47d797aa3,,,TN-OFFICER-002625,Tamil Nadu Officer OFFICER-002625,Superintendent,CUDDALORE Station,CUDDALORE,Sub-Inspector,,,suspended,,imported,12fe593e-e883-5cac-9710-f2ba74198299,13_officer.csv,OFFICER-002625
f9a95374-ae85-5a3b-bf32-308f34ab85da,,,TN-OFFICER-002626,Tamil Nadu Officer OFFICER-002626,Deputy Superintendent,PUDUKOTTAI Station,PUDUKOTTAI,Station House Officer,,,suspended,,imported,12fe593e-e883-5cac-9710-f2ba74198299,13_officer.csv,OFFICER-002626
34cfc0e8-4dd0-517a-839c-e7d08703b3a6,,,TN-OFFICER-002627,Tamil Nadu Officer OFFICER-002627,Sub-Inspector,KANCHEEPURAM Station,KANCHEEPURAM,Police Officer,,,retired,,imported,12fe593e-e883-5cac-9710-f2ba74198299,13_officer.csv,OFFICER-002627
c7da3474-baad-5fb7-8750-2a204650a564,,,TN-OFFICER-002628,Tamil Nadu Officer OFFICER-002628,Assistant Superintendent,PUDUKOTTAI Station,PUDUKOTTAI,Investigator,,,suspended,,imported,12fe593e-e883-5cac-9710-f2ba74198299,13_officer.csv,OFFICER-002628
6f320f96-e35b-50a3-adf1-b6c2a9645c01,,,TN-OFFICER-002629,Tamil Nadu Officer OFFICER-002629,Superintendent,THENI Station,THENI,Police Officer,,,retired,,imported,12fe593e-e883-5cac-9710-f2ba74198299,13_officer.csv,OFFICER-002629
be272085-d22d-5621-991f-6d64b870d95d,,,TN-OFFICER-002630,Tamil Nadu Officer OFFICER-002630,Superintendent,KARUR Station,KARUR,Investigator,,,active,,imported,12fe593e-e883-5cac-9710-f2ba74198299,13_officer.csv,OFFICER-002630
b02ce47a-4d15-5de1-8006-be9fee573c5f,,,TN-OFFICER-002631,Tamil Nadu Officer OFFICER-002631,Constable,NAGAPATTINAM Station,NAGAPATTINAM,Sub-Inspector,,,active,,imported,12fe593e-e883-5cac-9710-f2ba74198299,13_officer.csv,OFFICER-002631
d2594157-cb06-5e84-bfed-8593cd777251,,,TN-OFFICER-002632,Tamil Nadu Officer OFFICER-002632,Inspector,VIRUDHUNAGAR Station,VIRUDHUNAGAR,Sub-Inspector,,,transferred,,imported,12fe593e-e883-5cac-9710-f2ba74198299,13_officer.csv,OFFICER-002632
086b5ef1-add2-57e3-a88a-1dde3b88f1a2,,,TN-OFFICER-002633,Tamil Nadu Officer OFFICER-002633,Constable,CUDDALORE Station,CUDDALORE,Station House Officer,,,retired,,imported,12fe593e-e883-5cac-9710-f2ba74198299,13_officer.csv,OFFICER-002633
ff5cf334-fd06-52e5-94b7-1f825a7e4129,,,TN-OFFICER-002634,Tamil Nadu Officer OFFICER-002634,Superintendent,TENKASI Station,TENKASI,Police Officer,,,transferred,,imported,12fe593e-e883-5cac-9710-f2ba74198299,13_officer.csv,OFFICER-002634
b4149f10-964f-53bd-a318-7043d29b2372,,,TN-OFFICER-002635,Tamil Nadu Officer OFFICER-002635,Constable,KRISHNAGIRI Station,KRISHNAGIRI,Sub-Inspector,,,transferred,,imported,12fe593e-e883-5cac-9710-f2ba74198299,13_officer.csv,OFFICER-002635
7e48f472-4e54-58e0-8983-16ced472c1b8,,,TN-OFFICER-002636,Tamil Nadu Officer OFFICER-002636,Superintendent,KUMBAKONAM Station,KUMBAKONAM,Police Officer,,,retired,,imported,12fe593e-e883-5cac-9710-f2ba74198299,13_officer.csv,OFFICER-002636
53a8f4fb-f757-5839-be3a-4e617ec028d8,,,TN-OFFICER-002637,Tamil Nadu Officer OFFICER-002637,Inspector,THOOTHUKUDI Station,THOOTHUKUDI,Police Officer,,,suspended,,imported,12fe593e-e883-5cac-9710-f2ba74198299,13_officer.csv,OFFICER-002637
64db41f4-73f5-5181-a4fe-9b3e06041aaf,,,TN-OFFICER-002638,Tamil Nadu Officer OFFICER-002638,Superintendent,SALEM Station,SALEM,Investigator,,,transferred,,imported,12fe593e-e883-5cac-9710-f2ba74198299,13_officer.csv,OFFICER-002638
c03082ab-b093-551d-9e72-dc5e6bc7174d,,,TN-OFFICER-002639,Tamil Nadu Officer OFFICER-002639,Constable,KALLAKURICHI Station,KALLAKURICHI,Investigator,,,suspended,,imported,12fe593e-e883-5cac-9710-f2ba74198299,13_officer.csv,OFFICER-002639
b6c320c3-37f6-5e39-8803-cbdae4de78d7,,,TN-OFFICER-002640,Tamil Nadu Officer OFFICER-002640,Constable,CHENGALPATTU Station,CHENGALPATTU,Circle Inspector,,,transferred,,imported,12fe593e-e883-5cac-9710-f2ba74198299,13_officer.csv,OFFICER-002640
fc876e86-64c0-5312-9d5d-1eac4b7cb63f,,,TN-OFFICER-002641,Tamil Nadu Officer OFFICER-002641,Constable,THIRUVARUR Station,THIRUVARUR,Station House Officer,,,active,,imported,12fe593e-e883-5cac-9710-f2ba74198299,13_officer.csv,OFFICER-002641
a69aed77-2cdc-58ef-bd1e-3e3c66afafac,,,TN-OFFICER-002642,Tamil Nadu Officer OFFICER-002642,Sub-Inspector,TIRUPATHUR Station,TIRUPATHUR,Police Officer,,,transferred,,imported,12fe593e-e883-5cac-9710-f2ba74198299,13_officer.csv,OFFICER-002642
e2f427c1-64d1-5803-9137-1969a4aea33d,,,TN-OFFICER-002643,Tamil Nadu Officer OFFICER-002643,Constable,KALLAKURICHI Station,KALLAKURICHI,Circle Inspector,,,retired,,imported,12fe593e-e883-5cac-9710-f2ba74198299,13_officer.csv,OFFICER-002643
880d585d-25bd-5ab6-b0bc-c1770b5a495b,,,TN-OFFICER-002644,Tamil Nadu Officer OFFICER-002644,Inspector,TIRUVANNAMALAI Station,TIRUVANNAMALAI,Investigator,,,retired,,imported,12fe593e-e883-5cac-9710-f2ba74198299,13_officer.csv,OFFICER-002644
a024fe22-a069-5a31-9a78-9ac74dc3769b,,,TN-OFFICER-002645,Tamil Nadu Officer OFFICER-002645,Inspector,SIVAGANGA Station,SIVAGANGA,Circle Inspector,,,transferred,,imported,12fe593e-e883-5cac-9710-f2ba74198299,13_officer.csv,OFFICER-002645
a7055190-7f0d-5e8c-b808-87b3b1b668cf,,,TN-OFFICER-002646,Tamil Nadu Officer OFFICER-002646,Superintendent,CUDDALORE Station,CUDDALORE,Investigator,,,transferred,,imported,12fe593e-e883-5cac-9710-f2ba74198299,13_officer.csv,OFFICER-002646
256d8797-7c2b-5f4d-9cb4-84cb1d25db5e,,,TN-OFFICER-002647,Tamil Nadu Officer OFFICER-002647,Constable,ARIYALUR Station,ARIYALUR,Sub-Inspector,,,retired,,imported,12fe593e-e883-5cac-9710-f2ba74198299,13_officer.csv,OFFICER-002647
2cfd7c4b-e2f0-522e-8cb8-b7ae37b0c9f0,,,TN-OFFICER-002648,Tamil Nadu Officer OFFICER-002648,Assistant Superintendent,KUMBAKONAM Station,KUMBAKONAM,Station House Officer,,,transferred,,imported,12fe593e-e883-5cac-9710-f2ba74198299,13_officer.csv,OFFICER-002648
f9071d6f-4204-5b35-ac9b-68a1b432c787,,,TN-OFFICER-002649,Tamil Nadu Officer OFFICER-002649,Constable,NAGAPATTINAM Station,NAGAPATTINAM,Police Officer,,,retired,,imported,12fe593e-e883-5cac-9710-f2ba74198299,13_officer.csv,OFFICER-002649
132bfff5-7a35-5070-b700-c4f7599ae941,,,TN-OFFICER-002650,Tamil Nadu Officer OFFICER-002650,Deputy Superintendent,KANCHEEPURAM Station,KANCHEEPURAM,Circle Inspector,,,transferred,,imported,12fe593e-e883-5cac-9710-f2ba74198299,13_officer.csv,OFFICER-002650
7d9e463f-49d5-54b0-9085-0f919131fa08,,,TN-OFFICER-002651,Tamil Nadu Officer OFFICER-002651,Sub-Inspector,DINDIGUL Station,DINDIGUL,Sub-Inspector,,,active,,imported,12fe593e-e883-5cac-9710-f2ba74198299,13_officer.csv,OFFICER-002651
1ad506b4-9c6b-5073-8da1-f0396a1504da,,,TN-OFFICER-002652,Tamil Nadu Officer OFFICER-002652,Constable,ARIYALUR Station,ARIYALUR,Circle Inspector,,,suspended,,imported,12fe593e-e883-5cac-9710-f2ba74198299,13_officer.csv,OFFICER-002652
5608f4ff-b667-5440-a6d4-01a94fe2f003,,,TN-OFFICER-002653,Tamil Nadu Officer OFFICER-002653,Constable,RANIPET Station,RANIPET,Police Officer,,,retired,,imported,12fe593e-e883-5cac-9710-f2ba74198299,13_officer.csv,OFFICER-002653
9292e1a9-e40d-58d6-b845-50ee8e00fffc,,,TN-OFFICER-002654,Tamil Nadu Officer OFFICER-002654,Constable,TIRUVANNAMALAI Station,TIRUVANNAMALAI,Investigator,,,retired,,imported,12fe593e-e883-5cac-9710-f2ba74198299,13_officer.csv,OFFICER-002654
270995a3-ea42-586e-9e1b-7b6acecab888,,,TN-OFFICER-002655,Tamil Nadu Officer OFFICER-002655,Deputy Superintendent,ARIYALUR Station,ARIYALUR,Station House Officer,,,retired,,imported,12fe593e-e883-5cac-9710-f2ba74198299,13_officer.csv,OFFICER-002655
8f763b0a-1946-5617-a2e7-d90c6dc5cd52,,,TN-OFFICER-002656,Tamil Nadu Officer OFFICER-002656,Constable,PERAMBALUR Station,PERAMBALUR,Police Officer,,,suspended,,imported,12fe593e-e883-5cac-9710-f2ba74198299,13_officer.csv,OFFICER-002656
00db21ea-371a-546c-8e2d-0a0e906e94b7,,,TN-OFFICER-002657,Tamil Nadu Officer OFFICER-002657,Constable,KUMBAKONAM Station,KUMBAKONAM,Investigator,,,transferred,,imported,12fe593e-e883-5cac-9710-f2ba74198299,13_officer.csv,OFFICER-002657
82382563-a668-5cdd-ba67-075743de052c,,,TN-OFFICER-002658,Tamil Nadu Officer OFFICER-002658,Constable,THIRUVARUR Station,THIRUVARUR,Station House Officer,,,retired,,imported,12fe593e-e883-5cac-9710-f2ba74198299,13_officer.csv,OFFICER-002658
7a8f4d6f-529d-5b01-9156-116483c04c7a,,,TN-OFFICER-002659,Tamil Nadu Officer OFFICER-002659,Superintendent,KUMBAKONAM Station,KUMBAKONAM,Circle Inspector,,,retired,,imported,12fe593e-e883-5cac-9710-f2ba74198299,13_officer.csv,OFFICER-002659
5cd472b2-4bdf-506b-b82e-1642e19de998,,,TN-OFFICER-002660,Tamil Nadu Officer OFFICER-002660,Inspector,THE_NILGIRIS Station,THE_NILGIRIS,Investigator,,,suspended,,imported,12fe593e-e883-5cac-9710-f2ba74198299,13_officer.csv,OFFICER-002660
797ac13f-0114-5ed0-bc92-ee90fb71016f,,,TN-OFFICER-002661,Tamil Nadu Officer OFFICER-002661,Inspector,KRISHNAGIRI Station,KRISHNAGIRI,Investigator,,,active,,imported,12fe593e-e883-5cac-9710-f2ba74198299,13_officer.csv,OFFICER-002661
45ff4d9e-a5d2-5f77-b125-aca27d52d291,,,TN-OFFICER-002662,Tamil Nadu Officer OFFICER-002662,Inspector,NAMAKKAL Station,NAMAKKAL,Police Officer,,,suspended,,imported,12fe593e-e883-5cac-9710-f2ba74198299,13_officer.csv,OFFICER-002662
33a79201-5386-56df-b0fa-fa23130f97e3,,,TN-OFFICER-002663,Tamil Nadu Officer OFFICER-002663,Deputy Superintendent,TIRUPPUR Station,TIRUPPUR,Police Officer,,,active,,imported,12fe593e-e883-5cac-9710-f2ba74198299,13_officer.csv,OFFICER-002663
6091dcf0-f68c-5518-9de6-d6d42e6306ec,,,TN-OFFICER-002664,Tamil Nadu Officer OFFICER-002664,Inspector,DINDIGUL Station,DINDIGUL,Sub-Inspector,,,suspended,,imported,12fe593e-e883-5cac-9710-f2ba74198299,13_officer.csv,OFFICER-002664
a2a7e46f-b0b1-5a9e-a82a-b4030524d545,,,TN-OFFICER-002665,Tamil Nadu Officer OFFICER-002665,Superintendent,CHENNAI Station,CHENNAI,Station House Officer,,,retired,,imported,12fe593e-e883-5cac-9710-f2ba74198299,13_officer.csv,OFFICER-002665
22c1246a-a7c4-52ac-9d28-e7b6c4cd41d9,,,TN-OFFICER-002666,Tamil Nadu Officer OFFICER-002666,Constable,TIRUPPUR Station,TIRUPPUR,Station House Officer,,,active,,imported,12fe593e-e883-5cac-9710-f2ba74198299,13_officer.csv,OFFICER-002666
9cc63b5a-429c-5203-b613-32d5c8858f7d,,,TN-OFFICER-002667,Tamil Nadu Officer OFFICER-002667,Inspector,DINDIGUL Station,DINDIGUL,Sub-Inspector,,,retired,,imported,12fe593e-e883-5cac-9710-f2ba74198299,13_officer.csv,OFFICER-002667
b948992b-a0d9-5154-87d5-c4b59b09f6c0,,,TN-OFFICER-002668,Tamil Nadu Officer OFFICER-002668,Superintendent,TIRUNELVELI Station,TIRUNELVELI,Police Officer,,,retired,,imported,12fe593e-e883-5cac-9710-f2ba74198299,13_officer.csv,OFFICER-002668
e1a83313-a80c-5c47-a4af-472668edc479,,,TN-OFFICER-002669,Tamil Nadu Officer OFFICER-002669,Constable,THIRUVALLUR Station,THIRUVALLUR,Station House Officer,,,suspended,,imported,12fe593e-e883-5cac-9710-f2ba74198299,13_officer.csv,OFFICER-002669
90b704ad-29ca-58fc-9d5c-b423b6ea2df0,,,TN-OFFICER-002670,Tamil Nadu Officer OFFICER-002670,Sub-Inspector,NAGAPATTINAM Station,NAGAPATTINAM,Sub-Inspector,,,suspended,,imported,12fe593e-e883-5cac-9710-f2ba74198299,13_officer.csv,OFFICER-002670
ba5dbfef-da61-5567-ad54-01ed94ac96e7,,,TN-OFFICER-002671,Tamil Nadu Officer OFFICER-002671,Constable,RAMANATHAPURAM Station,RAMANATHAPURAM,Police Officer,,,active,,imported,12fe593e-e883-5cac-9710-f2ba74198299,13_officer.csv,OFFICER-002671
58828596-7067-56f6-9b5c-9637a9702c9b,,,TN-OFFICER-002672,Tamil Nadu Officer OFFICER-002672,Superintendent,SALEM Station,SALEM,Circle Inspector,,,retired,,imported,12fe593e-e883-5cac-9710-f2ba74198299,13_officer.csv,OFFICER-002672
904a4a13-1232-5184-9383-df4edbf2988d,,,TN-OFFICER-002673,Tamil Nadu Officer OFFICER-002673,Sub-Inspector,SALEM Station,SALEM,Station House Officer,,,active,,imported,12fe593e-e883-5cac-9710-f2ba74198299,13_officer.csv,OFFICER-002673
4a4af6f1-299a-5485-8542-6e70a4604aab,,,TN-OFFICER-002674,Tamil Nadu Officer OFFICER-002674,Inspector,TIRUPPUR Station,TIRUPPUR,Sub-Inspector,,,transferred,,imported,12fe593e-e883-5cac-9710-f2ba74198299,13_officer.csv,OFFICER-002674
417e83ea-6893-5d63-9fb8-412c8523e078,,,TN-OFFICER-002675,Tamil Nadu Officer OFFICER-002675,Inspector,VIRUDHUNAGAR Station,VIRUDHUNAGAR,Police Officer,,,suspended,,imported,12fe593e-e883-5cac-9710-f2ba74198299,13_officer.csv,OFFICER-002675
43bf2b2d-9ba0-55c4-b944-12060f76542d,,,TN-OFFICER-002676,Tamil Nadu Officer OFFICER-002676,Deputy Superintendent,PUDUKOTTAI Station,PUDUKOTTAI,Investigator,,,suspended,,imported,12fe593e-e883-5cac-9710-f2ba74198299,13_officer.csv,OFFICER-002676
b13dddbd-d77c-57c2-a69b-746cb129673a,,,TN-OFFICER-002677,Tamil Nadu Officer OFFICER-002677,Superintendent,NAGAPATTINAM Station,NAGAPATTINAM,Police Officer,,,suspended,,imported,12fe593e-e883-5cac-9710-f2ba74198299,13_officer.csv,OFFICER-002677
1b89b341-5894-51c1-bbd8-e8b48b7080a5,,,TN-OFFICER-002678,Tamil Nadu Officer OFFICER-002678,Inspector,TENKASI Station,TENKASI,Station House Officer,,,retired,,imported,12fe593e-e883-5cac-9710-f2ba74198299,13_officer.csv,OFFICER-002678
5f688575-2d60-5be2-90c8-9c185ffda125,,,TN-OFFICER-002679,Tamil Nadu Officer OFFICER-002679,Deputy Superintendent,KANCHEEPURAM Station,KANCHEEPURAM,Investigator,,,transferred,,imported,12fe593e-e883-5cac-9710-f2ba74198299,13_officer.csv,OFFICER-002679
e995194e-0f15-56cb-8428-76000822298a,,,TN-OFFICER-002680,Tamil Nadu Officer OFFICER-002680,Superintendent,RANIPET Station,RANIPET,Circle Inspector,,,active,,imported,12fe593e-e883-5cac-9710-f2ba74198299,13_officer.csv,OFFICER-002680
677c292e-bc09-51e7-ac0c-18dc22ecd2e4,,,TN-OFFICER-002681,Tamil Nadu Officer OFFICER-002681,Deputy Superintendent,ERODE Station,ERODE,Investigator,,,active,,imported,12fe593e-e883-5cac-9710-f2ba74198299,13_officer.csv,OFFICER-002681
3bd7dfee-fd06-5b13-9035-83a94f0b6c6b,,,TN-OFFICER-002682,Tamil Nadu Officer OFFICER-002682,Inspector,ERODE Station,ERODE,Police Officer,,,suspended,,imported,12fe593e-e883-5cac-9710-f2ba74198299,13_officer.csv,OFFICER-002682
cb821eb5-4d09-5bcc-aee7-93a5ba5eba7d,,,TN-OFFICER-002683,Tamil Nadu Officer OFFICER-002683,Constable,TIRUVANNAMALAI Station,TIRUVANNAMALAI,Circle Inspector,,,retired,,imported,12fe593e-e883-5cac-9710-f2ba74198299,13_officer.csv,OFFICER-002683
6551cdbc-feb5-5546-8a43-85fafadad470,,,TN-OFFICER-002684,Tamil Nadu Officer OFFICER-002684,Superintendent,RAMANATHAPURAM Station,RAMANATHAPURAM,Investigator,,,retired,,imported,12fe593e-e883-5cac-9710-f2ba74198299,13_officer.csv,OFFICER-002684
ffd24fa5-7af9-5246-b514-68758c51b91f,,,TN-OFFICER-002685,Tamil Nadu Officer OFFICER-002685,Inspector,CHENNAI Station,CHENNAI,Investigator,,,active,,imported,12fe593e-e883-5cac-9710-f2ba74198299,13_officer.csv,OFFICER-002685
adddb7b1-1098-54ba-8a3e-4bac86f6a977,,,TN-OFFICER-002686,Tamil Nadu Officer OFFICER-002686,Superintendent,PUDUKOTTAI Station,PUDUKOTTAI,Investigator,,,suspended,,imported,12fe593e-e883-5cac-9710-f2ba74198299,13_officer.csv,OFFICER-002686
8779d57d-a9a6-5464-b717-57f876f1569a,,,TN-OFFICER-002687,Tamil Nadu Officer OFFICER-002687,Sub-Inspector,KALLAKURICHI Station,KALLAKURICHI,Station House Officer,,,active,,imported,12fe593e-e883-5cac-9710-f2ba74198299,13_officer.csv,OFFICER-002687
e457a3cf-f3bb-539d-81bf-660652b01351,,,TN-OFFICER-002688,Tamil Nadu Officer OFFICER-002688,Assistant Superintendent,PUDUKOTTAI Station,PUDUKOTTAI,Investigator,,,retired,,imported,12fe593e-e883-5cac-9710-f2ba74198299,13_officer.csv,OFFICER-002688
89097f10-0622-5ad4-a26c-d45bcc3f0dc5,,,TN-OFFICER-002689,Tamil Nadu Officer OFFICER-002689,Inspector,SALEM Station,SALEM,Circle Inspector,,,suspended,,imported,12fe593e-e883-5cac-9710-f2ba74198299,13_officer.csv,OFFICER-002689
b8fe794c-4860-57cc-9835-4fd47245c997,,,TN-OFFICER-002690,Tamil Nadu Officer OFFICER-002690,Inspector,THOOTHUKUDI Station,THOOTHUKUDI,Circle Inspector,,,retired,,imported,12fe593e-e883-5cac-9710-f2ba74198299,13_officer.csv,OFFICER-002690
444f2db0-fdcb-520f-b15e-4cdf3fb1065a,,,TN-OFFICER-002691,Tamil Nadu Officer OFFICER-002691,Assistant Superintendent,DINDIGUL Station,DINDIGUL,Sub-Inspector,,,retired,,imported,12fe593e-e883-5cac-9710-f2ba74198299,13_officer.csv,OFFICER-002691
e5a2434d-b14b-522c-95a2-626b96c68354,,,TN-OFFICER-002692,Tamil Nadu Officer OFFICER-002692,Assistant Superintendent,KANYAKUMARI Station,KANYAKUMARI,Station House Officer,,,active,,imported,12fe593e-e883-5cac-9710-f2ba74198299,13_officer.csv,OFFICER-002692
5efd35b2-bb0e-5078-a543-cd0daf6a5a01,,,TN-OFFICER-002693,Tamil Nadu Officer OFFICER-002693,Inspector,THIRUVARUR Station,THIRUVARUR,Station House Officer,,,retired,,imported,12fe593e-e883-5cac-9710-f2ba74198299,13_officer.csv,OFFICER-002693
fd4aca4a-1ffe-58ec-bb26-856ed5a2986f,,,TN-OFFICER-002694,Tamil Nadu Officer OFFICER-002694,Sub-Inspector,TIRUVANNAMALAI Station,TIRUVANNAMALAI,Sub-Inspector,,,transferred,,imported,12fe593e-e883-5cac-9710-f2ba74198299,13_officer.csv,OFFICER-002694
b59acf74-8103-5efc-9709-4dcc0f9d9380,,,TN-OFFICER-002695,Tamil Nadu Officer OFFICER-002695,Sub-Inspector,CHENGALPATTU Station,CHENGALPATTU,Investigator,,,transferred,,imported,12fe593e-e883-5cac-9710-f2ba74198299,13_officer.csv,OFFICER-002695
55ded761-1d0a-5081-ae83-5dd71200c495,,,TN-OFFICER-002696,Tamil Nadu Officer OFFICER-002696,Inspector,THIRUVALLUR Station,THIRUVALLUR,Sub-Inspector,,,retired,,imported,12fe593e-e883-5cac-9710-f2ba74198299,13_officer.csv,OFFICER-002696
e6380cee-14ec-50fa-b3e5-0bd2593a4026,,,TN-OFFICER-002697,Tamil Nadu Officer OFFICER-002697,Constable,THOOTHUKUDI Station,THOOTHUKUDI,Police Officer,,,retired,,imported,12fe593e-e883-5cac-9710-f2ba74198299,13_officer.csv,OFFICER-002697
ed7aee5e-5bae-547e-bc01-653bad93f5c4,,,TN-OFFICER-002698,Tamil Nadu Officer OFFICER-002698,Constable,TIRUPATHUR Station,TIRUPATHUR,Sub-Inspector,,,retired,,imported,12fe593e-e883-5cac-9710-f2ba74198299,13_officer.csv,OFFICER-002698
0b28b880-4db1-5f62-ac56-7d59e3bcf7b7,,,TN-OFFICER-002699,Tamil Nadu Officer OFFICER-002699,Constable,THIRUVALLUR Station,THIRUVALLUR,Station House Officer,,,active,,imported,12fe593e-e883-5cac-9710-f2ba74198299,13_officer.csv,OFFICER-002699
09558c4d-daf4-583e-a9d7-266b7d2d4125,,,TN-OFFICER-002700,Tamil Nadu Officer OFFICER-002700,Superintendent,THIRUVALLUR Station,THIRUVALLUR,Investigator,,,retired,,imported,12fe593e-e883-5cac-9710-f2ba74198299,13_officer.csv,OFFICER-002700
ec0e7e36-fb8b-57cc-851a-242b9931f6e9,,,TN-OFFICER-002701,Tamil Nadu Officer OFFICER-002701,Superintendent,RANIPET Station,RANIPET,Police Officer,,,suspended,,imported,12fe593e-e883-5cac-9710-f2ba74198299,13_officer.csv,OFFICER-002701
22c8a683-90a1-5383-a060-cb28dc624eff,,,TN-OFFICER-002702,Tamil Nadu Officer OFFICER-002702,Assistant Superintendent,THIRUVARUR Station,THIRUVARUR,Police Officer,,,retired,,imported,12fe593e-e883-5cac-9710-f2ba74198299,13_officer.csv,OFFICER-002702
fbf1d756-c1bd-52bf-81c6-7a072f035f5b,,,TN-OFFICER-002703,Tamil Nadu Officer OFFICER-002703,Assistant Superintendent,DINDIGUL Station,DINDIGUL,Station House Officer,,,retired,,imported,12fe593e-e883-5cac-9710-f2ba74198299,13_officer.csv,OFFICER-002703
7298c68e-000c-57f6-8b04-dcc51380b065,,,TN-OFFICER-002704,Tamil Nadu Officer OFFICER-002704,Inspector,CHENNAI Station,CHENNAI,Station House Officer,,,transferred,,imported,12fe593e-e883-5cac-9710-f2ba74198299,13_officer.csv,OFFICER-002704
2d9d258c-e74b-5857-b5b0-a6036c8edf42,,,TN-OFFICER-002705,Tamil Nadu Officer OFFICER-002705,Deputy Superintendent,MADURAI Station,MADURAI,Station House Officer,,,retired,,imported,12fe593e-e883-5cac-9710-f2ba74198299,13_officer.csv,OFFICER-002705
cc3dee07-db36-5766-b84f-c4603e902591,,,TN-OFFICER-002706,Tamil Nadu Officer OFFICER-002706,Inspector,TENKASI Station,TENKASI,Police Officer,,,active,,imported,12fe593e-e883-5cac-9710-f2ba74198299,13_officer.csv,OFFICER-002706
5f205c66-5992-5716-b2ae-b1d33201868a,,,TN-OFFICER-002707,Tamil Nadu Officer OFFICER-002707,Constable,ARIYALUR Station,ARIYALUR,Station House Officer,,,suspended,,imported,12fe593e-e883-5cac-9710-f2ba74198299,13_officer.csv,OFFICER-002707
4f8a74c3-d4d8-56db-894f-7459bf2132e0,,,TN-OFFICER-002708,Tamil Nadu Officer OFFICER-002708,Inspector,THOOTHUKUDI Station,THOOTHUKUDI,Sub-Inspector,,,transferred,,imported,12fe593e-e883-5cac-9710-f2ba74198299,13_officer.csv,OFFICER-002708
bf3102b7-214c-5e7f-856b-06278ad9de8d,,,TN-OFFICER-002709,Tamil Nadu Officer OFFICER-002709,Sub-Inspector,NAGAPATTINAM Station,NAGAPATTINAM,Investigator,,,transferred,,imported,12fe593e-e883-5cac-9710-f2ba74198299,13_officer.csv,OFFICER-002709
087d0d04-2275-50a7-bc77-8a9761495a62,,,TN-OFFICER-002710,Tamil Nadu Officer OFFICER-002710,Sub-Inspector,KUMBAKONAM Station,KUMBAKONAM,Station House Officer,,,suspended,,imported,12fe593e-e883-5cac-9710-f2ba74198299,13_officer.csv,OFFICER-002710
39bfaa79-693a-5955-a322-80a5ddbdd596,,,TN-OFFICER-002711,Tamil Nadu Officer OFFICER-002711,Sub-Inspector,VIRUDHUNAGAR Station,VIRUDHUNAGAR,Sub-Inspector,,,transferred,,imported,12fe593e-e883-5cac-9710-f2ba74198299,13_officer.csv,OFFICER-002711
f762e6e5-b014-5cd2-98be-23e9a2373ddb,,,TN-OFFICER-002712,Tamil Nadu Officer OFFICER-002712,Superintendent,ARIYALUR Station,ARIYALUR,Police Officer,,,retired,,imported,12fe593e-e883-5cac-9710-f2ba74198299,13_officer.csv,OFFICER-002712
e0c210cd-11d6-5906-869c-491e707ce55f,,,TN-OFFICER-002713,Tamil Nadu Officer OFFICER-002713,Assistant Superintendent,CUDDALORE Station,CUDDALORE,Police Officer,,,transferred,,imported,12fe593e-e883-5cac-9710-f2ba74198299,13_officer.csv,OFFICER-002713
519b06cb-04c5-5dc5-bd1d-5fd79c167366,,,TN-OFFICER-002714,Tamil Nadu Officer OFFICER-002714,Constable,DHARMAPURI Station,DHARMAPURI,Station House Officer,,,suspended,,imported,12fe593e-e883-5cac-9710-f2ba74198299,13_officer.csv,OFFICER-002714
839cc172-f608-5d78-8775-6eebb7a16bcb,,,TN-OFFICER-002715,Tamil Nadu Officer OFFICER-002715,Deputy Superintendent,NAMAKKAL Station,NAMAKKAL,Station House Officer,,,active,,imported,12fe593e-e883-5cac-9710-f2ba74198299,13_officer.csv,OFFICER-002715
b7e98388-a8d0-553d-92dc-1af19d3ebfa2,,,TN-OFFICER-002716,Tamil Nadu Officer OFFICER-002716,Superintendent,CHENNAI Station,CHENNAI,Circle Inspector,,,retired,,imported,12fe593e-e883-5cac-9710-f2ba74198299,13_officer.csv,OFFICER-002716
19b6cb77-b8d0-5cba-8635-17795f2d561c,,,TN-OFFICER-002717,Tamil Nadu Officer OFFICER-002717,Assistant Superintendent,VIRUDHUNAGAR Station,VIRUDHUNAGAR,Police Officer,,,retired,,imported,12fe593e-e883-5cac-9710-f2ba74198299,13_officer.csv,OFFICER-002717
401c6647-7906-5681-b2a6-f6a9205b55b0,,,TN-OFFICER-002718,Tamil Nadu Officer OFFICER-002718,Assistant Superintendent,THE_NILGIRIS Station,THE_NILGIRIS,Police Officer,,,transferred,,imported,12fe593e-e883-5cac-9710-f2ba74198299,13_officer.csv,OFFICER-002718
da4d9017-1720-5b65-aa3f-97c95ed5a29f,,,TN-OFFICER-002719,Tamil Nadu Officer OFFICER-002719,Deputy Superintendent,TIRUPATHUR Station,TIRUPATHUR,Investigator,,,suspended,,imported,12fe593e-e883-5cac-9710-f2ba74198299,13_officer.csv,OFFICER-002719
1ef02a79-097f-583d-83b3-19a534ebdc1e,,,TN-OFFICER-002720,Tamil Nadu Officer OFFICER-002720,Deputy Superintendent,THENI Station,THENI,Sub-Inspector,,,suspended,,imported,12fe593e-e883-5cac-9710-f2ba74198299,13_officer.csv,OFFICER-002720
56f35661-94fc-5cab-a065-8680aaebb60d,,,TN-OFFICER-002721,Tamil Nadu Officer OFFICER-002721,Sub-Inspector,RAMESWARAM Station,RAMESWARAM,Station House Officer,,,suspended,,imported,12fe593e-e883-5cac-9710-f2ba74198299,13_officer.csv,OFFICER-002721
d7c4224d-492e-50fe-a927-819612078e26,,,TN-OFFICER-002722,Tamil Nadu Officer OFFICER-002722,Sub-Inspector,THIRUVALLUR Station,THIRUVALLUR,Sub-Inspector,,,active,,imported,12fe593e-e883-5cac-9710-f2ba74198299,13_officer.csv,OFFICER-002722
05431bf7-f42b-5cd1-a05e-eebcdcfccc82,,,TN-OFFICER-002723,Tamil Nadu Officer OFFICER-002723,Superintendent,KANCHEEPURAM Station,KANCHEEPURAM,Investigator,,,active,,imported,12fe593e-e883-5cac-9710-f2ba74198299,13_officer.csv,OFFICER-002723
2fbbca91-a6bb-54df-ac1f-ccfa735eb016,,,TN-OFFICER-002724,Tamil Nadu Officer OFFICER-002724,Constable,RAMESWARAM Station,RAMESWARAM,Investigator,,,retired,,imported,12fe593e-e883-5cac-9710-f2ba74198299,13_officer.csv,OFFICER-002724
0e548ac9-6269-5d23-84c9-4f960a32347a,,,TN-OFFICER-002725,Tamil Nadu Officer OFFICER-002725,Constable,ARIYALUR Station,ARIYALUR,Station House Officer,,,retired,,imported,12fe593e-e883-5cac-9710-f2ba74198299,13_officer.csv,OFFICER-002725
d86be865-a8bd-5063-bd18-43f3c67395e0,,,TN-OFFICER-002726,Tamil Nadu Officer OFFICER-002726,Superintendent,MAYILADUTHURAI Station,MAYILADUTHURAI,Police Officer,,,active,,imported,12fe593e-e883-5cac-9710-f2ba74198299,13_officer.csv,OFFICER-002726
3381cc84-1e3b-5d41-90e5-04e8c59c7aac,,,TN-OFFICER-002727,Tamil Nadu Officer OFFICER-002727,Assistant Superintendent,TIRUPPUR Station,TIRUPPUR,Circle Inspector,,,suspended,,imported,12fe593e-e883-5cac-9710-f2ba74198299,13_officer.csv,OFFICER-002727
1013927d-508c-5c25-9006-32229ee9c01b,,,TN-OFFICER-002728,Tamil Nadu Officer OFFICER-002728,Inspector,TIRUNELVELI Station,TIRUNELVELI,Circle Inspector,,,retired,,imported,12fe593e-e883-5cac-9710-f2ba74198299,13_officer.csv,OFFICER-002728
62085971-baa0-58a2-b6c9-e70a291e8e39,,,TN-OFFICER-002729,Tamil Nadu Officer OFFICER-002729,Constable,CHENGALPATTU Station,CHENGALPATTU,Police Officer,,,transferred,,imported,12fe593e-e883-5cac-9710-f2ba74198299,13_officer.csv,OFFICER-002729
067d9dac-6f52-5e0b-967c-4fbb362c155b,,,TN-OFFICER-002730,Tamil Nadu Officer OFFICER-002730,Sub-Inspector,CHENGALPATTU Station,CHENGALPATTU,Investigator,,,transferred,,imported,12fe593e-e883-5cac-9710-f2ba74198299,13_officer.csv,OFFICER-002730
d7ab1f55-eebd-5160-bb95-0df6602d86b5,,,TN-OFFICER-002731,Tamil Nadu Officer OFFICER-002731,Deputy Superintendent,CHENGALPATTU Station,CHENGALPATTU,Investigator,,,suspended,,imported,12fe593e-e883-5cac-9710-f2ba74198299,13_officer.csv,OFFICER-002731
96294bfb-948d-5d5d-a933-02a521f16bb8,,,TN-OFFICER-002732,Tamil Nadu Officer OFFICER-002732,Sub-Inspector,TIRUCHIRAPPALLI Station,TIRUCHIRAPPALLI,Circle Inspector,,,suspended,,imported,12fe593e-e883-5cac-9710-f2ba74198299,13_officer.csv,OFFICER-002732
0fe29b53-9115-54dd-bd10-d69c8fd5d9a9,,,TN-OFFICER-002733,Tamil Nadu Officer OFFICER-002733,Inspector,RANIPET Station,RANIPET,Circle Inspector,,,retired,,imported,12fe593e-e883-5cac-9710-f2ba74198299,13_officer.csv,OFFICER-002733
0043699f-3236-5c10-942f-0acdf4d8b648,,,TN-OFFICER-002734,Tamil Nadu Officer OFFICER-002734,Constable,PUDUKOTTAI Station,PUDUKOTTAI,Circle Inspector,,,retired,,imported,12fe593e-e883-5cac-9710-f2ba74198299,13_officer.csv,OFFICER-002734
79beda86-ed38-5f0f-ac19-a3469d692134,,,TN-OFFICER-002735,Tamil Nadu Officer OFFICER-002735,Superintendent,KRISHNAGIRI Station,KRISHNAGIRI,Sub-Inspector,,,suspended,,imported,12fe593e-e883-5cac-9710-f2ba74198299,13_officer.csv,OFFICER-002735
7e33ffcc-983b-57ef-a158-1fd82639417b,,,TN-OFFICER-002736,Tamil Nadu Officer OFFICER-002736,Superintendent,THIRUVARUR Station,THIRUVARUR,Station House Officer,,,transferred,,imported,12fe593e-e883-5cac-9710-f2ba74198299,13_officer.csv,OFFICER-002736
b2e6aa95-8556-52da-9e03-dd73d2df55a5,,,TN-OFFICER-002737,Tamil Nadu Officer OFFICER-002737,Sub-Inspector,CHENGALPATTU Station,CHENGALPATTU,Investigator,,,transferred,,imported,12fe593e-e883-5cac-9710-f2ba74198299,13_officer.csv,OFFICER-002737
0a7c89f4-b666-583f-b515-228690bd451b,,,TN-OFFICER-002738,Tamil Nadu Officer OFFICER-002738,Inspector,DHARMAPURI Station,DHARMAPURI,Station House Officer,,,suspended,,imported,12fe593e-e883-5cac-9710-f2ba74198299,13_officer.csv,OFFICER-002738
70a26aba-bb15-5c2e-a471-dc76fca1f293,,,TN-OFFICER-002739,Tamil Nadu Officer OFFICER-002739,Constable,KANCHEEPURAM Station,KANCHEEPURAM,Station House Officer,,,transferred,,imported,12fe593e-e883-5cac-9710-f2ba74198299,13_officer.csv,OFFICER-002739
9c8e80d6-09fa-57d5-bc47-cf8ab5679a56,,,TN-OFFICER-002740,Tamil Nadu Officer OFFICER-002740,Constable,TIRUPPUR Station,TIRUPPUR,Sub-Inspector,,,suspended,,imported,12fe593e-e883-5cac-9710-f2ba74198299,13_officer.csv,OFFICER-002740
52a17e90-8bff-5cf9-81cb-173eb3375de4,,,TN-OFFICER-002741,Tamil Nadu Officer OFFICER-002741,Assistant Superintendent,RANIPET Station,RANIPET,Investigator,,,active,,imported,12fe593e-e883-5cac-9710-f2ba74198299,13_officer.csv,OFFICER-002741
2430fde3-d6ed-5869-ada4-bb5f0849d68a,,,TN-OFFICER-002742,Tamil Nadu Officer OFFICER-002742,Constable,TIRUNELVELI Station,TIRUNELVELI,Station House Officer,,,transferred,,imported,12fe593e-e883-5cac-9710-f2ba74198299,13_officer.csv,OFFICER-002742
6a8033f8-d078-545c-bb55-2f4b1e00231f,,,TN-OFFICER-002743,Tamil Nadu Officer OFFICER-002743,Sub-Inspector,ARIYALUR Station,ARIYALUR,Investigator,,,active,,imported,12fe593e-e883-5cac-9710-f2ba74198299,13_officer.csv,OFFICER-002743
1d145782-fe87-536d-a947-f575c5df1f4e,,,TN-OFFICER-002744,Tamil Nadu Officer OFFICER-002744,Constable,RAMANATHAPURAM Station,RAMANATHAPURAM,Station House Officer,,,suspended,,imported,12fe593e-e883-5cac-9710-f2ba74198299,13_officer.csv,OFFICER-002744
40defd89-98a8-5a25-b5c6-fc4b96803dec,,,TN-OFFICER-002745,Tamil Nadu Officer OFFICER-002745,Sub-Inspector,VIRUDHUNAGAR Station,VIRUDHUNAGAR,Sub-Inspector,,,retired,,imported,12fe593e-e883-5cac-9710-f2ba74198299,13_officer.csv,OFFICER-002745
b3f38990-6423-5a9c-99bc-4d4e10ecf2a5,,,TN-OFFICER-002746,Tamil Nadu Officer OFFICER-002746,Inspector,THENI Station,THENI,Investigator,,,suspended,,imported,12fe593e-e883-5cac-9710-f2ba74198299,13_officer.csv,OFFICER-002746
43d13591-41ce-572e-b66f-b18a80ec82c6,,,TN-OFFICER-002747,Tamil Nadu Officer OFFICER-002747,Superintendent,TIRUPATHUR Station,TIRUPATHUR,Station House Officer,,,retired,,imported,12fe593e-e883-5cac-9710-f2ba74198299,13_officer.csv,OFFICER-002747
72e3379f-7b07-5b6c-ab87-f369d3e3b3df,,,TN-OFFICER-002748,Tamil Nadu Officer OFFICER-002748,Inspector,RANIPET Station,RANIPET,Station House Officer,,,active,,imported,12fe593e-e883-5cac-9710-f2ba74198299,13_officer.csv,OFFICER-002748
e0604e6b-c422-59b2-a4f1-d34d2ae44fa3,,,TN-OFFICER-002749,Tamil Nadu Officer OFFICER-002749,Assistant Superintendent,THIRUVARUR Station,THIRUVARUR,Police Officer,,,suspended,,imported,12fe593e-e883-5cac-9710-f2ba74198299,13_officer.csv,OFFICER-002749
851a1562-9f7a-5083-aa9b-dec4dbf9ac71,,,TN-OFFICER-002750,Tamil Nadu Officer OFFICER-002750,Constable,RAMESWARAM Station,RAMESWARAM,Police Officer,,,transferred,,imported,12fe593e-e883-5cac-9710-f2ba74198299,13_officer.csv,OFFICER-002750
12dedb28-490f-52bb-b756-3e776d2b1177,,,TN-OFFICER-002751,Tamil Nadu Officer OFFICER-002751,Assistant Superintendent,TIRUVANNAMALAI Station,TIRUVANNAMALAI,Investigator,,,retired,,imported,12fe593e-e883-5cac-9710-f2ba74198299,13_officer.csv,OFFICER-002751
baf0606a-fb51-52b2-8f0e-2119786afadb,,,TN-OFFICER-002752,Tamil Nadu Officer OFFICER-002752,Constable,KUMBAKONAM Station,KUMBAKONAM,Police Officer,,,suspended,,imported,12fe593e-e883-5cac-9710-f2ba74198299,13_officer.csv,OFFICER-002752
168fcd5f-debf-5dae-a9ec-a40961ffd356,,,TN-OFFICER-002753,Tamil Nadu Officer OFFICER-002753,Superintendent,KRISHNAGIRI Station,KRISHNAGIRI,Station House Officer,,,suspended,,imported,12fe593e-e883-5cac-9710-f2ba74198299,13_officer.csv,OFFICER-002753
e6632d18-a23a-56e0-8d2d-aa54ad458337,,,TN-OFFICER-002754,Tamil Nadu Officer OFFICER-002754,Constable,VILUPPURAM Station,VILUPPURAM,Circle Inspector,,,retired,,imported,12fe593e-e883-5cac-9710-f2ba74198299,13_officer.csv,OFFICER-002754
cc54f892-373f-5340-b51a-e913e68539f5,,,TN-OFFICER-002755,Tamil Nadu Officer OFFICER-002755,Superintendent,THENI Station,THENI,Station House Officer,,,suspended,,imported,12fe593e-e883-5cac-9710-f2ba74198299,13_officer.csv,OFFICER-002755
452e829d-f25a-5f3f-8ac3-5d864fa1b35c,,,TN-OFFICER-002756,Tamil Nadu Officer OFFICER-002756,Deputy Superintendent,RAMANATHAPURAM Station,RAMANATHAPURAM,Station House Officer,,,active,,imported,12fe593e-e883-5cac-9710-f2ba74198299,13_officer.csv,OFFICER-002756
84b25050-1eb2-55c1-aa69-a89f9848dbd2,,,TN-OFFICER-002757,Tamil Nadu Officer OFFICER-002757,Assistant Superintendent,PUDUKOTTAI Station,PUDUKOTTAI,Investigator,,,active,,imported,12fe593e-e883-5cac-9710-f2ba74198299,13_officer.csv,OFFICER-002757
0a06d129-7e61-5d77-965d-ef7f60fb0fd5,,,TN-OFFICER-002758,Tamil Nadu Officer OFFICER-002758,Inspector,TIRUVANNAMALAI Station,TIRUVANNAMALAI,Station House Officer,,,transferred,,imported,12fe593e-e883-5cac-9710-f2ba74198299,13_officer.csv,OFFICER-002758
54ff2250-dd0c-5db5-9e2e-b434f2ace1a9,,,TN-OFFICER-002759,Tamil Nadu Officer OFFICER-002759,Inspector,DINDIGUL Station,DINDIGUL,Investigator,,,suspended,,imported,12fe593e-e883-5cac-9710-f2ba74198299,13_officer.csv,OFFICER-002759
90b85b00-cef2-567b-b6e0-6fe0ee9a0a72,,,TN-OFFICER-002760,Tamil Nadu Officer OFFICER-002760,Deputy Superintendent,RANIPET Station,RANIPET,Investigator,,,transferred,,imported,12fe593e-e883-5cac-9710-f2ba74198299,13_officer.csv,OFFICER-002760
82454a17-9216-50d8-9894-7cefa7be7ff6,,,TN-OFFICER-002761,Tamil Nadu Officer OFFICER-002761,Deputy Superintendent,KUMBAKONAM Station,KUMBAKONAM,Investigator,,,active,,imported,12fe593e-e883-5cac-9710-f2ba74198299,13_officer.csv,OFFICER-002761
608047d2-4f86-5f26-b7be-bc11fa4c3897,,,TN-OFFICER-002762,Tamil Nadu Officer OFFICER-002762,Constable,KANYAKUMARI Station,KANYAKUMARI,Station House Officer,,,retired,,imported,12fe593e-e883-5cac-9710-f2ba74198299,13_officer.csv,OFFICER-002762
4d734349-c245-592a-9194-ae78dc264795,,,TN-OFFICER-002763,Tamil Nadu Officer OFFICER-002763,Sub-Inspector,CHENGALPATTU Station,CHENGALPATTU,Station House Officer,,,retired,,imported,12fe593e-e883-5cac-9710-f2ba74198299,13_officer.csv,OFFICER-002763
a695353a-4516-54dd-9b50-6e4ac5dffa28,,,TN-OFFICER-002764,Tamil Nadu Officer OFFICER-002764,Assistant Superintendent,CHENGALPATTU Station,CHENGALPATTU,Police Officer,,,retired,,imported,12fe593e-e883-5cac-9710-f2ba74198299,13_officer.csv,OFFICER-002764
3f4edb4d-a106-5703-b788-82035c3d3955,,,TN-OFFICER-002765,Tamil Nadu Officer OFFICER-002765,Constable,THIRUVARUR Station,THIRUVARUR,Circle Inspector,,,active,,imported,12fe593e-e883-5cac-9710-f2ba74198299,13_officer.csv,OFFICER-002765
abd72474-60e9-512b-893a-69488c8bf38f,,,TN-OFFICER-002766,Tamil Nadu Officer OFFICER-002766,Constable,VIRUDHUNAGAR Station,VIRUDHUNAGAR,Investigator,,,active,,imported,12fe593e-e883-5cac-9710-f2ba74198299,13_officer.csv,OFFICER-002766
556bed5a-4038-55ba-821a-fa6d00e30a6d,,,TN-OFFICER-002767,Tamil Nadu Officer OFFICER-002767,Deputy Superintendent,CHENNAI Station,CHENNAI,Investigator,,,retired,,imported,12fe593e-e883-5cac-9710-f2ba74198299,13_officer.csv,OFFICER-002767
1f92c340-30d7-590f-b137-c833dd7ad9f3,,,TN-OFFICER-002768,Tamil Nadu Officer OFFICER-002768,Sub-Inspector,CUDDALORE Station,CUDDALORE,Sub-Inspector,,,active,,imported,12fe593e-e883-5cac-9710-f2ba74198299,13_officer.csv,OFFICER-002768
bba65dd3-b96e-5242-a215-d2a78454710a,,,TN-OFFICER-002769,Tamil Nadu Officer OFFICER-002769,Assistant Superintendent,CHENGALPATTU Station,CHENGALPATTU,Police Officer,,,suspended,,imported,12fe593e-e883-5cac-9710-f2ba74198299,13_officer.csv,OFFICER-002769
70581d28-8fdc-50fb-a43a-0e8054d44a65,,,TN-OFFICER-002770,Tamil Nadu Officer OFFICER-002770,Superintendent,THIRUVARUR Station,THIRUVARUR,Sub-Inspector,,,active,,imported,12fe593e-e883-5cac-9710-f2ba74198299,13_officer.csv,OFFICER-002770
52d7865c-b101-5538-b59d-61ce04713855,,,TN-OFFICER-002771,Tamil Nadu Officer OFFICER-002771,Assistant Superintendent,RANIPET Station,RANIPET,Police Officer,,,transferred,,imported,12fe593e-e883-5cac-9710-f2ba74198299,13_officer.csv,OFFICER-002771
3d237dc7-747d-5d99-9560-cf669e73ed9b,,,TN-OFFICER-002772,Tamil Nadu Officer OFFICER-002772,Sub-Inspector,TIRUVANNAMALAI Station,TIRUVANNAMALAI,Circle Inspector,,,suspended,,imported,12fe593e-e883-5cac-9710-f2ba74198299,13_officer.csv,OFFICER-002772
3cb04d74-f3c6-5e80-9fde-f56c872ecf3a,,,TN-OFFICER-002773,Tamil Nadu Officer OFFICER-002773,Inspector,MAYILADUTHURAI Station,MAYILADUTHURAI,Circle Inspector,,,suspended,,imported,12fe593e-e883-5cac-9710-f2ba74198299,13_officer.csv,OFFICER-002773
7a5da389-34d3-51b0-a772-fe6dac17a801,,,TN-OFFICER-002774,Tamil Nadu Officer OFFICER-002774,Deputy Superintendent,VIRUDHUNAGAR Station,VIRUDHUNAGAR,Investigator,,,retired,,imported,12fe593e-e883-5cac-9710-f2ba74198299,13_officer.csv,OFFICER-002774
e66c6423-e51c-5af1-a009-4d9aa1f9cc0a,,,TN-OFFICER-002775,Tamil Nadu Officer OFFICER-002775,Deputy Superintendent,MAYILADUTHURAI Station,MAYILADUTHURAI,Investigator,,,active,,imported,12fe593e-e883-5cac-9710-f2ba74198299,13_officer.csv,OFFICER-002775
38a891b5-cd3a-5f79-bd60-4459d1ab434d,,,TN-OFFICER-002776,Tamil Nadu Officer OFFICER-002776,Constable,DHARMAPURI Station,DHARMAPURI,Investigator,,,suspended,,imported,12fe593e-e883-5cac-9710-f2ba74198299,13_officer.csv,OFFICER-002776
1058203d-27e3-546d-a5b4-43e6c82205a2,,,TN-OFFICER-002777,Tamil Nadu Officer OFFICER-002777,Superintendent,ARIYALUR Station,ARIYALUR,Station House Officer,,,transferred,,imported,12fe593e-e883-5cac-9710-f2ba74198299,13_officer.csv,OFFICER-002777
ccc16e82-6797-5c00-85f4-c447cd576ce2,,,TN-OFFICER-002778,Tamil Nadu Officer OFFICER-002778,Inspector,CUDDALORE Station,CUDDALORE,Police Officer,,,suspended,,imported,12fe593e-e883-5cac-9710-f2ba74198299,13_officer.csv,OFFICER-002778
a5491e2c-f942-5c27-8267-ff912322d22f,,,TN-OFFICER-002779,Tamil Nadu Officer OFFICER-002779,Assistant Superintendent,COIMBATORE Station,COIMBATORE,Station House Officer,,,transferred,,imported,12fe593e-e883-5cac-9710-f2ba74198299,13_officer.csv,OFFICER-002779
ebe3ce96-1503-5419-9d85-4d66936b712a,,,TN-OFFICER-002780,Tamil Nadu Officer OFFICER-002780,Constable,KALLAKURICHI Station,KALLAKURICHI,Circle Inspector,,,retired,,imported,12fe593e-e883-5cac-9710-f2ba74198299,13_officer.csv,OFFICER-002780
8a686feb-ad15-5c96-9241-c242bb869a33,,,TN-OFFICER-002781,Tamil Nadu Officer OFFICER-002781,Sub-Inspector,VIRUDHUNAGAR Station,VIRUDHUNAGAR,Investigator,,,retired,,imported,12fe593e-e883-5cac-9710-f2ba74198299,13_officer.csv,OFFICER-002781
1e833823-f643-5a7d-a566-9f293593e53c,,,TN-OFFICER-002782,Tamil Nadu Officer OFFICER-002782,Superintendent,VILUPPURAM Station,VILUPPURAM,Circle Inspector,,,retired,,imported,12fe593e-e883-5cac-9710-f2ba74198299,13_officer.csv,OFFICER-002782
8bdfddff-733e-5e34-8e89-1d6c8ebdf0e8,,,TN-OFFICER-002783,Tamil Nadu Officer OFFICER-002783,Deputy Superintendent,TIRUPPUR Station,TIRUPPUR,Investigator,,,suspended,,imported,12fe593e-e883-5cac-9710-f2ba74198299,13_officer.csv,OFFICER-002783
3bf5a8c1-d472-531e-94e1-496680e67be6,,,TN-OFFICER-002784,Tamil Nadu Officer OFFICER-002784,Assistant Superintendent,PUDUKOTTAI Station,PUDUKOTTAI,Station House Officer,,,active,,imported,12fe593e-e883-5cac-9710-f2ba74198299,13_officer.csv,OFFICER-002784
7bfc8a9a-6458-582f-930d-3b34b6d42725,,,TN-OFFICER-002785,Tamil Nadu Officer OFFICER-002785,Deputy Superintendent,KRISHNAGIRI Station,KRISHNAGIRI,Police Officer,,,retired,,imported,12fe593e-e883-5cac-9710-f2ba74198299,13_officer.csv,OFFICER-002785
b6d6ec85-0101-5e92-a34c-6956f3586b8e,,,TN-OFFICER-002786,Tamil Nadu Officer OFFICER-002786,Inspector,SIVAGANGA Station,SIVAGANGA,Circle Inspector,,,retired,,imported,12fe593e-e883-5cac-9710-f2ba74198299,13_officer.csv,OFFICER-002786
a1b10d89-8657-5aa4-8974-20ba6bc4eddd,,,TN-OFFICER-002787,Tamil Nadu Officer OFFICER-002787,Assistant Superintendent,VIRUDHUNAGAR Station,VIRUDHUNAGAR,Sub-Inspector,,,suspended,,imported,12fe593e-e883-5cac-9710-f2ba74198299,13_officer.csv,OFFICER-002787
823b079d-b123-50de-b5ab-3639249556c5,,,TN-OFFICER-002788,Tamil Nadu Officer OFFICER-002788,Deputy Superintendent,MAYILADUTHURAI Station,MAYILADUTHURAI,Station House Officer,,,transferred,,imported,12fe593e-e883-5cac-9710-f2ba74198299,13_officer.csv,OFFICER-002788
dc240cd5-b579-568d-91b6-7ca9dcdeeb46,,,TN-OFFICER-002789,Tamil Nadu Officer OFFICER-002789,Deputy Superintendent,DHARMAPURI Station,DHARMAPURI,Circle Inspector,,,retired,,imported,12fe593e-e883-5cac-9710-f2ba74198299,13_officer.csv,OFFICER-002789
db31bb0f-577b-5112-92f1-512dc2520f4b,,,TN-OFFICER-002790,Tamil Nadu Officer OFFICER-002790,Superintendent,KRISHNAGIRI Station,KRISHNAGIRI,Investigator,,,active,,imported,12fe593e-e883-5cac-9710-f2ba74198299,13_officer.csv,OFFICER-002790
865e4c12-0989-58d3-b273-13154f319b95,,,TN-OFFICER-002791,Tamil Nadu Officer OFFICER-002791,Assistant Superintendent,THIRUVALLUR Station,THIRUVALLUR,Investigator,,,transferred,,imported,12fe593e-e883-5cac-9710-f2ba74198299,13_officer.csv,OFFICER-002791
012997fa-9d21-5226-9434-c6dc5b3e579e,,,TN-OFFICER-002792,Tamil Nadu Officer OFFICER-002792,Deputy Superintendent,KANYAKUMARI Station,KANYAKUMARI,Investigator,,,transferred,,imported,12fe593e-e883-5cac-9710-f2ba74198299,13_officer.csv,OFFICER-002792
c26cb000-f3d3-5108-a4f8-b20e32fa488b,,,TN-OFFICER-002793,Tamil Nadu Officer OFFICER-002793,Inspector,ERODE Station,ERODE,Police Officer,,,retired,,imported,12fe593e-e883-5cac-9710-f2ba74198299,13_officer.csv,OFFICER-002793
0b2517b3-875a-5f15-b410-d2694d7e8a34,,,TN-OFFICER-002794,Tamil Nadu Officer OFFICER-002794,Sub-Inspector,SALEM Station,SALEM,Station House Officer,,,active,,imported,12fe593e-e883-5cac-9710-f2ba74198299,13_officer.csv,OFFICER-002794
f3d74ef4-48e4-565c-96ce-0715909b9aff,,,TN-OFFICER-002795,Tamil Nadu Officer OFFICER-002795,Inspector,SALEM Station,SALEM,Circle Inspector,,,active,,imported,12fe593e-e883-5cac-9710-f2ba74198299,13_officer.csv,OFFICER-002795
fb1bd70a-0fe4-5162-8c7b-3659436040db,,,TN-OFFICER-002796,Tamil Nadu Officer OFFICER-002796,Deputy Superintendent,VIRUDHUNAGAR Station,VIRUDHUNAGAR,Circle Inspector,,,active,,imported,12fe593e-e883-5cac-9710-f2ba74198299,13_officer.csv,OFFICER-002796
ec847b0c-b3e3-57ec-b0b0-31becf9168ae,,,TN-OFFICER-002797,Tamil Nadu Officer OFFICER-002797,Superintendent,MAYILADUTHURAI Station,MAYILADUTHURAI,Sub-Inspector,,,suspended,,imported,12fe593e-e883-5cac-9710-f2ba74198299,13_officer.csv,OFFICER-002797
9c399761-ec9c-52ee-9299-15360907c04e,,,TN-OFFICER-002798,Tamil Nadu Officer OFFICER-002798,Superintendent,ARIYALUR Station,ARIYALUR,Sub-Inspector,,,retired,,imported,12fe593e-e883-5cac-9710-f2ba74198299,13_officer.csv,OFFICER-002798
903c535f-4484-55f7-b49c-0a5d94495213,,,TN-OFFICER-002799,Tamil Nadu Officer OFFICER-002799,Superintendent,CHENGALPATTU Station,CHENGALPATTU,Station House Officer,,,suspended,,imported,12fe593e-e883-5cac-9710-f2ba74198299,13_officer.csv,OFFICER-002799
6a9d9f24-18a6-5460-a822-dc9497274805,,,TN-OFFICER-002800,Tamil Nadu Officer OFFICER-002800,Assistant Superintendent,CHENNAI Station,CHENNAI,Station House Officer,,,retired,,imported,12fe593e-e883-5cac-9710-f2ba74198299,13_officer.csv,OFFICER-002800
0d133de3-38a7-54c9-af59-5c4f215e3e5f,,,TN-OFFICER-002801,Tamil Nadu Officer OFFICER-002801,Inspector,NAGAPATTINAM Station,NAGAPATTINAM,Police Officer,,,suspended,,imported,12fe593e-e883-5cac-9710-f2ba74198299,13_officer.csv,OFFICER-002801
f5071967-c751-56b8-b62e-cbc896124620,,,TN-OFFICER-002802,Tamil Nadu Officer OFFICER-002802,Superintendent,MADURAI Station,MADURAI,Sub-Inspector,,,suspended,,imported,12fe593e-e883-5cac-9710-f2ba74198299,13_officer.csv,OFFICER-002802
415f55a6-be38-5e3f-84ee-dd514eabf5e1,,,TN-OFFICER-002803,Tamil Nadu Officer OFFICER-002803,Sub-Inspector,KANYAKUMARI Station,KANYAKUMARI,Investigator,,,active,,imported,12fe593e-e883-5cac-9710-f2ba74198299,13_officer.csv,OFFICER-002803
27b787d4-a88a-52b9-86e6-10efde505f84,,,TN-OFFICER-002804,Tamil Nadu Officer OFFICER-002804,Superintendent,THE_NILGIRIS Station,THE_NILGIRIS,Investigator,,,active,,imported,12fe593e-e883-5cac-9710-f2ba74198299,13_officer.csv,OFFICER-002804
43669578-0a4b-54fd-ab8c-dd7d516646cd,,,TN-OFFICER-002805,Tamil Nadu Officer OFFICER-002805,Constable,CHENGALPATTU Station,CHENGALPATTU,Station House Officer,,,suspended,,imported,12fe593e-e883-5cac-9710-f2ba74198299,13_officer.csv,OFFICER-002805
5fb70dbf-3339-5fac-9446-3a5e62f2ab34,,,TN-OFFICER-002806,Tamil Nadu Officer OFFICER-002806,Assistant Superintendent,RAMANATHAPURAM Station,RAMANATHAPURAM,Police Officer,,,suspended,,imported,12fe593e-e883-5cac-9710-f2ba74198299,13_officer.csv,OFFICER-002806
63022a8f-0913-57ca-8794-4a9b483352f4,,,TN-OFFICER-002807,Tamil Nadu Officer OFFICER-002807,Assistant Superintendent,KUMBAKONAM Station,KUMBAKONAM,Circle Inspector,,,retired,,imported,12fe593e-e883-5cac-9710-f2ba74198299,13_officer.csv,OFFICER-002807
21ea9093-04ce-531f-a67a-4560cd9c4f61,,,TN-OFFICER-002808,Tamil Nadu Officer OFFICER-002808,Constable,KALLAKURICHI Station,KALLAKURICHI,Circle Inspector,,,retired,,imported,12fe593e-e883-5cac-9710-f2ba74198299,13_officer.csv,OFFICER-002808
a813dd56-bbbc-5c33-9aca-bfc56a24d327,,,TN-OFFICER-002809,Tamil Nadu Officer OFFICER-002809,Constable,THENI Station,THENI,Circle Inspector,,,active,,imported,12fe593e-e883-5cac-9710-f2ba74198299,13_officer.csv,OFFICER-002809
ec27ae0d-2704-5624-a841-f615ae764330,,,TN-OFFICER-002810,Tamil Nadu Officer OFFICER-002810,Constable,DHARMAPURI Station,DHARMAPURI,Investigator,,,retired,,imported,12fe593e-e883-5cac-9710-f2ba74198299,13_officer.csv,OFFICER-002810
804417c8-731c-51ec-ab40-bd128ace596d,,,TN-OFFICER-002811,Tamil Nadu Officer OFFICER-002811,Assistant Superintendent,THENI Station,THENI,Investigator,,,transferred,,imported,12fe593e-e883-5cac-9710-f2ba74198299,13_officer.csv,OFFICER-002811
9035c249-7986-5efc-93ed-cdf9c318e897,,,TN-OFFICER-002812,Tamil Nadu Officer OFFICER-002812,Inspector,PUDUKOTTAI Station,PUDUKOTTAI,Investigator,,,transferred,,imported,12fe593e-e883-5cac-9710-f2ba74198299,13_officer.csv,OFFICER-002812
1a216bc7-8d87-523c-a934-733b2333db54,,,TN-OFFICER-002813,Tamil Nadu Officer OFFICER-002813,Sub-Inspector,KANCHEEPURAM Station,KANCHEEPURAM,Station House Officer,,,active,,imported,12fe593e-e883-5cac-9710-f2ba74198299,13_officer.csv,OFFICER-002813
576fffc6-5cd3-58e8-a94f-3cc960a3df99,,,TN-OFFICER-002814,Tamil Nadu Officer OFFICER-002814,Assistant Superintendent,KRISHNAGIRI Station,KRISHNAGIRI,Circle Inspector,,,suspended,,imported,12fe593e-e883-5cac-9710-f2ba74198299,13_officer.csv,OFFICER-002814
7fe21816-16fb-5496-85ab-01b05f1117b1,,,TN-OFFICER-002815,Tamil Nadu Officer OFFICER-002815,Inspector,CUDDALORE Station,CUDDALORE,Sub-Inspector,,,retired,,imported,12fe593e-e883-5cac-9710-f2ba74198299,13_officer.csv,OFFICER-002815
ef34f319-70b0-533d-a5a9-a969d9989729,,,TN-OFFICER-002816,Tamil Nadu Officer OFFICER-002816,Deputy Superintendent,KALLAKURICHI Station,KALLAKURICHI,Police Officer,,,active,,imported,12fe593e-e883-5cac-9710-f2ba74198299,13_officer.csv,OFFICER-002816
87689299-9c7c-51dc-9469-9251479628ce,,,TN-OFFICER-002817,Tamil Nadu Officer OFFICER-002817,Assistant Superintendent,RANIPET Station,RANIPET,Investigator,,,active,,imported,12fe593e-e883-5cac-9710-f2ba74198299,13_officer.csv,OFFICER-002817
376025b0-086b-5614-a975-b18679e62095,,,TN-OFFICER-002818,Tamil Nadu Officer OFFICER-002818,Superintendent,KUMBAKONAM Station,KUMBAKONAM,Sub-Inspector,,,retired,,imported,12fe593e-e883-5cac-9710-f2ba74198299,13_officer.csv,OFFICER-002818
ba86425f-abdf-502d-8534-71aecb47f70c,,,TN-OFFICER-002819,Tamil Nadu Officer OFFICER-002819,Deputy Superintendent,SIVAGANGA Station,SIVAGANGA,Investigator,,,transferred,,imported,12fe593e-e883-5cac-9710-f2ba74198299,13_officer.csv,OFFICER-002819
37f61fae-661b-5100-8a07-d35963437c42,,,TN-OFFICER-002820,Tamil Nadu Officer OFFICER-002820,Sub-Inspector,RAMANATHAPURAM Station,RAMANATHAPURAM,Sub-Inspector,,,transferred,,imported,12fe593e-e883-5cac-9710-f2ba74198299,13_officer.csv,OFFICER-002820
6fb4e10d-03e4-5fd2-b0c6-9a8f7ff71ff8,,,TN-OFFICER-002821,Tamil Nadu Officer OFFICER-002821,Inspector,CHENNAI Station,CHENNAI,Police Officer,,,transferred,,imported,12fe593e-e883-5cac-9710-f2ba74198299,13_officer.csv,OFFICER-002821
1a677219-2fad-5b42-be16-3240347b97f1,,,TN-OFFICER-002822,Tamil Nadu Officer OFFICER-002822,Inspector,RANIPET Station,RANIPET,Station House Officer,,,active,,imported,12fe593e-e883-5cac-9710-f2ba74198299,13_officer.csv,OFFICER-002822
1fc464bd-8039-5c4f-86ad-7d29f9298e62,,,TN-OFFICER-002823,Tamil Nadu Officer OFFICER-002823,Constable,DHARMAPURI Station,DHARMAPURI,Police Officer,,,suspended,,imported,12fe593e-e883-5cac-9710-f2ba74198299,13_officer.csv,OFFICER-002823
a689cbfb-1820-5183-b587-bb752f9bf3d8,,,TN-OFFICER-002824,Tamil Nadu Officer OFFICER-002824,Constable,TIRUNELVELI Station,TIRUNELVELI,Investigator,,,retired,,imported,12fe593e-e883-5cac-9710-f2ba74198299,13_officer.csv,OFFICER-002824
ccdcb183-b2c1-5e9f-94f7-4b796e9a0ab1,,,TN-OFFICER-002825,Tamil Nadu Officer OFFICER-002825,Superintendent,RANIPET Station,RANIPET,Station House Officer,,,transferred,,imported,12fe593e-e883-5cac-9710-f2ba74198299,13_officer.csv,OFFICER-002825
64792ca6-c493-5fbc-b793-442f8c9f09e6,,,TN-OFFICER-002826,Tamil Nadu Officer OFFICER-002826,Inspector,CUDDALORE Station,CUDDALORE,Station House Officer,,,suspended,,imported,12fe593e-e883-5cac-9710-f2ba74198299,13_officer.csv,OFFICER-002826
e4b0ad54-5f48-5cd3-9e88-e172e2346e77,,,TN-OFFICER-002827,Tamil Nadu Officer OFFICER-002827,Inspector,PUDUKOTTAI Station,PUDUKOTTAI,Investigator,,,transferred,,imported,12fe593e-e883-5cac-9710-f2ba74198299,13_officer.csv,OFFICER-002827
45c80cb4-91ab-515b-a2ab-1f8c76c52fa1,,,TN-OFFICER-002828,Tamil Nadu Officer OFFICER-002828,Constable,KUMBAKONAM Station,KUMBAKONAM,Circle Inspector,,,active,,imported,12fe593e-e883-5cac-9710-f2ba74198299,13_officer.csv,OFFICER-002828
3344462a-ad52-5aec-b4dd-5b85372bdcef,,,TN-OFFICER-002829,Tamil Nadu Officer OFFICER-002829,Inspector,THE_NILGIRIS Station,THE_NILGIRIS,Investigator,,,suspended,,imported,12fe593e-e883-5cac-9710-f2ba74198299,13_officer.csv,OFFICER-002829
fcba23d9-aef2-513d-bc5c-9f64ac3a99d3,,,TN-OFFICER-002830,Tamil Nadu Officer OFFICER-002830,Superintendent,CUDDALORE Station,CUDDALORE,Circle Inspector,,,retired,,imported,12fe593e-e883-5cac-9710-f2ba74198299,13_officer.csv,OFFICER-002830
2d214240-88eb-5eb0-8731-9125517c6c68,,,TN-OFFICER-002831,Tamil Nadu Officer OFFICER-002831,Assistant Superintendent,VILUPPURAM Station,VILUPPURAM,Station House Officer,,,transferred,,imported,12fe593e-e883-5cac-9710-f2ba74198299,13_officer.csv,OFFICER-002831
ac88fc01-cf28-5c99-91f7-01232f399f63,,,TN-OFFICER-002832,Tamil Nadu Officer OFFICER-002832,Deputy Superintendent,SALEM Station,SALEM,Sub-Inspector,,,suspended,,imported,12fe593e-e883-5cac-9710-f2ba74198299,13_officer.csv,OFFICER-002832
ebb54ea8-8242-5946-ba33-f01694f35988,,,TN-OFFICER-002833,Tamil Nadu Officer OFFICER-002833,Superintendent,KANCHEEPURAM Station,KANCHEEPURAM,Circle Inspector,,,retired,,imported,12fe593e-e883-5cac-9710-f2ba74198299,13_officer.csv,OFFICER-002833
e37c4bbd-53eb-519b-8b92-172d0e5f6f4d,,,TN-OFFICER-002834,Tamil Nadu Officer OFFICER-002834,Deputy Superintendent,VIRUDHUNAGAR Station,VIRUDHUNAGAR,Station House Officer,,,active,,imported,12fe593e-e883-5cac-9710-f2ba74198299,13_officer.csv,OFFICER-002834
e73f399e-1002-579e-80bb-7c1162eff318,,,TN-OFFICER-002835,Tamil Nadu Officer OFFICER-002835,Inspector,VIRUDHUNAGAR Station,VIRUDHUNAGAR,Police Officer,,,transferred,,imported,12fe593e-e883-5cac-9710-f2ba74198299,13_officer.csv,OFFICER-002835
0a755578-7a28-5e6f-bf96-a19fb26c7279,,,TN-OFFICER-002836,Tamil Nadu Officer OFFICER-002836,Constable,DHARMAPURI Station,DHARMAPURI,Investigator,,,transferred,,imported,12fe593e-e883-5cac-9710-f2ba74198299,13_officer.csv,OFFICER-002836
f371b9c9-1c1c-5c52-8bdb-0ed3663500a9,,,TN-OFFICER-002837,Tamil Nadu Officer OFFICER-002837,Superintendent,NAGAPATTINAM Station,NAGAPATTINAM,Station House Officer,,,transferred,,imported,12fe593e-e883-5cac-9710-f2ba74198299,13_officer.csv,OFFICER-002837
865c95e9-b820-5af4-bd53-bf5b3f9a0949,,,TN-OFFICER-002838,Tamil Nadu Officer OFFICER-002838,Superintendent,KALLAKURICHI Station,KALLAKURICHI,Sub-Inspector,,,retired,,imported,12fe593e-e883-5cac-9710-f2ba74198299,13_officer.csv,OFFICER-002838
b84c3d61-a2a4-50e4-b095-a7c14adaa708,,,TN-OFFICER-002839,Tamil Nadu Officer OFFICER-002839,Constable,VILUPPURAM Station,VILUPPURAM,Circle Inspector,,,active,,imported,12fe593e-e883-5cac-9710-f2ba74198299,13_officer.csv,OFFICER-002839
afd38df7-57a1-575d-8be2-e26b69941dcf,,,TN-OFFICER-002840,Tamil Nadu Officer OFFICER-002840,Constable,VIRUDHUNAGAR Station,VIRUDHUNAGAR,Station House Officer,,,suspended,,imported,12fe593e-e883-5cac-9710-f2ba74198299,13_officer.csv,OFFICER-002840
9bb96ace-2efa-54b9-a0c8-67aec4607cfe,,,TN-OFFICER-002841,Tamil Nadu Officer OFFICER-002841,Deputy Superintendent,TIRUVANNAMALAI Station,TIRUVANNAMALAI,Investigator,,,suspended,,imported,12fe593e-e883-5cac-9710-f2ba74198299,13_officer.csv,OFFICER-002841
5d36d222-75f0-5c9f-a1c7-b2b2b7b51a8c,,,TN-OFFICER-002842,Tamil Nadu Officer OFFICER-002842,Constable,KARUR Station,KARUR,Sub-Inspector,,,transferred,,imported,12fe593e-e883-5cac-9710-f2ba74198299,13_officer.csv,OFFICER-002842
c198437b-8991-5dfe-8f55-4e1900d564aa,,,TN-OFFICER-002843,Tamil Nadu Officer OFFICER-002843,Deputy Superintendent,THIRUVARUR Station,THIRUVARUR,Investigator,,,active,,imported,12fe593e-e883-5cac-9710-f2ba74198299,13_officer.csv,OFFICER-002843
58a59822-7a5e-5156-9170-d9eaf7591027,,,TN-OFFICER-002844,Tamil Nadu Officer OFFICER-002844,Assistant Superintendent,DINDIGUL Station,DINDIGUL,Station House Officer,,,transferred,,imported,12fe593e-e883-5cac-9710-f2ba74198299,13_officer.csv,OFFICER-002844
9ea8b61b-3b06-5d07-b796-f9ab13dd7c08,,,TN-OFFICER-002845,Tamil Nadu Officer OFFICER-002845,Assistant Superintendent,VILUPPURAM Station,VILUPPURAM,Police Officer,,,transferred,,imported,12fe593e-e883-5cac-9710-f2ba74198299,13_officer.csv,OFFICER-002845
e6b4e360-d7f3-5923-b388-ef04c15fbb5f,,,TN-OFFICER-002846,Tamil Nadu Officer OFFICER-002846,Superintendent,CUDDALORE Station,CUDDALORE,Sub-Inspector,,,retired,,imported,12fe593e-e883-5cac-9710-f2ba74198299,13_officer.csv,OFFICER-002846
4c837c01-c5f4-5b1f-9fb6-a2277a75187f,,,TN-OFFICER-002847,Tamil Nadu Officer OFFICER-002847,Deputy Superintendent,THIRUVARUR Station,THIRUVARUR,Police Officer,,,suspended,,imported,12fe593e-e883-5cac-9710-f2ba74198299,13_officer.csv,OFFICER-002847
fa40800f-a456-58ef-a4af-8886433c7144,,,TN-OFFICER-002848,Tamil Nadu Officer OFFICER-002848,Assistant Superintendent,NAMAKKAL Station,NAMAKKAL,Circle Inspector,,,active,,imported,12fe593e-e883-5cac-9710-f2ba74198299,13_officer.csv,OFFICER-002848
d8e73177-41f2-59ce-9129-2586838366fb,,,TN-OFFICER-002849,Tamil Nadu Officer OFFICER-002849,Assistant Superintendent,RAMANATHAPURAM Station,RAMANATHAPURAM,Station House Officer,,,retired,,imported,12fe593e-e883-5cac-9710-f2ba74198299,13_officer.csv,OFFICER-002849
73fd9e41-294d-5dbc-84d4-a9cb2b778b84,,,TN-OFFICER-002850,Tamil Nadu Officer OFFICER-002850,Inspector,RANIPET Station,RANIPET,Sub-Inspector,,,retired,,imported,12fe593e-e883-5cac-9710-f2ba74198299,13_officer.csv,OFFICER-002850
6ccaec2b-df08-5234-834a-85b953a8edcb,,,TN-OFFICER-002851,Tamil Nadu Officer OFFICER-002851,Superintendent,KANYAKUMARI Station,KANYAKUMARI,Police Officer,,,transferred,,imported,12fe593e-e883-5cac-9710-f2ba74198299,13_officer.csv,OFFICER-002851
47928e71-467d-5ac7-957c-b28fa7fc370d,,,TN-OFFICER-002852,Tamil Nadu Officer OFFICER-002852,Sub-Inspector,TENKASI Station,TENKASI,Sub-Inspector,,,transferred,,imported,12fe593e-e883-5cac-9710-f2ba74198299,13_officer.csv,OFFICER-002852
646cfdc2-ec29-53b8-b4f7-534705533767,,,TN-OFFICER-002853,Tamil Nadu Officer OFFICER-002853,Inspector,CHENGALPATTU Station,CHENGALPATTU,Circle Inspector,,,transferred,,imported,12fe593e-e883-5cac-9710-f2ba74198299,13_officer.csv,OFFICER-002853
624d4289-98c8-569b-8c92-0fb9f0f9c393,,,TN-OFFICER-002854,Tamil Nadu Officer OFFICER-002854,Superintendent,CUDDALORE Station,CUDDALORE,Sub-Inspector,,,transferred,,imported,12fe593e-e883-5cac-9710-f2ba74198299,13_officer.csv,OFFICER-002854
19336eff-80a0-5116-bcb2-95930cd64334,,,TN-OFFICER-002855,Tamil Nadu Officer OFFICER-002855,Assistant Superintendent,KRISHNAGIRI Station,KRISHNAGIRI,Investigator,,,suspended,,imported,12fe593e-e883-5cac-9710-f2ba74198299,13_officer.csv,OFFICER-002855
13e2e785-cb71-54e6-8b2f-7d8325861a99,,,TN-OFFICER-002856,Tamil Nadu Officer OFFICER-002856,Sub-Inspector,THIRUVALLUR Station,THIRUVALLUR,Investigator,,,suspended,,imported,12fe593e-e883-5cac-9710-f2ba74198299,13_officer.csv,OFFICER-002856
20307ee1-77f8-5608-bde3-cf6abd920b35,,,TN-OFFICER-002857,Tamil Nadu Officer OFFICER-002857,Constable,CHENNAI Station,CHENNAI,Police Officer,,,active,,imported,12fe593e-e883-5cac-9710-f2ba74198299,13_officer.csv,OFFICER-002857
2055a941-81b4-52aa-8321-9968fc934756,,,TN-OFFICER-002858,Tamil Nadu Officer OFFICER-002858,Assistant Superintendent,PERAMBALUR Station,PERAMBALUR,Station House Officer,,,suspended,,imported,12fe593e-e883-5cac-9710-f2ba74198299,13_officer.csv,OFFICER-002858
4794d928-4405-5d21-a776-9e7b3873d229,,,TN-OFFICER-002859,Tamil Nadu Officer OFFICER-002859,Assistant Superintendent,RANIPET Station,RANIPET,Circle Inspector,,,transferred,,imported,12fe593e-e883-5cac-9710-f2ba74198299,13_officer.csv,OFFICER-002859
c0c8babf-e647-5642-b9dd-1b43c7736b9e,,,TN-OFFICER-002860,Tamil Nadu Officer OFFICER-002860,Superintendent,ARIYALUR Station,ARIYALUR,Sub-Inspector,,,suspended,,imported,12fe593e-e883-5cac-9710-f2ba74198299,13_officer.csv,OFFICER-002860
54939701-a850-522c-8200-f1fafef9fae0,,,TN-OFFICER-002861,Tamil Nadu Officer OFFICER-002861,Deputy Superintendent,SALEM Station,SALEM,Police Officer,,,retired,,imported,12fe593e-e883-5cac-9710-f2ba74198299,13_officer.csv,OFFICER-002861
c5a3ee83-d944-5cf5-bfb0-e8337930fdbd,,,TN-OFFICER-002862,Tamil Nadu Officer OFFICER-002862,Superintendent,TIRUNELVELI Station,TIRUNELVELI,Investigator,,,active,,imported,12fe593e-e883-5cac-9710-f2ba74198299,13_officer.csv,OFFICER-002862
50733d90-c79e-5dad-9ec2-f9200235968e,,,TN-OFFICER-002863,Tamil Nadu Officer OFFICER-002863,Constable,KANYAKUMARI Station,KANYAKUMARI,Station House Officer,,,active,,imported,12fe593e-e883-5cac-9710-f2ba74198299,13_officer.csv,OFFICER-002863
35f24278-fc8c-543f-a4cd-96412f21952b,,,TN-OFFICER-002864,Tamil Nadu Officer OFFICER-002864,Constable,THIRUVALLUR Station,THIRUVALLUR,Station House Officer,,,suspended,,imported,12fe593e-e883-5cac-9710-f2ba74198299,13_officer.csv,OFFICER-002864
76948794-acc9-5846-9c64-c2f3f42a58a0,,,TN-OFFICER-002865,Tamil Nadu Officer OFFICER-002865,Sub-Inspector,MAYILADUTHURAI Station,MAYILADUTHURAI,Station House Officer,,,transferred,,imported,12fe593e-e883-5cac-9710-f2ba74198299,13_officer.csv,OFFICER-002865
08d7991e-1730-5282-875d-adace1885ef4,,,TN-OFFICER-002866,Tamil Nadu Officer OFFICER-002866,Deputy Superintendent,KRISHNAGIRI Station,KRISHNAGIRI,Circle Inspector,,,transferred,,imported,12fe593e-e883-5cac-9710-f2ba74198299,13_officer.csv,OFFICER-002866
463f5cb6-2073-5346-b118-30dfae675202,,,TN-OFFICER-002867,Tamil Nadu Officer OFFICER-002867,Constable,DHARMAPURI Station,DHARMAPURI,Investigator,,,transferred,,imported,12fe593e-e883-5cac-9710-f2ba74198299,13_officer.csv,OFFICER-002867
dfdd2931-f4cd-5d4d-8016-84ed548ca00c,,,TN-OFFICER-002868,Tamil Nadu Officer OFFICER-002868,Constable,RAMANATHAPURAM Station,RAMANATHAPURAM,Circle Inspector,,,active,,imported,12fe593e-e883-5cac-9710-f2ba74198299,13_officer.csv,OFFICER-002868
4846895c-8b48-5f57-8796-d2523e582a31,,,TN-OFFICER-002869,Tamil Nadu Officer OFFICER-002869,Sub-Inspector,NAGAPATTINAM Station,NAGAPATTINAM,Investigator,,,active,,imported,12fe593e-e883-5cac-9710-f2ba74198299,13_officer.csv,OFFICER-002869
6cf82e4d-a118-5039-b546-97ff23278d24,,,TN-OFFICER-002870,Tamil Nadu Officer OFFICER-002870,Inspector,TIRUVANNAMALAI Station,TIRUVANNAMALAI,Station House Officer,,,retired,,imported,12fe593e-e883-5cac-9710-f2ba74198299,13_officer.csv,OFFICER-002870
9579eb93-1935-541e-b4aa-7c4a9a5c391f,,,TN-OFFICER-002871,Tamil Nadu Officer OFFICER-002871,Deputy Superintendent,NAMAKKAL Station,NAMAKKAL,Station House Officer,,,active,,imported,12fe593e-e883-5cac-9710-f2ba74198299,13_officer.csv,OFFICER-002871
ab8644ff-5f4f-5fbc-a275-f245a6d1bbe4,,,TN-OFFICER-002872,Tamil Nadu Officer OFFICER-002872,Superintendent,VIRUDHUNAGAR Station,VIRUDHUNAGAR,Station House Officer,,,retired,,imported,12fe593e-e883-5cac-9710-f2ba74198299,13_officer.csv,OFFICER-002872
8bc6751f-dc9b-5f00-800d-463b23f9d6b0,,,TN-OFFICER-002873,Tamil Nadu Officer OFFICER-002873,Inspector,RANIPET Station,RANIPET,Police Officer,,,suspended,,imported,12fe593e-e883-5cac-9710-f2ba74198299,13_officer.csv,OFFICER-002873
be7dab88-4330-5b46-8242-5642da6cec75,,,TN-OFFICER-002874,Tamil Nadu Officer OFFICER-002874,Inspector,THIRUVARUR Station,THIRUVARUR,Investigator,,,transferred,,imported,12fe593e-e883-5cac-9710-f2ba74198299,13_officer.csv,OFFICER-002874
3200671d-863d-50f0-94be-05ae70515d67,,,TN-OFFICER-002875,Tamil Nadu Officer OFFICER-002875,Sub-Inspector,THENI Station,THENI,Sub-Inspector,,,suspended,,imported,12fe593e-e883-5cac-9710-f2ba74198299,13_officer.csv,OFFICER-002875
4928b5a2-43bc-567d-9dcb-cbd0e3c5e7cb,,,TN-OFFICER-002876,Tamil Nadu Officer OFFICER-002876,Constable,VILUPPURAM Station,VILUPPURAM,Station House Officer,,,active,,imported,12fe593e-e883-5cac-9710-f2ba74198299,13_officer.csv,OFFICER-002876
08a50b02-1318-5421-aa2b-66339fa2f0fd,,,TN-OFFICER-002877,Tamil Nadu Officer OFFICER-002877,Constable,KUMBAKONAM Station,KUMBAKONAM,Station House Officer,,,retired,,imported,12fe593e-e883-5cac-9710-f2ba74198299,13_officer.csv,OFFICER-002877
30a3bfb6-d8c2-53dc-ae76-8be4e02ec773,,,TN-OFFICER-002878,Tamil Nadu Officer OFFICER-002878,Deputy Superintendent,RAMANATHAPURAM Station,RAMANATHAPURAM,Station House Officer,,,suspended,,imported,12fe593e-e883-5cac-9710-f2ba74198299,13_officer.csv,OFFICER-002878
6d36e378-7f75-5269-bd67-ca907ec90507,,,TN-OFFICER-002879,Tamil Nadu Officer OFFICER-002879,Deputy Superintendent,ARIYALUR Station,ARIYALUR,Sub-Inspector,,,suspended,,imported,12fe593e-e883-5cac-9710-f2ba74198299,13_officer.csv,OFFICER-002879
3bc4a559-90e6-5220-beaa-ebb61a5c3301,,,TN-OFFICER-002880,Tamil Nadu Officer OFFICER-002880,Constable,ERODE Station,ERODE,Circle Inspector,,,retired,,imported,12fe593e-e883-5cac-9710-f2ba74198299,13_officer.csv,OFFICER-002880
6992ffc1-7b01-53a8-9370-bb1a7a962ded,,,TN-OFFICER-002881,Tamil Nadu Officer OFFICER-002881,Deputy Superintendent,THENI Station,THENI,Station House Officer,,,retired,,imported,12fe593e-e883-5cac-9710-f2ba74198299,13_officer.csv,OFFICER-002881
7f1da91b-67a4-592f-adf7-2e43ad7a63dc,,,TN-OFFICER-002882,Tamil Nadu Officer OFFICER-002882,Sub-Inspector,VIRUDHUNAGAR Station,VIRUDHUNAGAR,Circle Inspector,,,retired,,imported,12fe593e-e883-5cac-9710-f2ba74198299,13_officer.csv,OFFICER-002882
13297fe3-aad2-5e3d-8e7f-0e6db1dee909,,,TN-OFFICER-002883,Tamil Nadu Officer OFFICER-002883,Inspector,THIRUVALLUR Station,THIRUVALLUR,Sub-Inspector,,,retired,,imported,12fe593e-e883-5cac-9710-f2ba74198299,13_officer.csv,OFFICER-002883
d356344d-9bf2-5eba-8326-a3b450f2b7bc,,,TN-OFFICER-002884,Tamil Nadu Officer OFFICER-002884,Inspector,KANCHEEPURAM Station,KANCHEEPURAM,Sub-Inspector,,,suspended,,imported,12fe593e-e883-5cac-9710-f2ba74198299,13_officer.csv,OFFICER-002884
89771765-a007-5361-8310-25907e0b5bef,,,TN-OFFICER-002885,Tamil Nadu Officer OFFICER-002885,Inspector,RANIPET Station,RANIPET,Sub-Inspector,,,retired,,imported,12fe593e-e883-5cac-9710-f2ba74198299,13_officer.csv,OFFICER-002885
76b71e63-2ca0-5647-a4b8-3947d4e5eeb6,,,TN-OFFICER-002886,Tamil Nadu Officer OFFICER-002886,Deputy Superintendent,CUDDALORE Station,CUDDALORE,Sub-Inspector,,,suspended,,imported,12fe593e-e883-5cac-9710-f2ba74198299,13_officer.csv,OFFICER-002886
88333650-cea8-5b3b-b868-5761c984072b,,,TN-OFFICER-002887,Tamil Nadu Officer OFFICER-002887,Superintendent,KARUR Station,KARUR,Sub-Inspector,,,retired,,imported,12fe593e-e883-5cac-9710-f2ba74198299,13_officer.csv,OFFICER-002887
430ca5bb-49ac-56c3-a637-e4c99d37553b,,,TN-OFFICER-002888,Tamil Nadu Officer OFFICER-002888,Inspector,DHARMAPURI Station,DHARMAPURI,Investigator,,,active,,imported,12fe593e-e883-5cac-9710-f2ba74198299,13_officer.csv,OFFICER-002888
0178732c-9cad-5c39-9c23-c5543107011d,,,TN-OFFICER-002889,Tamil Nadu Officer OFFICER-002889,Superintendent,KARUR Station,KARUR,Police Officer,,,suspended,,imported,12fe593e-e883-5cac-9710-f2ba74198299,13_officer.csv,OFFICER-002889
a6bca7f9-f7b3-55a8-9551-b356f798582b,,,TN-OFFICER-002890,Tamil Nadu Officer OFFICER-002890,Inspector,THIRUVARUR Station,THIRUVARUR,Sub-Inspector,,,retired,,imported,12fe593e-e883-5cac-9710-f2ba74198299,13_officer.csv,OFFICER-002890
bdd4865c-deb4-5fcd-8fe0-037197bc926a,,,TN-OFFICER-002891,Tamil Nadu Officer OFFICER-002891,Inspector,TIRUPPUR Station,TIRUPPUR,Investigator,,,suspended,,imported,12fe593e-e883-5cac-9710-f2ba74198299,13_officer.csv,OFFICER-002891
ac7d8f54-7188-55d3-b8fb-473326216d5d,,,TN-OFFICER-002892,Tamil Nadu Officer OFFICER-002892,Superintendent,THIRUVALLUR Station,THIRUVALLUR,Sub-Inspector,,,suspended,,imported,12fe593e-e883-5cac-9710-f2ba74198299,13_officer.csv,OFFICER-002892
6ac1bb40-a804-510f-9ca8-d739d9c444ac,,,TN-OFFICER-002893,Tamil Nadu Officer OFFICER-002893,Constable,KARUR Station,KARUR,Circle Inspector,,,active,,imported,12fe593e-e883-5cac-9710-f2ba74198299,13_officer.csv,OFFICER-002893
3e262eb8-9d13-553b-8cec-4bcf4d986a35,,,TN-OFFICER-002894,Tamil Nadu Officer OFFICER-002894,Assistant Superintendent,KALLAKURICHI Station,KALLAKURICHI,Circle Inspector,,,suspended,,imported,12fe593e-e883-5cac-9710-f2ba74198299,13_officer.csv,OFFICER-002894
695e16c3-dd4f-5bfd-bd4a-6241311a5f1a,,,TN-OFFICER-002895,Tamil Nadu Officer OFFICER-002895,Assistant Superintendent,TIRUNELVELI Station,TIRUNELVELI,Police Officer,,,retired,,imported,12fe593e-e883-5cac-9710-f2ba74198299,13_officer.csv,OFFICER-002895
4dac85a2-27ee-56e6-9e4c-62d97883083e,,,TN-OFFICER-002896,Tamil Nadu Officer OFFICER-002896,Superintendent,ERODE Station,ERODE,Circle Inspector,,,suspended,,imported,12fe593e-e883-5cac-9710-f2ba74198299,13_officer.csv,OFFICER-002896
a0a169c6-9bc0-5e2e-95b5-1d4c0de59e1a,,,TN-OFFICER-002897,Tamil Nadu Officer OFFICER-002897,Sub-Inspector,CHENNAI Station,CHENNAI,Investigator,,,suspended,,imported,12fe593e-e883-5cac-9710-f2ba74198299,13_officer.csv,OFFICER-002897
77f0e086-1f37-591e-9fee-21fa2d72b467,,,TN-OFFICER-002898,Tamil Nadu Officer OFFICER-002898,Assistant Superintendent,NAGAPATTINAM Station,NAGAPATTINAM,Circle Inspector,,,suspended,,imported,12fe593e-e883-5cac-9710-f2ba74198299,13_officer.csv,OFFICER-002898
bb738053-0f05-5b11-82ba-8397ba50ad67,,,TN-OFFICER-002899,Tamil Nadu Officer OFFICER-002899,Superintendent,CHENGALPATTU Station,CHENGALPATTU,Investigator,,,transferred,,imported,12fe593e-e883-5cac-9710-f2ba74198299,13_officer.csv,OFFICER-002899
958c7804-0fd7-5ee8-b3aa-40525628d116,,,TN-OFFICER-002900,Tamil Nadu Officer OFFICER-002900,Constable,PUDUKOTTAI Station,PUDUKOTTAI,Police Officer,,,suspended,,imported,12fe593e-e883-5cac-9710-f2ba74198299,13_officer.csv,OFFICER-002900
730de3b8-e5ee-5959-af4b-a8c79274a6ed,,,TN-OFFICER-002901,Tamil Nadu Officer OFFICER-002901,Deputy Superintendent,THENI Station,THENI,Circle Inspector,,,transferred,,imported,12fe593e-e883-5cac-9710-f2ba74198299,13_officer.csv,OFFICER-002901
365be594-3a24-594d-b284-1d44b6080cea,,,TN-OFFICER-002902,Tamil Nadu Officer OFFICER-002902,Superintendent,DHARMAPURI Station,DHARMAPURI,Police Officer,,,retired,,imported,12fe593e-e883-5cac-9710-f2ba74198299,13_officer.csv,OFFICER-002902
5395fabe-c8ef-5928-93a0-fad1f76cbe88,,,TN-OFFICER-002903,Tamil Nadu Officer OFFICER-002903,Superintendent,THE_NILGIRIS Station,THE_NILGIRIS,Circle Inspector,,,transferred,,imported,12fe593e-e883-5cac-9710-f2ba74198299,13_officer.csv,OFFICER-002903
ae985f36-103e-52da-968f-6bccf9fc639a,,,TN-OFFICER-002904,Tamil Nadu Officer OFFICER-002904,Deputy Superintendent,CHENNAI Station,CHENNAI,Station House Officer,,,active,,imported,12fe593e-e883-5cac-9710-f2ba74198299,13_officer.csv,OFFICER-002904
0cc64d9f-e0c8-536f-9ce3-39eac1b3ece3,,,TN-OFFICER-002905,Tamil Nadu Officer OFFICER-002905,Assistant Superintendent,CHENNAI Station,CHENNAI,Police Officer,,,retired,,imported,12fe593e-e883-5cac-9710-f2ba74198299,13_officer.csv,OFFICER-002905
56a4aef9-0cbe-5e7f-8d8c-75a19a4037b8,,,TN-OFFICER-002906,Tamil Nadu Officer OFFICER-002906,Deputy Superintendent,RANIPET Station,RANIPET,Sub-Inspector,,,active,,imported,12fe593e-e883-5cac-9710-f2ba74198299,13_officer.csv,OFFICER-002906
8c0ad8c4-0f1c-57f1-9cdd-68b664ebab5c,,,TN-OFFICER-002907,Tamil Nadu Officer OFFICER-002907,Constable,THE_NILGIRIS Station,THE_NILGIRIS,Investigator,,,active,,imported,12fe593e-e883-5cac-9710-f2ba74198299,13_officer.csv,OFFICER-002907
2bb32679-b936-5763-b033-641d6d4a9faf,,,TN-OFFICER-002908,Tamil Nadu Officer OFFICER-002908,Assistant Superintendent,KUMBAKONAM Station,KUMBAKONAM,Police Officer,,,suspended,,imported,12fe593e-e883-5cac-9710-f2ba74198299,13_officer.csv,OFFICER-002908
d23cb58a-a49a-506c-8900-87da5afcd401,,,TN-OFFICER-002909,Tamil Nadu Officer OFFICER-002909,Superintendent,KANYAKUMARI Station,KANYAKUMARI,Circle Inspector,,,retired,,imported,12fe593e-e883-5cac-9710-f2ba74198299,13_officer.csv,OFFICER-002909
582757fa-35bd-5145-a1c4-10a464e7803b,,,TN-OFFICER-002910,Tamil Nadu Officer OFFICER-002910,Inspector,KALLAKURICHI Station,KALLAKURICHI,Police Officer,,,suspended,,imported,12fe593e-e883-5cac-9710-f2ba74198299,13_officer.csv,OFFICER-002910
2298b063-269b-5a5e-a418-18c4115a6c2d,,,TN-OFFICER-002911,Tamil Nadu Officer OFFICER-002911,Assistant Superintendent,DHARMAPURI Station,DHARMAPURI,Station House Officer,,,retired,,imported,12fe593e-e883-5cac-9710-f2ba74198299,13_officer.csv,OFFICER-002911
e3cbf3b5-a21e-5fac-bc75-8387445aab35,,,TN-OFFICER-002912,Tamil Nadu Officer OFFICER-002912,Constable,THIRUVALLUR Station,THIRUVALLUR,Investigator,,,transferred,,imported,12fe593e-e883-5cac-9710-f2ba74198299,13_officer.csv,OFFICER-002912
e841c342-e382-545f-8507-e9357ff43864,,,TN-OFFICER-002913,Tamil Nadu Officer OFFICER-002913,Inspector,TIRUPPUR Station,TIRUPPUR,Station House Officer,,,transferred,,imported,12fe593e-e883-5cac-9710-f2ba74198299,13_officer.csv,OFFICER-002913
89ed190e-0628-5e4c-9d32-828e6d4468ca,,,TN-OFFICER-002914,Tamil Nadu Officer OFFICER-002914,Inspector,VILUPPURAM Station,VILUPPURAM,Police Officer,,,suspended,,imported,12fe593e-e883-5cac-9710-f2ba74198299,13_officer.csv,OFFICER-002914
b415cdb6-3a16-5933-b332-15843fb05c3f,,,TN-OFFICER-002915,Tamil Nadu Officer OFFICER-002915,Deputy Superintendent,TIRUCHIRAPPALLI Station,TIRUCHIRAPPALLI,Circle Inspector,,,suspended,,imported,12fe593e-e883-5cac-9710-f2ba74198299,13_officer.csv,OFFICER-002915
6faf926d-dc37-5111-b01e-7e91110002b9,,,TN-OFFICER-002916,Tamil Nadu Officer OFFICER-002916,Deputy Superintendent,THOOTHUKUDI Station,THOOTHUKUDI,Investigator,,,active,,imported,12fe593e-e883-5cac-9710-f2ba74198299,13_officer.csv,OFFICER-002916
1542858f-160a-5164-a028-f154b5baac55,,,TN-OFFICER-002917,Tamil Nadu Officer OFFICER-002917,Superintendent,TIRUVANNAMALAI Station,TIRUVANNAMALAI,Station House Officer,,,transferred,,imported,12fe593e-e883-5cac-9710-f2ba74198299,13_officer.csv,OFFICER-002917
7915f2dc-32de-5952-8719-822486e100ee,,,TN-OFFICER-002918,Tamil Nadu Officer OFFICER-002918,Assistant Superintendent,TENKASI Station,TENKASI,Investigator,,,retired,,imported,12fe593e-e883-5cac-9710-f2ba74198299,13_officer.csv,OFFICER-002918
787680d6-0820-5cf7-a6e1-ba6bfaa3f9c1,,,TN-OFFICER-002919,Tamil Nadu Officer OFFICER-002919,Deputy Superintendent,ERODE Station,ERODE,Sub-Inspector,,,active,,imported,12fe593e-e883-5cac-9710-f2ba74198299,13_officer.csv,OFFICER-002919
95147808-d2a4-5c55-830f-a1da438cf911,,,TN-OFFICER-002920,Tamil Nadu Officer OFFICER-002920,Assistant Superintendent,THOOTHUKUDI Station,THOOTHUKUDI,Investigator,,,active,,imported,12fe593e-e883-5cac-9710-f2ba74198299,13_officer.csv,OFFICER-002920
c5df92f0-832c-5936-bcdc-e791eeef3ea1,,,TN-OFFICER-002921,Tamil Nadu Officer OFFICER-002921,Superintendent,THOOTHUKUDI Station,THOOTHUKUDI,Circle Inspector,,,retired,,imported,12fe593e-e883-5cac-9710-f2ba74198299,13_officer.csv,OFFICER-002921
a7a259d8-ab10-5759-82a1-ebb827c321b5,,,TN-OFFICER-002922,Tamil Nadu Officer OFFICER-002922,Deputy Superintendent,SIVAGANGA Station,SIVAGANGA,Station House Officer,,,transferred,,imported,12fe593e-e883-5cac-9710-f2ba74198299,13_officer.csv,OFFICER-002922
637c8132-6545-5787-a2ed-8a6c22714964,,,TN-OFFICER-002923,Tamil Nadu Officer OFFICER-002923,Superintendent,KARUR Station,KARUR,Sub-Inspector,,,suspended,,imported,12fe593e-e883-5cac-9710-f2ba74198299,13_officer.csv,OFFICER-002923
94bd2ec7-5f7b-5f18-b681-2b8b74d842d3,,,TN-OFFICER-002924,Tamil Nadu Officer OFFICER-002924,Sub-Inspector,KANYAKUMARI Station,KANYAKUMARI,Police Officer,,,active,,imported,12fe593e-e883-5cac-9710-f2ba74198299,13_officer.csv,OFFICER-002924
2c46952c-ab4d-5de3-b6f9-3db544b8aa1c,,,TN-OFFICER-002925,Tamil Nadu Officer OFFICER-002925,Inspector,KANYAKUMARI Station,KANYAKUMARI,Station House Officer,,,active,,imported,12fe593e-e883-5cac-9710-f2ba74198299,13_officer.csv,OFFICER-002925
31ecebc6-55bd-53a5-8647-936a3f8b84c4,,,TN-OFFICER-002926,Tamil Nadu Officer OFFICER-002926,Assistant Superintendent,CHENNAI Station,CHENNAI,Police Officer,,,transferred,,imported,12fe593e-e883-5cac-9710-f2ba74198299,13_officer.csv,OFFICER-002926
237f1ba7-8ba5-5044-ac95-c79a9ccffee6,,,TN-OFFICER-002927,Tamil Nadu Officer OFFICER-002927,Assistant Superintendent,KANCHEEPURAM Station,KANCHEEPURAM,Sub-Inspector,,,suspended,,imported,12fe593e-e883-5cac-9710-f2ba74198299,13_officer.csv,OFFICER-002927
1ff92982-d6ad-5f51-bc37-9ec67899adeb,,,TN-OFFICER-002928,Tamil Nadu Officer OFFICER-002928,Constable,THIRUVARUR Station,THIRUVARUR,Circle Inspector,,,retired,,imported,12fe593e-e883-5cac-9710-f2ba74198299,13_officer.csv,OFFICER-002928
5fdce372-3032-55a2-8d1b-f1e18126fd61,,,TN-OFFICER-002929,Tamil Nadu Officer OFFICER-002929,Superintendent,RAMANATHAPURAM Station,RAMANATHAPURAM,Circle Inspector,,,suspended,,imported,12fe593e-e883-5cac-9710-f2ba74198299,13_officer.csv,OFFICER-002929
2043227b-761c-5bb9-80d7-1968ce4e3135,,,TN-OFFICER-002930,Tamil Nadu Officer OFFICER-002930,Constable,KUMBAKONAM Station,KUMBAKONAM,Circle Inspector,,,transferred,,imported,12fe593e-e883-5cac-9710-f2ba74198299,13_officer.csv,OFFICER-002930
70836326-dfd5-58e1-b748-ef68276fe2a3,,,TN-OFFICER-002931,Tamil Nadu Officer OFFICER-002931,Inspector,RAMESWARAM Station,RAMESWARAM,Investigator,,,suspended,,imported,12fe593e-e883-5cac-9710-f2ba74198299,13_officer.csv,OFFICER-002931
0fbf494c-0291-5020-ab51-86c9bad1d54e,,,TN-OFFICER-002932,Tamil Nadu Officer OFFICER-002932,Assistant Superintendent,CUDDALORE Station,CUDDALORE,Police Officer,,,retired,,imported,12fe593e-e883-5cac-9710-f2ba74198299,13_officer.csv,OFFICER-002932
696f2fe1-a3f1-55bb-8e55-84fc2892f320,,,TN-OFFICER-002933,Tamil Nadu Officer OFFICER-002933,Sub-Inspector,TENKASI Station,TENKASI,Police Officer,,,active,,imported,12fe593e-e883-5cac-9710-f2ba74198299,13_officer.csv,OFFICER-002933
6d09b277-36bf-58c7-b185-eb529c672450,,,TN-OFFICER-002934,Tamil Nadu Officer OFFICER-002934,Inspector,KUMBAKONAM Station,KUMBAKONAM,Police Officer,,,transferred,,imported,12fe593e-e883-5cac-9710-f2ba74198299,13_officer.csv,OFFICER-002934
04c779bf-db68-54f5-9102-891ed08a5981,,,TN-OFFICER-002935,Tamil Nadu Officer OFFICER-002935,Deputy Superintendent,VIRUDHUNAGAR Station,VIRUDHUNAGAR,Investigator,,,suspended,,imported,12fe593e-e883-5cac-9710-f2ba74198299,13_officer.csv,OFFICER-002935
6179c889-8460-54f7-83c1-1c8f2fddc113,,,TN-OFFICER-002936,Tamil Nadu Officer OFFICER-002936,Superintendent,RAMANATHAPURAM Station,RAMANATHAPURAM,Police Officer,,,active,,imported,12fe593e-e883-5cac-9710-f2ba74198299,13_officer.csv,OFFICER-002936
dfa53f31-7cab-5047-9750-66e070f85e90,,,TN-OFFICER-002937,Tamil Nadu Officer OFFICER-002937,Inspector,CHENNAI Station,CHENNAI,Circle Inspector,,,transferred,,imported,12fe593e-e883-5cac-9710-f2ba74198299,13_officer.csv,OFFICER-002937
abde0898-e800-58d2-bbb0-04134a590770,,,TN-OFFICER-002938,Tamil Nadu Officer OFFICER-002938,Assistant Superintendent,KRISHNAGIRI Station,KRISHNAGIRI,Station House Officer,,,retired,,imported,12fe593e-e883-5cac-9710-f2ba74198299,13_officer.csv,OFFICER-002938
cb3b86d1-588a-5060-829e-2179eed78be0,,,TN-OFFICER-002939,Tamil Nadu Officer OFFICER-002939,Assistant Superintendent,VIRUDHUNAGAR Station,VIRUDHUNAGAR,Station House Officer,,,transferred,,imported,12fe593e-e883-5cac-9710-f2ba74198299,13_officer.csv,OFFICER-002939
6b9f6ced-7475-525d-af2c-c62e08809a08,,,TN-OFFICER-002940,Tamil Nadu Officer OFFICER-002940,Inspector,CHENNAI Station,CHENNAI,Station House Officer,,,suspended,,imported,12fe593e-e883-5cac-9710-f2ba74198299,13_officer.csv,OFFICER-002940
12bb57f6-f74a-53ff-b8cd-275af036beaf,,,TN-OFFICER-002941,Tamil Nadu Officer OFFICER-002941,Assistant Superintendent,ARIYALUR Station,ARIYALUR,Station House Officer,,,transferred,,imported,12fe593e-e883-5cac-9710-f2ba74198299,13_officer.csv,OFFICER-002941
d51a5cc9-ae29-5965-915e-e307cb8b389d,,,TN-OFFICER-002942,Tamil Nadu Officer OFFICER-002942,Deputy Superintendent,ERODE Station,ERODE,Sub-Inspector,,,retired,,imported,12fe593e-e883-5cac-9710-f2ba74198299,13_officer.csv,OFFICER-002942
e3407b70-80a9-5759-9280-02b23713dd33,,,TN-OFFICER-002943,Tamil Nadu Officer OFFICER-002943,Sub-Inspector,NAGAPATTINAM Station,NAGAPATTINAM,Circle Inspector,,,transferred,,imported,12fe593e-e883-5cac-9710-f2ba74198299,13_officer.csv,OFFICER-002943
85c6d450-a9dc-58a5-8bfd-8edbfce4281e,,,TN-OFFICER-002944,Tamil Nadu Officer OFFICER-002944,Sub-Inspector,VIRUDHUNAGAR Station,VIRUDHUNAGAR,Police Officer,,,retired,,imported,12fe593e-e883-5cac-9710-f2ba74198299,13_officer.csv,OFFICER-002944
3828ec28-2c7f-51a0-a01d-a4757b7d0e28,,,TN-OFFICER-002945,Tamil Nadu Officer OFFICER-002945,Deputy Superintendent,TIRUVANNAMALAI Station,TIRUVANNAMALAI,Circle Inspector,,,active,,imported,12fe593e-e883-5cac-9710-f2ba74198299,13_officer.csv,OFFICER-002945
fa899ea5-5781-5305-ac41-8e3fadcb3024,,,TN-OFFICER-002946,Tamil Nadu Officer OFFICER-002946,Superintendent,NAGAPATTINAM Station,NAGAPATTINAM,Circle Inspector,,,transferred,,imported,12fe593e-e883-5cac-9710-f2ba74198299,13_officer.csv,OFFICER-002946
ca990456-0461-5022-b75e-a0fafde28c6c,,,TN-OFFICER-002947,Tamil Nadu Officer OFFICER-002947,Sub-Inspector,PERAMBALUR Station,PERAMBALUR,Circle Inspector,,,active,,imported,12fe593e-e883-5cac-9710-f2ba74198299,13_officer.csv,OFFICER-002947
dc3dd284-2d26-5a93-9723-f49db70161a2,,,TN-OFFICER-002948,Tamil Nadu Officer OFFICER-002948,Inspector,TIRUNELVELI Station,TIRUNELVELI,Sub-Inspector,,,retired,,imported,12fe593e-e883-5cac-9710-f2ba74198299,13_officer.csv,OFFICER-002948
8f532adb-abc4-5d2d-b774-ea15ed6ce52b,,,TN-OFFICER-002949,Tamil Nadu Officer OFFICER-002949,Constable,TIRUVANNAMALAI Station,TIRUVANNAMALAI,Investigator,,,retired,,imported,12fe593e-e883-5cac-9710-f2ba74198299,13_officer.csv,OFFICER-002949
f4b7da52-4d3d-5c01-8100-cbeb4bc2cb38,,,TN-OFFICER-002950,Tamil Nadu Officer OFFICER-002950,Constable,KARUR Station,KARUR,Investigator,,,active,,imported,12fe593e-e883-5cac-9710-f2ba74198299,13_officer.csv,OFFICER-002950
c71274c5-5d9d-5a90-92b7-9b3aa19d99c8,,,TN-OFFICER-002951,Tamil Nadu Officer OFFICER-002951,Sub-Inspector,KALLAKURICHI Station,KALLAKURICHI,Investigator,,,suspended,,imported,12fe593e-e883-5cac-9710-f2ba74198299,13_officer.csv,OFFICER-002951
d457995d-ff71-521a-a3b3-7029697746bc,,,TN-OFFICER-002952,Tamil Nadu Officer OFFICER-002952,Constable,NAGAPATTINAM Station,NAGAPATTINAM,Circle Inspector,,,active,,imported,12fe593e-e883-5cac-9710-f2ba74198299,13_officer.csv,OFFICER-002952
73805e11-1ca3-5f29-ac4f-954552f9f861,,,TN-OFFICER-002953,Tamil Nadu Officer OFFICER-002953,Deputy Superintendent,CHENGALPATTU Station,CHENGALPATTU,Circle Inspector,,,suspended,,imported,12fe593e-e883-5cac-9710-f2ba74198299,13_officer.csv,OFFICER-002953
c3ac157e-1f64-5b1d-b231-ec84b9a00c02,,,TN-OFFICER-002954,Tamil Nadu Officer OFFICER-002954,Constable,TIRUNELVELI Station,TIRUNELVELI,Sub-Inspector,,,active,,imported,12fe593e-e883-5cac-9710-f2ba74198299,13_officer.csv,OFFICER-002954
84248a16-2ff0-5987-b789-28a16b8ebc69,,,TN-OFFICER-002955,Tamil Nadu Officer OFFICER-002955,Deputy Superintendent,CHENNAI Station,CHENNAI,Station House Officer,,,retired,,imported,12fe593e-e883-5cac-9710-f2ba74198299,13_officer.csv,OFFICER-002955
ce3d7ba9-287e-522e-9dad-01f820541289,,,TN-OFFICER-002956,Tamil Nadu Officer OFFICER-002956,Constable,CHENNAI Station,CHENNAI,Station House Officer,,,transferred,,imported,12fe593e-e883-5cac-9710-f2ba74198299,13_officer.csv,OFFICER-002956
38a48176-3c74-5ef3-b084-818fcdd3656b,,,TN-OFFICER-002957,Tamil Nadu Officer OFFICER-002957,Assistant Superintendent,DHARMAPURI Station,DHARMAPURI,Sub-Inspector,,,active,,imported,12fe593e-e883-5cac-9710-f2ba74198299,13_officer.csv,OFFICER-002957
1d5cdd88-5a62-5659-8ddd-64fc4f75b255,,,TN-OFFICER-002958,Tamil Nadu Officer OFFICER-002958,Deputy Superintendent,COIMBATORE Station,COIMBATORE,Sub-Inspector,,,active,,imported,12fe593e-e883-5cac-9710-f2ba74198299,13_officer.csv,OFFICER-002958
ac54b83b-1295-55b1-b0b0-a3f5f19caeda,,,TN-OFFICER-002959,Tamil Nadu Officer OFFICER-002959,Constable,CUDDALORE Station,CUDDALORE,Police Officer,,,active,,imported,12fe593e-e883-5cac-9710-f2ba74198299,13_officer.csv,OFFICER-002959
79480e2a-46fa-520f-80d7-40585ecd7756,,,TN-OFFICER-002960,Tamil Nadu Officer OFFICER-002960,Inspector,KANYAKUMARI Station,KANYAKUMARI,Circle Inspector,,,retired,,imported,12fe593e-e883-5cac-9710-f2ba74198299,13_officer.csv,OFFICER-002960
93161568-b0b1-5961-a8e8-34ddfb6eb215,,,TN-OFFICER-002961,Tamil Nadu Officer OFFICER-002961,Deputy Superintendent,ERODE Station,ERODE,Police Officer,,,transferred,,imported,12fe593e-e883-5cac-9710-f2ba74198299,13_officer.csv,OFFICER-002961
8977f1bb-e1c3-5f71-adb6-901b66057758,,,TN-OFFICER-002962,Tamil Nadu Officer OFFICER-002962,Inspector,ARIYALUR Station,ARIYALUR,Sub-Inspector,,,retired,,imported,12fe593e-e883-5cac-9710-f2ba74198299,13_officer.csv,OFFICER-002962
0f59c8fc-3cb1-536c-9d34-274bdbd67ec1,,,TN-OFFICER-002963,Tamil Nadu Officer OFFICER-002963,Sub-Inspector,SALEM Station,SALEM,Police Officer,,,retired,,imported,12fe593e-e883-5cac-9710-f2ba74198299,13_officer.csv,OFFICER-002963
ddecfd7f-62e1-52e1-8609-977dd4254a48,,,TN-OFFICER-002964,Tamil Nadu Officer OFFICER-002964,Assistant Superintendent,RANIPET Station,RANIPET,Sub-Inspector,,,suspended,,imported,12fe593e-e883-5cac-9710-f2ba74198299,13_officer.csv,OFFICER-002964
0e3d3e1d-fc47-5a51-96cc-33279841eee1,,,TN-OFFICER-002965,Tamil Nadu Officer OFFICER-002965,Constable,CHENGALPATTU Station,CHENGALPATTU,Station House Officer,,,transferred,,imported,12fe593e-e883-5cac-9710-f2ba74198299,13_officer.csv,OFFICER-002965
ad0f10cf-4ca5-593d-bcc6-e9db7d4b1906,,,TN-OFFICER-002966,Tamil Nadu Officer OFFICER-002966,Assistant Superintendent,KARUR Station,KARUR,Station House Officer,,,retired,,imported,12fe593e-e883-5cac-9710-f2ba74198299,13_officer.csv,OFFICER-002966
312b2fad-9469-5f41-827b-8dc8ce4e6200,,,TN-OFFICER-002967,Tamil Nadu Officer OFFICER-002967,Inspector,THOOTHUKUDI Station,THOOTHUKUDI,Circle Inspector,,,active,,imported,12fe593e-e883-5cac-9710-f2ba74198299,13_officer.csv,OFFICER-002967
0172ae0d-1888-5142-aeee-dbcfd012add0,,,TN-OFFICER-002968,Tamil Nadu Officer OFFICER-002968,Constable,ERODE Station,ERODE,Station House Officer,,,suspended,,imported,12fe593e-e883-5cac-9710-f2ba74198299,13_officer.csv,OFFICER-002968
3d69d02c-c9cf-5a2a-811c-9d591e37193c,,,TN-OFFICER-002969,Tamil Nadu Officer OFFICER-002969,Deputy Superintendent,ERODE Station,ERODE,Circle Inspector,,,suspended,,imported,12fe593e-e883-5cac-9710-f2ba74198299,13_officer.csv,OFFICER-002969
80543bc2-d87e-5f71-907d-fbbcb4943844,,,TN-OFFICER-002970,Tamil Nadu Officer OFFICER-002970,Sub-Inspector,TIRUVANNAMALAI Station,TIRUVANNAMALAI,Station House Officer,,,active,,imported,12fe593e-e883-5cac-9710-f2ba74198299,13_officer.csv,OFFICER-002970
fa335b08-2350-58a9-8d05-48ca13e584bd,,,TN-OFFICER-002971,Tamil Nadu Officer OFFICER-002971,Inspector,RAMANATHAPURAM Station,RAMANATHAPURAM,Police Officer,,,retired,,imported,12fe593e-e883-5cac-9710-f2ba74198299,13_officer.csv,OFFICER-002971
75cad6b7-cad3-5227-8c9a-9ddfd10b5c03,,,TN-OFFICER-002972,Tamil Nadu Officer OFFICER-002972,Inspector,ARIYALUR Station,ARIYALUR,Sub-Inspector,,,transferred,,imported,12fe593e-e883-5cac-9710-f2ba74198299,13_officer.csv,OFFICER-002972
04b2f53d-da50-5c74-8cb4-793ba5c0f965,,,TN-OFFICER-002973,Tamil Nadu Officer OFFICER-002973,Inspector,TIRUPATHUR Station,TIRUPATHUR,Investigator,,,active,,imported,12fe593e-e883-5cac-9710-f2ba74198299,13_officer.csv,OFFICER-002973
94c23598-8882-5e8b-9863-801457e24f79,,,TN-OFFICER-002974,Tamil Nadu Officer OFFICER-002974,Superintendent,KARUR Station,KARUR,Investigator,,,retired,,imported,12fe593e-e883-5cac-9710-f2ba74198299,13_officer.csv,OFFICER-002974
92f1774a-8291-5281-ad3c-8dd0b02fbad3,,,TN-OFFICER-002975,Tamil Nadu Officer OFFICER-002975,Constable,KUMBAKONAM Station,KUMBAKONAM,Sub-Inspector,,,active,,imported,12fe593e-e883-5cac-9710-f2ba74198299,13_officer.csv,OFFICER-002975
324ca06d-4e1c-5a79-82d5-c83462387875,,,TN-OFFICER-002976,Tamil Nadu Officer OFFICER-002976,Sub-Inspector,THENI Station,THENI,Circle Inspector,,,suspended,,imported,12fe593e-e883-5cac-9710-f2ba74198299,13_officer.csv,OFFICER-002976
143979d1-1201-5556-b6e5-f02751afefa5,,,TN-OFFICER-002977,Tamil Nadu Officer OFFICER-002977,Assistant Superintendent,NAGAPATTINAM Station,NAGAPATTINAM,Investigator,,,transferred,,imported,12fe593e-e883-5cac-9710-f2ba74198299,13_officer.csv,OFFICER-002977
29c460cf-d424-5ee1-897f-057ff4fd9e3e,,,TN-OFFICER-002978,Tamil Nadu Officer OFFICER-002978,Deputy Superintendent,THIRUVARUR Station,THIRUVARUR,Circle Inspector,,,active,,imported,12fe593e-e883-5cac-9710-f2ba74198299,13_officer.csv,OFFICER-002978
99c08d3f-5473-54d1-8943-43fde24f026f,,,TN-OFFICER-002979,Tamil Nadu Officer OFFICER-002979,Deputy Superintendent,NAGAPATTINAM Station,NAGAPATTINAM,Station House Officer,,,retired,,imported,12fe593e-e883-5cac-9710-f2ba74198299,13_officer.csv,OFFICER-002979
72b127c6-f2da-59f8-8bf0-2a777c1aedaf,,,TN-OFFICER-002980,Tamil Nadu Officer OFFICER-002980,Assistant Superintendent,SALEM Station,SALEM,Investigator,,,retired,,imported,12fe593e-e883-5cac-9710-f2ba74198299,13_officer.csv,OFFICER-002980
8090a881-fd21-5396-9b38-7a2ed05352ac,,,TN-OFFICER-002981,Tamil Nadu Officer OFFICER-002981,Sub-Inspector,THE_NILGIRIS Station,THE_NILGIRIS,Station House Officer,,,suspended,,imported,12fe593e-e883-5cac-9710-f2ba74198299,13_officer.csv,OFFICER-002981
f6a22805-9dca-5a8b-be6e-fc8ae6e68870,,,TN-OFFICER-002982,Tamil Nadu Officer OFFICER-002982,Sub-Inspector,KUMBAKONAM Station,KUMBAKONAM,Circle Inspector,,,retired,,imported,12fe593e-e883-5cac-9710-f2ba74198299,13_officer.csv,OFFICER-002982
1bd46452-04d4-5c97-9536-af2f20936ae5,,,TN-OFFICER-002983,Tamil Nadu Officer OFFICER-002983,Superintendent,CHENGALPATTU Station,CHENGALPATTU,Investigator,,,active,,imported,12fe593e-e883-5cac-9710-f2ba74198299,13_officer.csv,OFFICER-002983
bc19564a-2362-5ed4-ae32-168c5c138eac,,,TN-OFFICER-002984,Tamil Nadu Officer OFFICER-002984,Deputy Superintendent,ARIYALUR Station,ARIYALUR,Investigator,,,retired,,imported,12fe593e-e883-5cac-9710-f2ba74198299,13_officer.csv,OFFICER-002984
01fbc373-2868-53ec-8889-f8de63b5603f,,,TN-OFFICER-002985,Tamil Nadu Officer OFFICER-002985,Deputy Superintendent,KUMBAKONAM Station,KUMBAKONAM,Investigator,,,suspended,,imported,12fe593e-e883-5cac-9710-f2ba74198299,13_officer.csv,OFFICER-002985
1027cc18-3705-54cd-a036-93550c6c98af,,,TN-OFFICER-002986,Tamil Nadu Officer OFFICER-002986,Superintendent,DHARMAPURI Station,DHARMAPURI,Police Officer,,,active,,imported,12fe593e-e883-5cac-9710-f2ba74198299,13_officer.csv,OFFICER-002986
f5fff0d7-2bd2-5a5e-8f88-910439bf896e,,,TN-OFFICER-002987,Tamil Nadu Officer OFFICER-002987,Assistant Superintendent,CHENGALPATTU Station,CHENGALPATTU,Station House Officer,,,retired,,imported,12fe593e-e883-5cac-9710-f2ba74198299,13_officer.csv,OFFICER-002987
0c18b4fe-1e6a-5b1d-bde0-5c01fb118d8b,,,TN-OFFICER-002988,Tamil Nadu Officer OFFICER-002988,Sub-Inspector,ARIYALUR Station,ARIYALUR,Station House Officer,,,retired,,imported,12fe593e-e883-5cac-9710-f2ba74198299,13_officer.csv,OFFICER-002988
101a58a1-6b88-574a-9298-0c84d5b82e61,,,TN-OFFICER-002989,Tamil Nadu Officer OFFICER-002989,Sub-Inspector,CHENNAI Station,CHENNAI,Circle Inspector,,,active,,imported,12fe593e-e883-5cac-9710-f2ba74198299,13_officer.csv,OFFICER-002989
5ab89eb8-dec5-5571-83b2-79485ab4e3fd,,,TN-OFFICER-002990,Tamil Nadu Officer OFFICER-002990,Constable,ARIYALUR Station,ARIYALUR,Station House Officer,,,retired,,imported,12fe593e-e883-5cac-9710-f2ba74198299,13_officer.csv,OFFICER-002990
d9a445f7-0185-58f0-bd94-5e068d11713e,,,TN-OFFICER-002991,Tamil Nadu Officer OFFICER-002991,Deputy Superintendent,PUDUKOTTAI Station,PUDUKOTTAI,Circle Inspector,,,transferred,,imported,12fe593e-e883-5cac-9710-f2ba74198299,13_officer.csv,OFFICER-002991
ba5f5dec-7efc-5df0-8b08-fb1edbdb657c,,,TN-OFFICER-002992,Tamil Nadu Officer OFFICER-002992,Constable,THE_NILGIRIS Station,THE_NILGIRIS,Circle Inspector,,,active,,imported,12fe593e-e883-5cac-9710-f2ba74198299,13_officer.csv,OFFICER-002992
6fc4fb7a-30c4-5459-a3ae-4dcc774ed69a,,,TN-OFFICER-002993,Tamil Nadu Officer OFFICER-002993,Assistant Superintendent,KANCHEEPURAM Station,KANCHEEPURAM,Sub-Inspector,,,active,,imported,12fe593e-e883-5cac-9710-f2ba74198299,13_officer.csv,OFFICER-002993
bc7ba701-e40a-550b-84ec-a6f8471de1d9,,,TN-OFFICER-002994,Tamil Nadu Officer OFFICER-002994,Inspector,THIRUVARUR Station,THIRUVARUR,Sub-Inspector,,,suspended,,imported,12fe593e-e883-5cac-9710-f2ba74198299,13_officer.csv,OFFICER-002994
cbebb9d8-17bb-5f97-9531-0df1c22724f4,,,TN-OFFICER-002995,Tamil Nadu Officer OFFICER-002995,Assistant Superintendent,RANIPET Station,RANIPET,Police Officer,,,active,,imported,12fe593e-e883-5cac-9710-f2ba74198299,13_officer.csv,OFFICER-002995
24536175-93fd-56b7-84fb-a7bbf98009ca,,,TN-OFFICER-002996,Tamil Nadu Officer OFFICER-002996,Inspector,KUMBAKONAM Station,KUMBAKONAM,Sub-Inspector,,,retired,,imported,12fe593e-e883-5cac-9710-f2ba74198299,13_officer.csv,OFFICER-002996
b5a16f49-ea48-54b8-b64b-8eaa027bc3f6,,,TN-OFFICER-002997,Tamil Nadu Officer OFFICER-002997,Constable,RAMANATHAPURAM Station,RAMANATHAPURAM,Station House Officer,,,suspended,,imported,12fe593e-e883-5cac-9710-f2ba74198299,13_officer.csv,OFFICER-002997
8d1546f5-fa62-58ae-8269-b2eef9120702,,,TN-OFFICER-002998,Tamil Nadu Officer OFFICER-002998,Superintendent,ARIYALUR Station,ARIYALUR,Station House Officer,,,suspended,,imported,12fe593e-e883-5cac-9710-f2ba74198299,13_officer.csv,OFFICER-002998
7aaa9279-337f-578a-8a86-80a4701d2c62,,,TN-OFFICER-002999,Tamil Nadu Officer OFFICER-002999,Constable,ARIYALUR Station,ARIYALUR,Investigator,,,retired,,imported,12fe593e-e883-5cac-9710-f2ba74198299,13_officer.csv,OFFICER-002999
2f010933-f7ad-5852-a64d-cd24efd6c09f,,,TN-OFFICER-003000,Tamil Nadu Officer OFFICER-003000,Deputy Superintendent,KRISHNAGIRI Station,KRISHNAGIRI,Station House Officer,,,suspended,,imported,12fe593e-e883-5cac-9710-f2ba74198299,13_officer.csv,OFFICER-003000
