id,full_name,gender,address,dataset_provenance,source_import_job_id,source_row_ref,contact_number,age,statement,neo4j_node_id,image_url,source_file
e37b75a7-870d-5f3e-8705-87d57f4de869,Tamil Nadu Person PERSON-000029,Other,THENI Area,imported,12fe593e-e883-5cac-9710-f2ba74198299,PERSON-000029,,30,,,,11_person.csv
691a8da2-b649-5a71-bc68-9887d362d219,Tamil Nadu Person PERSON-000033,Female,THOOTHUKUDI Area,imported,12fe593e-e883-5cac-9710-f2ba74198299,PERSON-000033,,22,,,,11_person.csv
ab10d1fa-b3e8-5a08-a79f-08bf94f54294,Tamil Nadu Person PERSON-000038,Other,DHARMAPURI Area,imported,12fe593e-e883-5cac-9710-f2ba74198299,PERSON-000038,,32,,,,11_person.csv
64f0f640-cf49-51ef-998c-b5a7e5872daa,Tamil Nadu Person PERSON-000046,Other,SIVAGANGA Area,imported,12fe593e-e883-5cac-9710-f2ba74198299,PERSON-000046,,28,,,,11_person.csv
1f711a24-ec03-503a-8f58-f65947ebe1f1,Tamil Nadu Person PERSON-000060,Male,ERODE Area,imported,12fe593e-e883-5cac-9710-f2ba74198299,PERSON-000060,,46,,,,11_person.csv
be2ddf3a-565b-54d1-9c45-5af912934642,Tamil Nadu Person PERSON-000063,Male,VIRUDHUNAGAR Area,imported,12fe593e-e883-5cac-9710-f2ba74198299,PERSON-000063,,40,,,,11_person.csv
92826cea-bc48-58b9-8129-3aec7e713235,Tamil Nadu Person PERSON-000064,Female,THENI Area,imported,12fe593e-e883-5cac-9710-f2ba74198299,PERSON-000064,,48,,,,11_person.csv
5aa714f2-4ee5-5044-bc9c-b260ff30e944,Tamil Nadu Person PERSON-000067,Male,CHENNAI Area,imported,12fe593e-e883-5cac-9710-f2ba74198299,PERSON-000067,,56,,,,11_person.csv
cf4ecd2b-2d5a-557c-9b7c-b43a01096c89,Tamil Nadu Person PERSON-000075,Male,CUDDALORE Area,imported,12fe593e-e883-5cac-9710-f2ba74198299,PERSON-000075,,57,,,,11_person.csv
fe852be4-242d-5ef0-a76a-2925856d1d7b,Tamil Nadu Person PERSON-000085,Other,TIRUPPUR Area,imported,12fe593e-e883-5cac-9710-f2ba74198299,PERSON-000085,,37,,,,11_person.csv
6e792571-ccc7-5ac1-848b-23cfcd10c673,Tamil Nadu Person PERSON-000092,Female,TIRUPPUR Area,imported,12fe593e-e883-5cac-9710-f2ba74198299,PERSON-000092,,44,,,,11_person.csv
e9bb2e55-2593-59f8-9cb4-b1340907f9e2,Tamil Nadu Person PERSON-000093,Female,TIRUNELVELI Area,imported,12fe593e-e883-5cac-9710-f2ba74198299,PERSON-000093,,29,,,,11_person.csv
e5fe1629-4467-5444-b9a1-ce2c2d17635a,Tamil Nadu Person PERSON-000105,Male,THE_NILGIRIS Area,imported,12fe593e-e883-5cac-9710-f2ba74198299,PERSON-000105,,63,,,,11_person.csv
6c54c646-6519-5507-b9e5-31da90bfbbc6,Tamil Nadu Person PERSON-000112,Male,MADURAI Area,imported,12fe593e-e883-5cac-9710-f2ba74198299,PERSON-000112,,51,,,,11_person.csv
9190f889-7d5a-564a-be08-58333fee5d7b,Tamil Nadu Person PERSON-000116,Other,CHENGALPATTU Area,imported,12fe593e-e883-5cac-9710-f2ba74198299,PERSON-000116,,39,,,,11_person.csv
5db0fc22-fe09-575e-93ea-e69f7c36e01c,Tamil Nadu Person PERSON-000141,Other,NAGAPATTINAM Area,imported,12fe593e-e883-5cac-9710-f2ba74198299,PERSON-000141,,42,,,,11_person.csv
972683fb-326e-5cd0-a7a6-0ce0cfb7d814,Tamil Nadu Person PERSON-000143,Other,TIRUVANNAMALAI Area,imported,12fe593e-e883-5cac-9710-f2ba74198299,PERSON-000143,,52,,,,11_person.csv
f139af80-953d-54d6-976c-9bcd06f69e60,Tamil Nadu Person PERSON-000145,Female,DINDIGUL Area,imported,12fe593e-e883-5cac-9710-f2ba74198299,PERSON-000145,,40,,,,11_person.csv
06635bfe-8e0a-59dd-8b35-4f76d1a860e6,Tamil Nadu Person PERSON-000158,Other,COIMBATORE Area,imported,12fe593e-e883-5cac-9710-f2ba74198299,PERSON-000158,,37,,,,11_person.csv
dd274466-f0e4-5a17-9da8-7dfa5a8af804,Tamil Nadu Person PERSON-000167,Female,RANIPET Area,imported,12fe593e-e883-5cac-9710-f2ba74198299,PERSON-000167,,75,,,,11_person.csv
693b8b31-45d4-505e-98e4-0625b790e835,Tamil Nadu Person PERSON-000168,Female,CHENNAI Area,imported,12fe593e-e883-5cac-9710-f2ba74198299,PERSON-000168,,44,,,,11_person.csv
6cff13aa-5435-521c-8bc3-847d267ac1c1,Tamil Nadu Person PERSON-000202,Female,SALEM Area,imported,12fe593e-e883-5cac-9710-f2ba74198299,PERSON-000202,,67,,,,11_person.csv
76ee198e-4903-5c66-aeba-b1362987d74a,Tamil Nadu Person PERSON-000204,Female,CUDDALORE Area,imported,12fe593e-e883-5cac-9710-f2ba74198299,PERSON-000204,,31,,,,11_person.csv
72a016fe-b981-5d97-a7a8-2d44c0ce0042,Tamil Nadu Person PERSON-000212,Other,RANIPET Area,imported,12fe593e-e883-5cac-9710-f2ba74198299,PERSON-000212,,72,,,,11_person.csv
9ca7f8b3-63d2-55b6-93ac-39a28250d5c9,Tamil Nadu Person PERSON-000251,Female,RAMESWARAM Area,imported,12fe593e-e883-5cac-9710-f2ba74198299,PERSON-000251,,26,,,,11_person.csv
47875e9e-1a98-53f1-b457-594d857a8469,Tamil Nadu Person PERSON-000259,Male,CHENNAI Area,imported,12fe593e-e883-5cac-9710-f2ba74198299,PERSON-000259,,63,,,,11_person.csv
55cc924a-c444-55ee-a5d5-b7b161cbc493,Tamil Nadu Person PERSON-000265,Male,KALLAKURICHI Area,imported,12fe593e-e883-5cac-9710-f2ba74198299,PERSON-000265,,35,,,,11_person.csv
f758a999-194a-53fb-8b54-58ac18ea7254,Tamil Nadu Person PERSON-000277,Male,KANYAKUMARI Area,imported,12fe593e-e883-5cac-9710-f2ba74198299,PERSON-000277,,68,,,,11_person.csv
47b00afb-4f4a-573f-a980-5e49b40fb755,Tamil Nadu Person PERSON-000293,Other,RAMANATHAPURAM Area,imported,12fe593e-e883-5cac-9710-f2ba74198299,PERSON-000293,,53,,,,11_person.csv
841d13e9-4d92-55c0-98cb-63ddb579ac74,Tamil Nadu Person PERSON-000310,Female,KALLAKURICHI Area,imported,12fe593e-e883-5cac-9710-f2ba74198299,PERSON-000310,,36,,,,11_person.csv
a819994c-09c6-518c-9e76-7e37ceb0bd39,Tamil Nadu Person PERSON-000322,Female,THE_NILGIRIS Area,imported,12fe593e-e883-5cac-9710-f2ba74198299,PERSON-000322,,61,,,,11_person.csv
a6257e24-4a6a-5715-9b03-bdd17f65b27b,Tamil Nadu Person PERSON-000329,Other,THOOTHUKUDI Area,imported,12fe593e-e883-5cac-9710-f2ba74198299,PERSON-000329,,74,,,,11_person.csv
3cdb6c21-7c6a-56c4-9983-2ff5a8a9be93,Tamil Nadu Person PERSON-000345,Female,DHARMAPURI Area,imported,12fe593e-e883-5cac-9710-f2ba74198299,PERSON-000345,,59,,,,11_person.csv
6876223c-308e-50b3-8628-6506019065f2,Tamil Nadu Person PERSON-000347,Male,THE_NILGIRIS Area,imported,12fe593e-e883-5cac-9710-f2ba74198299,PERSON-000347,,42,,,,11_person.csv
9a93fad9-8006-56b4-aaf8-7d443ea2c9a7,Tamil Nadu Person PERSON-000349,Other,CHENNAI Area,imported,12fe593e-e883-5cac-9710-f2ba74198299,PERSON-000349,,61,,,,11_person.csv
6d72acbd-5f5c-54c6-9496-ad3b249dac2a,Tamil Nadu Person PERSON-000352,Male,MAYILADUTHURAI Area,imported,12fe593e-e883-5cac-9710-f2ba74198299,PERSON-000352,,24,,,,11_person.csv
c41cb78d-3349-5bc7-bf63-4000484a3ae4,Tamil Nadu Person PERSON-000386,Other,KANCHEEPURAM Area,imported,12fe593e-e883-5cac-9710-f2ba74198299,PERSON-000386,,20,,,,11_person.csv
5d711c29-3351-5959-98ed-d883df147166,Tamil Nadu Person PERSON-000404,Female,CUDDALORE Area,imported,12fe593e-e883-5cac-9710-f2ba74198299,PERSON-000404,,37,,,,11_person.csv
40f6934d-b235-538f-9374-b4e680550d7e,Tamil Nadu Person PERSON-000408,Other,TIRUNELVELI Area,imported,12fe593e-e883-5cac-9710-f2ba74198299,PERSON-000408,,62,,,,11_person.csv
5329dfa7-3087-50ac-a5e7-4c83344faf61,Tamil Nadu Person PERSON-000412,Female,THIRUVALLUR Area,imported,12fe593e-e883-5cac-9710-f2ba74198299,PERSON-000412,,61,,,,11_person.csv
60acbbb4-abf6-513f-ae89-3591d25f6660,Tamil Nadu Person PERSON-000420,Male,CUDDALORE Area,imported,12fe593e-e883-5cac-9710-f2ba74198299,PERSON-000420,,53,,,,11_person.csv
52751563-9685-568a-9fd7-66cf00dce1ac,Tamil Nadu Person PERSON-000432,Female,THOOTHUKUDI Area,imported,12fe593e-e883-5cac-9710-f2ba74198299,PERSON-000432,,40,,,,11_person.csv
bbb97fee-da96-51db-8334-318cac9a896c,Tamil Nadu Person PERSON-000446,Male,TIRUCHIRAPPALLI Area,imported,12fe593e-e883-5cac-9710-f2ba74198299,PERSON-000446,,55,,,,11_person.csv
b70d09a5-d06e-5bfb-8eca-91709b094555,Tamil Nadu Person PERSON-000449,Male,TIRUNELVELI Area,imported,12fe593e-e883-5cac-9710-f2ba74198299,PERSON-000449,,32,,,,11_person.csv
ebb70a9c-6ce3-57dc-a7f4-4bdd24a1b126,Tamil Nadu Person PERSON-000472,Other,PUDUKOTTAI Area,imported,12fe593e-e883-5cac-9710-f2ba74198299,PERSON-000472,,73,,,,11_person.csv
ab51f944-5e77-5210-8c3a-469d22223d66,Tamil Nadu Person PERSON-000480,Male,TIRUPPUR Area,imported,12fe593e-e883-5cac-9710-f2ba74198299,PERSON-000480,,55,,,,11_person.csv
c20adb9a-09f0-571f-be61-dcc6f9cf20c8,Tamil Nadu Person PERSON-000502,Female,KARUR Area,imported,12fe593e-e883-5cac-9710-f2ba74198299,PERSON-000502,,64,,,,11_person.csv
d0cf8b69-df66-5ee6-80a2-d00d840ffebd,Tamil Nadu Person PERSON-000505,Male,TIRUCHIRAPPALLI Area,imported,12fe593e-e883-5cac-9710-f2ba74198299,PERSON-000505,,36,,,,11_person.csv
53e0310e-2331-563f-a41e-832dd40fd318,Tamil Nadu Person PERSON-000509,Other,THIRUVALLUR Area,imported,12fe593e-e883-5cac-9710-f2ba74198299,PERSON-000509,,56,,,,11_person.csv
dc1e7225-5252-505c-a493-efe4f3e72d7f,Tamil Nadu Person PERSON-000529,Female,PERAMBALUR Area,imported,12fe593e-e883-5cac-9710-f2ba74198299,PERSON-000529,,65,,,,11_person.csv
d6e54321-b91c-533c-b802-5468d042d592,Tamil Nadu Person PERSON-000533,Male,MADURAI Area,imported,12fe593e-e883-5cac-9710-f2ba74198299,PERSON-000533,,22,,,,11_person.csv
9e43bb98-0d9a-5442-a5b4-fa27a39f11f8,Tamil Nadu Person PERSON-000546,Male,DINDIGUL Area,imported,12fe593e-e883-5cac-9710-f2ba74198299,PERSON-000546,,46,,,,11_person.csv
637efc27-63c4-5dcc-9ec8-6c519a5f43dc,Tamil Nadu Person PERSON-000558,Other,CHENGALPATTU Area,imported,12fe593e-e883-5cac-9710-f2ba74198299,PERSON-000558,,53,,,,11_person.csv
774fb5e8-7d3b-5475-8701-80826cbb0ac8,Tamil Nadu Person PERSON-000594,Other,THOOTHUKUDI Area,imported,12fe593e-e883-5cac-9710-f2ba74198299,PERSON-000594,,38,,,,11_person.csv
091e07e1-9e90-534b-b4ab-788fe3e472da,Tamil Nadu Person PERSON-000601,Other,THIRUVARUR Area,imported,12fe593e-e883-5cac-9710-f2ba74198299,PERSON-000601,,62,,,,11_person.csv
eae929fc-85b2-550a-85d5-6ab733780da8,Tamil Nadu Person PERSON-000604,Male,ERODE Area,imported,12fe593e-e883-5cac-9710-f2ba74198299,PERSON-000604,,53,,,,11_person.csv
c87cc5b6-ab56-5720-907f-5f6e69eceeb1,Tamil Nadu Person PERSON-000657,Other,TENKASI Area,imported,12fe593e-e883-5cac-9710-f2ba74198299,PERSON-000657,,26,,,,11_person.csv
d4b9ab48-a18f-510f-ab8b-1dcdd71b0718,Tamil Nadu Person PERSON-000666,Other,VILUPPURAM Area,imported,12fe593e-e883-5cac-9710-f2ba74198299,PERSON-000666,,39,,,,11_person.csv
527d7d0d-5848-5b86-a94b-9315244283ec,Tamil Nadu Person PERSON-000667,Female,THENI Area,imported,12fe593e-e883-5cac-9710-f2ba74198299,PERSON-000667,,56,,,,11_person.csv
3e54f4aa-fd51-56df-b1b6-cafafd97dc58,Tamil Nadu Person PERSON-000671,Other,TIRUCHIRAPPALLI Area,imported,12fe593e-e883-5cac-9710-f2ba74198299,PERSON-000671,,36,,,,11_person.csv
15225f27-8e1d-5560-be66-872562729818,Tamil Nadu Person PERSON-000684,Male,TIRUVANNAMALAI Area,imported,12fe593e-e883-5cac-9710-f2ba74198299,PERSON-000684,,39,,,,11_person.csv
35b61883-d2e2-521a-93e0-42cb995e9754,Tamil Nadu Person PERSON-000687,Male,MAYILADUTHURAI Area,imported,12fe593e-e883-5cac-9710-f2ba74198299,PERSON-000687,,74,,,,11_person.csv
a0365c31-b04e-587a-ad82-a87502bdb733,Tamil Nadu Person PERSON-000712,Male,TIRUNELVELI Area,imported,12fe593e-e883-5cac-9710-f2ba74198299,PERSON-000712,,24,,,,11_person.csv
3541631d-912d-5c8d-8d79-52fdc6c10fae,Tamil Nadu Person PERSON-000719,Female,ERODE Area,imported,12fe593e-e883-5cac-9710-f2ba74198299,PERSON-000719,,34,,,,11_person.csv
3b1d26e0-ecfb-57bb-8e20-f8349fd1251d,Tamil Nadu Person PERSON-000722,Female,KRISHNAGIRI Area,imported,12fe593e-e883-5cac-9710-f2ba74198299,PERSON-000722,,65,,,,11_person.csv
54bd42c8-6556-5cad-bba7-456a3b6e3a73,Tamil Nadu Person PERSON-000723,Female,TENKASI Area,imported,12fe593e-e883-5cac-9710-f2ba74198299,PERSON-000723,,58,,,,11_person.csv
dfd400b6-1014-52f1-9216-5aae734a7790,Tamil Nadu Person PERSON-000732,Female,CHENGALPATTU Area,imported,12fe593e-e883-5cac-9710-f2ba74198299,PERSON-000732,,68,,,,11_person.csv
6d605c85-4654-5d83-ab38-7ac336872705,Tamil Nadu Person PERSON-000764,Other,KRISHNAGIRI Area,imported,12fe593e-e883-5cac-9710-f2ba74198299,PERSON-000764,,63,,,,11_person.csv
de1c5f21-c03f-586f-8a7e-e0da1b68333f,Tamil Nadu Person PERSON-000780,Other,RAMANATHAPURAM Area,imported,12fe593e-e883-5cac-9710-f2ba74198299,PERSON-000780,,38,,,,11_person.csv
ade09a32-3a54-51c1-aadf-b8015cd3ff45,Tamil Nadu Person PERSON-000810,Female,VIRUDHUNAGAR Area,imported,12fe593e-e883-5cac-9710-f2ba74198299,PERSON-000810,,45,,,,11_person.csv
9b6bb585-62f1-555b-bb2f-0a60040bb8f9,Tamil Nadu Person PERSON-000819,Other,TIRUPATHUR Area,imported,12fe593e-e883-5cac-9710-f2ba74198299,PERSON-000819,,62,,,,11_person.csv
819b6a07-0d13-5cac-afca-d568f3f39a39,Tamil Nadu Person PERSON-000835,Female,DINDIGUL Area,imported,12fe593e-e883-5cac-9710-f2ba74198299,PERSON-000835,,45,,,,11_person.csv
70d9e325-180a-53af-80c1-5e1787941c4b,Tamil Nadu Person PERSON-000851,Other,DHARMAPURI Area,imported,12fe593e-e883-5cac-9710-f2ba74198299,PERSON-000851,,74,,,,11_person.csv
7dfe2f07-6577-57b4-8a25-44dcc2005d9a,Tamil Nadu Person PERSON-000853,Male,ERODE Area,imported,12fe593e-e883-5cac-9710-f2ba74198299,PERSON-000853,,55,,,,11_person.csv
20ebe70f-e138-551e-9983-84380b1393fe,Tamil Nadu Person PERSON-000865,Male,PUDUKOTTAI Area,imported,12fe593e-e883-5cac-9710-f2ba74198299,PERSON-000865,,51,,,,11_person.csv
7ea7b361-1757-524f-93df-0ab444376870,Tamil Nadu Person PERSON-000877,Other,TIRUPATHUR Area,imported,12fe593e-e883-5cac-9710-f2ba74198299,PERSON-000877,,53,,,,11_person.csv
ac09f967-aab5-5231-8481-423aecab57e9,Tamil Nadu Person PERSON-000890,Male,KANYAKUMARI Area,imported,12fe593e-e883-5cac-9710-f2ba74198299,PERSON-000890,,72,,,,11_person.csv
5bd3c321-d6b6-564f-a890-b5fca9cf6a1d,Tamil Nadu Person PERSON-000923,Other,TIRUPATHUR Area,imported,12fe593e-e883-5cac-9710-f2ba74198299,PERSON-000923,,38,,,,11_person.csv
3727d978-c4d8-5994-9004-51032395aede,Tamil Nadu Person PERSON-000930,Other,ERODE Area,imported,12fe593e-e883-5cac-9710-f2ba74198299,PERSON-000930,,59,,,,11_person.csv
7bfe1b92-2004-5f0e-a0df-e356591eba36,Tamil Nadu Person PERSON-000931,Male,THE_NILGIRIS Area,imported,12fe593e-e883-5cac-9710-f2ba74198299,PERSON-000931,,58,,,,11_person.csv
77c36886-9f87-5027-bed2-833e03a23ac7,Tamil Nadu Person PERSON-000936,Female,KALLAKURICHI Area,imported,12fe593e-e883-5cac-9710-f2ba74198299,PERSON-000936,,66,,,,11_person.csv
75d0aa21-cce6-56a3-8bcd-cca7bffd7eb8,Tamil Nadu Person PERSON-000945,Other,MADURAI Area,imported,12fe593e-e883-5cac-9710-f2ba74198299,PERSON-000945,,66,,,,11_person.csv
133fa5e2-2cb9-522a-8d66-ef897ac95745,Tamil Nadu Person PERSON-000986,Male,KALLAKURICHI Area,imported,12fe593e-e883-5cac-9710-f2ba74198299,PERSON-000986,,70,,,,11_person.csv
21c63006-2acf-5c46-a1e3-bbfd8c3fa845,Tamil Nadu Person PERSON-000988,Female,MADURAI Area,imported,12fe593e-e883-5cac-9710-f2ba74198299,PERSON-000988,,33,,,,11_person.csv
840a0cd3-023e-5351-b00f-2cd1318169da,Tamil Nadu Person PERSON-000991,Female,CHENGALPATTU Area,imported,12fe593e-e883-5cac-9710-f2ba74198299,PERSON-000991,,54,,,,11_person.csv
fa0b7fd7-1621-5d11-90e4-3875d316da10,Tamil Nadu Person PERSON-001005,Other,THE_NILGIRIS Area,imported,12fe593e-e883-5cac-9710-f2ba74198299,PERSON-001005,,31,,,,11_person.csv
5404f471-be39-5f25-b5c4-9f1719324631,Tamil Nadu Person PERSON-001007,Female,SALEM Area,imported,12fe593e-e883-5cac-9710-f2ba74198299,PERSON-001007,,55,,,,11_person.csv
509607e2-1a6c-57be-932f-bcb609230b81,Tamil Nadu Person PERSON-001017,Male,SALEM Area,imported,12fe593e-e883-5cac-9710-f2ba74198299,PERSON-001017,,59,,,,11_person.csv
0fba6ff5-f10a-5ae9-b770-0f2c52d19700,Tamil Nadu Person PERSON-001019,Male,KRISHNAGIRI Area,imported,12fe593e-e883-5cac-9710-f2ba74198299,PERSON-001019,,71,,,,11_person.csv
b0043f30-3862-5772-9bfa-d283d4400fa1,Tamil Nadu Person PERSON-001034,Female,KALLAKURICHI Area,imported,12fe593e-e883-5cac-9710-f2ba74198299,PERSON-001034,,66,,,,11_person.csv
bd549973-d4c2-5283-a590-9e918629debd,Tamil Nadu Person PERSON-001036,Other,VILUPPURAM Area,imported,12fe593e-e883-5cac-9710-f2ba74198299,PERSON-001036,,30,,,,11_person.csv
5d37074f-4b08-52fd-bcab-1f23ff420150,Tamil Nadu Person PERSON-001041,Male,ERODE Area,imported,12fe593e-e883-5cac-9710-f2ba74198299,PERSON-001041,,21,,,,11_person.csv
b4de18b2-5f9a-5016-9902-985ddbadc125,Tamil Nadu Person PERSON-001053,Other,ERODE Area,imported,12fe593e-e883-5cac-9710-f2ba74198299,PERSON-001053,,50,,,,11_person.csv
e7a6e193-5487-51da-b8b0-8a6253a75438,Tamil Nadu Person PERSON-001083,Male,VIRUDHUNAGAR Area,imported,12fe593e-e883-5cac-9710-f2ba74198299,PERSON-001083,,53,,,,11_person.csv
310e9684-50bf-5a3c-94bd-969162bd37b4,Tamil Nadu Person PERSON-001086,Female,TIRUVANNAMALAI Area,imported,12fe593e-e883-5cac-9710-f2ba74198299,PERSON-001086,,24,,,,11_person.csv
e64371f3-284d-5d4a-b197-afe86e3e0765,Tamil Nadu Person PERSON-001089,Male,RAMESWARAM Area,imported,12fe593e-e883-5cac-9710-f2ba74198299,PERSON-001089,,45,,,,11_person.csv
d5b5ce07-4f94-5e8b-9517-f1c96a4d1720,Tamil Nadu Person PERSON-001108,Other,CHENGALPATTU Area,imported,12fe593e-e883-5cac-9710-f2ba74198299,PERSON-001108,,23,,,,11_person.csv
ab7a5c14-bbb8-5729-a46d-a9cd8ba2ebab,Tamil Nadu Person PERSON-001116,Male,RAMESWARAM Area,imported,12fe593e-e883-5cac-9710-f2ba74198299,PERSON-001116,,49,,,,11_person.csv
776bb2de-5b4d-567f-8df7-516969201e50,Tamil Nadu Person PERSON-001129,Other,KRISHNAGIRI Area,imported,12fe593e-e883-5cac-9710-f2ba74198299,PERSON-001129,,31,,,,11_person.csv
1b59e4e0-3227-557e-a05e-1b3769e18d5a,Tamil Nadu Person PERSON-001148,Female,RAMANATHAPURAM Area,imported,12fe593e-e883-5cac-9710-f2ba74198299,PERSON-001148,,42,,,,11_person.csv
06c70aaa-68a3-5af4-bfb2-2e112f29d7e6,Tamil Nadu Person PERSON-001149,Other,PERAMBALUR Area,imported,12fe593e-e883-5cac-9710-f2ba74198299,PERSON-001149,,22,,,,11_person.csv
2fff3e48-2395-5f29-9323-649ee7121910,Tamil Nadu Person PERSON-001162,Other,ERODE Area,imported,12fe593e-e883-5cac-9710-f2ba74198299,PERSON-001162,,69,,,,11_person.csv
384c3467-b234-5798-965b-70fcbc899cec,Tamil Nadu Person PERSON-001172,Female,THIRUVALLUR Area,imported,12fe593e-e883-5cac-9710-f2ba74198299,PERSON-001172,,57,,,,11_person.csv
06763ac5-6e5a-5043-9f57-8d1fb09a6402,Tamil Nadu Person PERSON-001176,Female,PERAMBALUR Area,imported,12fe593e-e883-5cac-9710-f2ba74198299,PERSON-001176,,50,,,,11_person.csv
fbcf4e99-a9b6-5747-8ef0-912f250718cf,Tamil Nadu Person PERSON-001190,Other,KANCHEEPURAM Area,imported,12fe593e-e883-5cac-9710-f2ba74198299,PERSON-001190,,71,,,,11_person.csv
7cd19dac-fb6c-57a7-a9f9-e1af59cbedb9,Tamil Nadu Person PERSON-001192,Male,CHENGALPATTU Area,imported,12fe593e-e883-5cac-9710-f2ba74198299,PERSON-001192,,34,,,,11_person.csv
0a77d0ef-096a-519c-b9ac-df8ed05d748e,Tamil Nadu Person PERSON-001199,Other,SIVAGANGA Area,imported,12fe593e-e883-5cac-9710-f2ba74198299,PERSON-001199,,33,,,,11_person.csv
8ab97697-372f-5a8a-8958-76f246a56555,Tamil Nadu Person PERSON-001221,Female,MAYILADUTHURAI Area,imported,12fe593e-e883-5cac-9710-f2ba74198299,PERSON-001221,,76,,,,11_person.csv
0b13e828-52bd-593d-a48d-d01827b97c73,Tamil Nadu Person PERSON-001227,Male,SALEM Area,imported,12fe593e-e883-5cac-9710-f2ba74198299,PERSON-001227,,46,,,,11_person.csv
528ca782-7d2a-5d58-9079-33c23151a9eb,Tamil Nadu Person PERSON-001228,Other,COIMBATORE Area,imported,12fe593e-e883-5cac-9710-f2ba74198299,PERSON-001228,,44,,,,11_person.csv
a31e7394-94eb-588d-b1c5-ed664549cff0,Tamil Nadu Person PERSON-001231,Other,PUDUKOTTAI Area,imported,12fe593e-e883-5cac-9710-f2ba74198299,PERSON-001231,,58,,,,11_person.csv
d12666f7-2273-57df-bc18-0d9086b634db,Tamil Nadu Person PERSON-001236,Other,KUMBAKONAM Area,imported,12fe593e-e883-5cac-9710-f2ba74198299,PERSON-001236,,56,,,,11_person.csv
a43ca3b4-cf90-5fd5-ab57-e89a1180594f,Tamil Nadu Person PERSON-001248,Other,NAGAPATTINAM Area,imported,12fe593e-e883-5cac-9710-f2ba74198299,PERSON-001248,,47,,,,11_person.csv
3d238e75-8898-5d2c-b7ae-69ccc331aaf4,Tamil Nadu Person PERSON-001250,Female,SIVAGANGA Area,imported,12fe593e-e883-5cac-9710-f2ba74198299,PERSON-001250,,72,,,,11_person.csv
3a22dcea-90ea-510e-b631-47f4490531fc,Tamil Nadu Person PERSON-001275,Male,TIRUNELVELI Area,imported,12fe593e-e883-5cac-9710-f2ba74198299,PERSON-001275,,48,,,,11_person.csv
9b79d32d-5b8d-5f9f-a4b6-ce869664bf4e,Tamil Nadu Person PERSON-001289,Female,TIRUVANNAMALAI Area,imported,12fe593e-e883-5cac-9710-f2ba74198299,PERSON-001289,,46,,,,11_person.csv
8648bc9e-f29c-5e2b-8a33-bc137aec80d4,Tamil Nadu Person PERSON-001293,Male,MAYILADUTHURAI Area,imported,12fe593e-e883-5cac-9710-f2ba74198299,PERSON-001293,,61,,,,11_person.csv
b2cf1704-43bb-51a8-820f-6a6fa16c9eab,Tamil Nadu Person PERSON-001308,Male,VIRUDHUNAGAR Area,imported,12fe593e-e883-5cac-9710-f2ba74198299,PERSON-001308,,51,,,,11_person.csv
55936c4f-88b4-5bbf-b3ff-d1f9a68dcff4,Tamil Nadu Person PERSON-001314,Female,RAMANATHAPURAM Area,imported,12fe593e-e883-5cac-9710-f2ba74198299,PERSON-001314,,37,,,,11_person.csv
4c07db69-067b-5e27-a9f8-c9db41f1a757,Tamil Nadu Person PERSON-001319,Male,ERODE Area,imported,12fe593e-e883-5cac-9710-f2ba74198299,PERSON-001319,,52,,,,11_person.csv
d30ac3a4-ea9c-5049-b528-c79b33370535,Tamil Nadu Person PERSON-001326,Male,NAMAKKAL Area,imported,12fe593e-e883-5cac-9710-f2ba74198299,PERSON-001326,,31,,,,11_person.csv
43d8a740-a562-51cb-88a1-64ccd2cb40e2,Tamil Nadu Person PERSON-001340,Female,RAMANATHAPURAM Area,imported,12fe593e-e883-5cac-9710-f2ba74198299,PERSON-001340,,52,,,,11_person.csv
006cb2b0-c4fa-5146-8789-d769a02a9755,Tamil Nadu Person PERSON-001353,Female,DINDIGUL Area,imported,12fe593e-e883-5cac-9710-f2ba74198299,PERSON-001353,,56,,,,11_person.csv
b4fef7b0-2587-5dae-bffa-577f015f7aab,Tamil Nadu Person PERSON-001380,Other,KANCHEEPURAM Area,imported,12fe593e-e883-5cac-9710-f2ba74198299,PERSON-001380,,64,,,,11_person.csv
2fda20d6-2feb-59d8-a587-03756502de1a,Tamil Nadu Person PERSON-001395,Other,MADURAI Area,imported,12fe593e-e883-5cac-9710-f2ba74198299,PERSON-001395,,62,,,,11_person.csv
0f2cd1c1-d633-5591-892a-df75068bc8f6,Tamil Nadu Person PERSON-001402,Other,KANCHEEPURAM Area,imported,12fe593e-e883-5cac-9710-f2ba74198299,PERSON-001402,,39,,,,11_person.csv
b3a56165-d0cf-51f2-9779-4979327ac76a,Tamil Nadu Person PERSON-001414,Male,KALLAKURICHI Area,imported,12fe593e-e883-5cac-9710-f2ba74198299,PERSON-001414,,60,,,,11_person.csv
87833cf6-d3f8-5b50-a12b-6aaf8b6b624a,Tamil Nadu Person PERSON-001417,Other,KANYAKUMARI Area,imported,12fe593e-e883-5cac-9710-f2ba74198299,PERSON-001417,,29,,,,11_person.csv
80c84be4-ced7-54a2-ae28-0f7d1007d8f0,Tamil Nadu Person PERSON-001427,Female,SALEM Area,imported,12fe593e-e883-5cac-9710-f2ba74198299,PERSON-001427,,50,,,,11_person.csv
610d525e-935c-5019-8090-faef9438cde9,Tamil Nadu Person PERSON-001448,Male,COIMBATORE Area,imported,12fe593e-e883-5cac-9710-f2ba74198299,PERSON-001448,,65,,,,11_person.csv
142ba0da-08eb-5429-9fa0-02e971dd4ffb,Tamil Nadu Person PERSON-001456,Other,MADURAI Area,imported,12fe593e-e883-5cac-9710-f2ba74198299,PERSON-001456,,42,,,,11_person.csv
36f2389b-be92-52ac-acf4-832692b5a1d6,Tamil Nadu Person PERSON-001467,Female,KANCHEEPURAM Area,imported,12fe593e-e883-5cac-9710-f2ba74198299,PERSON-001467,,21,,,,11_person.csv
67848583-5a0b-5a30-bf1a-0f7086a1432b,Tamil Nadu Person PERSON-001476,Other,RANIPET Area,imported,12fe593e-e883-5cac-9710-f2ba74198299,PERSON-001476,,74,,,,11_person.csv
a635a0b1-9974-5ac7-883b-d26575b61a64,Tamil Nadu Person PERSON-001481,Female,TIRUPPUR Area,imported,12fe593e-e883-5cac-9710-f2ba74198299,PERSON-001481,,26,,,,11_person.csv
5526fb83-31ca-5eb0-ac1e-a25ce1066772,Tamil Nadu Person PERSON-001486,Male,PERAMBALUR Area,imported,12fe593e-e883-5cac-9710-f2ba74198299,PERSON-001486,,25,,,,11_person.csv
dfcaa75e-fc5a-5144-8bb2-f4afee391f16,Tamil Nadu Person PERSON-001510,Female,MAYILADUTHURAI Area,imported,12fe593e-e883-5cac-9710-f2ba74198299,PERSON-001510,,32,,,,11_person.csv
413f9d7d-41ab-54cc-98cb-b72d17d307a2,Tamil Nadu Person PERSON-001537,Male,KUMBAKONAM Area,imported,12fe593e-e883-5cac-9710-f2ba74198299,PERSON-001537,,33,,,,11_person.csv
a94afd7a-eae3-5279-ad7c-0e84454b5229,Tamil Nadu Person PERSON-001570,Female,KRISHNAGIRI Area,imported,12fe593e-e883-5cac-9710-f2ba74198299,PERSON-001570,,25,,,,11_person.csv
c7b4f2e9-9169-5894-a85c-65a29cd1aa6f,Tamil Nadu Person PERSON-001571,Male,ERODE Area,imported,12fe593e-e883-5cac-9710-f2ba74198299,PERSON-001571,,37,,,,11_person.csv
4fe7270e-2860-5f56-8a75-f28b26ecb2f3,Tamil Nadu Person PERSON-001575,Other,THOOTHUKUDI Area,imported,12fe593e-e883-5cac-9710-f2ba74198299,PERSON-001575,,39,,,,11_person.csv
8597bc61-2021-56d4-b919-b5bf7d8d4c37,Tamil Nadu Person PERSON-001581,Female,SALEM Area,imported,12fe593e-e883-5cac-9710-f2ba74198299,PERSON-001581,,24,,,,11_person.csv
fabf3012-d00d-5530-bf12-b650f0b9fbdd,Tamil Nadu Person PERSON-001591,Female,VILUPPURAM Area,imported,12fe593e-e883-5cac-9710-f2ba74198299,PERSON-001591,,50,,,,11_person.csv
d75b47a0-9fe8-59c6-81b0-6fe6d1133dfe,Tamil Nadu Person PERSON-001598,Male,TIRUVANNAMALAI Area,imported,12fe593e-e883-5cac-9710-f2ba74198299,PERSON-001598,,30,,,,11_person.csv
ef48a8aa-1636-5e74-84a9-40cf9bab0dc0,Tamil Nadu Person PERSON-001606,Female,KANCHEEPURAM Area,imported,12fe593e-e883-5cac-9710-f2ba74198299,PERSON-001606,,38,,,,11_person.csv
3c1491d2-a3fe-5390-bdcb-1a9a7409935b,Tamil Nadu Person PERSON-001647,Female,TIRUVANNAMALAI Area,imported,12fe593e-e883-5cac-9710-f2ba74198299,PERSON-001647,,31,,,,11_person.csv
26515721-30bc-59eb-b1b7-b59f2ffa949e,Tamil Nadu Person PERSON-001648,Male,DINDIGUL Area,imported,12fe593e-e883-5cac-9710-f2ba74198299,PERSON-001648,,30,,,,11_person.csv
c568e2c5-bbe2-5e3e-92f8-a47143eb1ae0,Tamil Nadu Person PERSON-001656,Other,TIRUNELVELI Area,imported,12fe593e-e883-5cac-9710-f2ba74198299,PERSON-001656,,75,,,,11_person.csv
06e4730a-bd21-5484-a399-f10b269da3cf,Tamil Nadu Person PERSON-001660,Male,SALEM Area,imported,12fe593e-e883-5cac-9710-f2ba74198299,PERSON-001660,,54,,,,11_person.csv
05c88d39-6b84-5a6e-94f4-4bbbf8f93763,Tamil Nadu Person PERSON-001663,Other,SIVAGANGA Area,imported,12fe593e-e883-5cac-9710-f2ba74198299,PERSON-001663,,70,,,,11_person.csv
ebb7f0c5-4bcf-56ca-ab94-8eb83bb568f7,Tamil Nadu Person PERSON-001666,Other,THE_NILGIRIS Area,imported,12fe593e-e883-5cac-9710-f2ba74198299,PERSON-001666,,37,,,,11_person.csv
0de16b99-367a-5dfc-94ce-9ffa29b2ca33,Tamil Nadu Person PERSON-001672,Female,COIMBATORE Area,imported,12fe593e-e883-5cac-9710-f2ba74198299,PERSON-001672,,61,,,,11_person.csv
01b795f4-6039-5ec8-b914-0339b1d0f304,Tamil Nadu Person PERSON-001680,Female,KALLAKURICHI Area,imported,12fe593e-e883-5cac-9710-f2ba74198299,PERSON-001680,,24,,,,11_person.csv
ee32d1a8-3fcb-5183-a26f-976675f88079,Tamil Nadu Person PERSON-001684,Female,TIRUCHIRAPPALLI Area,imported,12fe593e-e883-5cac-9710-f2ba74198299,PERSON-001684,,54,,,,11_person.csv
c71926ef-e5b7-52fd-bd9b-7210e9e3a976,Tamil Nadu Person PERSON-001709,Other,MAYILADUTHURAI Area,imported,12fe593e-e883-5cac-9710-f2ba74198299,PERSON-001709,,67,,,,11_person.csv
a8ac2f7f-d15e-5c16-b807-e58c0785a35e,Tamil Nadu Person PERSON-001719,Other,RAMESWARAM Area,imported,12fe593e-e883-5cac-9710-f2ba74198299,PERSON-001719,,30,,,,11_person.csv
c6ea3119-d3fd-593a-9e9e-0c6a4305bfd0,Tamil Nadu Person PERSON-001720,Female,PUDUKOTTAI Area,imported,12fe593e-e883-5cac-9710-f2ba74198299,PERSON-001720,,30,,,,11_person.csv
685cb034-d909-54e0-b778-1358eb17a602,Tamil Nadu Person PERSON-001725,Other,VIRUDHUNAGAR Area,imported,12fe593e-e883-5cac-9710-f2ba74198299,PERSON-001725,,25,,,,11_person.csv
dab36fd5-7655-5af1-816a-8bea53c80151,Tamil Nadu Person PERSON-001734,Female,THOOTHUKUDI Area,imported,12fe593e-e883-5cac-9710-f2ba74198299,PERSON-001734,,57,,,,11_person.csv
0e13799b-c86a-5d71-84d6-a7b6ca4cae75,Tamil Nadu Person PERSON-001772,Male,TENKASI Area,imported,12fe593e-e883-5cac-9710-f2ba74198299,PERSON-001772,,71,,,,11_person.csv
f05c50cc-6dcd-5611-b60f-0b77619c22e4,Tamil Nadu Person PERSON-001774,Male,KARUR Area,imported,12fe593e-e883-5cac-9710-f2ba74198299,PERSON-001774,,57,,,,11_person.csv
09b666c8-65a7-527e-9303-bfd3ebca12bc,Tamil Nadu Person PERSON-001776,Male,THOOTHUKUDI Area,imported,12fe593e-e883-5cac-9710-f2ba74198299,PERSON-001776,,35,,,,11_person.csv
ae6116e9-81b4-56c6-bdfd-2501973fa7b6,Tamil Nadu Person PERSON-001783,Other,MADURAI Area,imported,12fe593e-e883-5cac-9710-f2ba74198299,PERSON-001783,,73,,,,11_person.csv
e8cd3074-af96-542f-a4a2-13a6447c0ce6,Tamil Nadu Person PERSON-001786,Other,TENKASI Area,imported,12fe593e-e883-5cac-9710-f2ba74198299,PERSON-001786,,22,,,,11_person.csv
46cda7f5-dd16-5107-818a-65bb56bbb07c,Tamil Nadu Person PERSON-001794,Male,MADURAI Area,imported,12fe593e-e883-5cac-9710-f2ba74198299,PERSON-001794,,51,,,,11_person.csv
1afdb324-4824-5d0f-b03a-c75aa36b695d,Tamil Nadu Person PERSON-001802,Other,SALEM Area,imported,12fe593e-e883-5cac-9710-f2ba74198299,PERSON-001802,,44,,,,11_person.csv
e60fde74-ea2e-53e0-9267-606b7bd61eed,Tamil Nadu Person PERSON-001809,Female,MAYILADUTHURAI Area,imported,12fe593e-e883-5cac-9710-f2ba74198299,PERSON-001809,,44,,,,11_person.csv
7c07ce1d-291d-54ad-b560-79e31eaeff2d,Tamil Nadu Person PERSON-001825,Female,KALLAKURICHI Area,imported,12fe593e-e883-5cac-9710-f2ba74198299,PERSON-001825,,54,,,,11_person.csv
fd0cfe7a-a027-5efb-8206-72c9cb57e7d5,Tamil Nadu Person PERSON-001850,Other,TIRUPPUR Area,imported,12fe593e-e883-5cac-9710-f2ba74198299,PERSON-001850,,73,,,,11_person.csv
7e5f8e80-e130-5ca8-b721-386fbd46de95,Tamil Nadu Person PERSON-001864,Other,DHARMAPURI Area,imported,12fe593e-e883-5cac-9710-f2ba74198299,PERSON-001864,,52,,,,11_person.csv
645608d7-10ff-56b7-8e7d-88c7c618440e,Tamil Nadu Person PERSON-001866,Male,VILUPPURAM Area,imported,12fe593e-e883-5cac-9710-f2ba74198299,PERSON-001866,,36,,,,11_person.csv
85ef029b-3f48-5a3d-af8a-5d988df1eb22,Tamil Nadu Person PERSON-001871,Female,RAMANATHAPURAM Area,imported,12fe593e-e883-5cac-9710-f2ba74198299,PERSON-001871,,63,,,,11_person.csv
9f75d262-9bdf-5f1a-87f7-89652f069795,Tamil Nadu Person PERSON-001884,Other,KUMBAKONAM Area,imported,12fe593e-e883-5cac-9710-f2ba74198299,PERSON-001884,,31,,,,11_person.csv
3f554dd3-12cd-52ad-bdda-1f57f7376679,Tamil Nadu Person PERSON-001886,Other,MADURAI Area,imported,12fe593e-e883-5cac-9710-f2ba74198299,PERSON-001886,,24,,,,11_person.csv
bce75f44-fcb9-5560-a60f-0fbca454413d,Tamil Nadu Person PERSON-001888,Female,KARUR Area,imported,12fe593e-e883-5cac-9710-f2ba74198299,PERSON-001888,,75,,,,11_person.csv
3f64e27b-a98b-55a7-a50a-00aa107c92dc,Tamil Nadu Person PERSON-001903,Female,TIRUNELVELI Area,imported,12fe593e-e883-5cac-9710-f2ba74198299,PERSON-001903,,44,,,,11_person.csv
65149b24-81fb-58cd-9b4b-96edeb04effc,Tamil Nadu Person PERSON-001906,Male,VIRUDHUNAGAR Area,imported,12fe593e-e883-5cac-9710-f2ba74198299,PERSON-001906,,32,,,,11_person.csv
e890eb24-576c-5d0a-919e-52ae2d89b81b,Tamil Nadu Person PERSON-001929,Other,MAYILADUTHURAI Area,imported,12fe593e-e883-5cac-9710-f2ba74198299,PERSON-001929,,50,,,,11_person.csv
3de2fc2e-a01e-5844-ac32-2c00c24e0b84,Tamil Nadu Person PERSON-001953,Other,NAMAKKAL Area,imported,12fe593e-e883-5cac-9710-f2ba74198299,PERSON-001953,,59,,,,11_person.csv
8d3a663b-8219-5cea-8423-d66c825dec84,Tamil Nadu Person PERSON-001959,Female,THIRUVALLUR Area,imported,12fe593e-e883-5cac-9710-f2ba74198299,PERSON-001959,,23,,,,11_person.csv
4d1fa3d6-8167-57b6-a792-589cc870a79b,Tamil Nadu Person PERSON-001960,Male,NAGAPATTINAM Area,imported,12fe593e-e883-5cac-9710-f2ba74198299,PERSON-001960,,27,,,,11_person.csv
2e2f85c0-c677-52ac-9aaf-41e58ff0b130,Tamil Nadu Person PERSON-001961,Female,VIRUDHUNAGAR Area,imported,12fe593e-e883-5cac-9710-f2ba74198299,PERSON-001961,,74,,,,11_person.csv
8d2bcd11-e4e5-5d27-86ef-141342a08aab,Tamil Nadu Person PERSON-001974,Other,RAMANATHAPURAM Area,imported,12fe593e-e883-5cac-9710-f2ba74198299,PERSON-001974,,42,,,,11_person.csv
8acb7dd2-3f6e-56b4-824b-ea9c8302dfe5,Tamil Nadu Person PERSON-001981,Female,NAGAPATTINAM Area,imported,12fe593e-e883-5cac-9710-f2ba74198299,PERSON-001981,,45,,,,11_person.csv
4ca3acc9-76cf-5e5f-81e6-66a0d6436d84,Tamil Nadu Person PERSON-001983,Other,TENKASI Area,imported,12fe593e-e883-5cac-9710-f2ba74198299,PERSON-001983,,69,,,,11_person.csv
049bf8a1-9b57-5f62-a5ce-ca00688ab368,Tamil Nadu Person PERSON-001991,Male,KARUR Area,imported,12fe593e-e883-5cac-9710-f2ba74198299,PERSON-001991,,68,,,,11_person.csv
3020b32c-46f5-537a-8f15-c5fb217ffd83,Tamil Nadu Person PERSON-001992,Other,THIRUVALLUR Area,imported,12fe593e-e883-5cac-9710-f2ba74198299,PERSON-001992,,67,,,,11_person.csv
a9789350-c63d-5db4-976a-c57a1e0f9088,Tamil Nadu Person PERSON-001996,Other,PERAMBALUR Area,imported,12fe593e-e883-5cac-9710-f2ba74198299,PERSON-001996,,23,,,,11_person.csv
58deea16-1305-56a6-914c-c0610d5dbad1,Tamil Nadu Person PERSON-002007,Other,NAMAKKAL Area,imported,12fe593e-e883-5cac-9710-f2ba74198299,PERSON-002007,,33,,,,11_person.csv
62f2e5fe-e26b-58e9-8463-9953e534fe43,Tamil Nadu Person PERSON-002018,Female,CHENNAI Area,imported,12fe593e-e883-5cac-9710-f2ba74198299,PERSON-002018,,35,,,,11_person.csv
35be3370-a254-5709-a4f2-46a289e6a41b,Tamil Nadu Person PERSON-002019,Other,KARUR Area,imported,12fe593e-e883-5cac-9710-f2ba74198299,PERSON-002019,,44,,,,11_person.csv
cb1afc54-3e49-525c-bbf0-e6c712abca7c,Tamil Nadu Person PERSON-002028,Other,RANIPET Area,imported,12fe593e-e883-5cac-9710-f2ba74198299,PERSON-002028,,61,,,,11_person.csv
caf3dfd3-0287-5627-a2b2-7eff6437c6c4,Tamil Nadu Person PERSON-002033,Male,TIRUVANNAMALAI Area,imported,12fe593e-e883-5cac-9710-f2ba74198299,PERSON-002033,,26,,,,11_person.csv
21147e02-c668-53f1-9e7a-af2a0f9dd47f,Tamil Nadu Person PERSON-002034,Other,ARIYALUR Area,imported,12fe593e-e883-5cac-9710-f2ba74198299,PERSON-002034,,57,,,,11_person.csv
56bdf57f-5d8f-5f90-aeb1-9254a26a5393,Tamil Nadu Person PERSON-002039,Other,ARIYALUR Area,imported,12fe593e-e883-5cac-9710-f2ba74198299,PERSON-002039,,51,,,,11_person.csv
e15c5fdc-0f34-5d1e-9a2f-4697551fede8,Tamil Nadu Person PERSON-002048,Female,KUMBAKONAM Area,imported,12fe593e-e883-5cac-9710-f2ba74198299,PERSON-002048,,35,,,,11_person.csv
b29c1ac8-deb3-53c6-86b9-86927f30ea98,Tamil Nadu Person PERSON-002051,Male,KANYAKUMARI Area,imported,12fe593e-e883-5cac-9710-f2ba74198299,PERSON-002051,,67,,,,11_person.csv
4dc44a8a-b646-50e9-a14a-dc7728f43692,Tamil Nadu Person PERSON-002075,Female,KANCHEEPURAM Area,imported,12fe593e-e883-5cac-9710-f2ba74198299,PERSON-002075,,24,,,,11_person.csv
f93e62d4-124a-59c1-ac6c-1368a90750a4,Tamil Nadu Person PERSON-002080,Female,THENI Area,imported,12fe593e-e883-5cac-9710-f2ba74198299,PERSON-002080,,37,,,,11_person.csv
8967c642-f7e4-525b-947e-6d17cfa3cb7a,Tamil Nadu Person PERSON-002102,Male,TIRUPPUR Area,imported,12fe593e-e883-5cac-9710-f2ba74198299,PERSON-002102,,54,,,,11_person.csv
cec6434e-8681-5cfc-a325-227ef6aedd74,Tamil Nadu Person PERSON-002104,Other,TIRUCHIRAPPALLI Area,imported,12fe593e-e883-5cac-9710-f2ba74198299,PERSON-002104,,39,,,,11_person.csv
8af350cc-66f6-5663-bd59-462929ef63ca,Tamil Nadu Person PERSON-002105,Other,THE_NILGIRIS Area,imported,12fe593e-e883-5cac-9710-f2ba74198299,PERSON-002105,,34,,,,11_person.csv
14765720-9a25-52b9-b5fb-1811e49b6766,Tamil Nadu Person PERSON-002109,Other,TIRUCHIRAPPALLI Area,imported,12fe593e-e883-5cac-9710-f2ba74198299,PERSON-002109,,44,,,,11_person.csv
138a11c3-f9f2-50e0-bed7-bb573785f2e3,Tamil Nadu Person PERSON-002128,Female,KANYAKUMARI Area,imported,12fe593e-e883-5cac-9710-f2ba74198299,PERSON-002128,,34,,,,11_person.csv
2a1e75c8-162b-56d4-9955-6648ad063ab3,Tamil Nadu Person PERSON-002130,Male,RAMANATHAPURAM Area,imported,12fe593e-e883-5cac-9710-f2ba74198299,PERSON-002130,,61,,,,11_person.csv
24e98ce0-4d29-5b69-add8-e62bbabbef29,Tamil Nadu Person PERSON-002133,Other,SIVAGANGA Area,imported,12fe593e-e883-5cac-9710-f2ba74198299,PERSON-002133,,41,,,,11_person.csv
c0527d50-633d-5df8-b23a-7d605bf80bf8,Tamil Nadu Person PERSON-002150,Other,TIRUPATHUR Area,imported,12fe593e-e883-5cac-9710-f2ba74198299,PERSON-002150,,29,,,,11_person.csv
f2ed0c10-e3e4-5d82-96e7-9b563dd076a5,Tamil Nadu Person PERSON-002157,Female,DINDIGUL Area,imported,12fe593e-e883-5cac-9710-f2ba74198299,PERSON-002157,,67,,,,11_person.csv
687807f9-74a6-5b81-9585-e84f23a099a1,Tamil Nadu Person PERSON-002175,Male,THOOTHUKUDI Area,imported,12fe593e-e883-5cac-9710-f2ba74198299,PERSON-002175,,23,,,,11_person.csv
a3900557-46b2-5c9e-aa08-fe6d8571b5e5,Tamil Nadu Person PERSON-002179,Male,COIMBATORE Area,imported,12fe593e-e883-5cac-9710-f2ba74198299,PERSON-002179,,52,,,,11_person.csv
639baf94-5855-50c8-95f6-135e2cdcb2cc,Tamil Nadu Person PERSON-002192,Male,MADURAI Area,imported,12fe593e-e883-5cac-9710-f2ba74198299,PERSON-002192,,68,,,,11_person.csv
b1f31b20-20b2-558a-a0b3-376a8fcb35e1,Tamil Nadu Person PERSON-002195,Male,NAMAKKAL Area,imported,12fe593e-e883-5cac-9710-f2ba74198299,PERSON-002195,,20,,,,11_person.csv
332c2fd1-35a6-5f65-a664-0bbb31f3c692,Tamil Nadu Person PERSON-002209,Other,KANCHEEPURAM Area,imported,12fe593e-e883-5cac-9710-f2ba74198299,PERSON-002209,,48,,,,11_person.csv
8931178a-10cb-51cc-8887-4831eb562c14,Tamil Nadu Person PERSON-002217,Male,KRISHNAGIRI Area,imported,12fe593e-e883-5cac-9710-f2ba74198299,PERSON-002217,,33,,,,11_person.csv
0a6c3bac-8207-51bd-ba57-eef401c9acd8,Tamil Nadu Person PERSON-002240,Other,THENI Area,imported,12fe593e-e883-5cac-9710-f2ba74198299,PERSON-002240,,76,,,,11_person.csv
4bb8b1a5-57f1-54d8-881d-b80a37695362,Tamil Nadu Person PERSON-002242,Female,KRISHNAGIRI Area,imported,12fe593e-e883-5cac-9710-f2ba74198299,PERSON-002242,,23,,,,11_person.csv
015eae4b-02b9-5e5f-821f-d1903f4e581a,Tamil Nadu Person PERSON-002252,Female,THE_NILGIRIS Area,imported,12fe593e-e883-5cac-9710-f2ba74198299,PERSON-002252,,48,,,,11_person.csv
fbdddc8d-0d91-5868-a279-9fb5294dc1a9,Tamil Nadu Person PERSON-002258,Female,KANYAKUMARI Area,imported,12fe593e-e883-5cac-9710-f2ba74198299,PERSON-002258,,33,,,,11_person.csv
4d29c689-198a-5306-85bc-448b601b8d7e,Tamil Nadu Person PERSON-002260,Male,TIRUCHIRAPPALLI Area,imported,12fe593e-e883-5cac-9710-f2ba74198299,PERSON-002260,,31,,,,11_person.csv
b21b56a2-9972-5376-b1c5-28f68915052c,Tamil Nadu Person PERSON-002267,Male,SIVAGANGA Area,imported,12fe593e-e883-5cac-9710-f2ba74198299,PERSON-002267,,40,,,,11_person.csv
e2d9fbcc-c2a2-5adb-991c-77193a2de42d,Tamil Nadu Person PERSON-002274,Other,CUDDALORE Area,imported,12fe593e-e883-5cac-9710-f2ba74198299,PERSON-002274,,27,,,,11_person.csv
e9a210cc-b82a-5949-8188-01559b1cec4e,Tamil Nadu Person PERSON-002279,Male,TIRUVANNAMALAI Area,imported,12fe593e-e883-5cac-9710-f2ba74198299,PERSON-002279,,49,,,,11_person.csv
c93f8110-e37d-559b-ad18-669a533f149f,Tamil Nadu Person PERSON-002288,Other,RAMANATHAPURAM Area,imported,12fe593e-e883-5cac-9710-f2ba74198299,PERSON-002288,,45,,,,11_person.csv
8c5663a3-537d-5852-98a4-d2430ff27bb8,Tamil Nadu Person PERSON-002291,Other,CHENGALPATTU Area,imported,12fe593e-e883-5cac-9710-f2ba74198299,PERSON-002291,,63,,,,11_person.csv
3a51fcd2-d094-5f6e-ba61-12d3d60a5c30,Tamil Nadu Person PERSON-002300,Other,DHARMAPURI Area,imported,12fe593e-e883-5cac-9710-f2ba74198299,PERSON-002300,,48,,,,11_person.csv
8d241989-14ee-5202-a081-3e4f061a00ee,Tamil Nadu Person PERSON-002309,Female,NAMAKKAL Area,imported,12fe593e-e883-5cac-9710-f2ba74198299,PERSON-002309,,30,,,,11_person.csv
6eff8261-5c54-5dbd-8a0c-934a73f2dc8f,Tamil Nadu Person PERSON-002318,Other,RAMESWARAM Area,imported,12fe593e-e883-5cac-9710-f2ba74198299,PERSON-002318,,62,,,,11_person.csv
5f1edfa4-4be5-54a6-976c-86eb84bd417a,Tamil Nadu Person PERSON-002323,Female,KALLAKURICHI Area,imported,12fe593e-e883-5cac-9710-f2ba74198299,PERSON-002323,,70,,,,11_person.csv
82f81804-de57-5289-8052-7c3094486ff4,Tamil Nadu Person PERSON-002338,Other,THENI Area,imported,12fe593e-e883-5cac-9710-f2ba74198299,PERSON-002338,,74,,,,11_person.csv
8767c627-010d-5819-a4e2-4900bbd1e649,Tamil Nadu Person PERSON-002351,Male,DHARMAPURI Area,imported,12fe593e-e883-5cac-9710-f2ba74198299,PERSON-002351,,61,,,,11_person.csv
43fb5f29-9ead-5d90-905e-b65a670c2276,Tamil Nadu Person PERSON-002354,Other,ARIYALUR Area,imported,12fe593e-e883-5cac-9710-f2ba74198299,PERSON-002354,,57,,,,11_person.csv
512b8b6a-e5b2-5aef-a8a5-175878f274f6,Tamil Nadu Person PERSON-002362,Female,THE_NILGIRIS Area,imported,12fe593e-e883-5cac-9710-f2ba74198299,PERSON-002362,,27,,,,11_person.csv
59497690-aa15-57fb-b57c-093da604f18e,Tamil Nadu Person PERSON-002388,Other,KUMBAKONAM Area,imported,12fe593e-e883-5cac-9710-f2ba74198299,PERSON-002388,,31,,,,11_person.csv
ec82632d-aa3f-5862-b3ef-3779bbfac98b,Tamil Nadu Person PERSON-002397,Other,TENKASI Area,imported,12fe593e-e883-5cac-9710-f2ba74198299,PERSON-002397,,26,,,,11_person.csv
ae86f910-3022-5b16-baaa-1fba3d602e77,Tamil Nadu Person PERSON-002400,Male,CHENNAI Area,imported,12fe593e-e883-5cac-9710-f2ba74198299,PERSON-002400,,60,,,,11_person.csv
eec81455-3ab7-5379-91c8-367d9cbc6c46,Tamil Nadu Person PERSON-002401,Other,NAMAKKAL Area,imported,12fe593e-e883-5cac-9710-f2ba74198299,PERSON-002401,,42,,,,11_person.csv
631c3711-1265-5d8e-af07-ebe87288a2e8,Tamil Nadu Person PERSON-002408,Other,SALEM Area,imported,12fe593e-e883-5cac-9710-f2ba74198299,PERSON-002408,,45,,,,11_person.csv
a3a29888-84a8-5d50-864e-8bec9e2c3353,Tamil Nadu Person PERSON-002426,Other,THIRUVALLUR Area,imported,12fe593e-e883-5cac-9710-f2ba74198299,PERSON-002426,,63,,,,11_person.csv
83ef8865-b8ff-554b-9eb9-5a9fbe7cf808,Tamil Nadu Person PERSON-002435,Other,TIRUNELVELI Area,imported,12fe593e-e883-5cac-9710-f2ba74198299,PERSON-002435,,65,,,,11_person.csv
8df88ba8-ed3e-56d3-bd65-543c38cafb86,Tamil Nadu Person PERSON-002440,Other,THE_NILGIRIS Area,imported,12fe593e-e883-5cac-9710-f2ba74198299,PERSON-002440,,54,,,,11_person.csv
24ba50ce-44eb-5120-be69-150461284dfd,Tamil Nadu Person PERSON-002454,Female,RAMESWARAM Area,imported,12fe593e-e883-5cac-9710-f2ba74198299,PERSON-002454,,40,,,,11_person.csv
2441a64d-e7ef-561c-a2b2-e3baa50ed18f,Tamil Nadu Person PERSON-002455,Male,DHARMAPURI Area,imported,12fe593e-e883-5cac-9710-f2ba74198299,PERSON-002455,,24,,,,11_person.csv
046ca1f1-57b2-58b1-b4c4-15ae76a0cbdf,Tamil Nadu Person PERSON-002459,Male,KALLAKURICHI Area,imported,12fe593e-e883-5cac-9710-f2ba74198299,PERSON-002459,,38,,,,11_person.csv
55c2747c-d3e2-5fb3-9903-6a22e88c7d03,Tamil Nadu Person PERSON-002491,Female,TIRUPPUR Area,imported,12fe593e-e883-5cac-9710-f2ba74198299,PERSON-002491,,66,,,,11_person.csv
d8c0b23d-bdda-5172-833a-096e11497e8d,Tamil Nadu Person PERSON-002497,Other,RAMANATHAPURAM Area,imported,12fe593e-e883-5cac-9710-f2ba74198299,PERSON-002497,,43,,,,11_person.csv
d7a0bdf7-b5f2-57b7-bf71-b1fa43873566,Tamil Nadu Person PERSON-002500,Other,TENKASI Area,imported,12fe593e-e883-5cac-9710-f2ba74198299,PERSON-002500,,23,,,,11_person.csv
64db990c-df5b-56be-9c1e-a7f6c0c5ad54,Tamil Nadu Person PERSON-002528,Other,TIRUPPUR Area,imported,12fe593e-e883-5cac-9710-f2ba74198299,PERSON-002528,,44,,,,11_person.csv
2a9898e9-3e45-51c8-bd7e-7a17dcb4c1b4,Tamil Nadu Person PERSON-002537,Female,RANIPET Area,imported,12fe593e-e883-5cac-9710-f2ba74198299,PERSON-002537,,59,,,,11_person.csv
25bff69e-3914-5fac-9d57-5a124c70c5dd,Tamil Nadu Person PERSON-002544,Other,ERODE Area,imported,12fe593e-e883-5cac-9710-f2ba74198299,PERSON-002544,,21,,,,11_person.csv
6d3ad2b6-19ed-5e67-b502-a1004967545e,Tamil Nadu Person PERSON-002546,Male,MADURAI Area,imported,12fe593e-e883-5cac-9710-f2ba74198299,PERSON-002546,,48,,,,11_person.csv
4c4319f8-27b5-5232-8b17-4f0b12620eb9,Tamil Nadu Person PERSON-002549,Other,VILUPPURAM Area,imported,12fe593e-e883-5cac-9710-f2ba74198299,PERSON-002549,,67,,,,11_person.csv
6f07f838-849a-5da4-bf42-ecf8436c1847,Tamil Nadu Person PERSON-002564,Male,RAMANATHAPURAM Area,imported,12fe593e-e883-5cac-9710-f2ba74198299,PERSON-002564,,59,,,,11_person.csv
5fb74e5f-9cd1-5884-ab50-e9e532b6c0bc,Tamil Nadu Person PERSON-002583,Other,TIRUCHIRAPPALLI Area,imported,12fe593e-e883-5cac-9710-f2ba74198299,PERSON-002583,,58,,,,11_person.csv
7f5a56fb-5a6e-545d-a8f0-c3efa4f5a1f1,Tamil Nadu Person PERSON-002588,Male,COIMBATORE Area,imported,12fe593e-e883-5cac-9710-f2ba74198299,PERSON-002588,,64,,,,11_person.csv
0e817d9e-7840-50b4-afd8-ec2ff5ba5fd1,Tamil Nadu Person PERSON-002602,Other,KANYAKUMARI Area,imported,12fe593e-e883-5cac-9710-f2ba74198299,PERSON-002602,,38,,,,11_person.csv
6451878c-b7db-5b99-860b-60655ff7edb1,Tamil Nadu Person PERSON-002620,Female,RANIPET Area,imported,12fe593e-e883-5cac-9710-f2ba74198299,PERSON-002620,,49,,,,11_person.csv
d3490f4f-f3f0-54dd-aa1f-611dfc21b69e,Tamil Nadu Person PERSON-002629,Other,KANYAKUMARI Area,imported,12fe593e-e883-5cac-9710-f2ba74198299,PERSON-002629,,71,,,,11_person.csv
f8ac9817-6465-502e-ab9d-9d44020aba34,Tamil Nadu Person PERSON-002641,Other,PERAMBALUR Area,imported,12fe593e-e883-5cac-9710-f2ba74198299,PERSON-002641,,53,,,,11_person.csv
7bcf7bae-662b-551f-ae47-b40984a20728,Tamil Nadu Person PERSON-002656,Other,PERAMBALUR Area,imported,12fe593e-e883-5cac-9710-f2ba74198299,PERSON-002656,,46,,,,11_person.csv
b5f89fab-1bde-520b-be36-9b75b00bd11a,Tamil Nadu Person PERSON-002665,Other,THIRUVARUR Area,imported,12fe593e-e883-5cac-9710-f2ba74198299,PERSON-002665,,44,,,,11_person.csv
e3349f0b-4c43-5784-ae92-a02e07f39ff6,Tamil Nadu Person PERSON-002666,Female,MADURAI Area,imported,12fe593e-e883-5cac-9710-f2ba74198299,PERSON-002666,,42,,,,11_person.csv
8bf4918d-bba9-5708-ad37-bfeb12bd9331,Tamil Nadu Person PERSON-002667,Female,PERAMBALUR Area,imported,12fe593e-e883-5cac-9710-f2ba74198299,PERSON-002667,,34,,,,11_person.csv
90f6a3f3-e24c-5fbf-9b60-30314f40952b,Tamil Nadu Person PERSON-002669,Female,THIRUVARUR Area,imported,12fe593e-e883-5cac-9710-f2ba74198299,PERSON-002669,,63,,,,11_person.csv
02a49589-82d1-564b-b504-32e2d194dd15,Tamil Nadu Person PERSON-002677,Female,TIRUPPUR Area,imported,12fe593e-e883-5cac-9710-f2ba74198299,PERSON-002677,,26,,,,11_person.csv
febbe612-a349-5bc4-b1b3-fd5561305352,Tamil Nadu Person PERSON-002699,Female,TIRUCHIRAPPALLI Area,imported,12fe593e-e883-5cac-9710-f2ba74198299,PERSON-002699,,37,,,,11_person.csv
bf6192a9-8d7d-570d-9024-22fcca410368,Tamil Nadu Person PERSON-002703,Female,PUDUKOTTAI Area,imported,12fe593e-e883-5cac-9710-f2ba74198299,PERSON-002703,,25,,,,11_person.csv
56a49bba-5dda-5d09-b5e4-8a24dcb00185,Tamil Nadu Person PERSON-002704,Other,KRISHNAGIRI Area,imported,12fe593e-e883-5cac-9710-f2ba74198299,PERSON-002704,,35,,,,11_person.csv
0b4a5089-b10a-5430-9413-0f66369c308b,Tamil Nadu Person PERSON-002708,Other,CHENNAI Area,imported,12fe593e-e883-5cac-9710-f2ba74198299,PERSON-002708,,62,,,,11_person.csv
fe7eb4ba-13e8-59d8-8b66-409a2bb9204e,Tamil Nadu Person PERSON-002748,Female,MADURAI Area,imported,12fe593e-e883-5cac-9710-f2ba74198299,PERSON-002748,,73,,,,11_person.csv
00a65153-a959-5440-986a-1cd81cc49672,Tamil Nadu Person PERSON-002760,Male,KRISHNAGIRI Area,imported,12fe593e-e883-5cac-9710-f2ba74198299,PERSON-002760,,34,,,,11_person.csv
f843465d-209e-5cd4-9760-23f257357586,Tamil Nadu Person PERSON-002768,Male,CHENNAI Area,imported,12fe593e-e883-5cac-9710-f2ba74198299,PERSON-002768,,65,,,,11_person.csv
46bdaa54-d9ef-5a99-9617-c4a74ab845ac,Tamil Nadu Person PERSON-002776,Female,KUMBAKONAM Area,imported,12fe593e-e883-5cac-9710-f2ba74198299,PERSON-002776,,69,,,,11_person.csv
6568bbf0-cc6e-583e-8377-4d795292d220,Tamil Nadu Person PERSON-002789,Other,RAMANATHAPURAM Area,imported,12fe593e-e883-5cac-9710-f2ba74198299,PERSON-002789,,26,,,,11_person.csv
254a96f9-1cfe-53b2-a88b-940ed54b89cb,Tamil Nadu Person PERSON-002792,Male,ARIYALUR Area,imported,12fe593e-e883-5cac-9710-f2ba74198299,PERSON-002792,,21,,,,11_person.csv
1f6b9f40-c2e3-56a6-90e2-5b80668f735b,Tamil Nadu Person PERSON-002796,Female,SIVAGANGA Area,imported,12fe593e-e883-5cac-9710-f2ba74198299,PERSON-002796,,68,,,,11_person.csv
66907fb8-5647-57f3-96e6-f85119f0be84,Tamil Nadu Person PERSON-002800,Male,THOOTHUKUDI Area,imported,12fe593e-e883-5cac-9710-f2ba74198299,PERSON-002800,,63,,,,11_person.csv
65b6d9e1-b0bb-5ca3-aa29-77ca43ab119b,Tamil Nadu Person PERSON-002812,Female,MAYILADUTHURAI Area,imported,12fe593e-e883-5cac-9710-f2ba74198299,PERSON-002812,,26,,,,11_person.csv
ec1bb10e-4401-589b-bb4d-5a0576a330d3,Tamil Nadu Person PERSON-002821,Male,KANYAKUMARI Area,imported,12fe593e-e883-5cac-9710-f2ba74198299,PERSON-002821,,26,,,,11_person.csv
5e9c8f56-a811-5ba7-a81f-b4a802155b4e,Tamil Nadu Person PERSON-002829,Other,VIRUDHUNAGAR Area,imported,12fe593e-e883-5cac-9710-f2ba74198299,PERSON-002829,,49,,,,11_person.csv
446f6d59-fd7b-5091-94bc-35323c04a394,Tamil Nadu Person PERSON-002833,Female,KARUR Area,imported,12fe593e-e883-5cac-9710-f2ba74198299,PERSON-002833,,23,,,,11_person.csv
21203e02-9651-5cd0-96d5-f17c6942912a,Tamil Nadu Person PERSON-002843,Male,PUDUKOTTAI Area,imported,12fe593e-e883-5cac-9710-f2ba74198299,PERSON-002843,,22,,,,11_person.csv
613ecdd5-294c-598c-80da-e09aa384b61a,Tamil Nadu Person PERSON-002850,Other,THIRUVALLUR Area,imported,12fe593e-e883-5cac-9710-f2ba74198299,PERSON-002850,,44,,,,11_person.csv
f3a45bda-9c0a-5461-a6d9-c7957f75686c,Tamil Nadu Person PERSON-002857,Male,KARUR Area,imported,12fe593e-e883-5cac-9710-f2ba74198299,PERSON-002857,,63,,,,11_person.csv
108777ea-65ea-56cd-8731-bdeccae9eac7,Tamil Nadu Person PERSON-002875,Female,PERAMBALUR Area,imported,12fe593e-e883-5cac-9710-f2ba74198299,PERSON-002875,,22,,,,11_person.csv
9c5a7dbc-3677-5b61-8a5a-94662690214b,Tamil Nadu Person PERSON-002895,Female,NAMAKKAL Area,imported,12fe593e-e883-5cac-9710-f2ba74198299,PERSON-002895,,65,,,,11_person.csv
5d8ae79e-6daf-5be6-8401-c9f7f8258c23,Tamil Nadu Person PERSON-002920,Other,RAMESWARAM Area,imported,12fe593e-e883-5cac-9710-f2ba74198299,PERSON-002920,,20,,,,11_person.csv
e1eaf8db-5e95-5de1-bc4f-7ae428e43627,Tamil Nadu Person PERSON-002921,Other,DINDIGUL Area,imported,12fe593e-e883-5cac-9710-f2ba74198299,PERSON-002921,,59,,,,11_person.csv
209da70b-c2e5-53c5-83f3-100fed46e9e5,Tamil Nadu Person PERSON-002926,Other,THE_NILGIRIS Area,imported,12fe593e-e883-5cac-9710-f2ba74198299,PERSON-002926,,67,,,,11_person.csv
595a596e-1caa-5a3d-a516-c3b5b3770845,Tamil Nadu Person PERSON-002935,Other,CHENGALPATTU Area,imported,12fe593e-e883-5cac-9710-f2ba74198299,PERSON-002935,,69,,,,11_person.csv
4f8a7891-db43-5318-a523-a91c3446d7e5,Tamil Nadu Person PERSON-002952,Male,CHENGALPATTU Area,imported,12fe593e-e883-5cac-9710-f2ba74198299,PERSON-002952,,64,,,,11_person.csv
fbeff80f-191e-51e1-92aa-cfd1552ac534,Tamil Nadu Person PERSON-002958,Other,TIRUNELVELI Area,imported,12fe593e-e883-5cac-9710-f2ba74198299,PERSON-002958,,33,,,,11_person.csv
54566701-5133-5498-95a0-6c8823734d4a,Tamil Nadu Person PERSON-002977,Other,TIRUPATHUR Area,imported,12fe593e-e883-5cac-9710-f2ba74198299,PERSON-002977,,38,,,,11_person.csv
cc85c97a-6d16-5d6f-9b48-54210c590668,Tamil Nadu Person PERSON-002978,Male,KARUR Area,imported,12fe593e-e883-5cac-9710-f2ba74198299,PERSON-002978,,41,,,,11_person.csv
5c82fa33-6e81-5d76-83c2-aa92c2190d1a,Tamil Nadu Person PERSON-002984,Male,CHENNAI Area,imported,12fe593e-e883-5cac-9710-f2ba74198299,PERSON-002984,,48,,,,11_person.csv
e5a1b4f9-298d-56ee-ad45-c3dc32fe1601,Tamil Nadu Person PERSON-002989,Other,TIRUNELVELI Area,imported,12fe593e-e883-5cac-9710-f2ba74198299,PERSON-002989,,60,,,,11_person.csv
43728563-3bf1-5fe8-9389-e5eb31894117,Tamil Nadu Person PERSON-002993,Other,MAYILADUTHURAI Area,imported,12fe593e-e883-5cac-9710-f2ba74198299,PERSON-002993,,57,,,,11_person.csv
634d2b54-ab22-5bd4-932f-7b07261eec9f,Tamil Nadu Person PERSON-002998,Male,KANCHEEPURAM Area,imported,12fe593e-e883-5cac-9710-f2ba74198299,PERSON-002998,,45,,,,11_person.csv
f200e21b-91ac-5026-a9cc-3f6eb04f0daf,Tamil Nadu Person PERSON-003003,Male,THOOTHUKUDI Area,imported,12fe593e-e883-5cac-9710-f2ba74198299,PERSON-003003,,22,,,,11_person.csv
c896f648-6955-5fbb-adc9-09dfbc17b8bf,Tamil Nadu Person PERSON-003006,Other,DHARMAPURI Area,imported,12fe593e-e883-5cac-9710-f2ba74198299,PERSON-003006,,43,,,,11_person.csv
7bed1448-342c-5a0a-adf8-36844963d368,Tamil Nadu Person PERSON-003010,Other,KANYAKUMARI Area,imported,12fe593e-e883-5cac-9710-f2ba74198299,PERSON-003010,,47,,,,11_person.csv
c38a79c8-aac7-5664-affd-dbbf90a1ae22,Tamil Nadu Person PERSON-003024,Female,CHENNAI Area,imported,12fe593e-e883-5cac-9710-f2ba74198299,PERSON-003024,,63,,,,11_person.csv
6872c60e-deed-5727-a305-906599e62d55,Tamil Nadu Person PERSON-003048,Other,RAMESWARAM Area,imported,12fe593e-e883-5cac-9710-f2ba74198299,PERSON-003048,,56,,,,11_person.csv
0f64025c-f039-580a-bcfa-af984733c1be,Tamil Nadu Person PERSON-003051,Other,KANYAKUMARI Area,imported,12fe593e-e883-5cac-9710-f2ba74198299,PERSON-003051,,60,,,,11_person.csv
da1d868d-9b18-533a-a378-2b1db13c1572,Tamil Nadu Person PERSON-003053,Male,PERAMBALUR Area,imported,12fe593e-e883-5cac-9710-f2ba74198299,PERSON-003053,,56,,,,11_person.csv
3e91f969-67e0-5ee2-9f8b-5d85bdcc37e6,Tamil Nadu Person PERSON-003065,Other,RAMESWARAM Area,imported,12fe593e-e883-5cac-9710-f2ba74198299,PERSON-003065,,46,,,,11_person.csv
59912a0c-84df-5288-a5d1-6a96b041cfec,Tamil Nadu Person PERSON-003075,Male,RAMESWARAM Area,imported,12fe593e-e883-5cac-9710-f2ba74198299,PERSON-003075,,56,,,,11_person.csv
a7f978b2-6eae-5919-92c9-da6e06ce98ce,Tamil Nadu Person PERSON-003098,Female,KANYAKUMARI Area,imported,12fe593e-e883-5cac-9710-f2ba74198299,PERSON-003098,,71,,,,11_person.csv
7ff6289a-1b24-5d1b-97d7-bd561ba283f2,Tamil Nadu Person PERSON-003100,Male,TIRUVANNAMALAI Area,imported,12fe593e-e883-5cac-9710-f2ba74198299,PERSON-003100,,52,,,,11_person.csv
532a226d-9a5f-5436-a2e6-71a5392f2e8d,Tamil Nadu Person PERSON-003105,Other,THOOTHUKUDI Area,imported,12fe593e-e883-5cac-9710-f2ba74198299,PERSON-003105,,60,,,,11_person.csv
bf9faf74-9556-5ae6-b8b6-23e2151cf281,Tamil Nadu Person PERSON-003106,Male,THE_NILGIRIS Area,imported,12fe593e-e883-5cac-9710-f2ba74198299,PERSON-003106,,68,,,,11_person.csv
6f07436b-badb-56eb-9ff8-8d96f3a26672,Tamil Nadu Person PERSON-003109,Male,TIRUPPUR Area,imported,12fe593e-e883-5cac-9710-f2ba74198299,PERSON-003109,,29,,,,11_person.csv
dc09a986-4182-57ec-a23e-fd14a3d1f812,Tamil Nadu Person PERSON-003115,Other,KANCHEEPURAM Area,imported,12fe593e-e883-5cac-9710-f2ba74198299,PERSON-003115,,34,,,,11_person.csv
de87440c-b3f5-592a-8e9f-4bb3c44c085b,Tamil Nadu Person PERSON-003120,Other,TENKASI Area,imported,12fe593e-e883-5cac-9710-f2ba74198299,PERSON-003120,,33,,,,11_person.csv
5256f6e7-3411-5fc3-8073-5df37fe8940c,Tamil Nadu Person PERSON-003132,Other,RAMANATHAPURAM Area,imported,12fe593e-e883-5cac-9710-f2ba74198299,PERSON-003132,,56,,,,11_person.csv
013151e2-81d3-5d2a-834a-053adfd698e9,Tamil Nadu Person PERSON-003143,Other,THE_NILGIRIS Area,imported,12fe593e-e883-5cac-9710-f2ba74198299,PERSON-003143,,23,,,,11_person.csv
497bf3c1-c45f-5328-a032-4ca2abfd3084,Tamil Nadu Person PERSON-003153,Other,MADURAI Area,imported,12fe593e-e883-5cac-9710-f2ba74198299,PERSON-003153,,25,,,,11_person.csv
680d86ac-93f9-5114-9100-7cd9a839fbe8,Tamil Nadu Person PERSON-003166,Male,KARUR Area,imported,12fe593e-e883-5cac-9710-f2ba74198299,PERSON-003166,,49,,,,11_person.csv
57189408-936e-5716-a5d7-79a8c9a1924c,Tamil Nadu Person PERSON-003184,Other,SALEM Area,imported,12fe593e-e883-5cac-9710-f2ba74198299,PERSON-003184,,45,,,,11_person.csv
ff97927a-712d-5c27-96f7-9360016de28c,Tamil Nadu Person PERSON-003200,Female,ARIYALUR Area,imported,12fe593e-e883-5cac-9710-f2ba74198299,PERSON-003200,,49,,,,11_person.csv
a34c0c9d-ab71-588d-b94b-fd640ca388ec,Tamil Nadu Person PERSON-003235,Other,VILUPPURAM Area,imported,12fe593e-e883-5cac-9710-f2ba74198299,PERSON-003235,,73,,,,11_person.csv
e4369eb8-d5c9-5773-8a4a-7c1d3777cb81,Tamil Nadu Person PERSON-003247,Male,COIMBATORE Area,imported,12fe593e-e883-5cac-9710-f2ba74198299,PERSON-003247,,53,,,,11_person.csv
d92462d7-0452-5ee7-9d2e-82d870722db0,Tamil Nadu Person PERSON-003268,Male,NAGAPATTINAM Area,imported,12fe593e-e883-5cac-9710-f2ba74198299,PERSON-003268,,25,,,,11_person.csv
7ab9c37c-fbfc-541f-b9ae-cd126f8095bd,Tamil Nadu Person PERSON-003289,Male,PERAMBALUR Area,imported,12fe593e-e883-5cac-9710-f2ba74198299,PERSON-003289,,33,,,,11_person.csv
b65243c0-ec86-5eaf-b175-9bd074d0c1af,Tamil Nadu Person PERSON-003295,Female,TIRUPATHUR Area,imported,12fe593e-e883-5cac-9710-f2ba74198299,PERSON-003295,,30,,,,11_person.csv
a5661a44-05a4-5f1e-831b-7046c15f5a97,Tamil Nadu Person PERSON-003312,Male,CUDDALORE Area,imported,12fe593e-e883-5cac-9710-f2ba74198299,PERSON-003312,,29,,,,11_person.csv
a3e40d25-e67c-56b0-adfd-ce445b831593,Tamil Nadu Person PERSON-003342,Female,NAGAPATTINAM Area,imported,12fe593e-e883-5cac-9710-f2ba74198299,PERSON-003342,,38,,,,11_person.csv
0c80070f-1ddc-5402-a1d5-4c67220fed9a,Tamil Nadu Person PERSON-003360,Other,NAGAPATTINAM Area,imported,12fe593e-e883-5cac-9710-f2ba74198299,PERSON-003360,,69,,,,11_person.csv
3fc349e5-b2da-5911-a2e1-ecebff11f1fd,Tamil Nadu Person PERSON-003369,Female,CUDDALORE Area,imported,12fe593e-e883-5cac-9710-f2ba74198299,PERSON-003369,,41,,,,11_person.csv
ba4c7bd7-4faa-5237-bf39-01ab1540157a,Tamil Nadu Person PERSON-003384,Other,MAYILADUTHURAI Area,imported,12fe593e-e883-5cac-9710-f2ba74198299,PERSON-003384,,74,,,,11_person.csv
4117c789-8b81-5f92-94d3-90f3fa873a91,Tamil Nadu Person PERSON-003385,Other,TIRUNELVELI Area,imported,12fe593e-e883-5cac-9710-f2ba74198299,PERSON-003385,,36,,,,11_person.csv
1ca33053-f87f-5d74-a212-1c73e2e0c3a1,Tamil Nadu Person PERSON-003407,Other,TIRUPPUR Area,imported,12fe593e-e883-5cac-9710-f2ba74198299,PERSON-003407,,72,,,,11_person.csv
5979d46b-c487-56a9-9e27-d24e528e35f0,Tamil Nadu Person PERSON-003426,Female,NAGAPATTINAM Area,imported,12fe593e-e883-5cac-9710-f2ba74198299,PERSON-003426,,74,,,,11_person.csv
13dc7cfc-eab5-55d9-840e-816005d94af6,Tamil Nadu Person PERSON-003430,Female,RANIPET Area,imported,12fe593e-e883-5cac-9710-f2ba74198299,PERSON-003430,,29,,,,11_person.csv
5874b08a-1830-5818-942f-8548ac057004,Tamil Nadu Person PERSON-003442,Other,KRISHNAGIRI Area,imported,12fe593e-e883-5cac-9710-f2ba74198299,PERSON-003442,,40,,,,11_person.csv
22958b46-9405-5ba5-9b40-65d21c07c412,Tamil Nadu Person PERSON-003444,Other,SIVAGANGA Area,imported,12fe593e-e883-5cac-9710-f2ba74198299,PERSON-003444,,71,,,,11_person.csv
3c89c3fe-69a8-58c7-80c9-17e03da1eee3,Tamil Nadu Person PERSON-003456,Other,DINDIGUL Area,imported,12fe593e-e883-5cac-9710-f2ba74198299,PERSON-003456,,71,,,,11_person.csv
1d016450-5ee1-53ea-b6b6-cd055b47672b,Tamil Nadu Person PERSON-003463,Male,THE_NILGIRIS Area,imported,12fe593e-e883-5cac-9710-f2ba74198299,PERSON-003463,,60,,,,11_person.csv
dfc00a55-4c7a-5898-878a-50d90ef99751,Tamil Nadu Person PERSON-003465,Other,CHENGALPATTU Area,imported,12fe593e-e883-5cac-9710-f2ba74198299,PERSON-003465,,58,,,,11_person.csv
9127b60e-1611-5fc3-98b0-6dbcfec153cc,Tamil Nadu Person PERSON-003480,Female,RAMANATHAPURAM Area,imported,12fe593e-e883-5cac-9710-f2ba74198299,PERSON-003480,,30,,,,11_person.csv
a2fb9f51-9818-5894-b6ed-ea99d8366fcb,Tamil Nadu Person PERSON-003493,Male,TENKASI Area,imported,12fe593e-e883-5cac-9710-f2ba74198299,PERSON-003493,,20,,,,11_person.csv
345b9973-15df-5e03-91f0-aecb41e36932,Tamil Nadu Person PERSON-003495,Other,CHENGALPATTU Area,imported,12fe593e-e883-5cac-9710-f2ba74198299,PERSON-003495,,49,,,,11_person.csv
78373924-479f-58c0-a9c8-c66a8f07957e,Tamil Nadu Person PERSON-003507,Male,KARUR Area,imported,12fe593e-e883-5cac-9710-f2ba74198299,PERSON-003507,,49,,,,11_person.csv
f7369eba-94d9-560f-ad62-a06147cb050d,Tamil Nadu Person PERSON-003521,Other,KRISHNAGIRI Area,imported,12fe593e-e883-5cac-9710-f2ba74198299,PERSON-003521,,25,,,,11_person.csv
e476bff9-2d29-5ecf-ba53-a9aa398c3da0,Tamil Nadu Person PERSON-003522,Other,COIMBATORE Area,imported,12fe593e-e883-5cac-9710-f2ba74198299,PERSON-003522,,26,,,,11_person.csv
89e8d3c4-fd66-5dc0-b657-6b67e6e2b0a8,Tamil Nadu Person PERSON-003537,Other,KUMBAKONAM Area,imported,12fe593e-e883-5cac-9710-f2ba74198299,PERSON-003537,,29,,,,11_person.csv
f311f4a2-23be-5864-b09b-a48cf7a7f3b7,Tamil Nadu Person PERSON-003544,Other,KALLAKURICHI Area,imported,12fe593e-e883-5cac-9710-f2ba74198299,PERSON-003544,,59,,,,11_person.csv
3c66dee7-56bc-5b32-a53e-4ab6ab221b95,Tamil Nadu Person PERSON-003546,Other,RANIPET Area,imported,12fe593e-e883-5cac-9710-f2ba74198299,PERSON-003546,,27,,,,11_person.csv
4c069046-10c4-5308-81b1-e3bcc23c770e,Tamil Nadu Person PERSON-003556,Other,NAMAKKAL Area,imported,12fe593e-e883-5cac-9710-f2ba74198299,PERSON-003556,,60,,,,11_person.csv
e3b77c32-03f9-5d76-8414-83fff0b35708,Tamil Nadu Person PERSON-003558,Female,VILUPPURAM Area,imported,12fe593e-e883-5cac-9710-f2ba74198299,PERSON-003558,,44,,,,11_person.csv
5991ba0d-f772-5695-95f2-1cdf0435ab44,Tamil Nadu Person PERSON-003560,Other,TIRUPATHUR Area,imported,12fe593e-e883-5cac-9710-f2ba74198299,PERSON-003560,,25,,,,11_person.csv
d8de0552-d3d4-586d-aa0c-8e9bd5069769,Tamil Nadu Person PERSON-003591,Male,RAMANATHAPURAM Area,imported,12fe593e-e883-5cac-9710-f2ba74198299,PERSON-003591,,33,,,,11_person.csv
462cbca8-0eb4-511b-abe1-567b5a898d7d,Tamil Nadu Person PERSON-003598,Other,PUDUKOTTAI Area,imported,12fe593e-e883-5cac-9710-f2ba74198299,PERSON-003598,,65,,,,11_person.csv
fafd4c95-cf85-544b-bd40-4ceebc089e7f,Tamil Nadu Person PERSON-003616,Other,ERODE Area,imported,12fe593e-e883-5cac-9710-f2ba74198299,PERSON-003616,,63,,,,11_person.csv
c6c4a354-eac1-53cd-a595-bd6637108fb9,Tamil Nadu Person PERSON-003629,Other,SIVAGANGA Area,imported,12fe593e-e883-5cac-9710-f2ba74198299,PERSON-003629,,45,,,,11_person.csv
ee2a82b0-2705-5979-857e-51305d84ad1e,Tamil Nadu Person PERSON-003660,Other,MAYILADUTHURAI Area,imported,12fe593e-e883-5cac-9710-f2ba74198299,PERSON-003660,,64,,,,11_person.csv
f2a8eabd-8832-5d67-9d59-28711ac4411f,Tamil Nadu Person PERSON-003699,Other,VILUPPURAM Area,imported,12fe593e-e883-5cac-9710-f2ba74198299,PERSON-003699,,37,,,,11_person.csv
8581b9d5-8c28-5fa3-b0a3-4f06884e6489,Tamil Nadu Person PERSON-003718,Other,KUMBAKONAM Area,imported,12fe593e-e883-5cac-9710-f2ba74198299,PERSON-003718,,75,,,,11_person.csv
08c241f8-7613-5a14-8644-0b631a4ffad0,Tamil Nadu Person PERSON-003724,Female,KANYAKUMARI Area,imported,12fe593e-e883-5cac-9710-f2ba74198299,PERSON-003724,,71,,,,11_person.csv
597fcb11-4b4a-513c-a3b5-8967d6d6932d,Tamil Nadu Person PERSON-003725,Other,KANCHEEPURAM Area,imported,12fe593e-e883-5cac-9710-f2ba74198299,PERSON-003725,,45,,,,11_person.csv
b311369b-2277-5433-8be1-b442721a7a81,Tamil Nadu Person PERSON-003733,Male,TENKASI Area,imported,12fe593e-e883-5cac-9710-f2ba74198299,PERSON-003733,,34,,,,11_person.csv
4664ed99-fcef-5ad9-932e-48a4a0df0b01,Tamil Nadu Person PERSON-003738,Male,COIMBATORE Area,imported,12fe593e-e883-5cac-9710-f2ba74198299,PERSON-003738,,46,,,,11_person.csv
2e3b7dba-6f8b-5ede-a9cd-7f4414de92c7,Tamil Nadu Person PERSON-003742,Male,CHENNAI Area,imported,12fe593e-e883-5cac-9710-f2ba74198299,PERSON-003742,,34,,,,11_person.csv
9cd3e609-7f87-5011-b1df-2263dce457ed,Tamil Nadu Person PERSON-003751,Other,DHARMAPURI Area,imported,12fe593e-e883-5cac-9710-f2ba74198299,PERSON-003751,,31,,,,11_person.csv
59c58951-2d43-51d3-a94b-c313b6106d66,Tamil Nadu Person PERSON-003757,Female,THENI Area,imported,12fe593e-e883-5cac-9710-f2ba74198299,PERSON-003757,,21,,,,11_person.csv
ceaada66-ac81-56fa-81b7-7074884b063d,Tamil Nadu Person PERSON-003761,Female,THOOTHUKUDI Area,imported,12fe593e-e883-5cac-9710-f2ba74198299,PERSON-003761,,75,,,,11_person.csv
7ac01bdf-4cc5-58af-adb0-513416182e2f,Tamil Nadu Person PERSON-003776,Male,KANYAKUMARI Area,imported,12fe593e-e883-5cac-9710-f2ba74198299,PERSON-003776,,65,,,,11_person.csv
0a13c362-3415-506a-8ddd-61c47a2d0f2d,Tamil Nadu Person PERSON-003780,Female,TIRUPATHUR Area,imported,12fe593e-e883-5cac-9710-f2ba74198299,PERSON-003780,,25,,,,11_person.csv
047006e1-f04b-51a5-976d-35334473c17a,Tamil Nadu Person PERSON-003798,Female,TIRUVANNAMALAI Area,imported,12fe593e-e883-5cac-9710-f2ba74198299,PERSON-003798,,60,,,,11_person.csv
4ab1901d-e468-596c-a0ca-1aba516e7474,Tamil Nadu Person PERSON-003843,Other,VIRUDHUNAGAR Area,imported,12fe593e-e883-5cac-9710-f2ba74198299,PERSON-003843,,33,,,,11_person.csv
b4f606cb-c864-523f-8b6f-29211ac1547c,Tamil Nadu Person PERSON-003860,Female,CHENGALPATTU Area,imported,12fe593e-e883-5cac-9710-f2ba74198299,PERSON-003860,,21,,,,11_person.csv
724a1c21-94f7-50d1-932b-55b6ce86a075,Tamil Nadu Person PERSON-003878,Other,VILUPPURAM Area,imported,12fe593e-e883-5cac-9710-f2ba74198299,PERSON-003878,,68,,,,11_person.csv
606ff65a-855a-5dc4-8533-ec30a96cebfb,Tamil Nadu Person PERSON-003896,Female,CHENNAI Area,imported,12fe593e-e883-5cac-9710-f2ba74198299,PERSON-003896,,55,,,,11_person.csv
df49052c-25fe-5e50-b7be-848a83df4729,Tamil Nadu Person PERSON-003900,Female,COIMBATORE Area,imported,12fe593e-e883-5cac-9710-f2ba74198299,PERSON-003900,,62,,,,11_person.csv
2d149b22-28c9-5adb-82d6-349a748821d2,Tamil Nadu Person PERSON-003927,Female,PUDUKOTTAI Area,imported,12fe593e-e883-5cac-9710-f2ba74198299,PERSON-003927,,62,,,,11_person.csv
b705afc0-3626-531e-bb4a-11406ad0c464,Tamil Nadu Person PERSON-003950,Male,NAMAKKAL Area,imported,12fe593e-e883-5cac-9710-f2ba74198299,PERSON-003950,,69,,,,11_person.csv
bbc2a47b-6440-59e6-a4bf-c89bf4ca0273,Tamil Nadu Person PERSON-003951,Other,ARIYALUR Area,imported,12fe593e-e883-5cac-9710-f2ba74198299,PERSON-003951,,64,,,,11_person.csv
4e3bb560-40d1-511d-a115-e955b5053c65,Tamil Nadu Person PERSON-003971,Male,KUMBAKONAM Area,imported,12fe593e-e883-5cac-9710-f2ba74198299,PERSON-003971,,60,,,,11_person.csv
e5501eec-67b0-5d9d-af71-eba0b717ab50,Tamil Nadu Person PERSON-003984,Other,CHENNAI Area,imported,12fe593e-e883-5cac-9710-f2ba74198299,PERSON-003984,,47,,,,11_person.csv
c276752e-4eca-5bfc-ba26-e2da27f4d4da,Tamil Nadu Person PERSON-004006,Other,DHARMAPURI Area,imported,12fe593e-e883-5cac-9710-f2ba74198299,PERSON-004006,,27,,,,11_person.csv
48c244c3-e031-5824-9f47-bd717e90a10a,Tamil Nadu Person PERSON-004007,Other,THE_NILGIRIS Area,imported,12fe593e-e883-5cac-9710-f2ba74198299,PERSON-004007,,29,,,,11_person.csv
548ff1d1-240b-5678-a52f-b36512250ee3,Tamil Nadu Person PERSON-004017,Female,TIRUPATHUR Area,imported,12fe593e-e883-5cac-9710-f2ba74198299,PERSON-004017,,34,,,,11_person.csv
774fbd6a-e338-53cb-86fc-0452e09d0d28,Tamil Nadu Person PERSON-004022,Other,THOOTHUKUDI Area,imported,12fe593e-e883-5cac-9710-f2ba74198299,PERSON-004022,,48,,,,11_person.csv
1b2ea7f5-7bb3-5725-ba84-b3836fb51f24,Tamil Nadu Person PERSON-004067,Other,CUDDALORE Area,imported,12fe593e-e883-5cac-9710-f2ba74198299,PERSON-004067,,36,,,,11_person.csv
14ec396c-26af-5f17-8145-eaedcdf2d219,Tamil Nadu Person PERSON-004078,Other,COIMBATORE Area,imported,12fe593e-e883-5cac-9710-f2ba74198299,PERSON-004078,,26,,,,11_person.csv
5938dfa4-9f05-54d8-b395-94394cedceb5,Tamil Nadu Person PERSON-004093,Male,MAYILADUTHURAI Area,imported,12fe593e-e883-5cac-9710-f2ba74198299,PERSON-004093,,29,,,,11_person.csv
26a4d8db-fbdb-58c3-887e-65cd17aa09b5,Tamil Nadu Person PERSON-004101,Other,KANYAKUMARI Area,imported,12fe593e-e883-5cac-9710-f2ba74198299,PERSON-004101,,43,,,,11_person.csv
41b32293-934c-59ff-ab46-3a000cd0e94e,Tamil Nadu Person PERSON-004116,Male,RAMANATHAPURAM Area,imported,12fe593e-e883-5cac-9710-f2ba74198299,PERSON-004116,,47,,,,11_person.csv
caabb643-97e6-5dee-8013-4672c6e39962,Tamil Nadu Person PERSON-004127,Female,MAYILADUTHURAI Area,imported,12fe593e-e883-5cac-9710-f2ba74198299,PERSON-004127,,46,,,,11_person.csv
414236c6-5e8e-567e-82d8-c8f37b04dd77,Tamil Nadu Person PERSON-004144,Male,THE_NILGIRIS Area,imported,12fe593e-e883-5cac-9710-f2ba74198299,PERSON-004144,,39,,,,11_person.csv
3d6c8e4b-6ad6-5a55-a8e4-cfbaf33d4873,Tamil Nadu Person PERSON-004149,Other,NAMAKKAL Area,imported,12fe593e-e883-5cac-9710-f2ba74198299,PERSON-004149,,39,,,,11_person.csv
fde8390d-901f-58b6-adb0-a09d2257e803,Tamil Nadu Person PERSON-004161,Other,CHENGALPATTU Area,imported,12fe593e-e883-5cac-9710-f2ba74198299,PERSON-004161,,69,,,,11_person.csv
55a21daf-bc97-56fe-9b4a-82a80dcef82c,Tamil Nadu Person PERSON-004170,Female,SALEM Area,imported,12fe593e-e883-5cac-9710-f2ba74198299,PERSON-004170,,56,,,,11_person.csv
d97e3d18-bffd-581c-9668-217dca722fc7,Tamil Nadu Person PERSON-004178,Other,NAGAPATTINAM Area,imported,12fe593e-e883-5cac-9710-f2ba74198299,PERSON-004178,,32,,,,11_person.csv
682183a9-cc62-5655-8b55-653fa7c197bb,Tamil Nadu Person PERSON-004191,Male,KRISHNAGIRI Area,imported,12fe593e-e883-5cac-9710-f2ba74198299,PERSON-004191,,31,,,,11_person.csv
bf44e45c-3254-562a-a450-04870d32b709,Tamil Nadu Person PERSON-004193,Female,KUMBAKONAM Area,imported,12fe593e-e883-5cac-9710-f2ba74198299,PERSON-004193,,61,,,,11_person.csv
4b8e320b-cce8-506f-919b-52ebad952bd2,Tamil Nadu Person PERSON-004201,Male,TIRUVANNAMALAI Area,imported,12fe593e-e883-5cac-9710-f2ba74198299,PERSON-004201,,25,,,,11_person.csv
4f832286-84a0-5200-9a7a-48f82f4eb243,Tamil Nadu Person PERSON-004215,Male,CHENNAI Area,imported,12fe593e-e883-5cac-9710-f2ba74198299,PERSON-004215,,31,,,,11_person.csv
a982bd70-c60e-5999-a71a-7419a082bf25,Tamil Nadu Person PERSON-004216,Other,MAYILADUTHURAI Area,imported,12fe593e-e883-5cac-9710-f2ba74198299,PERSON-004216,,42,,,,11_person.csv
c76b67ab-1954-58cd-8172-63dff544448d,Tamil Nadu Person PERSON-004218,Female,PUDUKOTTAI Area,imported,12fe593e-e883-5cac-9710-f2ba74198299,PERSON-004218,,44,,,,11_person.csv
58df1678-8ddb-51b2-bb7c-19888443e0e4,Tamil Nadu Person PERSON-004222,Other,KRISHNAGIRI Area,imported,12fe593e-e883-5cac-9710-f2ba74198299,PERSON-004222,,58,,,,11_person.csv
6917e102-3f67-5bd9-a8f4-0be3e5a412df,Tamil Nadu Person PERSON-004233,Female,TIRUCHIRAPPALLI Area,imported,12fe593e-e883-5cac-9710-f2ba74198299,PERSON-004233,,42,,,,11_person.csv
10755c78-3f07-515d-ba81-bf34e699243f,Tamil Nadu Person PERSON-004238,Other,CUDDALORE Area,imported,12fe593e-e883-5cac-9710-f2ba74198299,PERSON-004238,,30,,,,11_person.csv
196b489b-f53a-5ea7-9b78-112287ffbfe5,Tamil Nadu Person PERSON-004252,Male,THIRUVARUR Area,imported,12fe593e-e883-5cac-9710-f2ba74198299,PERSON-004252,,72,,,,11_person.csv
f4628c78-326e-5c52-8601-a4a5aa3a56da,Tamil Nadu Person PERSON-004259,Female,COIMBATORE Area,imported,12fe593e-e883-5cac-9710-f2ba74198299,PERSON-004259,,26,,,,11_person.csv
a58bb1da-1053-539b-860c-1aa345e015a7,Tamil Nadu Person PERSON-004272,Male,CHENGALPATTU Area,imported,12fe593e-e883-5cac-9710-f2ba74198299,PERSON-004272,,33,,,,11_person.csv
13b8de16-ffde-5414-993d-360221e569e8,Tamil Nadu Person PERSON-004287,Other,ARIYALUR Area,imported,12fe593e-e883-5cac-9710-f2ba74198299,PERSON-004287,,38,,,,11_person.csv
2910cd5c-cdf6-50eb-b676-ec799d57b96f,Tamil Nadu Person PERSON-004317,Female,DHARMAPURI Area,imported,12fe593e-e883-5cac-9710-f2ba74198299,PERSON-004317,,60,,,,11_person.csv
74448b2d-bf19-5e43-bda4-d91df85903b3,Tamil Nadu Person PERSON-004319,Other,PERAMBALUR Area,imported,12fe593e-e883-5cac-9710-f2ba74198299,PERSON-004319,,26,,,,11_person.csv
4f9ed372-32f4-5be1-b9fb-15da43b63e45,Tamil Nadu Person PERSON-004321,Female,KUMBAKONAM Area,imported,12fe593e-e883-5cac-9710-f2ba74198299,PERSON-004321,,45,,,,11_person.csv
74a5e0c9-2b8a-5d2a-bb76-5c6c9b78e356,Tamil Nadu Person PERSON-004336,Other,MAYILADUTHURAI Area,imported,12fe593e-e883-5cac-9710-f2ba74198299,PERSON-004336,,42,,,,11_person.csv
fc067c75-3ed6-51b3-90ab-3a8aa67c335b,Tamil Nadu Person PERSON-004346,Other,NAGAPATTINAM Area,imported,12fe593e-e883-5cac-9710-f2ba74198299,PERSON-004346,,33,,,,11_person.csv
8fe01fad-6554-5c05-a49d-c0a5bd42de47,Tamil Nadu Person PERSON-004377,Other,MADURAI Area,imported,12fe593e-e883-5cac-9710-f2ba74198299,PERSON-004377,,61,,,,11_person.csv
c8f33b29-7121-546c-b3e5-e82a96f1a727,Tamil Nadu Person PERSON-004388,Male,RAMANATHAPURAM Area,imported,12fe593e-e883-5cac-9710-f2ba74198299,PERSON-004388,,55,,,,11_person.csv
29a436a2-1d33-5d5f-b5a4-e3e4b238608d,Tamil Nadu Person PERSON-004404,Other,THE_NILGIRIS Area,imported,12fe593e-e883-5cac-9710-f2ba74198299,PERSON-004404,,75,,,,11_person.csv
5fc63fd9-7220-573d-9b48-d12ed50aa38c,Tamil Nadu Person PERSON-004407,Other,PUDUKOTTAI Area,imported,12fe593e-e883-5cac-9710-f2ba74198299,PERSON-004407,,68,,,,11_person.csv
67b04d7d-e444-5aa3-98d3-583eba60ccf1,Tamil Nadu Person PERSON-004411,Male,RAMANATHAPURAM Area,imported,12fe593e-e883-5cac-9710-f2ba74198299,PERSON-004411,,72,,,,11_person.csv
7bb61295-0c6c-5719-92fd-ff6df287ca23,Tamil Nadu Person PERSON-004419,Male,THIRUVARUR Area,imported,12fe593e-e883-5cac-9710-f2ba74198299,PERSON-004419,,27,,,,11_person.csv
45e36add-8be8-5490-a5d4-ee5ed6071733,Tamil Nadu Person PERSON-004459,Other,COIMBATORE Area,imported,12fe593e-e883-5cac-9710-f2ba74198299,PERSON-004459,,57,,,,11_person.csv
659e8640-baee-5bfd-8132-02d0c47dabd1,Tamil Nadu Person PERSON-004476,Female,COIMBATORE Area,imported,12fe593e-e883-5cac-9710-f2ba74198299,PERSON-004476,,47,,,,11_person.csv
2b0b35c6-95c5-5dbe-8328-69cd78efa381,Tamil Nadu Person PERSON-004478,Other,ARIYALUR Area,imported,12fe593e-e883-5cac-9710-f2ba74198299,PERSON-004478,,55,,,,11_person.csv
5dba1083-e467-5eb0-9ded-8cdd1b942dfb,Tamil Nadu Person PERSON-004492,Female,RAMESWARAM Area,imported,12fe593e-e883-5cac-9710-f2ba74198299,PERSON-004492,,21,,,,11_person.csv
1a289b9c-3dac-5226-a17e-c2b275a4c0e2,Tamil Nadu Person PERSON-004499,Other,RAMANATHAPURAM Area,imported,12fe593e-e883-5cac-9710-f2ba74198299,PERSON-004499,,29,,,,11_person.csv
26ddd5af-1b34-5c7f-8a36-84670d0dd5fa,Tamil Nadu Person PERSON-004502,Female,PUDUKOTTAI Area,imported,12fe593e-e883-5cac-9710-f2ba74198299,PERSON-004502,,57,,,,11_person.csv
5918ff43-3dff-5158-8684-eeaa820e8fe1,Tamil Nadu Person PERSON-004514,Female,KALLAKURICHI Area,imported,12fe593e-e883-5cac-9710-f2ba74198299,PERSON-004514,,73,,,,11_person.csv
d4c4ff43-a55f-5a42-bf50-735434d8fa91,Tamil Nadu Person PERSON-004524,Other,KALLAKURICHI Area,imported,12fe593e-e883-5cac-9710-f2ba74198299,PERSON-004524,,74,,,,11_person.csv
b219901a-dab6-56ef-8991-41ca5bfdaf93,Tamil Nadu Person PERSON-004531,Other,VIRUDHUNAGAR Area,imported,12fe593e-e883-5cac-9710-f2ba74198299,PERSON-004531,,49,,,,11_person.csv
5b736b87-d79c-5bb5-ac8d-af06bc73e282,Tamil Nadu Person PERSON-004548,Other,RANIPET Area,imported,12fe593e-e883-5cac-9710-f2ba74198299,PERSON-004548,,25,,,,11_person.csv
a5b775b2-d2ca-5123-927b-e7149c7dce87,Tamil Nadu Person PERSON-004579,Other,KALLAKURICHI Area,imported,12fe593e-e883-5cac-9710-f2ba74198299,PERSON-004579,,43,,,,11_person.csv
e0960001-1168-54db-af1e-c1f606baf300,Tamil Nadu Person PERSON-004600,Male,DHARMAPURI Area,imported,12fe593e-e883-5cac-9710-f2ba74198299,PERSON-004600,,33,,,,11_person.csv
2983ae14-1214-59f6-b064-a2cf440072b5,Tamil Nadu Person PERSON-004618,Female,NAMAKKAL Area,imported,12fe593e-e883-5cac-9710-f2ba74198299,PERSON-004618,,30,,,,11_person.csv
b51d4ed0-fd55-515b-a152-cc19de1466fa,Tamil Nadu Person PERSON-004622,Male,MAYILADUTHURAI Area,imported,12fe593e-e883-5cac-9710-f2ba74198299,PERSON-004622,,40,,,,11_person.csv
da331899-e59b-56c1-a29a-3595d69f7568,Tamil Nadu Person PERSON-004639,Male,CUDDALORE Area,imported,12fe593e-e883-5cac-9710-f2ba74198299,PERSON-004639,,50,,,,11_person.csv
d69284d1-3d16-58e7-ae8c-44fe9f86d76a,Tamil Nadu Person PERSON-004651,Female,COIMBATORE Area,imported,12fe593e-e883-5cac-9710-f2ba74198299,PERSON-004651,,71,,,,11_person.csv
6ecdce14-56e0-507e-9e0c-cce89415a866,Tamil Nadu Person PERSON-004666,Female,CHENNAI Area,imported,12fe593e-e883-5cac-9710-f2ba74198299,PERSON-004666,,31,,,,11_person.csv
1959cb65-05cb-5823-8b17-2f1a2f6bf15a,Tamil Nadu Person PERSON-004724,Male,TENKASI Area,imported,12fe593e-e883-5cac-9710-f2ba74198299,PERSON-004724,,74,,,,11_person.csv
be4c8e39-31a5-564c-9633-f84ee8138a29,Tamil Nadu Person PERSON-004729,Other,CUDDALORE Area,imported,12fe593e-e883-5cac-9710-f2ba74198299,PERSON-004729,,44,,,,11_person.csv
959310e2-c840-5243-a80a-999f8911a00f,Tamil Nadu Person PERSON-004738,Other,KARUR Area,imported,12fe593e-e883-5cac-9710-f2ba74198299,PERSON-004738,,28,,,,11_person.csv
f4966dc5-0ec5-5249-b9db-3f4cbc602f6e,Tamil Nadu Person PERSON-004794,Other,SALEM Area,imported,12fe593e-e883-5cac-9710-f2ba74198299,PERSON-004794,,47,,,,11_person.csv
b5c2fb87-809c-5194-bae1-63e9773d6f2c,Tamil Nadu Person PERSON-004802,Female,VILUPPURAM Area,imported,12fe593e-e883-5cac-9710-f2ba74198299,PERSON-004802,,20,,,,11_person.csv
acb51443-5136-5faa-b06e-9e247feea5b3,Tamil Nadu Person PERSON-004808,Male,TIRUPPUR Area,imported,12fe593e-e883-5cac-9710-f2ba74198299,PERSON-004808,,51,,,,11_person.csv
44a9f142-8997-5cdb-ae38-b5eb71afc022,Tamil Nadu Person PERSON-004811,Other,VIRUDHUNAGAR Area,imported,12fe593e-e883-5cac-9710-f2ba74198299,PERSON-004811,,64,,,,11_person.csv
dd84de13-9df7-5e34-adbe-fd9f6ed55106,Tamil Nadu Person PERSON-004821,Male,THIRUVARUR Area,imported,12fe593e-e883-5cac-9710-f2ba74198299,PERSON-004821,,56,,,,11_person.csv
2cb44c9f-9bad-5e3e-841b-35f443662d06,Tamil Nadu Person PERSON-004827,Other,DINDIGUL Area,imported,12fe593e-e883-5cac-9710-f2ba74198299,PERSON-004827,,23,,,,11_person.csv
6e81b08b-ca0a-58fd-bcfc-f19b5cb1e4fe,Tamil Nadu Person PERSON-004828,Female,RAMESWARAM Area,imported,12fe593e-e883-5cac-9710-f2ba74198299,PERSON-004828,,40,,,,11_person.csv
94b249a0-661c-523d-bc7e-2554a1cdd8a7,Tamil Nadu Person PERSON-004838,Female,VIRUDHUNAGAR Area,imported,12fe593e-e883-5cac-9710-f2ba74198299,PERSON-004838,,76,,,,11_person.csv
1dd4362e-6f3d-5d60-bae6-70ab2905e031,Tamil Nadu Person PERSON-004846,Female,KANYAKUMARI Area,imported,12fe593e-e883-5cac-9710-f2ba74198299,PERSON-004846,,54,,,,11_person.csv
bfcea0b2-1ddf-594b-b7f2-3e398636c266,Tamil Nadu Person PERSON-004853,Male,PERAMBALUR Area,imported,12fe593e-e883-5cac-9710-f2ba74198299,PERSON-004853,,31,,,,11_person.csv
99f64f26-be8b-507d-ba61-cccd229729d0,Tamil Nadu Person PERSON-004855,Other,KUMBAKONAM Area,imported,12fe593e-e883-5cac-9710-f2ba74198299,PERSON-004855,,30,,,,11_person.csv
4329581a-f000-5eb8-a2fd-dc911135b535,Tamil Nadu Person PERSON-004858,Female,KANCHEEPURAM Area,imported,12fe593e-e883-5cac-9710-f2ba74198299,PERSON-004858,,28,,,,11_person.csv
26827d93-9c6e-58b0-bb84-bc5fdc1bdb60,Tamil Nadu Person PERSON-004863,Other,PUDUKOTTAI Area,imported,12fe593e-e883-5cac-9710-f2ba74198299,PERSON-004863,,32,,,,11_person.csv
9bf6420b-2e18-5cd7-bad0-68a167edb9ea,Tamil Nadu Person PERSON-004869,Other,TIRUPPUR Area,imported,12fe593e-e883-5cac-9710-f2ba74198299,PERSON-004869,,36,,,,11_person.csv
09f1d7a9-15ea-5c72-b64b-73f18a6e6b67,Tamil Nadu Person PERSON-004871,Male,RANIPET Area,imported,12fe593e-e883-5cac-9710-f2ba74198299,PERSON-004871,,61,,,,11_person.csv
d008a333-243a-5109-b5a5-7420613dde82,Tamil Nadu Person PERSON-004878,Female,COIMBATORE Area,imported,12fe593e-e883-5cac-9710-f2ba74198299,PERSON-004878,,49,,,,11_person.csv
0c9b6278-9ff1-54ee-81d8-e5ea289777d5,Tamil Nadu Person PERSON-004880,Other,MAYILADUTHURAI Area,imported,12fe593e-e883-5cac-9710-f2ba74198299,PERSON-004880,,22,,,,11_person.csv
b4cc29ac-4461-52c1-8862-b11aa8d46899,Tamil Nadu Person PERSON-004893,Other,THOOTHUKUDI Area,imported,12fe593e-e883-5cac-9710-f2ba74198299,PERSON-004893,,34,,,,11_person.csv
4161634a-973f-5a18-99d6-ec79ff238e50,Tamil Nadu Person PERSON-004906,Other,THENI Area,imported,12fe593e-e883-5cac-9710-f2ba74198299,PERSON-004906,,76,,,,11_person.csv
2de761fb-a543-580e-8ce0-87f7444ca63a,Tamil Nadu Person PERSON-004914,Other,KRISHNAGIRI Area,imported,12fe593e-e883-5cac-9710-f2ba74198299,PERSON-004914,,31,,,,11_person.csv
e4315ca6-0aa6-569b-b01f-131fa955aa85,Tamil Nadu Person PERSON-004920,Other,RAMANATHAPURAM Area,imported,12fe593e-e883-5cac-9710-f2ba74198299,PERSON-004920,,55,,,,11_person.csv
7206afe9-61d0-5c72-8712-44f2e3649889,Tamil Nadu Person PERSON-004921,Female,PERAMBALUR Area,imported,12fe593e-e883-5cac-9710-f2ba74198299,PERSON-004921,,58,,,,11_person.csv
15439903-5560-59c2-b438-c95173c6c1c4,Tamil Nadu Person PERSON-004923,Female,SIVAGANGA Area,imported,12fe593e-e883-5cac-9710-f2ba74198299,PERSON-004923,,32,,,,11_person.csv
7147bee4-3cba-5743-93ec-397f25c5486b,Tamil Nadu Person PERSON-004936,Male,KRISHNAGIRI Area,imported,12fe593e-e883-5cac-9710-f2ba74198299,PERSON-004936,,42,,,,11_person.csv
629fdb43-88b4-50f6-b642-8236ba7ddb93,Tamil Nadu Person PERSON-004944,Male,TIRUCHIRAPPALLI Area,imported,12fe593e-e883-5cac-9710-f2ba74198299,PERSON-004944,,45,,,,11_person.csv
be340988-a95a-5f3f-9317-83e70fb64417,Tamil Nadu Person PERSON-004950,Male,KANCHEEPURAM Area,imported,12fe593e-e883-5cac-9710-f2ba74198299,PERSON-004950,,33,,,,11_person.csv
48c983a4-a084-5ce2-a7df-1d6e8d53a334,Tamil Nadu Person PERSON-004952,Other,NAGAPATTINAM Area,imported,12fe593e-e883-5cac-9710-f2ba74198299,PERSON-004952,,47,,,,11_person.csv
bac397c7-5a7f-5593-8276-ba6734cc1b19,Tamil Nadu Person PERSON-004961,Female,ERODE Area,imported,12fe593e-e883-5cac-9710-f2ba74198299,PERSON-004961,,26,,,,11_person.csv
3a2db67f-b6c9-5718-ac4d-d9601e175a94,Tamil Nadu Person PERSON-004963,Other,DHARMAPURI Area,imported,12fe593e-e883-5cac-9710-f2ba74198299,PERSON-004963,,68,,,,11_person.csv
4b4c192f-83ae-5e32-9d08-35dabb01cc96,Tamil Nadu Person PERSON-004964,Other,COIMBATORE Area,imported,12fe593e-e883-5cac-9710-f2ba74198299,PERSON-004964,,51,,,,11_person.csv
6c5ae1bf-a188-5714-b2d2-ab793e90b70e,Tamil Nadu Person PERSON-004989,Other,TENKASI Area,imported,12fe593e-e883-5cac-9710-f2ba74198299,PERSON-004989,,47,,,,11_person.csv
753954f8-caf0-5c5b-851b-0eae181440aa,Tamil Nadu Person PERSON-004990,Female,THIRUVALLUR Area,imported,12fe593e-e883-5cac-9710-f2ba74198299,PERSON-004990,,72,,,,11_person.csv
f7489eaa-4e80-50c4-a5eb-bb6588938883,Tamil Nadu Person PERSON-005026,Male,CHENNAI Area,imported,12fe593e-e883-5cac-9710-f2ba74198299,PERSON-005026,,27,,,,11_person.csv
b6603f96-1ac0-5ee1-96b9-06cff4bdb785,Tamil Nadu Person PERSON-005048,Female,ARIYALUR Area,imported,12fe593e-e883-5cac-9710-f2ba74198299,PERSON-005048,,53,,,,11_person.csv
06a4c6cd-82b3-5616-92e4-f4d1ff082fcc,Tamil Nadu Person PERSON-005055,Female,TIRUVANNAMALAI Area,imported,12fe593e-e883-5cac-9710-f2ba74198299,PERSON-005055,,60,,,,11_person.csv
c4946a8b-fddc-5c93-b45a-b11e063fb8f3,Tamil Nadu Person PERSON-005079,Male,THIRUVARUR Area,imported,12fe593e-e883-5cac-9710-f2ba74198299,PERSON-005079,,26,,,,11_person.csv
53608081-a051-5d36-8458-32f072c64d27,Tamil Nadu Person PERSON-005082,Other,CUDDALORE Area,imported,12fe593e-e883-5cac-9710-f2ba74198299,PERSON-005082,,57,,,,11_person.csv
af422b9f-d313-5b41-a0b9-104277b4bed2,Tamil Nadu Person PERSON-005092,Other,THE_NILGIRIS Area,imported,12fe593e-e883-5cac-9710-f2ba74198299,PERSON-005092,,70,,,,11_person.csv
2fded3e5-2f1b-503b-83c7-0598a07259e4,Tamil Nadu Person PERSON-005099,Other,RAMANATHAPURAM Area,imported,12fe593e-e883-5cac-9710-f2ba74198299,PERSON-005099,,48,,,,11_person.csv
8fc6636f-113b-541f-80a0-6e36929f5e2f,Tamil Nadu Person PERSON-005127,Female,DHARMAPURI Area,imported,12fe593e-e883-5cac-9710-f2ba74198299,PERSON-005127,,29,,,,11_person.csv
7f6a71ee-4731-53bb-b107-f06d84a4abab,Tamil Nadu Person PERSON-005133,Female,THE_NILGIRIS Area,imported,12fe593e-e883-5cac-9710-f2ba74198299,PERSON-005133,,51,,,,11_person.csv
b943f46b-f6f2-5b20-aa3d-edb253784584,Tamil Nadu Person PERSON-005163,Male,DHARMAPURI Area,imported,12fe593e-e883-5cac-9710-f2ba74198299,PERSON-005163,,56,,,,11_person.csv
e514a6e0-4982-59be-9c61-29fc08fe3d44,Tamil Nadu Person PERSON-005175,Male,SIVAGANGA Area,imported,12fe593e-e883-5cac-9710-f2ba74198299,PERSON-005175,,75,,,,11_person.csv
b3b14ff3-e59f-5f23-ab74-45f76abeba5a,Tamil Nadu Person PERSON-005196,Other,KANYAKUMARI Area,imported,12fe593e-e883-5cac-9710-f2ba74198299,PERSON-005196,,56,,,,11_person.csv
6625215d-73dc-593c-a000-e3eb65141229,Tamil Nadu Person PERSON-005198,Male,RAMANATHAPURAM Area,imported,12fe593e-e883-5cac-9710-f2ba74198299,PERSON-005198,,26,,,,11_person.csv
60094127-a55e-5f2c-8a2e-269366d4a927,Tamil Nadu Person PERSON-005210,Male,TIRUPATHUR Area,imported,12fe593e-e883-5cac-9710-f2ba74198299,PERSON-005210,,35,,,,11_person.csv
d1960bab-9518-53dd-8d82-08da0e3d8d31,Tamil Nadu Person PERSON-005211,Female,MADURAI Area,imported,12fe593e-e883-5cac-9710-f2ba74198299,PERSON-005211,,74,,,,11_person.csv
8e520d32-78c3-597d-832f-9d8bc712697c,Tamil Nadu Person PERSON-005217,Other,KARUR Area,imported,12fe593e-e883-5cac-9710-f2ba74198299,PERSON-005217,,21,,,,11_person.csv
4e8c3322-9234-5c37-866f-9618effd7c9c,Tamil Nadu Person PERSON-005218,Other,TENKASI Area,imported,12fe593e-e883-5cac-9710-f2ba74198299,PERSON-005218,,72,,,,11_person.csv
62e6e986-1644-559d-96fd-f934a804bcc9,Tamil Nadu Person PERSON-005227,Male,KUMBAKONAM Area,imported,12fe593e-e883-5cac-9710-f2ba74198299,PERSON-005227,,59,,,,11_person.csv
3c352490-1aed-51e0-96bb-12679a2d61c9,Tamil Nadu Person PERSON-005228,Other,CHENNAI Area,imported,12fe593e-e883-5cac-9710-f2ba74198299,PERSON-005228,,57,,,,11_person.csv
a911bdf0-58b7-5168-9e27-9c988dd744d7,Tamil Nadu Person PERSON-005229,Other,MADURAI Area,imported,12fe593e-e883-5cac-9710-f2ba74198299,PERSON-005229,,69,,,,11_person.csv
c3b94d3a-3bfd-5662-9bea-1125df83eb6b,Tamil Nadu Person PERSON-005243,Other,KANCHEEPURAM Area,imported,12fe593e-e883-5cac-9710-f2ba74198299,PERSON-005243,,27,,,,11_person.csv
fdf62e9a-972c-565a-acb9-1e0e48d65c90,Tamil Nadu Person PERSON-005249,Female,PERAMBALUR Area,imported,12fe593e-e883-5cac-9710-f2ba74198299,PERSON-005249,,75,,,,11_person.csv
a9e231f8-541f-5f8a-9f5e-96126dd8fd37,Tamil Nadu Person PERSON-005250,Other,TIRUVANNAMALAI Area,imported,12fe593e-e883-5cac-9710-f2ba74198299,PERSON-005250,,46,,,,11_person.csv
80abca90-7487-5101-b3f5-b03e035ee83a,Tamil Nadu Person PERSON-005268,Other,VIRUDHUNAGAR Area,imported,12fe593e-e883-5cac-9710-f2ba74198299,PERSON-005268,,32,,,,11_person.csv
254c1772-7038-558b-8263-174fb64af571,Tamil Nadu Person PERSON-005289,Male,TIRUPATHUR Area,imported,12fe593e-e883-5cac-9710-f2ba74198299,PERSON-005289,,46,,,,11_person.csv
a8a71f13-1538-5850-9f38-e4b23eee9411,Tamil Nadu Person PERSON-005290,Other,THE_NILGIRIS Area,imported,12fe593e-e883-5cac-9710-f2ba74198299,PERSON-005290,,53,,,,11_person.csv
1de99739-923a-55be-b089-c88fd8478e30,Tamil Nadu Person PERSON-005314,Other,MAYILADUTHURAI Area,imported,12fe593e-e883-5cac-9710-f2ba74198299,PERSON-005314,,75,,,,11_person.csv
38cdf7de-1757-59cd-9ee7-9881eb4d5231,Tamil Nadu Person PERSON-005316,Female,TIRUNELVELI Area,imported,12fe593e-e883-5cac-9710-f2ba74198299,PERSON-005316,,59,,,,11_person.csv
92b13d39-5610-5b6f-aa0f-c9c210cba47a,Tamil Nadu Person PERSON-005363,Other,SALEM Area,imported,12fe593e-e883-5cac-9710-f2ba74198299,PERSON-005363,,44,,,,11_person.csv
94b3c0ef-d17d-5def-91ff-15d2ecd810c0,Tamil Nadu Person PERSON-005371,Male,DINDIGUL Area,imported,12fe593e-e883-5cac-9710-f2ba74198299,PERSON-005371,,35,,,,11_person.csv
de12eeb9-a912-5898-a105-abc3e9285c92,Tamil Nadu Person PERSON-005372,Other,CHENGALPATTU Area,imported,12fe593e-e883-5cac-9710-f2ba74198299,PERSON-005372,,37,,,,11_person.csv
2f624180-5d5c-5425-8edc-73dad107a977,Tamil Nadu Person PERSON-005385,Other,CHENGALPATTU Area,imported,12fe593e-e883-5cac-9710-f2ba74198299,PERSON-005385,,40,,,,11_person.csv
cf3385e2-7506-5f45-9011-c996d83e96c0,Tamil Nadu Person PERSON-005395,Other,VILUPPURAM Area,imported,12fe593e-e883-5cac-9710-f2ba74198299,PERSON-005395,,62,,,,11_person.csv
623ad589-4405-5a95-8adf-b094455c8656,Tamil Nadu Person PERSON-005402,Other,ERODE Area,imported,12fe593e-e883-5cac-9710-f2ba74198299,PERSON-005402,,37,,,,11_person.csv
6c7c4512-c0f7-5686-8c3d-131cc4ac787e,Tamil Nadu Person PERSON-005403,Other,TIRUCHIRAPPALLI Area,imported,12fe593e-e883-5cac-9710-f2ba74198299,PERSON-005403,,32,,,,11_person.csv
e7e4c9b0-4fd3-526e-9645-2b295e239430,Tamil Nadu Person PERSON-005408,Female,KANYAKUMARI Area,imported,12fe593e-e883-5cac-9710-f2ba74198299,PERSON-005408,,21,,,,11_person.csv
97f069f3-1f6a-5368-8cd7-100ee63a6d53,Tamil Nadu Person PERSON-005409,Other,NAGAPATTINAM Area,imported,12fe593e-e883-5cac-9710-f2ba74198299,PERSON-005409,,74,,,,11_person.csv
ed610597-12bc-5d41-ae6d-1ec98c7c2792,Tamil Nadu Person PERSON-005438,Other,TIRUVANNAMALAI Area,imported,12fe593e-e883-5cac-9710-f2ba74198299,PERSON-005438,,66,,,,11_person.csv
c58ceef0-f204-5980-9793-f58a31367e68,Tamil Nadu Person PERSON-005440,Male,PUDUKOTTAI Area,imported,12fe593e-e883-5cac-9710-f2ba74198299,PERSON-005440,,65,,,,11_person.csv
d559112a-711e-5b66-b966-45d4e7a61594,Tamil Nadu Person PERSON-005442,Other,THENI Area,imported,12fe593e-e883-5cac-9710-f2ba74198299,PERSON-005442,,72,,,,11_person.csv
92341111-5931-5361-a11b-aa300579f5ff,Tamil Nadu Person PERSON-005443,Other,TIRUPPUR Area,imported,12fe593e-e883-5cac-9710-f2ba74198299,PERSON-005443,,71,,,,11_person.csv
81dff8bf-662d-59ea-ac58-a88d84ade5b7,Tamil Nadu Person PERSON-005445,Other,THE_NILGIRIS Area,imported,12fe593e-e883-5cac-9710-f2ba74198299,PERSON-005445,,35,,,,11_person.csv
e52370c4-ee17-5800-a394-788e61de727b,Tamil Nadu Person PERSON-005446,Other,RAMESWARAM Area,imported,12fe593e-e883-5cac-9710-f2ba74198299,PERSON-005446,,69,,,,11_person.csv
adacfa18-bffb-5e22-b25d-3b35d32cb6eb,Tamil Nadu Person PERSON-005448,Other,RAMESWARAM Area,imported,12fe593e-e883-5cac-9710-f2ba74198299,PERSON-005448,,72,,,,11_person.csv
e1be5510-357c-588e-938e-c2e2252ec6f4,Tamil Nadu Person PERSON-005452,Other,MAYILADUTHURAI Area,imported,12fe593e-e883-5cac-9710-f2ba74198299,PERSON-005452,,66,,,,11_person.csv
c48da2a0-5172-5700-b8d0-412d8c60943b,Tamil Nadu Person PERSON-005456,Other,NAMAKKAL Area,imported,12fe593e-e883-5cac-9710-f2ba74198299,PERSON-005456,,57,,,,11_person.csv
02b2e818-ed0e-53d8-9558-19e6c0d366e0,Tamil Nadu Person PERSON-005495,Other,PUDUKOTTAI Area,imported,12fe593e-e883-5cac-9710-f2ba74198299,PERSON-005495,,71,,,,11_person.csv
76a36787-8885-5206-89d4-7bac488932a0,Tamil Nadu Person PERSON-005504,Other,KANYAKUMARI Area,imported,12fe593e-e883-5cac-9710-f2ba74198299,PERSON-005504,,32,,,,11_person.csv
a8d4f271-f171-5e3b-ad43-28f79caa3316,Tamil Nadu Person PERSON-005508,Male,THIRUVARUR Area,imported,12fe593e-e883-5cac-9710-f2ba74198299,PERSON-005508,,27,,,,11_person.csv
2ef01fc5-3d90-5557-b85a-bbd5e9cbab13,Tamil Nadu Person PERSON-005518,Other,VIRUDHUNAGAR Area,imported,12fe593e-e883-5cac-9710-f2ba74198299,PERSON-005518,,45,,,,11_person.csv
f08ea924-30b8-51ba-9e3c-e094e366e4c0,Tamil Nadu Person PERSON-005528,Other,SIVAGANGA Area,imported,12fe593e-e883-5cac-9710-f2ba74198299,PERSON-005528,,45,,,,11_person.csv
88855e35-35e8-5a84-958c-707996c27783,Tamil Nadu Person PERSON-005531,Female,RAMESWARAM Area,imported,12fe593e-e883-5cac-9710-f2ba74198299,PERSON-005531,,51,,,,11_person.csv
cb7f367a-591b-5d39-b346-ba0f231dc2ab,Tamil Nadu Person PERSON-005544,Other,ERODE Area,imported,12fe593e-e883-5cac-9710-f2ba74198299,PERSON-005544,,20,,,,11_person.csv
433abe08-b588-5474-bf60-1b74a01dceb4,Tamil Nadu Person PERSON-005546,Female,RANIPET Area,imported,12fe593e-e883-5cac-9710-f2ba74198299,PERSON-005546,,67,,,,11_person.csv
25da8eec-8eb5-570e-8657-803af0e7bd45,Tamil Nadu Person PERSON-005574,Female,ERODE Area,imported,12fe593e-e883-5cac-9710-f2ba74198299,PERSON-005574,,31,,,,11_person.csv
e4e96208-0030-55a4-b12a-aefe9965ab91,Tamil Nadu Person PERSON-005581,Other,VIRUDHUNAGAR Area,imported,12fe593e-e883-5cac-9710-f2ba74198299,PERSON-005581,,22,,,,11_person.csv
70e5c347-211d-56e9-b414-44f60fc2a9c5,Tamil Nadu Person PERSON-005582,Other,RANIPET Area,imported,12fe593e-e883-5cac-9710-f2ba74198299,PERSON-005582,,44,,,,11_person.csv
3043aea2-cb3c-5a7e-b791-53e91e32ecc8,Tamil Nadu Person PERSON-005584,Female,TIRUPATHUR Area,imported,12fe593e-e883-5cac-9710-f2ba74198299,PERSON-005584,,42,,,,11_person.csv
2b5c39cd-7c21-5d20-b8c9-6ebe8e913440,Tamil Nadu Person PERSON-005590,Other,KRISHNAGIRI Area,imported,12fe593e-e883-5cac-9710-f2ba74198299,PERSON-005590,,71,,,,11_person.csv
e482cc76-b65f-529f-b26e-ffbf2b3c5e1b,Tamil Nadu Person PERSON-005591,Other,KUMBAKONAM Area,imported,12fe593e-e883-5cac-9710-f2ba74198299,PERSON-005591,,63,,,,11_person.csv
0eda99b4-c6a4-551e-a15d-019354f3d45f,Tamil Nadu Person PERSON-005602,Other,DHARMAPURI Area,imported,12fe593e-e883-5cac-9710-f2ba74198299,PERSON-005602,,33,,,,11_person.csv
3a0b613e-58eb-5f02-a7d3-89ccf12d9c14,Tamil Nadu Person PERSON-005610,Male,NAGAPATTINAM Area,imported,12fe593e-e883-5cac-9710-f2ba74198299,PERSON-005610,,70,,,,11_person.csv
4558781e-dd49-5268-9a62-b812aab4d92e,Tamil Nadu Person PERSON-005621,Other,CHENNAI Area,imported,12fe593e-e883-5cac-9710-f2ba74198299,PERSON-005621,,70,,,,11_person.csv
1d2ca7cc-4db0-599d-bad7-f2d63b14d62f,Tamil Nadu Person PERSON-005639,Female,TIRUCHIRAPPALLI Area,imported,12fe593e-e883-5cac-9710-f2ba74198299,PERSON-005639,,75,,,,11_person.csv
8c873e75-c4a1-5a8e-9214-d46a16a17495,Tamil Nadu Person PERSON-005645,Female,RAMESWARAM Area,imported,12fe593e-e883-5cac-9710-f2ba74198299,PERSON-005645,,74,,,,11_person.csv
467231ca-e698-5ffc-b863-bf583e7909df,Tamil Nadu Person PERSON-005667,Male,THENI Area,imported,12fe593e-e883-5cac-9710-f2ba74198299,PERSON-005667,,49,,,,11_person.csv
53ce8dd6-4fc8-59c0-8411-f4fe3fce4e6a,Tamil Nadu Person PERSON-005675,Male,TIRUCHIRAPPALLI Area,imported,12fe593e-e883-5cac-9710-f2ba74198299,PERSON-005675,,45,,,,11_person.csv
7b0d380e-4597-52da-91ec-377dbb14755a,Tamil Nadu Person PERSON-005724,Other,TIRUVANNAMALAI Area,imported,12fe593e-e883-5cac-9710-f2ba74198299,PERSON-005724,,51,,,,11_person.csv
4ee0584c-e52a-5fe9-940a-59741c47433e,Tamil Nadu Person PERSON-005736,Other,VILUPPURAM Area,imported,12fe593e-e883-5cac-9710-f2ba74198299,PERSON-005736,,22,,,,11_person.csv
40f3bf55-595f-50c7-b819-8cb5c834c859,Tamil Nadu Person PERSON-005740,Male,CHENGALPATTU Area,imported,12fe593e-e883-5cac-9710-f2ba74198299,PERSON-005740,,63,,,,11_person.csv
2b9b3678-d71c-5935-b89f-b2af293cb9a4,Tamil Nadu Person PERSON-005749,Other,MAYILADUTHURAI Area,imported,12fe593e-e883-5cac-9710-f2ba74198299,PERSON-005749,,71,,,,11_person.csv
f0265611-a3e5-522c-8e91-b6fcdf807110,Tamil Nadu Person PERSON-005752,Male,DHARMAPURI Area,imported,12fe593e-e883-5cac-9710-f2ba74198299,PERSON-005752,,34,,,,11_person.csv
1aea0748-6f14-5784-87af-1e953a4373ce,Tamil Nadu Person PERSON-005755,Other,RANIPET Area,imported,12fe593e-e883-5cac-9710-f2ba74198299,PERSON-005755,,75,,,,11_person.csv
783513ab-3b4d-580a-9f60-c0ca891deb81,Tamil Nadu Person PERSON-005757,Female,THIRUVARUR Area,imported,12fe593e-e883-5cac-9710-f2ba74198299,PERSON-005757,,53,,,,11_person.csv
547f676b-9928-567e-aca8-8fb3f4d8a252,Tamil Nadu Person PERSON-005758,Other,RANIPET Area,imported,12fe593e-e883-5cac-9710-f2ba74198299,PERSON-005758,,64,,,,11_person.csv
d0325d37-1004-5be8-8134-6fe9bf552f78,Tamil Nadu Person PERSON-005779,Male,THIRUVALLUR Area,imported,12fe593e-e883-5cac-9710-f2ba74198299,PERSON-005779,,27,,,,11_person.csv
00909ab1-e8ad-53e8-8841-c6944e1d52cc,Tamil Nadu Person PERSON-005802,Other,NAGAPATTINAM Area,imported,12fe593e-e883-5cac-9710-f2ba74198299,PERSON-005802,,56,,,,11_person.csv
6b3f03e3-b5e8-57ab-9cc3-feb5fd039e1c,Tamil Nadu Person PERSON-005818,Male,CHENGALPATTU Area,imported,12fe593e-e883-5cac-9710-f2ba74198299,PERSON-005818,,34,,,,11_person.csv
567a1752-331b-56f3-9b01-5deea25312af,Tamil Nadu Person PERSON-005824,Other,NAMAKKAL Area,imported,12fe593e-e883-5cac-9710-f2ba74198299,PERSON-005824,,27,,,,11_person.csv
7cc775b9-9c82-5d44-91f0-46ea79e2b214,Tamil Nadu Person PERSON-005829,Other,SIVAGANGA Area,imported,12fe593e-e883-5cac-9710-f2ba74198299,PERSON-005829,,72,,,,11_person.csv
eff49181-dd52-5e19-9d99-7bf321027cef,Tamil Nadu Person PERSON-005845,Other,CHENGALPATTU Area,imported,12fe593e-e883-5cac-9710-f2ba74198299,PERSON-005845,,55,,,,11_person.csv
9784321a-2295-5be5-a084-64f4125aa578,Tamil Nadu Person PERSON-005875,Other,CHENGALPATTU Area,imported,12fe593e-e883-5cac-9710-f2ba74198299,PERSON-005875,,39,,,,11_person.csv
a0a404d5-c1a3-5028-8f31-8ba73a6b2e50,Tamil Nadu Person PERSON-005890,Female,NAGAPATTINAM Area,imported,12fe593e-e883-5cac-9710-f2ba74198299,PERSON-005890,,35,,,,11_person.csv
aae48799-f166-5175-887b-e423649b74da,Tamil Nadu Person PERSON-005901,Other,SALEM Area,imported,12fe593e-e883-5cac-9710-f2ba74198299,PERSON-005901,,74,,,,11_person.csv
42a6b470-50ff-5cd2-90d6-e9e41222a2eb,Tamil Nadu Person PERSON-005910,Other,TIRUNELVELI Area,imported,12fe593e-e883-5cac-9710-f2ba74198299,PERSON-005910,,21,,,,11_person.csv
e2a5249a-5fcb-5f9e-bb02-a7492f784151,Tamil Nadu Person PERSON-005911,Female,RANIPET Area,imported,12fe593e-e883-5cac-9710-f2ba74198299,PERSON-005911,,31,,,,11_person.csv
39899b89-d000-5746-9710-3e0f5e17becd,Tamil Nadu Person PERSON-005912,Female,TIRUPATHUR Area,imported,12fe593e-e883-5cac-9710-f2ba74198299,PERSON-005912,,46,,,,11_person.csv
71e8f395-ca1e-5703-89eb-83c10d3893e6,Tamil Nadu Person PERSON-005916,Other,SIVAGANGA Area,imported,12fe593e-e883-5cac-9710-f2ba74198299,PERSON-005916,,28,,,,11_person.csv
db2a52d9-57ae-5119-a5b0-e14f43d81478,Tamil Nadu Person PERSON-005918,Male,COIMBATORE Area,imported,12fe593e-e883-5cac-9710-f2ba74198299,PERSON-005918,,65,,,,11_person.csv
324a0df8-6a4c-5571-bbae-d80f5761bdbe,Tamil Nadu Person PERSON-005928,Female,KANYAKUMARI Area,imported,12fe593e-e883-5cac-9710-f2ba74198299,PERSON-005928,,33,,,,11_person.csv
0121d66e-33e3-56fe-aec1-fb7ed904a734,Tamil Nadu Person PERSON-005931,Female,DHARMAPURI Area,imported,12fe593e-e883-5cac-9710-f2ba74198299,PERSON-005931,,65,,,,11_person.csv
e38f8ed9-350f-5ef7-87a3-44a760366448,Tamil Nadu Person PERSON-005952,Male,KUMBAKONAM Area,imported,12fe593e-e883-5cac-9710-f2ba74198299,PERSON-005952,,25,,,,11_person.csv
1a446143-78cd-5664-92f2-77c98f1c9ea8,Tamil Nadu Person PERSON-005955,Other,THOOTHUKUDI Area,imported,12fe593e-e883-5cac-9710-f2ba74198299,PERSON-005955,,72,,,,11_person.csv
cda27ca7-d566-5fca-a4dd-454506cac7cc,Tamil Nadu Person PERSON-005968,Male,SIVAGANGA Area,imported,12fe593e-e883-5cac-9710-f2ba74198299,PERSON-005968,,41,,,,11_person.csv
4353bda7-5490-5f89-a09a-a2e89b3afb08,Tamil Nadu Person PERSON-005969,Other,MAYILADUTHURAI Area,imported,12fe593e-e883-5cac-9710-f2ba74198299,PERSON-005969,,46,,,,11_person.csv
765b096d-0d3b-5fe2-9422-7fc7970867ae,Tamil Nadu Person PERSON-005978,Male,RAMANATHAPURAM Area,imported,12fe593e-e883-5cac-9710-f2ba74198299,PERSON-005978,,66,,,,11_person.csv
ce6c0df9-741e-5b79-bcde-cfb2c56fd0b1,Tamil Nadu Person PERSON-005983,Other,THOOTHUKUDI Area,imported,12fe593e-e883-5cac-9710-f2ba74198299,PERSON-005983,,24,,,,11_person.csv
f2552435-348f-5637-aadd-b9c42a1d08b7,Tamil Nadu Person PERSON-005996,Other,NAGAPATTINAM Area,imported,12fe593e-e883-5cac-9710-f2ba74198299,PERSON-005996,,20,,,,11_person.csv
98d451e5-b1b0-5a6a-bea3-4fefdfd4217d,Tamil Nadu Person PERSON-005998,Other,MAYILADUTHURAI Area,imported,12fe593e-e883-5cac-9710-f2ba74198299,PERSON-005998,,40,,,,11_person.csv
2bc676b4-0a9d-57aa-b76c-860790a4bb68,Tamil Nadu Person PERSON-006018,Other,SIVAGANGA Area,imported,12fe593e-e883-5cac-9710-f2ba74198299,PERSON-006018,,45,,,,11_person.csv
f42fe4f3-b858-5395-b219-499f02a91891,Tamil Nadu Person PERSON-006037,Female,KALLAKURICHI Area,imported,12fe593e-e883-5cac-9710-f2ba74198299,PERSON-006037,,51,,,,11_person.csv
5cd5c993-82bc-5c4d-941b-754b2dab0921,Tamil Nadu Person PERSON-006055,Female,KALLAKURICHI Area,imported,12fe593e-e883-5cac-9710-f2ba74198299,PERSON-006055,,50,,,,11_person.csv
7fe8c9af-79ca-586b-9c5f-df66ecff5341,Tamil Nadu Person PERSON-006070,Other,SALEM Area,imported,12fe593e-e883-5cac-9710-f2ba74198299,PERSON-006070,,42,,,,11_person.csv
5ad4c11f-6d6d-5c6d-9e23-be715187cc12,Tamil Nadu Person PERSON-006092,Other,PERAMBALUR Area,imported,12fe593e-e883-5cac-9710-f2ba74198299,PERSON-006092,,73,,,,11_person.csv
db1e6b22-fa78-5526-b174-17b47e5f2f1e,Tamil Nadu Person PERSON-006107,Other,NAGAPATTINAM Area,imported,12fe593e-e883-5cac-9710-f2ba74198299,PERSON-006107,,32,,,,11_person.csv
c8cadcfb-169d-5a8e-a39c-11c987e4f65c,Tamil Nadu Person PERSON-006115,Other,KUMBAKONAM Area,imported,12fe593e-e883-5cac-9710-f2ba74198299,PERSON-006115,,66,,,,11_person.csv
40aac4a5-5aaa-5aa0-8703-a3fbf6df78b2,Tamil Nadu Person PERSON-006137,Other,TIRUNELVELI Area,imported,12fe593e-e883-5cac-9710-f2ba74198299,PERSON-006137,,31,,,,11_person.csv
9dddff94-7581-5a9a-b345-f430d7f97dd8,Tamil Nadu Person PERSON-006138,Male,KARUR Area,imported,12fe593e-e883-5cac-9710-f2ba74198299,PERSON-006138,,52,,,,11_person.csv
5695bab9-f02c-52de-bda0-cd8d1b86a01e,Tamil Nadu Person PERSON-006141,Male,PERAMBALUR Area,imported,12fe593e-e883-5cac-9710-f2ba74198299,PERSON-006141,,21,,,,11_person.csv
89bff325-6c42-5ba4-b0b9-5846497549e6,Tamil Nadu Person PERSON-006144,Other,TIRUPATHUR Area,imported,12fe593e-e883-5cac-9710-f2ba74198299,PERSON-006144,,40,,,,11_person.csv
6707246a-e953-5265-84bc-43e57403d635,Tamil Nadu Person PERSON-006146,Other,CHENGALPATTU Area,imported,12fe593e-e883-5cac-9710-f2ba74198299,PERSON-006146,,36,,,,11_person.csv
799a8c7c-ff94-5d2d-987d-e5f8d65f3678,Tamil Nadu Person PERSON-006147,Other,THOOTHUKUDI Area,imported,12fe593e-e883-5cac-9710-f2ba74198299,PERSON-006147,,47,,,,11_person.csv
24fa9f14-77bc-5094-ba19-e214201ce212,Tamil Nadu Person PERSON-006148,Other,KANCHEEPURAM Area,imported,12fe593e-e883-5cac-9710-f2ba74198299,PERSON-006148,,72,,,,11_person.csv
94cbdfe6-9274-5b9c-b488-ee3ddd45ed6a,Tamil Nadu Person PERSON-006162,Other,TIRUPPUR Area,imported,12fe593e-e883-5cac-9710-f2ba74198299,PERSON-006162,,26,,,,11_person.csv
acb5f06e-2556-5dbb-b2d0-5ae2f0f918a8,Tamil Nadu Person PERSON-006180,Other,TIRUPPUR Area,imported,12fe593e-e883-5cac-9710-f2ba74198299,PERSON-006180,,60,,,,11_person.csv
027f1dd4-d194-501b-b316-207b4b8043ba,Tamil Nadu Person PERSON-006195,Female,THE_NILGIRIS Area,imported,12fe593e-e883-5cac-9710-f2ba74198299,PERSON-006195,,37,,,,11_person.csv
c1c676e3-ce4e-55a6-ab87-249754c6accc,Tamil Nadu Person PERSON-006209,Female,TIRUPATHUR Area,imported,12fe593e-e883-5cac-9710-f2ba74198299,PERSON-006209,,33,,,,11_person.csv
fcfcabc5-e6d3-50a8-a59d-fdf12c5a11a4,Tamil Nadu Person PERSON-006210,Other,KANYAKUMARI Area,imported,12fe593e-e883-5cac-9710-f2ba74198299,PERSON-006210,,74,,,,11_person.csv
4083cd31-e943-546a-a1b1-04ed866ae6db,Tamil Nadu Person PERSON-006213,Other,KALLAKURICHI Area,imported,12fe593e-e883-5cac-9710-f2ba74198299,PERSON-006213,,44,,,,11_person.csv
9d413707-cdbb-5f2b-8da6-fbfe50418c73,Tamil Nadu Person PERSON-006216,Other,KANYAKUMARI Area,imported,12fe593e-e883-5cac-9710-f2ba74198299,PERSON-006216,,24,,,,11_person.csv
ba4e30bd-bb2f-513b-aab3-775a83f01012,Tamil Nadu Person PERSON-006230,Other,THIRUVARUR Area,imported,12fe593e-e883-5cac-9710-f2ba74198299,PERSON-006230,,47,,,,11_person.csv
3c8d026c-a743-5359-bd80-ae0f558d05bc,Tamil Nadu Person PERSON-006253,Other,NAMAKKAL Area,imported,12fe593e-e883-5cac-9710-f2ba74198299,PERSON-006253,,43,,,,11_person.csv
8338fa18-99bb-5c15-839c-bb57fc53eb1f,Tamil Nadu Person PERSON-006266,Other,SIVAGANGA Area,imported,12fe593e-e883-5cac-9710-f2ba74198299,PERSON-006266,,51,,,,11_person.csv
c4d71348-ed79-51fb-bc29-6c097e5be6c0,Tamil Nadu Person PERSON-006292,Female,DHARMAPURI Area,imported,12fe593e-e883-5cac-9710-f2ba74198299,PERSON-006292,,34,,,,11_person.csv
cb007920-ec2c-58fe-865b-45aa218af31f,Tamil Nadu Person PERSON-006295,Other,VILUPPURAM Area,imported,12fe593e-e883-5cac-9710-f2ba74198299,PERSON-006295,,69,,,,11_person.csv
53884ec9-7afb-5621-a84e-9c1d08f2de3b,Tamil Nadu Person PERSON-006301,Other,TENKASI Area,imported,12fe593e-e883-5cac-9710-f2ba74198299,PERSON-006301,,63,,,,11_person.csv
9abecde2-bfd2-567f-85c4-6d33365b0624,Tamil Nadu Person PERSON-006303,Male,KRISHNAGIRI Area,imported,12fe593e-e883-5cac-9710-f2ba74198299,PERSON-006303,,52,,,,11_person.csv
c0570b94-30a3-5a46-909b-4c1f26d88a2e,Tamil Nadu Person PERSON-006304,Female,VILUPPURAM Area,imported,12fe593e-e883-5cac-9710-f2ba74198299,PERSON-006304,,63,,,,11_person.csv
d9d193dc-fc58-5b2b-aa65-83e82f68da4f,Tamil Nadu Person PERSON-006402,Other,RAMANATHAPURAM Area,imported,12fe593e-e883-5cac-9710-f2ba74198299,PERSON-006402,,41,,,,11_person.csv
4b957677-4f91-59df-9dde-18ef592f1966,Tamil Nadu Person PERSON-006405,Male,THIRUVARUR Area,imported,12fe593e-e883-5cac-9710-f2ba74198299,PERSON-006405,,49,,,,11_person.csv
dd28bad9-4a83-5bf6-a8cc-f41a4e48180a,Tamil Nadu Person PERSON-006418,Other,SIVAGANGA Area,imported,12fe593e-e883-5cac-9710-f2ba74198299,PERSON-006418,,26,,,,11_person.csv
7b47ff06-a828-5427-a742-2bbafd8ef29a,Tamil Nadu Person PERSON-006431,Other,KANYAKUMARI Area,imported,12fe593e-e883-5cac-9710-f2ba74198299,PERSON-006431,,34,,,,11_person.csv
7420eb21-5d30-5d7a-a20f-a4c4df07e0a6,Tamil Nadu Person PERSON-006458,Other,CUDDALORE Area,imported,12fe593e-e883-5cac-9710-f2ba74198299,PERSON-006458,,28,,,,11_person.csv
83e90653-ec0e-5413-8a06-f1ef73ff3558,Tamil Nadu Person PERSON-006479,Other,PERAMBALUR Area,imported,12fe593e-e883-5cac-9710-f2ba74198299,PERSON-006479,,74,,,,11_person.csv
8bfc83f6-ce70-55dd-9a5b-84fb7dfe5255,Tamil Nadu Person PERSON-006487,Other,SIVAGANGA Area,imported,12fe593e-e883-5cac-9710-f2ba74198299,PERSON-006487,,30,,,,11_person.csv
7d688bc7-310f-56e8-8cae-b3ed18721c7f,Tamil Nadu Person PERSON-006500,Male,PUDUKOTTAI Area,imported,12fe593e-e883-5cac-9710-f2ba74198299,PERSON-006500,,51,,,,11_person.csv
7516afc8-d750-55b6-9faf-7b6d83183de2,Tamil Nadu Person PERSON-006515,Female,TIRUCHIRAPPALLI Area,imported,12fe593e-e883-5cac-9710-f2ba74198299,PERSON-006515,,67,,,,11_person.csv
111cbe6a-821b-5e1c-8c52-cfb289309f1b,Tamil Nadu Person PERSON-006529,Male,CHENGALPATTU Area,imported,12fe593e-e883-5cac-9710-f2ba74198299,PERSON-006529,,46,,,,11_person.csv
557579c6-2e17-538e-b5ec-3c09fc045c88,Tamil Nadu Person PERSON-006537,Female,KRISHNAGIRI Area,imported,12fe593e-e883-5cac-9710-f2ba74198299,PERSON-006537,,69,,,,11_person.csv
1e882ad8-27ac-54e1-860f-25cf6ab488c6,Tamil Nadu Person PERSON-006549,Other,CHENGALPATTU Area,imported,12fe593e-e883-5cac-9710-f2ba74198299,PERSON-006549,,69,,,,11_person.csv
986ba528-46c0-557e-bcd0-6b96ee90bd4c,Tamil Nadu Person PERSON-006566,Female,THENI Area,imported,12fe593e-e883-5cac-9710-f2ba74198299,PERSON-006566,,36,,,,11_person.csv
bcdf6eed-d27a-5cb8-bc72-28a065772d93,Tamil Nadu Person PERSON-006577,Other,KARUR Area,imported,12fe593e-e883-5cac-9710-f2ba74198299,PERSON-006577,,26,,,,11_person.csv
2ad7c151-15c9-5add-9853-042fb5865930,Tamil Nadu Person PERSON-006584,Male,TIRUPATHUR Area,imported,12fe593e-e883-5cac-9710-f2ba74198299,PERSON-006584,,73,,,,11_person.csv
f304a7e2-103f-541f-9856-8f3504fa1d0d,Tamil Nadu Person PERSON-006586,Female,TIRUPATHUR Area,imported,12fe593e-e883-5cac-9710-f2ba74198299,PERSON-006586,,62,,,,11_person.csv
17ff80ea-cf11-5146-b290-bf02ca4e8f9d,Tamil Nadu Person PERSON-006589,Other,CHENGALPATTU Area,imported,12fe593e-e883-5cac-9710-f2ba74198299,PERSON-006589,,53,,,,11_person.csv
cea26e6b-15e1-5693-91b2-9ae645101373,Tamil Nadu Person PERSON-006627,Female,PUDUKOTTAI Area,imported,12fe593e-e883-5cac-9710-f2ba74198299,PERSON-006627,,69,,,,11_person.csv
98b5bff8-1025-5d65-968b-27cfda040f52,Tamil Nadu Person PERSON-006645,Other,TIRUCHIRAPPALLI Area,imported,12fe593e-e883-5cac-9710-f2ba74198299,PERSON-006645,,75,,,,11_person.csv
d1c2b109-2f02-547f-b3eb-1faaee8a7fa3,Tamil Nadu Person PERSON-006652,Male,TIRUNELVELI Area,imported,12fe593e-e883-5cac-9710-f2ba74198299,PERSON-006652,,76,,,,11_person.csv
aa552280-2c1c-5e8d-ae4b-3d4be0437a78,Tamil Nadu Person PERSON-006660,Other,SIVAGANGA Area,imported,12fe593e-e883-5cac-9710-f2ba74198299,PERSON-006660,,29,,,,11_person.csv
97589180-2929-51c5-9ed0-3f6b987b3f95,Tamil Nadu Person PERSON-006671,Other,NAMAKKAL Area,imported,12fe593e-e883-5cac-9710-f2ba74198299,PERSON-006671,,53,,,,11_person.csv
554ca955-f2d8-5f04-8db2-5f80990da658,Tamil Nadu Person PERSON-006673,Female,DINDIGUL Area,imported,12fe593e-e883-5cac-9710-f2ba74198299,PERSON-006673,,64,,,,11_person.csv
d0507f8f-70d8-58d1-bf78-5f21d7835c80,Tamil Nadu Person PERSON-006687,Female,CHENGALPATTU Area,imported,12fe593e-e883-5cac-9710-f2ba74198299,PERSON-006687,,31,,,,11_person.csv
54f33b2d-db19-5255-a05c-c6d5ad6f0cac,Tamil Nadu Person PERSON-006718,Other,CHENNAI Area,imported,12fe593e-e883-5cac-9710-f2ba74198299,PERSON-006718,,50,,,,11_person.csv
9ad22aec-43ee-5e7b-900a-e0604ce92ce9,Tamil Nadu Person PERSON-006720,Male,COIMBATORE Area,imported,12fe593e-e883-5cac-9710-f2ba74198299,PERSON-006720,,42,,,,11_person.csv
eaf77177-832b-5006-a9f0-c86291b751c6,Tamil Nadu Person PERSON-006724,Other,NAGAPATTINAM Area,imported,12fe593e-e883-5cac-9710-f2ba74198299,PERSON-006724,,73,,,,11_person.csv
904c015b-e70d-5a78-8584-e283f853d0a9,Tamil Nadu Person PERSON-006732,Male,ERODE Area,imported,12fe593e-e883-5cac-9710-f2ba74198299,PERSON-006732,,66,,,,11_person.csv
36edc851-d034-5527-a00e-0d6ebb5814bf,Tamil Nadu Person PERSON-006737,Other,RAMANATHAPURAM Area,imported,12fe593e-e883-5cac-9710-f2ba74198299,PERSON-006737,,72,,,,11_person.csv
0ae61f92-27d3-5572-ac2f-bc8941b75314,Tamil Nadu Person PERSON-006743,Other,RAMANATHAPURAM Area,imported,12fe593e-e883-5cac-9710-f2ba74198299,PERSON-006743,,41,,,,11_person.csv
71fad918-8c74-5f66-9050-9d8c42934a5d,Tamil Nadu Person PERSON-006776,Other,SIVAGANGA Area,imported,12fe593e-e883-5cac-9710-f2ba74198299,PERSON-006776,,54,,,,11_person.csv
8298a46a-d82f-5c2f-8ca0-9a0fa31aa006,Tamil Nadu Person PERSON-006787,Other,MADURAI Area,imported,12fe593e-e883-5cac-9710-f2ba74198299,PERSON-006787,,34,,,,11_person.csv
402621a8-0513-5350-af4a-d5214a45f650,Tamil Nadu Person PERSON-006788,Other,THE_NILGIRIS Area,imported,12fe593e-e883-5cac-9710-f2ba74198299,PERSON-006788,,52,,,,11_person.csv
9c6971c2-db0a-5d83-aa7f-6102955dd501,Tamil Nadu Person PERSON-006791,Female,TIRUPPUR Area,imported,12fe593e-e883-5cac-9710-f2ba74198299,PERSON-006791,,44,,,,11_person.csv
46ac3810-72a0-5e4c-8fbb-c631e47300a3,Tamil Nadu Person PERSON-006800,Male,KARUR Area,imported,12fe593e-e883-5cac-9710-f2ba74198299,PERSON-006800,,29,,,,11_person.csv
6d87fcd3-bab8-50f4-95d6-1d4ea7e469c7,Tamil Nadu Person PERSON-006813,Female,MAYILADUTHURAI Area,imported,12fe593e-e883-5cac-9710-f2ba74198299,PERSON-006813,,52,,,,11_person.csv
9f16a8a2-2f0a-5450-a141-4c8a52b985bd,Tamil Nadu Person PERSON-006815,Other,COIMBATORE Area,imported,12fe593e-e883-5cac-9710-f2ba74198299,PERSON-006815,,51,,,,11_person.csv
2956264b-285f-5b59-a243-f78b4cc672ae,Tamil Nadu Person PERSON-006823,Female,NAGAPATTINAM Area,imported,12fe593e-e883-5cac-9710-f2ba74198299,PERSON-006823,,28,,,,11_person.csv
f2448bba-c844-5674-b0ba-c8f08fa28d6b,Tamil Nadu Person PERSON-006825,Other,KRISHNAGIRI Area,imported,12fe593e-e883-5cac-9710-f2ba74198299,PERSON-006825,,60,,,,11_person.csv
dd77eb10-6649-5ae1-b3de-92056c574bfa,Tamil Nadu Person PERSON-006827,Other,DHARMAPURI Area,imported,12fe593e-e883-5cac-9710-f2ba74198299,PERSON-006827,,26,,,,11_person.csv
a9ad57fa-6edb-5834-aa9f-b45f301d97a2,Tamil Nadu Person PERSON-006831,Female,KANYAKUMARI Area,imported,12fe593e-e883-5cac-9710-f2ba74198299,PERSON-006831,,49,,,,11_person.csv
cd99aa20-3326-5982-b8ac-c78ad81cc02a,Tamil Nadu Person PERSON-006833,Other,TIRUVANNAMALAI Area,imported,12fe593e-e883-5cac-9710-f2ba74198299,PERSON-006833,,30,,,,11_person.csv
54cfe49b-aa15-5687-9382-4dc799893199,Tamil Nadu Person PERSON-006845,Male,TIRUCHIRAPPALLI Area,imported,12fe593e-e883-5cac-9710-f2ba74198299,PERSON-006845,,47,,,,11_person.csv
36ad6cae-f18b-56e2-a464-5578e7b319ed,Tamil Nadu Person PERSON-006847,Other,THOOTHUKUDI Area,imported,12fe593e-e883-5cac-9710-f2ba74198299,PERSON-006847,,65,,,,11_person.csv
8d906186-96eb-5a1c-83fd-8569875b1a0e,Tamil Nadu Person PERSON-006850,Female,ERODE Area,imported,12fe593e-e883-5cac-9710-f2ba74198299,PERSON-006850,,59,,,,11_person.csv
2c7cb189-a1be-5df9-9bd8-d3fc044dca5d,Tamil Nadu Person PERSON-006855,Other,TIRUCHIRAPPALLI Area,imported,12fe593e-e883-5cac-9710-f2ba74198299,PERSON-006855,,48,,,,11_person.csv
7b8737d9-6c94-54dd-9adc-6d649fbc3de2,Tamil Nadu Person PERSON-006857,Male,PUDUKOTTAI Area,imported,12fe593e-e883-5cac-9710-f2ba74198299,PERSON-006857,,75,,,,11_person.csv
37331c15-21b1-5689-8db0-b6f61fc3e784,Tamil Nadu Person PERSON-006867,Other,DHARMAPURI Area,imported,12fe593e-e883-5cac-9710-f2ba74198299,PERSON-006867,,59,,,,11_person.csv
53a220da-ac5b-5122-9bf5-06bc6081ded4,Tamil Nadu Person PERSON-006871,Other,KANYAKUMARI Area,imported,12fe593e-e883-5cac-9710-f2ba74198299,PERSON-006871,,60,,,,11_person.csv
f5c701e8-9cd9-5bcb-99f3-4ee09e3ac86a,Tamil Nadu Person PERSON-006893,Other,MADURAI Area,imported,12fe593e-e883-5cac-9710-f2ba74198299,PERSON-006893,,23,,,,11_person.csv
fbc42cd1-541c-5a12-b7d9-12982e80c853,Tamil Nadu Person PERSON-006902,Other,NAMAKKAL Area,imported,12fe593e-e883-5cac-9710-f2ba74198299,PERSON-006902,,37,,,,11_person.csv
129eb9a4-5a7f-5b2e-b327-93de878a3466,Tamil Nadu Person PERSON-006910,Other,ARIYALUR Area,imported,12fe593e-e883-5cac-9710-f2ba74198299,PERSON-006910,,45,,,,11_person.csv
5666cbf2-39ca-51cc-aad9-93a03b41067c,Tamil Nadu Person PERSON-006936,Other,TIRUCHIRAPPALLI Area,imported,12fe593e-e883-5cac-9710-f2ba74198299,PERSON-006936,,62,,,,11_person.csv
41a6e458-fcc9-58be-82b3-3ccf900fabb1,Tamil Nadu Person PERSON-006967,Female,TIRUVANNAMALAI Area,imported,12fe593e-e883-5cac-9710-f2ba74198299,PERSON-006967,,35,,,,11_person.csv
b4496575-8eca-58e8-aa66-b4089564bfac,Tamil Nadu Person PERSON-006981,Other,TIRUCHIRAPPALLI Area,imported,12fe593e-e883-5cac-9710-f2ba74198299,PERSON-006981,,50,,,,11_person.csv
9159226a-973b-593e-afa1-6a89b194d3e5,Tamil Nadu Person PERSON-006982,Other,RAMESWARAM Area,imported,12fe593e-e883-5cac-9710-f2ba74198299,PERSON-006982,,50,,,,11_person.csv
b5f1a96f-cd98-5e7f-a045-2107d35c7251,Tamil Nadu Person PERSON-006989,Female,TIRUCHIRAPPALLI Area,imported,12fe593e-e883-5cac-9710-f2ba74198299,PERSON-006989,,33,,,,11_person.csv
0875259e-9e36-530f-8773-7345ac5c66e9,Tamil Nadu Person PERSON-006993,Female,RAMESWARAM Area,imported,12fe593e-e883-5cac-9710-f2ba74198299,PERSON-006993,,51,,,,11_person.csv
4a7cec66-c316-5719-b058-095d56b9d3dd,Tamil Nadu Person PERSON-007003,Other,NAGAPATTINAM Area,imported,12fe593e-e883-5cac-9710-f2ba74198299,PERSON-007003,,40,,,,11_person.csv
7c14f245-a92c-53e5-9831-10aa760499a7,Tamil Nadu Person PERSON-007008,Male,KRISHNAGIRI Area,imported,12fe593e-e883-5cac-9710-f2ba74198299,PERSON-007008,,70,,,,11_person.csv
27628d46-02f9-5db3-80ba-cde5790097cf,Tamil Nadu Person PERSON-007022,Other,RAMANATHAPURAM Area,imported,12fe593e-e883-5cac-9710-f2ba74198299,PERSON-007022,,76,,,,11_person.csv
c1e14266-7652-5af9-88b0-12f80cc4ea76,Tamil Nadu Person PERSON-007033,Female,CHENNAI Area,imported,12fe593e-e883-5cac-9710-f2ba74198299,PERSON-007033,,36,,,,11_person.csv
9b953f6b-a268-550a-a1cd-f609d098316c,Tamil Nadu Person PERSON-007038,Female,TIRUCHIRAPPALLI Area,imported,12fe593e-e883-5cac-9710-f2ba74198299,PERSON-007038,,23,,,,11_person.csv
60ceb68d-cb85-5c4a-8712-6200eb7c2cd8,Tamil Nadu Person PERSON-007051,Other,DHARMAPURI Area,imported,12fe593e-e883-5cac-9710-f2ba74198299,PERSON-007051,,38,,,,11_person.csv
bfc582ba-2a43-5956-95fd-b552665c0840,Tamil Nadu Person PERSON-007057,Male,KRISHNAGIRI Area,imported,12fe593e-e883-5cac-9710-f2ba74198299,PERSON-007057,,68,,,,11_person.csv
87643ad9-515d-5f3c-b5ee-04459111996f,Tamil Nadu Person PERSON-007072,Other,NAMAKKAL Area,imported,12fe593e-e883-5cac-9710-f2ba74198299,PERSON-007072,,67,,,,11_person.csv
b5d99adb-5cfb-506e-b1aa-f8ae6c5eab3a,Tamil Nadu Person PERSON-007073,Female,MAYILADUTHURAI Area,imported,12fe593e-e883-5cac-9710-f2ba74198299,PERSON-007073,,33,,,,11_person.csv
cd6f65c0-1005-5b38-89ba-d4afde6ade8e,Tamil Nadu Person PERSON-007089,Male,ARIYALUR Area,imported,12fe593e-e883-5cac-9710-f2ba74198299,PERSON-007089,,64,,,,11_person.csv
e1196879-ad04-5dfb-ac39-8d66ec76da97,Tamil Nadu Person PERSON-007098,Male,KRISHNAGIRI Area,imported,12fe593e-e883-5cac-9710-f2ba74198299,PERSON-007098,,23,,,,11_person.csv
f9d33de0-ab41-58df-b935-91cdd9e2ec24,Tamil Nadu Person PERSON-007100,Other,TENKASI Area,imported,12fe593e-e883-5cac-9710-f2ba74198299,PERSON-007100,,24,,,,11_person.csv
22e404d7-e728-5144-b618-466400c6f2e6,Tamil Nadu Person PERSON-007113,Other,ERODE Area,imported,12fe593e-e883-5cac-9710-f2ba74198299,PERSON-007113,,76,,,,11_person.csv
39d44ef2-69e1-5fb2-a421-802426c3c987,Tamil Nadu Person PERSON-007115,Other,ERODE Area,imported,12fe593e-e883-5cac-9710-f2ba74198299,PERSON-007115,,31,,,,11_person.csv
54a3930b-081e-5ce9-a5fa-f9b110c8c329,Tamil Nadu Person PERSON-007154,Other,ERODE Area,imported,12fe593e-e883-5cac-9710-f2ba74198299,PERSON-007154,,55,,,,11_person.csv
3bd8fb94-c5da-5a1b-ad85-40b8eb2c793b,Tamil Nadu Person PERSON-007163,Male,CUDDALORE Area,imported,12fe593e-e883-5cac-9710-f2ba74198299,PERSON-007163,,55,,,,11_person.csv
94433deb-d2bc-52c2-96af-ea949e03f378,Tamil Nadu Person PERSON-007164,Other,KALLAKURICHI Area,imported,12fe593e-e883-5cac-9710-f2ba74198299,PERSON-007164,,42,,,,11_person.csv
d767b82e-6f4d-5022-b7c6-5c8c1cfa1af1,Tamil Nadu Person PERSON-007188,Other,ARIYALUR Area,imported,12fe593e-e883-5cac-9710-f2ba74198299,PERSON-007188,,44,,,,11_person.csv
89678bce-5f12-5288-9ef5-bdfb0f07c0e8,Tamil Nadu Person PERSON-007219,Other,VIRUDHUNAGAR Area,imported,12fe593e-e883-5cac-9710-f2ba74198299,PERSON-007219,,66,,,,11_person.csv
4468c745-28a9-5c38-8e40-f59b3b500b51,Tamil Nadu Person PERSON-007235,Other,THIRUVALLUR Area,imported,12fe593e-e883-5cac-9710-f2ba74198299,PERSON-007235,,39,,,,11_person.csv
8298ea11-c4d7-5cdd-be73-27a16b3a8a7d,Tamil Nadu Person PERSON-007257,Other,CUDDALORE Area,imported,12fe593e-e883-5cac-9710-f2ba74198299,PERSON-007257,,66,,,,11_person.csv
885e0589-a832-52a1-a601-fbe592c6a5e2,Tamil Nadu Person PERSON-007260,Other,KANYAKUMARI Area,imported,12fe593e-e883-5cac-9710-f2ba74198299,PERSON-007260,,53,,,,11_person.csv
fc6b639e-d050-5acd-bd72-2188e90a2b58,Tamil Nadu Person PERSON-007268,Other,KUMBAKONAM Area,imported,12fe593e-e883-5cac-9710-f2ba74198299,PERSON-007268,,64,,,,11_person.csv
5901390c-4e9d-5941-adee-44297092c390,Tamil Nadu Person PERSON-007271,Female,CHENGALPATTU Area,imported,12fe593e-e883-5cac-9710-f2ba74198299,PERSON-007271,,69,,,,11_person.csv
b40a128b-a210-510b-9e74-f01d93801029,Tamil Nadu Person PERSON-007292,Female,VIRUDHUNAGAR Area,imported,12fe593e-e883-5cac-9710-f2ba74198299,PERSON-007292,,56,,,,11_person.csv
d4d63f4f-c211-509f-b141-85d38bb2312a,Tamil Nadu Person PERSON-007299,Female,THENI Area,imported,12fe593e-e883-5cac-9710-f2ba74198299,PERSON-007299,,31,,,,11_person.csv
a9762292-fc1d-5773-929f-7206d0f1f150,Tamil Nadu Person PERSON-007335,Female,RAMESWARAM Area,imported,12fe593e-e883-5cac-9710-f2ba74198299,PERSON-007335,,73,,,,11_person.csv
75a0c490-c75b-5b36-9e47-a0070ed7e4e7,Tamil Nadu Person PERSON-007340,Male,TIRUNELVELI Area,imported,12fe593e-e883-5cac-9710-f2ba74198299,PERSON-007340,,51,,,,11_person.csv
0ec2323b-3140-5d52-a28a-8bea8a7784a1,Tamil Nadu Person PERSON-007345,Other,RANIPET Area,imported,12fe593e-e883-5cac-9710-f2ba74198299,PERSON-007345,,25,,,,11_person.csv
83f5f01c-e1d6-5890-a1fd-47938863de35,Tamil Nadu Person PERSON-007350,Other,PUDUKOTTAI Area,imported,12fe593e-e883-5cac-9710-f2ba74198299,PERSON-007350,,60,,,,11_person.csv
3ce9bb6a-ff5c-5820-a21d-3e0e30614f6d,Tamil Nadu Person PERSON-007363,Other,SIVAGANGA Area,imported,12fe593e-e883-5cac-9710-f2ba74198299,PERSON-007363,,72,,,,11_person.csv
37937b40-87f9-5bc6-8ba6-858b1f9a7c51,Tamil Nadu Person PERSON-007377,Male,TIRUPPUR Area,imported,12fe593e-e883-5cac-9710-f2ba74198299,PERSON-007377,,45,,,,11_person.csv
8730c77c-6258-593b-aabb-24f47a4fb550,Tamil Nadu Person PERSON-007390,Male,TIRUVANNAMALAI Area,imported,12fe593e-e883-5cac-9710-f2ba74198299,PERSON-007390,,52,,,,11_person.csv
8f94189c-bca0-5c23-bfda-cfa20a9f0fe7,Tamil Nadu Person PERSON-007393,Male,TIRUPPUR Area,imported,12fe593e-e883-5cac-9710-f2ba74198299,PERSON-007393,,74,,,,11_person.csv
979a573a-b57e-5901-9131-fe02f7731cc5,Tamil Nadu Person PERSON-007397,Other,VIRUDHUNAGAR Area,imported,12fe593e-e883-5cac-9710-f2ba74198299,PERSON-007397,,37,,,,11_person.csv
aaacd393-cac0-5e19-bc51-765ed8870c62,Tamil Nadu Person PERSON-007398,Other,ERODE Area,imported,12fe593e-e883-5cac-9710-f2ba74198299,PERSON-007398,,59,,,,11_person.csv
57890109-3ecb-55f9-8bae-9b9238b65345,Tamil Nadu Person PERSON-007400,Other,SIVAGANGA Area,imported,12fe593e-e883-5cac-9710-f2ba74198299,PERSON-007400,,24,,,,11_person.csv
885a144f-ff89-56af-bef6-fc9465eccb86,Tamil Nadu Person PERSON-007431,Other,VILUPPURAM Area,imported,12fe593e-e883-5cac-9710-f2ba74198299,PERSON-007431,,73,,,,11_person.csv
2f1b4df8-7ddb-53e9-a9bf-e327a51ad075,Tamil Nadu Person PERSON-007433,Other,DINDIGUL Area,imported,12fe593e-e883-5cac-9710-f2ba74198299,PERSON-007433,,76,,,,11_person.csv
003904fb-5dc7-5784-bd9f-a7e58f906fa8,Tamil Nadu Person PERSON-007454,Other,TIRUPATHUR Area,imported,12fe593e-e883-5cac-9710-f2ba74198299,PERSON-007454,,22,,,,11_person.csv
fb4fdfbe-36a0-56a6-a2e5-ff94b638ca85,Tamil Nadu Person PERSON-007462,Other,RAMESWARAM Area,imported,12fe593e-e883-5cac-9710-f2ba74198299,PERSON-007462,,69,,,,11_person.csv
ac9844ee-bbcf-5a7a-a1dd-c964343c1975,Tamil Nadu Person PERSON-007474,Other,DHARMAPURI Area,imported,12fe593e-e883-5cac-9710-f2ba74198299,PERSON-007474,,61,,,,11_person.csv
a43526ba-9849-5599-a0b5-a3bf08277908,Tamil Nadu Person PERSON-007481,Other,THE_NILGIRIS Area,imported,12fe593e-e883-5cac-9710-f2ba74198299,PERSON-007481,,48,,,,11_person.csv
23ad7ea6-1023-5bb5-a7e2-ade75c6851e0,Tamil Nadu Person PERSON-007488,Other,VILUPPURAM Area,imported,12fe593e-e883-5cac-9710-f2ba74198299,PERSON-007488,,73,,,,11_person.csv
3fd5b601-af2e-540f-9ed4-f81019b807f1,Tamil Nadu Person PERSON-007491,Other,PERAMBALUR Area,imported,12fe593e-e883-5cac-9710-f2ba74198299,PERSON-007491,,42,,,,11_person.csv
f5ec4fe5-4d76-5153-8de9-621d266b73b7,Tamil Nadu Person PERSON-007502,Other,TIRUNELVELI Area,imported,12fe593e-e883-5cac-9710-f2ba74198299,PERSON-007502,,61,,,,11_person.csv
50489016-434e-5444-8752-18bb4e67c9a3,Tamil Nadu Person PERSON-007505,Female,KUMBAKONAM Area,imported,12fe593e-e883-5cac-9710-f2ba74198299,PERSON-007505,,50,,,,11_person.csv
fd862542-1d3e-5ecf-9ff0-11fdf69b9f35,Tamil Nadu Person PERSON-007515,Other,KARUR Area,imported,12fe593e-e883-5cac-9710-f2ba74198299,PERSON-007515,,59,,,,11_person.csv
de1b9a74-ab14-5ee0-b1ab-d78be399c16d,Tamil Nadu Person PERSON-007520,Other,MADURAI Area,imported,12fe593e-e883-5cac-9710-f2ba74198299,PERSON-007520,,76,,,,11_person.csv
fe57d46e-1420-582a-8b0c-075f7d59bf63,Tamil Nadu Person PERSON-007533,Female,COIMBATORE Area,imported,12fe593e-e883-5cac-9710-f2ba74198299,PERSON-007533,,73,,,,11_person.csv
9ba1c00d-f7fe-513a-8e44-d4737144fb5b,Tamil Nadu Person PERSON-007544,Other,RAMESWARAM Area,imported,12fe593e-e883-5cac-9710-f2ba74198299,PERSON-007544,,47,,,,11_person.csv
11363b7b-24e6-5f9f-ada0-a65dc7ca107d,Tamil Nadu Person PERSON-007545,Other,SALEM Area,imported,12fe593e-e883-5cac-9710-f2ba74198299,PERSON-007545,,38,,,,11_person.csv
64d4aafb-dd21-578b-a27e-026e889a808d,Tamil Nadu Person PERSON-007552,Other,TIRUPATHUR Area,imported,12fe593e-e883-5cac-9710-f2ba74198299,PERSON-007552,,73,,,,11_person.csv
4f646921-2653-5c46-bfa3-5f3bc8344ce8,Tamil Nadu Person PERSON-007562,Male,RANIPET Area,imported,12fe593e-e883-5cac-9710-f2ba74198299,PERSON-007562,,59,,,,11_person.csv
79c53cff-1b19-5f2e-995a-a6ea896b29dc,Tamil Nadu Person PERSON-007589,Female,DHARMAPURI Area,imported,12fe593e-e883-5cac-9710-f2ba74198299,PERSON-007589,,45,,,,11_person.csv
84bd314e-97b8-5e57-b7f0-ee0861d8b3c1,Tamil Nadu Person PERSON-007603,Other,KUMBAKONAM Area,imported,12fe593e-e883-5cac-9710-f2ba74198299,PERSON-007603,,42,,,,11_person.csv
d46eb282-771c-5125-8ff4-096a6cc7ac50,Tamil Nadu Person PERSON-007606,Other,COIMBATORE Area,imported,12fe593e-e883-5cac-9710-f2ba74198299,PERSON-007606,,69,,,,11_person.csv
0d4fadfa-e886-5dc3-a7ad-b15c4d2f5366,Tamil Nadu Person PERSON-007611,Other,MADURAI Area,imported,12fe593e-e883-5cac-9710-f2ba74198299,PERSON-007611,,23,,,,11_person.csv
625b3cd6-5ebf-5dc7-8d0a-58d0c73a2c29,Tamil Nadu Person PERSON-007614,Male,SIVAGANGA Area,imported,12fe593e-e883-5cac-9710-f2ba74198299,PERSON-007614,,60,,,,11_person.csv
18893a74-2c22-5efa-af38-93cdafbce91f,Tamil Nadu Person PERSON-007624,Other,CUDDALORE Area,imported,12fe593e-e883-5cac-9710-f2ba74198299,PERSON-007624,,46,,,,11_person.csv
432a7431-cb58-5a4d-a328-f2b72472d186,Tamil Nadu Person PERSON-007629,Other,KANCHEEPURAM Area,imported,12fe593e-e883-5cac-9710-f2ba74198299,PERSON-007629,,57,,,,11_person.csv
dc0587d3-e197-59ca-8d2e-adcf5709d36d,Tamil Nadu Person PERSON-007634,Other,THENI Area,imported,12fe593e-e883-5cac-9710-f2ba74198299,PERSON-007634,,59,,,,11_person.csv
12dacd72-5411-5bfa-aa87-c1f6272178ee,Tamil Nadu Person PERSON-007649,Other,CHENGALPATTU Area,imported,12fe593e-e883-5cac-9710-f2ba74198299,PERSON-007649,,33,,,,11_person.csv
5c2ca74d-c6c6-5676-b2fb-9925aa077f6f,Tamil Nadu Person PERSON-007663,Female,TIRUPPUR Area,imported,12fe593e-e883-5cac-9710-f2ba74198299,PERSON-007663,,43,,,,11_person.csv
9691374d-35d4-5a5b-a091-cf6e0d02aed0,Tamil Nadu Person PERSON-007678,Other,TIRUPPUR Area,imported,12fe593e-e883-5cac-9710-f2ba74198299,PERSON-007678,,48,,,,11_person.csv
661b8548-78f2-5102-8a17-a5aac5f8aabd,Tamil Nadu Person PERSON-007681,Male,VILUPPURAM Area,imported,12fe593e-e883-5cac-9710-f2ba74198299,PERSON-007681,,42,,,,11_person.csv
fced2ed1-fe53-537c-9cbc-dcc409c4dbf0,Tamil Nadu Person PERSON-007686,Other,THIRUVARUR Area,imported,12fe593e-e883-5cac-9710-f2ba74198299,PERSON-007686,,59,,,,11_person.csv
c95c9abd-b7dc-5227-8668-455ab520f722,Tamil Nadu Person PERSON-007694,Male,NAGAPATTINAM Area,imported,12fe593e-e883-5cac-9710-f2ba74198299,PERSON-007694,,23,,,,11_person.csv
e860b46e-7ec9-5682-ba9d-835b4a495801,Tamil Nadu Person PERSON-007703,Other,TIRUVANNAMALAI Area,imported,12fe593e-e883-5cac-9710-f2ba74198299,PERSON-007703,,70,,,,11_person.csv
02c5d548-035e-55d6-8628-979dbb67339a,Tamil Nadu Person PERSON-007709,Male,TIRUPPUR Area,imported,12fe593e-e883-5cac-9710-f2ba74198299,PERSON-007709,,37,,,,11_person.csv
b1bc6346-7506-5c30-9865-6c7259bc3a7a,Tamil Nadu Person PERSON-007712,Other,NAMAKKAL Area,imported,12fe593e-e883-5cac-9710-f2ba74198299,PERSON-007712,,46,,,,11_person.csv
b8c0b1d6-c815-55bf-bcb7-08054e52ddd8,Tamil Nadu Person PERSON-007714,Other,COIMBATORE Area,imported,12fe593e-e883-5cac-9710-f2ba74198299,PERSON-007714,,46,,,,11_person.csv
4a3202f5-a1a5-5ba1-ae73-ce7810c3dd3b,Tamil Nadu Person PERSON-007727,Male,TIRUNELVELI Area,imported,12fe593e-e883-5cac-9710-f2ba74198299,PERSON-007727,,26,,,,11_person.csv
52bbe929-3192-598a-9c7e-476cae7f6e7b,Tamil Nadu Person PERSON-007748,Female,KALLAKURICHI Area,imported,12fe593e-e883-5cac-9710-f2ba74198299,PERSON-007748,,69,,,,11_person.csv
85c23c7b-7b05-5378-9600-e7312a7c395a,Tamil Nadu Person PERSON-007752,Male,RAMANATHAPURAM Area,imported,12fe593e-e883-5cac-9710-f2ba74198299,PERSON-007752,,43,,,,11_person.csv
4375a0ce-6218-5031-a5ab-268ad210f0f6,Tamil Nadu Person PERSON-007758,Other,THENI Area,imported,12fe593e-e883-5cac-9710-f2ba74198299,PERSON-007758,,29,,,,11_person.csv
58a0787d-a1dc-5cd3-9fd1-4a61f43ff5ba,Tamil Nadu Person PERSON-007759,Female,ERODE Area,imported,12fe593e-e883-5cac-9710-f2ba74198299,PERSON-007759,,21,,,,11_person.csv
4c698478-527f-5d61-99a5-08b9a6b0ca5e,Tamil Nadu Person PERSON-007772,Male,DINDIGUL Area,imported,12fe593e-e883-5cac-9710-f2ba74198299,PERSON-007772,,65,,,,11_person.csv
858a3a8f-2048-59a9-8b7f-9ff8bcbfba51,Tamil Nadu Person PERSON-007773,Female,VILUPPURAM Area,imported,12fe593e-e883-5cac-9710-f2ba74198299,PERSON-007773,,60,,,,11_person.csv
144d8999-ff32-5c8e-88d5-7020d7af6b85,Tamil Nadu Person PERSON-007774,Male,SALEM Area,imported,12fe593e-e883-5cac-9710-f2ba74198299,PERSON-007774,,70,,,,11_person.csv
1f9a5444-9075-5ef0-a457-8f5ce5569bfc,Tamil Nadu Person PERSON-007776,Other,KRISHNAGIRI Area,imported,12fe593e-e883-5cac-9710-f2ba74198299,PERSON-007776,,39,,,,11_person.csv
8708b3ab-ffe1-529f-8aac-c7df8a36d43f,Tamil Nadu Person PERSON-007798,Other,THOOTHUKUDI Area,imported,12fe593e-e883-5cac-9710-f2ba74198299,PERSON-007798,,64,,,,11_person.csv
fedf3569-cab8-5a7d-9d81-bc01d352a2ca,Tamil Nadu Person PERSON-007800,Female,KALLAKURICHI Area,imported,12fe593e-e883-5cac-9710-f2ba74198299,PERSON-007800,,58,,,,11_person.csv
4ef2fc0f-6e4c-5afc-bd66-534c7a3c3e22,Tamil Nadu Person PERSON-007811,Other,TENKASI Area,imported,12fe593e-e883-5cac-9710-f2ba74198299,PERSON-007811,,70,,,,11_person.csv
622965f9-c2af-5f35-98ae-d8884eb98bc9,Tamil Nadu Person PERSON-007825,Male,THIRUVALLUR Area,imported,12fe593e-e883-5cac-9710-f2ba74198299,PERSON-007825,,22,,,,11_person.csv
06f72173-b9fa-5228-a716-8fe23611de96,Tamil Nadu Person PERSON-007834,Other,TIRUVANNAMALAI Area,imported,12fe593e-e883-5cac-9710-f2ba74198299,PERSON-007834,,62,,,,11_person.csv
c8cd6818-5a21-52a3-bd2c-018bf06c2a2a,Tamil Nadu Person PERSON-007840,Female,RAMANATHAPURAM Area,imported,12fe593e-e883-5cac-9710-f2ba74198299,PERSON-007840,,66,,,,11_person.csv
bd641011-2dea-5a7c-8715-dc1097fbc3f0,Tamil Nadu Person PERSON-007853,Other,VIRUDHUNAGAR Area,imported,12fe593e-e883-5cac-9710-f2ba74198299,PERSON-007853,,44,,,,11_person.csv
55dde5fe-3837-59bd-9caf-331e1c77b064,Tamil Nadu Person PERSON-007859,Female,KARUR Area,imported,12fe593e-e883-5cac-9710-f2ba74198299,PERSON-007859,,23,,,,11_person.csv
d6f70428-7cca-5381-865d-ccb0d4666dc8,Tamil Nadu Person PERSON-007863,Other,KANCHEEPURAM Area,imported,12fe593e-e883-5cac-9710-f2ba74198299,PERSON-007863,,33,,,,11_person.csv
d7b1e731-7f99-57fa-991f-0cf8325a8d9d,Tamil Nadu Person PERSON-007888,Female,KANCHEEPURAM Area,imported,12fe593e-e883-5cac-9710-f2ba74198299,PERSON-007888,,59,,,,11_person.csv
2538eecd-d5de-5fac-948b-b19f884b9304,Tamil Nadu Person PERSON-007895,Other,THIRUVALLUR Area,imported,12fe593e-e883-5cac-9710-f2ba74198299,PERSON-007895,,53,,,,11_person.csv
5200a39d-c5f8-5bd4-90aa-6532257a706a,Tamil Nadu Person PERSON-007898,Other,VIRUDHUNAGAR Area,imported,12fe593e-e883-5cac-9710-f2ba74198299,PERSON-007898,,67,,,,11_person.csv
2f4f9b24-6299-5d32-a5e8-049011c4f148,Tamil Nadu Person PERSON-007903,Male,MADURAI Area,imported,12fe593e-e883-5cac-9710-f2ba74198299,PERSON-007903,,45,,,,11_person.csv
f738879d-16bc-580f-8dd0-fd882489939e,Tamil Nadu Person PERSON-007911,Female,SALEM Area,imported,12fe593e-e883-5cac-9710-f2ba74198299,PERSON-007911,,36,,,,11_person.csv
cd87a60c-cec1-528b-92c0-b7eaf30e9ee0,Tamil Nadu Person PERSON-007925,Male,MADURAI Area,imported,12fe593e-e883-5cac-9710-f2ba74198299,PERSON-007925,,25,,,,11_person.csv
b52a513a-675e-596c-9f84-a34b87ab9cc8,Tamil Nadu Person PERSON-007932,Other,CUDDALORE Area,imported,12fe593e-e883-5cac-9710-f2ba74198299,PERSON-007932,,28,,,,11_person.csv
488af564-c75b-5948-9014-4106182b9426,Tamil Nadu Person PERSON-007934,Female,TIRUNELVELI Area,imported,12fe593e-e883-5cac-9710-f2ba74198299,PERSON-007934,,67,,,,11_person.csv
cae6ee3e-a317-5102-9992-e0d9b2d34a99,Tamil Nadu Person PERSON-007940,Female,TIRUNELVELI Area,imported,12fe593e-e883-5cac-9710-f2ba74198299,PERSON-007940,,54,,,,11_person.csv
c023ae50-5902-5f8f-ae15-dbfeecb68797,Tamil Nadu Person PERSON-007951,Female,TIRUPPUR Area,imported,12fe593e-e883-5cac-9710-f2ba74198299,PERSON-007951,,28,,,,11_person.csv
f6184092-7c5d-5817-a2cc-1a9a7a2c80bc,Tamil Nadu Person PERSON-007952,Female,RANIPET Area,imported,12fe593e-e883-5cac-9710-f2ba74198299,PERSON-007952,,66,,,,11_person.csv
7a0dad4a-b044-5585-adbe-33a4b2ed888f,Tamil Nadu Person PERSON-007959,Other,THENI Area,imported,12fe593e-e883-5cac-9710-f2ba74198299,PERSON-007959,,47,,,,11_person.csv
47abd8ff-8c42-583c-b311-fdae83e40321,Tamil Nadu Person PERSON-007962,Other,TIRUPATHUR Area,imported,12fe593e-e883-5cac-9710-f2ba74198299,PERSON-007962,,58,,,,11_person.csv
37707492-3799-5f64-8fe0-1ecb6e9636e5,Tamil Nadu Person PERSON-007964,Male,TIRUCHIRAPPALLI Area,imported,12fe593e-e883-5cac-9710-f2ba74198299,PERSON-007964,,63,,,,11_person.csv
ea9849eb-1640-57a8-8c13-8ee8f349acba,Tamil Nadu Person PERSON-007970,Female,TIRUVANNAMALAI Area,imported,12fe593e-e883-5cac-9710-f2ba74198299,PERSON-007970,,46,,,,11_person.csv
c8cfeb1d-28ea-59d0-ab7b-4be9cd236e06,Tamil Nadu Person PERSON-007976,Other,KARUR Area,imported,12fe593e-e883-5cac-9710-f2ba74198299,PERSON-007976,,40,,,,11_person.csv
3d655fef-4106-5d0d-8a20-4feb9965c533,Tamil Nadu Person PERSON-008006,Female,RANIPET Area,imported,12fe593e-e883-5cac-9710-f2ba74198299,PERSON-008006,,67,,,,11_person.csv
e0a649a8-dfa3-55e8-971c-7adb3d7eab6a,Tamil Nadu Person PERSON-008023,Other,TENKASI Area,imported,12fe593e-e883-5cac-9710-f2ba74198299,PERSON-008023,,42,,,,11_person.csv
7d28e486-b2f4-5c71-854c-e13d639b595f,Tamil Nadu Person PERSON-008024,Other,ERODE Area,imported,12fe593e-e883-5cac-9710-f2ba74198299,PERSON-008024,,45,,,,11_person.csv
5eeae6c7-08a7-505d-bc52-954fb3af72a8,Tamil Nadu Person PERSON-008040,Other,KRISHNAGIRI Area,imported,12fe593e-e883-5cac-9710-f2ba74198299,PERSON-008040,,44,,,,11_person.csv
ea0b6d74-0b39-5559-a1e4-289944869338,Tamil Nadu Person PERSON-008045,Male,CUDDALORE Area,imported,12fe593e-e883-5cac-9710-f2ba74198299,PERSON-008045,,32,,,,11_person.csv
f6208658-e1be-5dbf-b35f-b1415e78ded8,Tamil Nadu Person PERSON-008049,Other,TIRUPATHUR Area,imported,12fe593e-e883-5cac-9710-f2ba74198299,PERSON-008049,,31,,,,11_person.csv
ee80a339-ea77-5e49-841f-533dcb82c10f,Tamil Nadu Person PERSON-008061,Other,KRISHNAGIRI Area,imported,12fe593e-e883-5cac-9710-f2ba74198299,PERSON-008061,,55,,,,11_person.csv
5986509b-ed3d-5a63-8442-7b444f4e73b8,Tamil Nadu Person PERSON-008066,Other,TIRUVANNAMALAI Area,imported,12fe593e-e883-5cac-9710-f2ba74198299,PERSON-008066,,48,,,,11_person.csv
4a9f6589-0cee-577c-a25d-252b8a46e4e1,Tamil Nadu Person PERSON-008070,Other,VILUPPURAM Area,imported,12fe593e-e883-5cac-9710-f2ba74198299,PERSON-008070,,60,,,,11_person.csv
1ad24e84-0bd2-55d8-a312-2a5c4fa08536,Tamil Nadu Person PERSON-008089,Other,THE_NILGIRIS Area,imported,12fe593e-e883-5cac-9710-f2ba74198299,PERSON-008089,,67,,,,11_person.csv
2cf980ee-5158-5963-8fb1-cf1c98c45b17,Tamil Nadu Person PERSON-008104,Other,PUDUKOTTAI Area,imported,12fe593e-e883-5cac-9710-f2ba74198299,PERSON-008104,,49,,,,11_person.csv
d791ab9c-b0fd-587f-94ae-1be7a3f50b7f,Tamil Nadu Person PERSON-008118,Other,TIRUPATHUR Area,imported,12fe593e-e883-5cac-9710-f2ba74198299,PERSON-008118,,57,,,,11_person.csv
91d05c5c-0e2a-59f1-b958-0afa2ddb11cd,Tamil Nadu Person PERSON-008150,Other,TIRUCHIRAPPALLI Area,imported,12fe593e-e883-5cac-9710-f2ba74198299,PERSON-008150,,71,,,,11_person.csv
28e370c4-4448-5b48-a6ef-796eca24ea1b,Tamil Nadu Person PERSON-008153,Female,KALLAKURICHI Area,imported,12fe593e-e883-5cac-9710-f2ba74198299,PERSON-008153,,55,,,,11_person.csv
7946598b-c0d2-5052-8750-ddfe118f1907,Tamil Nadu Person PERSON-008164,Other,KUMBAKONAM Area,imported,12fe593e-e883-5cac-9710-f2ba74198299,PERSON-008164,,39,,,,11_person.csv
8753707d-37a3-5032-aef3-08fad26210ab,Tamil Nadu Person PERSON-008178,Other,TIRUCHIRAPPALLI Area,imported,12fe593e-e883-5cac-9710-f2ba74198299,PERSON-008178,,68,,,,11_person.csv
07e60834-b82d-5d63-8901-aa6a269bb9b4,Tamil Nadu Person PERSON-008191,Other,ARIYALUR Area,imported,12fe593e-e883-5cac-9710-f2ba74198299,PERSON-008191,,50,,,,11_person.csv
1d26acf8-220f-5655-8a2b-6fa88d4ff438,Tamil Nadu Person PERSON-008230,Other,PUDUKOTTAI Area,imported,12fe593e-e883-5cac-9710-f2ba74198299,PERSON-008230,,65,,,,11_person.csv
31bc6dfc-3b63-5468-a7a7-97d42e758488,Tamil Nadu Person PERSON-008239,Female,THOOTHUKUDI Area,imported,12fe593e-e883-5cac-9710-f2ba74198299,PERSON-008239,,55,,,,11_person.csv
c7fac45b-5a1b-58d1-ba6b-e85069feef18,Tamil Nadu Person PERSON-008242,Other,KALLAKURICHI Area,imported,12fe593e-e883-5cac-9710-f2ba74198299,PERSON-008242,,21,,,,11_person.csv
39b46d30-f758-5b54-ac10-0ddf0ee8b326,Tamil Nadu Person PERSON-008258,Male,NAGAPATTINAM Area,imported,12fe593e-e883-5cac-9710-f2ba74198299,PERSON-008258,,42,,,,11_person.csv
1df819cf-bd31-5aba-ba58-30fd07f86e87,Tamil Nadu Person PERSON-008273,Female,DHARMAPURI Area,imported,12fe593e-e883-5cac-9710-f2ba74198299,PERSON-008273,,25,,,,11_person.csv
f5279863-76d3-54cc-8e0b-8e2756d053f5,Tamil Nadu Person PERSON-008278,Male,DINDIGUL Area,imported,12fe593e-e883-5cac-9710-f2ba74198299,PERSON-008278,,76,,,,11_person.csv
ef51b741-a7d2-54a1-bcb1-6ce1ace08563,Tamil Nadu Person PERSON-008290,Other,TIRUVANNAMALAI Area,imported,12fe593e-e883-5cac-9710-f2ba74198299,PERSON-008290,,43,,,,11_person.csv
679ecddd-0d88-5717-805a-b24f02a7b047,Tamil Nadu Person PERSON-008308,Male,NAGAPATTINAM Area,imported,12fe593e-e883-5cac-9710-f2ba74198299,PERSON-008308,,43,,,,11_person.csv
abec1e9b-7a3f-5cb1-9dd7-32d5b6e1902d,Tamil Nadu Person PERSON-008339,Female,KANYAKUMARI Area,imported,12fe593e-e883-5cac-9710-f2ba74198299,PERSON-008339,,30,,,,11_person.csv
cb0f9c5c-9865-5fd0-b949-3af97b1f74fc,Tamil Nadu Person PERSON-008341,Other,CHENGALPATTU Area,imported,12fe593e-e883-5cac-9710-f2ba74198299,PERSON-008341,,70,,,,11_person.csv
dd88fb89-019d-52e0-adff-0e3467fa5459,Tamil Nadu Person PERSON-008350,Other,MADURAI Area,imported,12fe593e-e883-5cac-9710-f2ba74198299,PERSON-008350,,26,,,,11_person.csv
0f247821-f1f9-5ace-b572-f6ed93013c0e,Tamil Nadu Person PERSON-008361,Male,TIRUVANNAMALAI Area,imported,12fe593e-e883-5cac-9710-f2ba74198299,PERSON-008361,,66,,,,11_person.csv
3fe8f280-2aa7-554c-bd25-b00d85acd0b0,Tamil Nadu Person PERSON-008363,Other,KANYAKUMARI Area,imported,12fe593e-e883-5cac-9710-f2ba74198299,PERSON-008363,,22,,,,11_person.csv
1e086649-d8bb-55d4-b4cd-59cad70840d8,Tamil Nadu Person PERSON-008364,Male,THIRUVALLUR Area,imported,12fe593e-e883-5cac-9710-f2ba74198299,PERSON-008364,,26,,,,11_person.csv
6e0bcc6e-b6e5-5ae1-a32c-693f121d6d29,Tamil Nadu Person PERSON-008367,Male,VILUPPURAM Area,imported,12fe593e-e883-5cac-9710-f2ba74198299,PERSON-008367,,32,,,,11_person.csv
e9ed63f2-569f-569a-a6c2-44732030d1cd,Tamil Nadu Person PERSON-008373,Other,PUDUKOTTAI Area,imported,12fe593e-e883-5cac-9710-f2ba74198299,PERSON-008373,,25,,,,11_person.csv
09bae4ab-62e9-5e3d-ac01-75549c96da41,Tamil Nadu Person PERSON-008393,Other,SIVAGANGA Area,imported,12fe593e-e883-5cac-9710-f2ba74198299,PERSON-008393,,50,,,,11_person.csv
473032ea-7c71-5e66-9742-d46dbc684591,Tamil Nadu Person PERSON-008397,Male,CHENGALPATTU Area,imported,12fe593e-e883-5cac-9710-f2ba74198299,PERSON-008397,,53,,,,11_person.csv
794bbc51-e8fe-5bce-bf6c-894e17cc3477,Tamil Nadu Person PERSON-008410,Male,KANYAKUMARI Area,imported,12fe593e-e883-5cac-9710-f2ba74198299,PERSON-008410,,27,,,,11_person.csv
8d89d0fb-3428-5275-8999-d866d55c00f0,Tamil Nadu Person PERSON-008417,Other,MADURAI Area,imported,12fe593e-e883-5cac-9710-f2ba74198299,PERSON-008417,,41,,,,11_person.csv
d7c48afb-5c49-5337-b145-f617003d0728,Tamil Nadu Person PERSON-008422,Male,VIRUDHUNAGAR Area,imported,12fe593e-e883-5cac-9710-f2ba74198299,PERSON-008422,,44,,,,11_person.csv
5356c2b4-e67a-556d-825c-4111f0458e41,Tamil Nadu Person PERSON-008430,Other,THIRUVALLUR Area,imported,12fe593e-e883-5cac-9710-f2ba74198299,PERSON-008430,,34,,,,11_person.csv
227345fa-fd5d-51cc-99e5-edac4d4237e5,Tamil Nadu Person PERSON-008435,Female,TIRUNELVELI Area,imported,12fe593e-e883-5cac-9710-f2ba74198299,PERSON-008435,,38,,,,11_person.csv
1303b504-7d44-5c58-afb6-31d51ddb1ca1,Tamil Nadu Person PERSON-008455,Other,MAYILADUTHURAI Area,imported,12fe593e-e883-5cac-9710-f2ba74198299,PERSON-008455,,59,,,,11_person.csv
c3b54cb9-c4b2-52c6-b104-cc6763fdeb3b,Tamil Nadu Person PERSON-008456,Male,CUDDALORE Area,imported,12fe593e-e883-5cac-9710-f2ba74198299,PERSON-008456,,39,,,,11_person.csv
3565e1ea-50ba-5676-ac30-6a3f4b2a75d5,Tamil Nadu Person PERSON-008463,Other,KARUR Area,imported,12fe593e-e883-5cac-9710-f2ba74198299,PERSON-008463,,34,,,,11_person.csv
bab9cce7-22e3-5064-b4bf-02e994abe68a,Tamil Nadu Person PERSON-008464,Male,VILUPPURAM Area,imported,12fe593e-e883-5cac-9710-f2ba74198299,PERSON-008464,,29,,,,11_person.csv
4ced6e68-f042-56d0-96da-c794c09f1870,Tamil Nadu Person PERSON-008465,Other,ARIYALUR Area,imported,12fe593e-e883-5cac-9710-f2ba74198299,PERSON-008465,,72,,,,11_person.csv
f00878da-e11c-58eb-a2b6-3124b0fd5184,Tamil Nadu Person PERSON-008485,Male,MAYILADUTHURAI Area,imported,12fe593e-e883-5cac-9710-f2ba74198299,PERSON-008485,,65,,,,11_person.csv
0f4f5553-0827-514e-b459-5ee9e4964950,Tamil Nadu Person PERSON-008504,Female,TIRUVANNAMALAI Area,imported,12fe593e-e883-5cac-9710-f2ba74198299,PERSON-008504,,41,,,,11_person.csv
51d5e02b-1a55-5cc0-a227-e033ccf34b0a,Tamil Nadu Person PERSON-008518,Other,KANCHEEPURAM Area,imported,12fe593e-e883-5cac-9710-f2ba74198299,PERSON-008518,,33,,,,11_person.csv
33e9c6da-2cea-5f3e-b1cd-65ca37398e74,Tamil Nadu Person PERSON-008519,Other,THE_NILGIRIS Area,imported,12fe593e-e883-5cac-9710-f2ba74198299,PERSON-008519,,38,,,,11_person.csv
97a69e08-831e-562f-b47b-b30e7be9ae85,Tamil Nadu Person PERSON-008523,Other,TENKASI Area,imported,12fe593e-e883-5cac-9710-f2ba74198299,PERSON-008523,,56,,,,11_person.csv
9d9489d6-09d1-54bb-b287-06b1e6082de2,Tamil Nadu Person PERSON-008533,Other,TIRUVANNAMALAI Area,imported,12fe593e-e883-5cac-9710-f2ba74198299,PERSON-008533,,21,,,,11_person.csv
30c56fef-6859-5aa5-a00a-e9e9ec4f46a8,Tamil Nadu Person PERSON-008538,Other,VIRUDHUNAGAR Area,imported,12fe593e-e883-5cac-9710-f2ba74198299,PERSON-008538,,61,,,,11_person.csv
ef42abd0-b105-509e-a7aa-5f2bce739f55,Tamil Nadu Person PERSON-008539,Other,THIRUVARUR Area,imported,12fe593e-e883-5cac-9710-f2ba74198299,PERSON-008539,,61,,,,11_person.csv
87677370-7846-5ddf-81e3-ab83a18430ec,Tamil Nadu Person PERSON-008546,Female,KARUR Area,imported,12fe593e-e883-5cac-9710-f2ba74198299,PERSON-008546,,70,,,,11_person.csv
fbe6cb94-d216-592b-a124-1c664d8dcb6a,Tamil Nadu Person PERSON-008560,Male,THIRUVALLUR Area,imported,12fe593e-e883-5cac-9710-f2ba74198299,PERSON-008560,,58,,,,11_person.csv
dcb7af0a-59e3-5fb1-a64d-dc2d9d7058d3,Tamil Nadu Person PERSON-008570,Female,ARIYALUR Area,imported,12fe593e-e883-5cac-9710-f2ba74198299,PERSON-008570,,53,,,,11_person.csv
555c7d8e-db0d-5e6e-abd8-5f5d06ab031d,Tamil Nadu Person PERSON-008575,Female,THE_NILGIRIS Area,imported,12fe593e-e883-5cac-9710-f2ba74198299,PERSON-008575,,76,,,,11_person.csv
879d6883-be77-5f0a-acff-982abf364e76,Tamil Nadu Person PERSON-008586,Other,CHENGALPATTU Area,imported,12fe593e-e883-5cac-9710-f2ba74198299,PERSON-008586,,57,,,,11_person.csv
1dfafe7b-6c88-5e42-b1c6-44873dc06832,Tamil Nadu Person PERSON-008592,Other,CHENNAI Area,imported,12fe593e-e883-5cac-9710-f2ba74198299,PERSON-008592,,51,,,,11_person.csv
8ad99f4b-ca55-5e1b-a7d4-28043739f1e7,Tamil Nadu Person PERSON-008593,Other,THENI Area,imported,12fe593e-e883-5cac-9710-f2ba74198299,PERSON-008593,,54,,,,11_person.csv
0b7efda5-6ce4-5bdb-9aef-b4f3a39880bc,Tamil Nadu Person PERSON-008635,Other,KANCHEEPURAM Area,imported,12fe593e-e883-5cac-9710-f2ba74198299,PERSON-008635,,64,,,,11_person.csv
de006362-8171-5bbf-ba26-acbaddc427e3,Tamil Nadu Person PERSON-008639,Female,THIRUVALLUR Area,imported,12fe593e-e883-5cac-9710-f2ba74198299,PERSON-008639,,37,,,,11_person.csv
38f97f9d-823c-57e9-9dae-16b653e0d2c5,Tamil Nadu Person PERSON-008673,Male,THE_NILGIRIS Area,imported,12fe593e-e883-5cac-9710-f2ba74198299,PERSON-008673,,36,,,,11_person.csv
30884eec-e783-5845-a5f8-ee61df5dbc5e,Tamil Nadu Person PERSON-008684,Other,KARUR Area,imported,12fe593e-e883-5cac-9710-f2ba74198299,PERSON-008684,,30,,,,11_person.csv
2ea421e0-1243-5c6e-b9c9-a803f3584bc8,Tamil Nadu Person PERSON-008686,Female,KUMBAKONAM Area,imported,12fe593e-e883-5cac-9710-f2ba74198299,PERSON-008686,,38,,,,11_person.csv
c8697baa-6244-52fa-925c-25a53efc6666,Tamil Nadu Person PERSON-008699,Female,CUDDALORE Area,imported,12fe593e-e883-5cac-9710-f2ba74198299,PERSON-008699,,75,,,,11_person.csv
a3837107-aaed-5077-aa7d-bc43b2cdb9be,Tamil Nadu Person PERSON-008701,Female,THIRUVALLUR Area,imported,12fe593e-e883-5cac-9710-f2ba74198299,PERSON-008701,,29,,,,11_person.csv
bb3ae015-bfe0-54c9-bc7c-cdb702e9eac7,Tamil Nadu Person PERSON-008717,Female,PERAMBALUR Area,imported,12fe593e-e883-5cac-9710-f2ba74198299,PERSON-008717,,25,,,,11_person.csv
24532ff8-cbed-5e20-ad0c-e1a499edd156,Tamil Nadu Person PERSON-008721,Other,KANCHEEPURAM Area,imported,12fe593e-e883-5cac-9710-f2ba74198299,PERSON-008721,,59,,,,11_person.csv
0757e8f7-722b-5002-b842-7ab15284d519,Tamil Nadu Person PERSON-008723,Other,VILUPPURAM Area,imported,12fe593e-e883-5cac-9710-f2ba74198299,PERSON-008723,,50,,,,11_person.csv
3a798e63-87b8-5b28-8cf2-3cd8335920c5,Tamil Nadu Person PERSON-008734,Other,CHENNAI Area,imported,12fe593e-e883-5cac-9710-f2ba74198299,PERSON-008734,,27,,,,11_person.csv
b84198e1-9220-5251-9169-79efc53ecddb,Tamil Nadu Person PERSON-008747,Male,RAMANATHAPURAM Area,imported,12fe593e-e883-5cac-9710-f2ba74198299,PERSON-008747,,72,,,,11_person.csv
88b13272-cb1d-5532-8608-729ff5333e50,Tamil Nadu Person PERSON-008750,Female,ERODE Area,imported,12fe593e-e883-5cac-9710-f2ba74198299,PERSON-008750,,55,,,,11_person.csv
118383f2-1db2-51c1-ad88-76411c4ddb35,Tamil Nadu Person PERSON-008754,Female,TENKASI Area,imported,12fe593e-e883-5cac-9710-f2ba74198299,PERSON-008754,,41,,,,11_person.csv
8bbc8846-e183-5ffb-85a0-397d8376f6f6,Tamil Nadu Person PERSON-008756,Other,NAMAKKAL Area,imported,12fe593e-e883-5cac-9710-f2ba74198299,PERSON-008756,,65,,,,11_person.csv
ab6f4f71-397c-5b5e-b92a-a09eafb85ff0,Tamil Nadu Person PERSON-008758,Female,KANYAKUMARI Area,imported,12fe593e-e883-5cac-9710-f2ba74198299,PERSON-008758,,48,,,,11_person.csv
72475b71-f613-508b-9a86-39ea58474629,Tamil Nadu Person PERSON-008772,Female,VILUPPURAM Area,imported,12fe593e-e883-5cac-9710-f2ba74198299,PERSON-008772,,56,,,,11_person.csv
1c5812f3-e70a-5026-8eea-94190d8375ef,Tamil Nadu Person PERSON-008813,Male,KALLAKURICHI Area,imported,12fe593e-e883-5cac-9710-f2ba74198299,PERSON-008813,,70,,,,11_person.csv
5e2f964f-99b2-547b-a823-c83a0d24939f,Tamil Nadu Person PERSON-008824,Female,ARIYALUR Area,imported,12fe593e-e883-5cac-9710-f2ba74198299,PERSON-008824,,43,,,,11_person.csv
c1c18acf-14cf-5803-ac04-da7ae671422e,Tamil Nadu Person PERSON-008826,Other,TENKASI Area,imported,12fe593e-e883-5cac-9710-f2ba74198299,PERSON-008826,,69,,,,11_person.csv
28ce7770-104d-5b8d-9997-d578c706b1c2,Tamil Nadu Person PERSON-008834,Other,SIVAGANGA Area,imported,12fe593e-e883-5cac-9710-f2ba74198299,PERSON-008834,,59,,,,11_person.csv
582a4fa2-00cf-50ed-9536-bcd51e8b79e0,Tamil Nadu Person PERSON-008840,Male,THENI Area,imported,12fe593e-e883-5cac-9710-f2ba74198299,PERSON-008840,,20,,,,11_person.csv
261b943f-904d-5655-b359-1f5f440f098c,Tamil Nadu Person PERSON-008846,Male,VIRUDHUNAGAR Area,imported,12fe593e-e883-5cac-9710-f2ba74198299,PERSON-008846,,72,,,,11_person.csv
ea455475-097b-51cc-8125-99dac7b51cbd,Tamil Nadu Person PERSON-008878,Male,DINDIGUL Area,imported,12fe593e-e883-5cac-9710-f2ba74198299,PERSON-008878,,28,,,,11_person.csv
c10ace9d-9503-5539-90f4-3c184a0531d6,Tamil Nadu Person PERSON-008892,Other,THIRUVALLUR Area,imported,12fe593e-e883-5cac-9710-f2ba74198299,PERSON-008892,,67,,,,11_person.csv
f030f001-3a7c-5541-a5ed-36224d4dd60c,Tamil Nadu Person PERSON-008893,Male,KANCHEEPURAM Area,imported,12fe593e-e883-5cac-9710-f2ba74198299,PERSON-008893,,38,,,,11_person.csv
371e342b-2628-5ebe-8f69-cf96cf89d77e,Tamil Nadu Person PERSON-008907,Other,THIRUVALLUR Area,imported,12fe593e-e883-5cac-9710-f2ba74198299,PERSON-008907,,62,,,,11_person.csv
6de13c1d-0194-5bdd-b818-60dcebe72d14,Tamil Nadu Person PERSON-008917,Other,DHARMAPURI Area,imported,12fe593e-e883-5cac-9710-f2ba74198299,PERSON-008917,,74,,,,11_person.csv
205c53dd-c2a9-51d6-8480-4759a051eb84,Tamil Nadu Person PERSON-008918,Other,PUDUKOTTAI Area,imported,12fe593e-e883-5cac-9710-f2ba74198299,PERSON-008918,,64,,,,11_person.csv
3cef11e6-0ce8-5006-ae0f-0bc60cd5143d,Tamil Nadu Person PERSON-008946,Female,THOOTHUKUDI Area,imported,12fe593e-e883-5cac-9710-f2ba74198299,PERSON-008946,,30,,,,11_person.csv
0d967936-3b91-56b9-9add-1bcf22c817ad,Tamil Nadu Person PERSON-008954,Male,RANIPET Area,imported,12fe593e-e883-5cac-9710-f2ba74198299,PERSON-008954,,27,,,,11_person.csv
2913fa7e-73fd-55c6-a294-4e2ecea04bdb,Tamil Nadu Person PERSON-008959,Other,KANCHEEPURAM Area,imported,12fe593e-e883-5cac-9710-f2ba74198299,PERSON-008959,,26,,,,11_person.csv
1b544a7d-8158-570e-90a3-3db86d13ae2f,Tamil Nadu Person PERSON-008981,Other,ARIYALUR Area,imported,12fe593e-e883-5cac-9710-f2ba74198299,PERSON-008981,,35,,,,11_person.csv
7db88577-10c6-5721-9a3a-43ef42a12736,Tamil Nadu Person PERSON-008986,Other,KARUR Area,imported,12fe593e-e883-5cac-9710-f2ba74198299,PERSON-008986,,53,,,,11_person.csv
e9935a6b-de14-5e0e-860a-f6e21ac63831,Tamil Nadu Person PERSON-008990,Other,THIRUVALLUR Area,imported,12fe593e-e883-5cac-9710-f2ba74198299,PERSON-008990,,69,,,,11_person.csv
4d62f238-6d93-54f6-942a-3e04f7eab97b,Tamil Nadu Person PERSON-008992,Other,KRISHNAGIRI Area,imported,12fe593e-e883-5cac-9710-f2ba74198299,PERSON-008992,,75,,,,11_person.csv
131e73b1-8a0e-504d-a0a7-d77658ccd6c3,Tamil Nadu Person PERSON-009009,Other,KALLAKURICHI Area,imported,12fe593e-e883-5cac-9710-f2ba74198299,PERSON-009009,,53,,,,11_person.csv
6fd15e64-c74c-5f15-abfd-3f44865e698c,Tamil Nadu Person PERSON-009014,Male,ERODE Area,imported,12fe593e-e883-5cac-9710-f2ba74198299,PERSON-009014,,28,,,,11_person.csv
6e71a860-22ca-5b2a-ad5b-ac178e787c05,Tamil Nadu Person PERSON-009031,Other,NAMAKKAL Area,imported,12fe593e-e883-5cac-9710-f2ba74198299,PERSON-009031,,46,,,,11_person.csv
b352af80-f30b-51d5-8a60-bb4b51629883,Tamil Nadu Person PERSON-009036,Other,PUDUKOTTAI Area,imported,12fe593e-e883-5cac-9710-f2ba74198299,PERSON-009036,,68,,,,11_person.csv
37e55094-4a6c-5f21-bcea-46dfe0b20571,Tamil Nadu Person PERSON-009053,Other,RAMESWARAM Area,imported,12fe593e-e883-5cac-9710-f2ba74198299,PERSON-009053,,25,,,,11_person.csv
679f5fa9-b6cc-574d-a5c4-47a21738a15f,Tamil Nadu Person PERSON-009055,Male,PUDUKOTTAI Area,imported,12fe593e-e883-5cac-9710-f2ba74198299,PERSON-009055,,60,,,,11_person.csv
845fb0ec-a3e1-5d75-b9fd-e3649b2351bd,Tamil Nadu Person PERSON-009069,Other,NAGAPATTINAM Area,imported,12fe593e-e883-5cac-9710-f2ba74198299,PERSON-009069,,52,,,,11_person.csv
7f5acb94-7b63-5713-ba9c-8610890688d9,Tamil Nadu Person PERSON-009083,Male,MAYILADUTHURAI Area,imported,12fe593e-e883-5cac-9710-f2ba74198299,PERSON-009083,,56,,,,11_person.csv
ba7bc17d-7010-5258-ba77-77cf8b04653a,Tamil Nadu Person PERSON-009101,Other,SALEM Area,imported,12fe593e-e883-5cac-9710-f2ba74198299,PERSON-009101,,39,,,,11_person.csv
8f17a0dd-1f33-5246-b3b1-a7f14ff614a0,Tamil Nadu Person PERSON-009102,Female,NAMAKKAL Area,imported,12fe593e-e883-5cac-9710-f2ba74198299,PERSON-009102,,34,,,,11_person.csv
4a259106-f9da-50b7-a6b0-8e3a6aa93965,Tamil Nadu Person PERSON-009129,Other,MADURAI Area,imported,12fe593e-e883-5cac-9710-f2ba74198299,PERSON-009129,,58,,,,11_person.csv
89bf437c-784d-5326-82c4-8d5dc3fe1b9e,Tamil Nadu Person PERSON-009136,Male,PUDUKOTTAI Area,imported,12fe593e-e883-5cac-9710-f2ba74198299,PERSON-009136,,75,,,,11_person.csv
1c859354-3e8e-58f9-a016-45456df75aec,Tamil Nadu Person PERSON-009137,Other,SIVAGANGA Area,imported,12fe593e-e883-5cac-9710-f2ba74198299,PERSON-009137,,67,,,,11_person.csv
1399f01a-142d-5d9f-b593-e3a29553c912,Tamil Nadu Person PERSON-009138,Other,RAMESWARAM Area,imported,12fe593e-e883-5cac-9710-f2ba74198299,PERSON-009138,,22,,,,11_person.csv
5613902e-84f9-530b-b3c2-a37a1e841036,Tamil Nadu Person PERSON-009139,Other,KANYAKUMARI Area,imported,12fe593e-e883-5cac-9710-f2ba74198299,PERSON-009139,,47,,,,11_person.csv
bf439193-1622-51c4-babd-0cfd16095c66,Tamil Nadu Person PERSON-009163,Male,VILUPPURAM Area,imported,12fe593e-e883-5cac-9710-f2ba74198299,PERSON-009163,,74,,,,11_person.csv
cc6ad2b8-32c5-5b98-b8c0-f9c7d809c9d6,Tamil Nadu Person PERSON-009170,Male,MADURAI Area,imported,12fe593e-e883-5cac-9710-f2ba74198299,PERSON-009170,,24,,,,11_person.csv
42f408fe-5446-5946-8de4-3d5910f1a12b,Tamil Nadu Person PERSON-009179,Other,PUDUKOTTAI Area,imported,12fe593e-e883-5cac-9710-f2ba74198299,PERSON-009179,,58,,,,11_person.csv
aa33ac3e-0d4a-5c62-bc08-8c9c5135b077,Tamil Nadu Person PERSON-009183,Female,VIRUDHUNAGAR Area,imported,12fe593e-e883-5cac-9710-f2ba74198299,PERSON-009183,,67,,,,11_person.csv
0aa7c70b-0eef-501b-92be-ba4d531ced57,Tamil Nadu Person PERSON-009195,Female,KALLAKURICHI Area,imported,12fe593e-e883-5cac-9710-f2ba74198299,PERSON-009195,,76,,,,11_person.csv
16386cc6-5dbc-5a2c-a469-df5cb9e6e4ee,Tamil Nadu Person PERSON-009205,Other,ARIYALUR Area,imported,12fe593e-e883-5cac-9710-f2ba74198299,PERSON-009205,,21,,,,11_person.csv
8c6fbe17-4c78-5592-aecf-44cb87d56916,Tamil Nadu Person PERSON-009228,Male,PERAMBALUR Area,imported,12fe593e-e883-5cac-9710-f2ba74198299,PERSON-009228,,76,,,,11_person.csv
a5217c43-0898-55b3-9397-fe810696b867,Tamil Nadu Person PERSON-009235,Other,THOOTHUKUDI Area,imported,12fe593e-e883-5cac-9710-f2ba74198299,PERSON-009235,,38,,,,11_person.csv
25427e89-ca2b-5b9b-add2-ab0680e59abb,Tamil Nadu Person PERSON-009236,Female,SALEM Area,imported,12fe593e-e883-5cac-9710-f2ba74198299,PERSON-009236,,56,,,,11_person.csv
4997c3d9-2352-55dc-9666-6138744d16fa,Tamil Nadu Person PERSON-009255,Female,NAGAPATTINAM Area,imported,12fe593e-e883-5cac-9710-f2ba74198299,PERSON-009255,,45,,,,11_person.csv
962646b2-60a1-53dc-87b5-92f6cad6ce9a,Tamil Nadu Person PERSON-009259,Female,KALLAKURICHI Area,imported,12fe593e-e883-5cac-9710-f2ba74198299,PERSON-009259,,49,,,,11_person.csv
cc2ff90b-04bf-5491-8b8d-945cef23e16e,Tamil Nadu Person PERSON-009279,Male,MAYILADUTHURAI Area,imported,12fe593e-e883-5cac-9710-f2ba74198299,PERSON-009279,,54,,,,11_person.csv
6d13fc3f-4948-583e-8854-17092c079bd3,Tamil Nadu Person PERSON-009280,Female,TIRUNELVELI Area,imported,12fe593e-e883-5cac-9710-f2ba74198299,PERSON-009280,,58,,,,11_person.csv
d28107af-66e4-560c-9c7f-b6aa6d25d049,Tamil Nadu Person PERSON-009286,Other,COIMBATORE Area,imported,12fe593e-e883-5cac-9710-f2ba74198299,PERSON-009286,,48,,,,11_person.csv
ec08a05c-57cb-5238-b12e-79022c69a754,Tamil Nadu Person PERSON-009300,Other,KUMBAKONAM Area,imported,12fe593e-e883-5cac-9710-f2ba74198299,PERSON-009300,,64,,,,11_person.csv
b769ba35-ee7c-5a8d-874a-022f1ad3d0b1,Tamil Nadu Person PERSON-009301,Other,TIRUPPUR Area,imported,12fe593e-e883-5cac-9710-f2ba74198299,PERSON-009301,,73,,,,11_person.csv
9a8e0558-bee3-5fcd-b908-be5a63377f3b,Tamil Nadu Person PERSON-009311,Other,MAYILADUTHURAI Area,imported,12fe593e-e883-5cac-9710-f2ba74198299,PERSON-009311,,45,,,,11_person.csv
811a7c7a-428e-506b-89c3-b0d284bc48eb,Tamil Nadu Person PERSON-009385,Other,TIRUVANNAMALAI Area,imported,12fe593e-e883-5cac-9710-f2ba74198299,PERSON-009385,,32,,,,11_person.csv
9b662044-4959-507c-bc65-93b7ca6a6ae1,Tamil Nadu Person PERSON-009386,Other,RAMANATHAPURAM Area,imported,12fe593e-e883-5cac-9710-f2ba74198299,PERSON-009386,,24,,,,11_person.csv
907cc74f-2a76-5e36-8fad-650d96a04b81,Tamil Nadu Person PERSON-009395,Female,TIRUNELVELI Area,imported,12fe593e-e883-5cac-9710-f2ba74198299,PERSON-009395,,66,,,,11_person.csv
37476be0-fc96-5e31-8ad9-7a01e57b2c08,Tamil Nadu Person PERSON-009400,Other,VIRUDHUNAGAR Area,imported,12fe593e-e883-5cac-9710-f2ba74198299,PERSON-009400,,25,,,,11_person.csv
4c4a3b6b-9cd0-539b-a8b5-adb345d8642f,Tamil Nadu Person PERSON-009415,Other,PERAMBALUR Area,imported,12fe593e-e883-5cac-9710-f2ba74198299,PERSON-009415,,58,,,,11_person.csv
cc2c5c09-913f-5351-a0bb-05b829467066,Tamil Nadu Person PERSON-009439,Female,DINDIGUL Area,imported,12fe593e-e883-5cac-9710-f2ba74198299,PERSON-009439,,27,,,,11_person.csv
c0c2cad6-353a-5b13-b0e0-56934f8d757e,Tamil Nadu Person PERSON-009444,Male,KALLAKURICHI Area,imported,12fe593e-e883-5cac-9710-f2ba74198299,PERSON-009444,,26,,,,11_person.csv
dab916ac-c121-5469-9c85-f6cba2dfacdd,Tamil Nadu Person PERSON-009451,Other,THIRUVARUR Area,imported,12fe593e-e883-5cac-9710-f2ba74198299,PERSON-009451,,70,,,,11_person.csv
8888c241-0fe1-5a85-a2ee-937eba00dde0,Tamil Nadu Person PERSON-009457,Other,RAMESWARAM Area,imported,12fe593e-e883-5cac-9710-f2ba74198299,PERSON-009457,,53,,,,11_person.csv
9c921728-42b0-58a6-a43a-162dd9220be0,Tamil Nadu Person PERSON-009460,Other,THIRUVARUR Area,imported,12fe593e-e883-5cac-9710-f2ba74198299,PERSON-009460,,37,,,,11_person.csv
c3325c34-9e82-5576-96b8-312480dfee7d,Tamil Nadu Person PERSON-009467,Female,TENKASI Area,imported,12fe593e-e883-5cac-9710-f2ba74198299,PERSON-009467,,28,,,,11_person.csv
247b29cb-bfc1-5f8a-b39c-dac99e6e566d,Tamil Nadu Person PERSON-009471,Female,TIRUCHIRAPPALLI Area,imported,12fe593e-e883-5cac-9710-f2ba74198299,PERSON-009471,,52,,,,11_person.csv
286a00ab-1c5d-5f8f-a633-4a29677c1f86,Tamil Nadu Person PERSON-009476,Female,KALLAKURICHI Area,imported,12fe593e-e883-5cac-9710-f2ba74198299,PERSON-009476,,72,,,,11_person.csv
f3256a65-3b01-5d4e-a353-7d2be2687e30,Tamil Nadu Person PERSON-009483,Female,PERAMBALUR Area,imported,12fe593e-e883-5cac-9710-f2ba74198299,PERSON-009483,,51,,,,11_person.csv
061a493b-8907-5575-a442-dd5362149504,Tamil Nadu Person PERSON-009487,Male,NAGAPATTINAM Area,imported,12fe593e-e883-5cac-9710-f2ba74198299,PERSON-009487,,37,,,,11_person.csv
f193bdd0-04e0-5e17-9cc4-3a41612149f6,Tamil Nadu Person PERSON-009497,Other,THE_NILGIRIS Area,imported,12fe593e-e883-5cac-9710-f2ba74198299,PERSON-009497,,58,,,,11_person.csv
3b749859-ac95-5537-be1c-f08f5b668c0d,Tamil Nadu Person PERSON-009501,Male,KANYAKUMARI Area,imported,12fe593e-e883-5cac-9710-f2ba74198299,PERSON-009501,,38,,,,11_person.csv
a3d8ebea-0376-5cc7-8822-fb3909eb303c,Tamil Nadu Person PERSON-009505,Other,TIRUVANNAMALAI Area,imported,12fe593e-e883-5cac-9710-f2ba74198299,PERSON-009505,,70,,,,11_person.csv
1365036b-2d85-57b6-8ce5-c20ee11df4e1,Tamil Nadu Person PERSON-009506,Other,DHARMAPURI Area,imported,12fe593e-e883-5cac-9710-f2ba74198299,PERSON-009506,,64,,,,11_person.csv
312b5d4e-5a6a-580a-9d1a-297571c90cb6,Tamil Nadu Person PERSON-009543,Female,VILUPPURAM Area,imported,12fe593e-e883-5cac-9710-f2ba74198299,PERSON-009543,,51,,,,11_person.csv
541b07b1-5737-57cb-9c61-86e1a001b564,Tamil Nadu Person PERSON-009567,Other,THE_NILGIRIS Area,imported,12fe593e-e883-5cac-9710-f2ba74198299,PERSON-009567,,41,,,,11_person.csv
a9446b66-c5f8-5ca0-8790-f77ff3e5c0ac,Tamil Nadu Person PERSON-009572,Other,ERODE Area,imported,12fe593e-e883-5cac-9710-f2ba74198299,PERSON-009572,,64,,,,11_person.csv
391a2a24-20a7-5b16-be15-27862a24163a,Tamil Nadu Person PERSON-009590,Female,PERAMBALUR Area,imported,12fe593e-e883-5cac-9710-f2ba74198299,PERSON-009590,,61,,,,11_person.csv
8926a89f-6cdd-56c3-96bb-05cb41b80783,Tamil Nadu Person PERSON-009597,Male,CHENNAI Area,imported,12fe593e-e883-5cac-9710-f2ba74198299,PERSON-009597,,32,,,,11_person.csv
430b6b0e-6c4a-5d00-9d3f-a72cba1b218c,Tamil Nadu Person PERSON-009602,Male,ERODE Area,imported,12fe593e-e883-5cac-9710-f2ba74198299,PERSON-009602,,56,,,,11_person.csv
c255b22d-010e-58f5-bd8d-dfb9d4600762,Tamil Nadu Person PERSON-009613,Other,THIRUVALLUR Area,imported,12fe593e-e883-5cac-9710-f2ba74198299,PERSON-009613,,49,,,,11_person.csv
6b4c8d99-d39a-55a4-91c9-303a553c8bb9,Tamil Nadu Person PERSON-009619,Male,THIRUVARUR Area,imported,12fe593e-e883-5cac-9710-f2ba74198299,PERSON-009619,,29,,,,11_person.csv
ccc224e5-2433-5791-a129-566b8fb18e73,Tamil Nadu Person PERSON-009623,Male,SIVAGANGA Area,imported,12fe593e-e883-5cac-9710-f2ba74198299,PERSON-009623,,27,,,,11_person.csv
48c4ea89-441d-5247-9040-3e0b7e0fd037,Tamil Nadu Person PERSON-009626,Other,TIRUNELVELI Area,imported,12fe593e-e883-5cac-9710-f2ba74198299,PERSON-009626,,54,,,,11_person.csv
3e20eaa5-7685-5743-8b51-e7939dfff89a,Tamil Nadu Person PERSON-009628,Other,RANIPET Area,imported,12fe593e-e883-5cac-9710-f2ba74198299,PERSON-009628,,68,,,,11_person.csv
da84276e-97d9-58e7-9153-9a95e8410d95,Tamil Nadu Person PERSON-009670,Other,KARUR Area,imported,12fe593e-e883-5cac-9710-f2ba74198299,PERSON-009670,,46,,,,11_person.csv
5d423a0d-bbf9-59cf-95a8-b5b0e310ec6e,Tamil Nadu Person PERSON-009674,Other,TIRUVANNAMALAI Area,imported,12fe593e-e883-5cac-9710-f2ba74198299,PERSON-009674,,34,,,,11_person.csv
183da184-2030-5575-8886-08a114f501aa,Tamil Nadu Person PERSON-009679,Other,KUMBAKONAM Area,imported,12fe593e-e883-5cac-9710-f2ba74198299,PERSON-009679,,76,,,,11_person.csv
e02f06b3-bbab-5387-982e-568737f6c973,Tamil Nadu Person PERSON-009684,Female,MADURAI Area,imported,12fe593e-e883-5cac-9710-f2ba74198299,PERSON-009684,,59,,,,11_person.csv
fa30f477-486e-5a39-b42e-887f6fd6a9cf,Tamil Nadu Person PERSON-009692,Other,TIRUVANNAMALAI Area,imported,12fe593e-e883-5cac-9710-f2ba74198299,PERSON-009692,,57,,,,11_person.csv
d36098fb-2a26-52be-922e-fbc2daaee07b,Tamil Nadu Person PERSON-009694,Male,NAGAPATTINAM Area,imported,12fe593e-e883-5cac-9710-f2ba74198299,PERSON-009694,,32,,,,11_person.csv
6b26ef3f-c095-50bc-b3ae-bf07ea76f7f8,Tamil Nadu Person PERSON-009695,Male,PUDUKOTTAI Area,imported,12fe593e-e883-5cac-9710-f2ba74198299,PERSON-009695,,69,,,,11_person.csv
06c233a9-ee9a-5586-bcad-74b250da1d9f,Tamil Nadu Person PERSON-009696,Other,CHENGALPATTU Area,imported,12fe593e-e883-5cac-9710-f2ba74198299,PERSON-009696,,57,,,,11_person.csv
2f0a9318-fcf2-5223-867a-9f3941b2e457,Tamil Nadu Person PERSON-009710,Female,SALEM Area,imported,12fe593e-e883-5cac-9710-f2ba74198299,PERSON-009710,,46,,,,11_person.csv
b6ef2859-3671-5c4e-81d2-bc44af7ddb69,Tamil Nadu Person PERSON-009714,Female,COIMBATORE Area,imported,12fe593e-e883-5cac-9710-f2ba74198299,PERSON-009714,,20,,,,11_person.csv
7c735f88-4f60-5b97-97f3-01481d0736ca,Tamil Nadu Person PERSON-009718,Male,ARIYALUR Area,imported,12fe593e-e883-5cac-9710-f2ba74198299,PERSON-009718,,54,,,,11_person.csv
284accb2-3e16-5abf-bd1f-2cd9fc0d6788,Tamil Nadu Person PERSON-009724,Female,MAYILADUTHURAI Area,imported,12fe593e-e883-5cac-9710-f2ba74198299,PERSON-009724,,52,,,,11_person.csv
35ad8bc5-26e7-5553-b5b7-10b74ef5cae9,Tamil Nadu Person PERSON-009725,Female,SIVAGANGA Area,imported,12fe593e-e883-5cac-9710-f2ba74198299,PERSON-009725,,75,,,,11_person.csv
d769e05c-65f4-575d-9acb-2feb2f68b758,Tamil Nadu Person PERSON-009761,Male,CHENNAI Area,imported,12fe593e-e883-5cac-9710-f2ba74198299,PERSON-009761,,37,,,,11_person.csv
6dded195-2db1-502c-936f-1edecf128524,Tamil Nadu Person PERSON-009763,Male,VIRUDHUNAGAR Area,imported,12fe593e-e883-5cac-9710-f2ba74198299,PERSON-009763,,64,,,,11_person.csv
dc022eb5-233a-5bc3-8f6d-44d86c14fdf3,Tamil Nadu Person PERSON-009818,Male,SALEM Area,imported,12fe593e-e883-5cac-9710-f2ba74198299,PERSON-009818,,72,,,,11_person.csv
a023d1a2-42c8-5186-b755-797b8d0e2b93,Tamil Nadu Person PERSON-009829,Other,VIRUDHUNAGAR Area,imported,12fe593e-e883-5cac-9710-f2ba74198299,PERSON-009829,,53,,,,11_person.csv
852095ae-f664-5dc4-94c2-8e8e15c7a04d,Tamil Nadu Person PERSON-009839,Other,MAYILADUTHURAI Area,imported,12fe593e-e883-5cac-9710-f2ba74198299,PERSON-009839,,59,,,,11_person.csv
00a2821e-f01f-5739-bc78-0e747cd59875,Tamil Nadu Person PERSON-009849,Other,TIRUVANNAMALAI Area,imported,12fe593e-e883-5cac-9710-f2ba74198299,PERSON-009849,,43,,,,11_person.csv
f60aacfd-033a-5b7b-b208-b4c2cc5964d9,Tamil Nadu Person PERSON-009853,Other,ERODE Area,imported,12fe593e-e883-5cac-9710-f2ba74198299,PERSON-009853,,42,,,,11_person.csv
65b3c9ad-0dae-5bbf-a7a3-1ad716fd312e,Tamil Nadu Person PERSON-009858,Other,THE_NILGIRIS Area,imported,12fe593e-e883-5cac-9710-f2ba74198299,PERSON-009858,,49,,,,11_person.csv
d17ffab3-4921-5453-bbcf-798361affcdb,Tamil Nadu Person PERSON-009860,Female,THIRUVARUR Area,imported,12fe593e-e883-5cac-9710-f2ba74198299,PERSON-009860,,47,,,,11_person.csv
12689fec-e603-5066-b494-6b7001f9a5ed,Tamil Nadu Person PERSON-009861,Other,KALLAKURICHI Area,imported,12fe593e-e883-5cac-9710-f2ba74198299,PERSON-009861,,37,,,,11_person.csv
7dfb3489-1484-517f-8dac-36629978d3e0,Tamil Nadu Person PERSON-009862,Other,KANYAKUMARI Area,imported,12fe593e-e883-5cac-9710-f2ba74198299,PERSON-009862,,63,,,,11_person.csv
1567712c-f366-52ab-b5d9-020a266ef9e2,Tamil Nadu Person PERSON-009888,Other,VIRUDHUNAGAR Area,imported,12fe593e-e883-5cac-9710-f2ba74198299,PERSON-009888,,22,,,,11_person.csv
2532229f-0a28-5367-8d14-c79d09dfe65c,Tamil Nadu Person PERSON-009897,Male,COIMBATORE Area,imported,12fe593e-e883-5cac-9710-f2ba74198299,PERSON-009897,,50,,,,11_person.csv
c540a08a-c111-5c51-9fb8-7f38b5aaf02f,Tamil Nadu Person PERSON-009909,Male,TIRUVANNAMALAI Area,imported,12fe593e-e883-5cac-9710-f2ba74198299,PERSON-009909,,51,,,,11_person.csv
a1f18f56-a734-526a-a486-6c45082f84c8,Tamil Nadu Person PERSON-009915,Male,PERAMBALUR Area,imported,12fe593e-e883-5cac-9710-f2ba74198299,PERSON-009915,,57,,,,11_person.csv
fd6e611a-9b57-5b9c-a482-5cd37ad35099,Tamil Nadu Person PERSON-009924,Other,RANIPET Area,imported,12fe593e-e883-5cac-9710-f2ba74198299,PERSON-009924,,40,,,,11_person.csv
c1fedcc4-4f37-5daa-941d-f4157b66e30d,Tamil Nadu Person PERSON-009933,Other,DHARMAPURI Area,imported,12fe593e-e883-5cac-9710-f2ba74198299,PERSON-009933,,62,,,,11_person.csv
cebf23a6-5368-5a6d-af6b-fc4818588d69,Tamil Nadu Person PERSON-009942,Male,THENI Area,imported,12fe593e-e883-5cac-9710-f2ba74198299,PERSON-009942,,75,,,,11_person.csv
8c04a3ac-5bcd-5eb1-8fd1-7cb5423c916c,Tamil Nadu Person PERSON-009956,Female,KANYAKUMARI Area,imported,12fe593e-e883-5cac-9710-f2ba74198299,PERSON-009956,,39,,,,11_person.csv
03ec5b15-4bc9-56a7-8b1f-cc3c51e1e43a,Tamil Nadu Person PERSON-009963,Female,RANIPET Area,imported,12fe593e-e883-5cac-9710-f2ba74198299,PERSON-009963,,39,,,,11_person.csv
0fb32477-55b2-5ae8-be3c-8c71a7273503,Tamil Nadu Person PERSON-009973,Male,PERAMBALUR Area,imported,12fe593e-e883-5cac-9710-f2ba74198299,PERSON-009973,,41,,,,11_person.csv
19e72a4e-a437-5b3a-bff3-05d72e0e15dc,Tamil Nadu Person PERSON-009985,Other,ARIYALUR Area,imported,12fe593e-e883-5cac-9710-f2ba74198299,PERSON-009985,,74,,,,11_person.csv
302cab62-fd8b-5913-9444-7a60148ba34f,Tamil Nadu Person PERSON-010018,Female,THENI Area,imported,12fe593e-e883-5cac-9710-f2ba74198299,PERSON-010018,,65,,,,11_person.csv
b3c49798-9c5a-5c91-9d67-3417296009e1,Tamil Nadu Person PERSON-010024,Other,NAMAKKAL Area,imported,12fe593e-e883-5cac-9710-f2ba74198299,PERSON-010024,,44,,,,11_person.csv
3e023395-d14d-5bc0-b891-f65a9deec511,Tamil Nadu Person PERSON-010029,Other,VIRUDHUNAGAR Area,imported,12fe593e-e883-5cac-9710-f2ba74198299,PERSON-010029,,58,,,,11_person.csv
6d3eab66-7282-5a88-8dc4-924d0d4470c9,Tamil Nadu Person PERSON-010036,Other,THOOTHUKUDI Area,imported,12fe593e-e883-5cac-9710-f2ba74198299,PERSON-010036,,65,,,,11_person.csv
bfa01a8e-cfbc-581b-80fe-96a139084535,Tamil Nadu Person PERSON-010048,Other,TIRUPPUR Area,imported,12fe593e-e883-5cac-9710-f2ba74198299,PERSON-010048,,66,,,,11_person.csv
12d9be3c-5294-53c2-b60a-5c5241e12c7d,Tamil Nadu Person PERSON-010054,Other,TIRUPPUR Area,imported,12fe593e-e883-5cac-9710-f2ba74198299,PERSON-010054,,40,,,,11_person.csv
2fa5384e-350f-507b-979f-53bde6fb22c7,Tamil Nadu Person PERSON-010059,Other,COIMBATORE Area,imported,12fe593e-e883-5cac-9710-f2ba74198299,PERSON-010059,,25,,,,11_person.csv
3c2f1abb-6181-51e8-b600-c50e112d6a53,Tamil Nadu Person PERSON-010087,Female,THENI Area,imported,12fe593e-e883-5cac-9710-f2ba74198299,PERSON-010087,,53,,,,11_person.csv
f984cfeb-e2d7-5a25-b2d0-efb25349dec9,Tamil Nadu Person PERSON-010092,Other,RAMESWARAM Area,imported,12fe593e-e883-5cac-9710-f2ba74198299,PERSON-010092,,66,,,,11_person.csv
a4fd5744-bb2b-5b79-8259-c5e2261795dd,Tamil Nadu Person PERSON-010098,Male,TIRUVANNAMALAI Area,imported,12fe593e-e883-5cac-9710-f2ba74198299,PERSON-010098,,62,,,,11_person.csv
837c0da3-89f5-54b2-b9fa-0dfeeabea568,Tamil Nadu Person PERSON-010101,Female,RAMESWARAM Area,imported,12fe593e-e883-5cac-9710-f2ba74198299,PERSON-010101,,73,,,,11_person.csv
bee2e3b3-9655-5430-b58f-f3b62189be6d,Tamil Nadu Person PERSON-010114,Other,THIRUVALLUR Area,imported,12fe593e-e883-5cac-9710-f2ba74198299,PERSON-010114,,74,,,,11_person.csv
ddb93d32-e869-5ecb-8541-0a3fe8615631,Tamil Nadu Person PERSON-010120,Other,KUMBAKONAM Area,imported,12fe593e-e883-5cac-9710-f2ba74198299,PERSON-010120,,27,,,,11_person.csv
344a881b-d3a7-5efd-9a50-3a52e48c3eeb,Tamil Nadu Person PERSON-010123,Other,KRISHNAGIRI Area,imported,12fe593e-e883-5cac-9710-f2ba74198299,PERSON-010123,,56,,,,11_person.csv
a9d46886-ccc8-5a55-b3fe-53942fc98539,Tamil Nadu Person PERSON-010139,Other,NAMAKKAL Area,imported,12fe593e-e883-5cac-9710-f2ba74198299,PERSON-010139,,27,,,,11_person.csv
5c707970-b5a0-526f-ab8b-678812c7d681,Tamil Nadu Person PERSON-010145,Other,TENKASI Area,imported,12fe593e-e883-5cac-9710-f2ba74198299,PERSON-010145,,56,,,,11_person.csv
964add77-46b5-5626-8d0f-7f8d81cc549a,Tamil Nadu Person PERSON-010147,Female,CHENGALPATTU Area,imported,12fe593e-e883-5cac-9710-f2ba74198299,PERSON-010147,,26,,,,11_person.csv
3c4ea4ba-3557-5962-b4c7-4d34dcc3e133,Tamil Nadu Person PERSON-010155,Male,PERAMBALUR Area,imported,12fe593e-e883-5cac-9710-f2ba74198299,PERSON-010155,,60,,,,11_person.csv
0b960c73-df61-5b78-9c91-1235093fe31e,Tamil Nadu Person PERSON-010160,Other,TIRUNELVELI Area,imported,12fe593e-e883-5cac-9710-f2ba74198299,PERSON-010160,,43,,,,11_person.csv
564f3543-5047-51e5-a722-3f832aa57e7d,Tamil Nadu Person PERSON-010161,Female,TENKASI Area,imported,12fe593e-e883-5cac-9710-f2ba74198299,PERSON-010161,,34,,,,11_person.csv
40bfc73c-17a5-5e46-aa25-2131449a38a2,Tamil Nadu Person PERSON-010174,Female,TIRUPATHUR Area,imported,12fe593e-e883-5cac-9710-f2ba74198299,PERSON-010174,,66,,,,11_person.csv
adf0caf2-8f04-53e2-9023-b55816d1ad10,Tamil Nadu Person PERSON-010191,Other,DINDIGUL Area,imported,12fe593e-e883-5cac-9710-f2ba74198299,PERSON-010191,,74,,,,11_person.csv
a8d7f92c-0a31-52db-8198-03763415ef9a,Tamil Nadu Person PERSON-010204,Other,VILUPPURAM Area,imported,12fe593e-e883-5cac-9710-f2ba74198299,PERSON-010204,,74,,,,11_person.csv
f3d02b21-54a9-52e7-b673-1f56f9ffa4e0,Tamil Nadu Person PERSON-010225,Male,PERAMBALUR Area,imported,12fe593e-e883-5cac-9710-f2ba74198299,PERSON-010225,,53,,,,11_person.csv
37836110-24d6-5356-a29a-2b0f5b33ecb5,Tamil Nadu Person PERSON-011632,Male,CHENGALPATTU Area,imported,12fe593e-e883-5cac-9710-f2ba74198299,PERSON-011632,,51,,,,11_person.csv
28bfcc73-4a3e-5c85-8275-237d6afb068a,Tamil Nadu Person PERSON-010276,Other,KANCHEEPURAM Area,imported,12fe593e-e883-5cac-9710-f2ba74198299,PERSON-010276,,22,,,,11_person.csv
c6a9f5f6-615c-5afe-ada2-7626c4c2c46a,Tamil Nadu Person PERSON-010279,Male,MAYILADUTHURAI Area,imported,12fe593e-e883-5cac-9710-f2ba74198299,PERSON-010279,,73,,,,11_person.csv
828ff1ce-9baf-5878-8038-06b14422e986,Tamil Nadu Person PERSON-010318,Other,DINDIGUL Area,imported,12fe593e-e883-5cac-9710-f2ba74198299,PERSON-010318,,58,,,,11_person.csv
5b31eca5-54a4-55ae-b4b6-929658438c52,Tamil Nadu Person PERSON-010325,Female,SALEM Area,imported,12fe593e-e883-5cac-9710-f2ba74198299,PERSON-010325,,73,,,,11_person.csv
bd1fdffc-1b08-5097-b46b-5a188f61b056,Tamil Nadu Person PERSON-010339,Other,KANYAKUMARI Area,imported,12fe593e-e883-5cac-9710-f2ba74198299,PERSON-010339,,75,,,,11_person.csv
d71606ba-94f3-5442-bc4a-ab4fe671d2fd,Tamil Nadu Person PERSON-010347,Other,THIRUVARUR Area,imported,12fe593e-e883-5cac-9710-f2ba74198299,PERSON-010347,,24,,,,11_person.csv
1ae5805e-0dfd-576b-984d-001e385596a5,Tamil Nadu Person PERSON-010351,Other,MADURAI Area,imported,12fe593e-e883-5cac-9710-f2ba74198299,PERSON-010351,,76,,,,11_person.csv
1ad62eb0-e5d4-5a82-943a-68159836ebb9,Tamil Nadu Person PERSON-010356,Male,RAMANATHAPURAM Area,imported,12fe593e-e883-5cac-9710-f2ba74198299,PERSON-010356,,64,,,,11_person.csv
fca4c37d-c942-5b8a-9e68-894801b39126,Tamil Nadu Person PERSON-010364,Other,SIVAGANGA Area,imported,12fe593e-e883-5cac-9710-f2ba74198299,PERSON-010364,,65,,,,11_person.csv
12e4f829-4718-56ec-9f8a-c900e7d256c5,Tamil Nadu Person PERSON-010376,Female,CHENNAI Area,imported,12fe593e-e883-5cac-9710-f2ba74198299,PERSON-010376,,30,,,,11_person.csv
8d97e760-e56d-5a08-ab1f-0d19ebba6046,Tamil Nadu Person PERSON-010377,Male,CHENNAI Area,imported,12fe593e-e883-5cac-9710-f2ba74198299,PERSON-010377,,28,,,,11_person.csv
6f81247c-01fc-51e2-a957-1c319fa44b5f,Tamil Nadu Person PERSON-010389,Other,PERAMBALUR Area,imported,12fe593e-e883-5cac-9710-f2ba74198299,PERSON-010389,,64,,,,11_person.csv
9ebbdc5a-2fee-5cce-b694-9832b3ae3e62,Tamil Nadu Person PERSON-010418,Other,TIRUNELVELI Area,imported,12fe593e-e883-5cac-9710-f2ba74198299,PERSON-010418,,51,,,,11_person.csv
d829dc2a-0014-5305-b065-9a73323f6451,Tamil Nadu Person PERSON-010427,Other,CHENNAI Area,imported,12fe593e-e883-5cac-9710-f2ba74198299,PERSON-010427,,68,,,,11_person.csv
0057dcac-90d0-5ca4-a18f-6b334c0d29db,Tamil Nadu Person PERSON-010432,Female,KANCHEEPURAM Area,imported,12fe593e-e883-5cac-9710-f2ba74198299,PERSON-010432,,48,,,,11_person.csv
50d28fd0-9304-50fb-a047-37fefe87b751,Tamil Nadu Person PERSON-010441,Other,TIRUPPUR Area,imported,12fe593e-e883-5cac-9710-f2ba74198299,PERSON-010441,,35,,,,11_person.csv
4473b19e-b41c-5b7c-aaeb-71f109b66bf3,Tamil Nadu Person PERSON-010447,Other,TENKASI Area,imported,12fe593e-e883-5cac-9710-f2ba74198299,PERSON-010447,,45,,,,11_person.csv
84033a26-d3eb-57cb-a0a3-7458447c0235,Tamil Nadu Person PERSON-010457,Female,COIMBATORE Area,imported,12fe593e-e883-5cac-9710-f2ba74198299,PERSON-010457,,68,,,,11_person.csv
6f196dcb-7a12-5172-b218-c8f639a48137,Tamil Nadu Person PERSON-010464,Other,TIRUNELVELI Area,imported,12fe593e-e883-5cac-9710-f2ba74198299,PERSON-010464,,68,,,,11_person.csv
1703dd5f-9097-5990-ae13-3c33d6265b0c,Tamil Nadu Person PERSON-010465,Female,KANYAKUMARI Area,imported,12fe593e-e883-5cac-9710-f2ba74198299,PERSON-010465,,36,,,,11_person.csv
09960aa7-7326-5ecc-af08-9205b23abeec,Tamil Nadu Person PERSON-010468,Male,THENI Area,imported,12fe593e-e883-5cac-9710-f2ba74198299,PERSON-010468,,24,,,,11_person.csv
a70a7090-5fa4-5c47-977b-487c5a2921b3,Tamil Nadu Person PERSON-010471,Male,SALEM Area,imported,12fe593e-e883-5cac-9710-f2ba74198299,PERSON-010471,,36,,,,11_person.csv
c9dc729d-43b7-54eb-acca-5a1ddafbaf86,Tamil Nadu Person PERSON-010472,Other,KRISHNAGIRI Area,imported,12fe593e-e883-5cac-9710-f2ba74198299,PERSON-010472,,64,,,,11_person.csv
6155cd40-fa34-5550-a6ca-1fcb54585b68,Tamil Nadu Person PERSON-010477,Other,ERODE Area,imported,12fe593e-e883-5cac-9710-f2ba74198299,PERSON-010477,,49,,,,11_person.csv
6a3c4427-d420-5a56-8e31-2dc491a18269,Tamil Nadu Person PERSON-010481,Female,RAMESWARAM Area,imported,12fe593e-e883-5cac-9710-f2ba74198299,PERSON-010481,,54,,,,11_person.csv
321aef75-5b19-5bac-8a60-121e4f8eb92b,Tamil Nadu Person PERSON-010507,Male,KALLAKURICHI Area,imported,12fe593e-e883-5cac-9710-f2ba74198299,PERSON-010507,,23,,,,11_person.csv
17b541f0-a3fe-5bb6-8b17-4fb12b5be24d,Tamil Nadu Person PERSON-010521,Female,PERAMBALUR Area,imported,12fe593e-e883-5cac-9710-f2ba74198299,PERSON-010521,,55,,,,11_person.csv
da81ee92-91c0-5b42-87af-b45676d97683,Tamil Nadu Person PERSON-010526,Female,VIRUDHUNAGAR Area,imported,12fe593e-e883-5cac-9710-f2ba74198299,PERSON-010526,,31,,,,11_person.csv
6a05927d-b483-5019-8aaf-526fe05aa69b,Tamil Nadu Person PERSON-010532,Male,THENI Area,imported,12fe593e-e883-5cac-9710-f2ba74198299,PERSON-010532,,70,,,,11_person.csv
9352c5ff-d4df-5bd6-b4dc-4f4e161ed946,Tamil Nadu Person PERSON-010541,Female,TIRUPATHUR Area,imported,12fe593e-e883-5cac-9710-f2ba74198299,PERSON-010541,,69,,,,11_person.csv
ec54b295-6b89-54ea-8049-c1f09f828447,Tamil Nadu Person PERSON-010569,Male,PUDUKOTTAI Area,imported,12fe593e-e883-5cac-9710-f2ba74198299,PERSON-010569,,37,,,,11_person.csv
b070aef9-0e41-582f-918b-96bbd07f4c8d,Tamil Nadu Person PERSON-010590,Other,NAMAKKAL Area,imported,12fe593e-e883-5cac-9710-f2ba74198299,PERSON-010590,,55,,,,11_person.csv
9afda639-aa7b-59c5-8e80-575339e1f8f7,Tamil Nadu Person PERSON-010615,Female,PERAMBALUR Area,imported,12fe593e-e883-5cac-9710-f2ba74198299,PERSON-010615,,30,,,,11_person.csv
df4b5f1b-24aa-51ea-a38a-4a1a4b09d91b,Tamil Nadu Person PERSON-010617,Other,CHENGALPATTU Area,imported,12fe593e-e883-5cac-9710-f2ba74198299,PERSON-010617,,74,,,,11_person.csv
82172840-dcde-5e42-87ec-479f84e37124,Tamil Nadu Person PERSON-010623,Other,TIRUVANNAMALAI Area,imported,12fe593e-e883-5cac-9710-f2ba74198299,PERSON-010623,,31,,,,11_person.csv
3e892dc7-4439-5b24-8eac-079a4c63e13f,Tamil Nadu Person PERSON-010629,Other,TIRUPPUR Area,imported,12fe593e-e883-5cac-9710-f2ba74198299,PERSON-010629,,22,,,,11_person.csv
413b454b-bf26-59d6-b30d-75107861c9d4,Tamil Nadu Person PERSON-010637,Other,ARIYALUR Area,imported,12fe593e-e883-5cac-9710-f2ba74198299,PERSON-010637,,32,,,,11_person.csv
8153b4bf-780a-5fa6-8ac4-06be476ef991,Tamil Nadu Person PERSON-010648,Other,KANYAKUMARI Area,imported,12fe593e-e883-5cac-9710-f2ba74198299,PERSON-010648,,33,,,,11_person.csv
c1fdac55-60cb-59e1-9c4d-2a55681552ad,Tamil Nadu Person PERSON-010658,Other,KARUR Area,imported,12fe593e-e883-5cac-9710-f2ba74198299,PERSON-010658,,73,,,,11_person.csv
7b9b1e45-fc1e-5615-986c-7e01e4d59056,Tamil Nadu Person PERSON-010684,Female,CHENGALPATTU Area,imported,12fe593e-e883-5cac-9710-f2ba74198299,PERSON-010684,,43,,,,11_person.csv
d0e06e28-604f-5864-8760-92b5716276ba,Tamil Nadu Person PERSON-010690,Male,THIRUVALLUR Area,imported,12fe593e-e883-5cac-9710-f2ba74198299,PERSON-010690,,67,,,,11_person.csv
5be0de76-fd88-540d-9755-8b80fc479596,Tamil Nadu Person PERSON-010701,Female,PUDUKOTTAI Area,imported,12fe593e-e883-5cac-9710-f2ba74198299,PERSON-010701,,71,,,,11_person.csv
92a9e327-a704-591c-af6b-dcf057635b6d,Tamil Nadu Person PERSON-010722,Other,THE_NILGIRIS Area,imported,12fe593e-e883-5cac-9710-f2ba74198299,PERSON-010722,,27,,,,11_person.csv
05c7d689-48f6-5c32-b2b9-0e24822d1d04,Tamil Nadu Person PERSON-010732,Female,KUMBAKONAM Area,imported,12fe593e-e883-5cac-9710-f2ba74198299,PERSON-010732,,66,,,,11_person.csv
b0828fac-2858-506a-89a1-8e41a28e59c1,Tamil Nadu Person PERSON-010736,Other,THIRUVARUR Area,imported,12fe593e-e883-5cac-9710-f2ba74198299,PERSON-010736,,71,,,,11_person.csv
d15337af-1f00-518c-ae93-40ac80d8b8a4,Tamil Nadu Person PERSON-010737,Other,KANYAKUMARI Area,imported,12fe593e-e883-5cac-9710-f2ba74198299,PERSON-010737,,33,,,,11_person.csv
d0ade003-23ca-5a8f-bac7-65c3264a6e0b,Tamil Nadu Person PERSON-010743,Female,RANIPET Area,imported,12fe593e-e883-5cac-9710-f2ba74198299,PERSON-010743,,29,,,,11_person.csv
9c3e4711-2e36-52ed-bfe1-4ae04166f427,Tamil Nadu Person PERSON-010773,Female,RAMESWARAM Area,imported,12fe593e-e883-5cac-9710-f2ba74198299,PERSON-010773,,70,,,,11_person.csv
0a5e7d51-2e08-5a1f-addf-489e59ee9167,Tamil Nadu Person PERSON-010781,Female,SALEM Area,imported,12fe593e-e883-5cac-9710-f2ba74198299,PERSON-010781,,32,,,,11_person.csv
16eaec32-28b3-5326-8319-e18650bd0902,Tamil Nadu Person PERSON-010791,Female,KANCHEEPURAM Area,imported,12fe593e-e883-5cac-9710-f2ba74198299,PERSON-010791,,42,,,,11_person.csv
ff1a5852-d40d-5dd7-9b7c-6e37550a733f,Tamil Nadu Person PERSON-010799,Female,MAYILADUTHURAI Area,imported,12fe593e-e883-5cac-9710-f2ba74198299,PERSON-010799,,55,,,,11_person.csv
4cf91de2-ee91-5274-95f5-5ecb8ae54f25,Tamil Nadu Person PERSON-010800,Other,KRISHNAGIRI Area,imported,12fe593e-e883-5cac-9710-f2ba74198299,PERSON-010800,,63,,,,11_person.csv
f213f59f-6552-557a-aa99-c3404a811e91,Tamil Nadu Person PERSON-010809,Other,MAYILADUTHURAI Area,imported,12fe593e-e883-5cac-9710-f2ba74198299,PERSON-010809,,53,,,,11_person.csv
5009c704-92e1-53bf-bb62-8b95366631bd,Tamil Nadu Person PERSON-010813,Other,KRISHNAGIRI Area,imported,12fe593e-e883-5cac-9710-f2ba74198299,PERSON-010813,,72,,,,11_person.csv
2f11729e-1b0c-51b6-bfaa-b5583485cfa4,Tamil Nadu Person PERSON-010823,Other,SIVAGANGA Area,imported,12fe593e-e883-5cac-9710-f2ba74198299,PERSON-010823,,33,,,,11_person.csv
52b8084c-ae5f-53d0-9c16-8b12d5ee6dea,Tamil Nadu Person PERSON-010824,Male,THE_NILGIRIS Area,imported,12fe593e-e883-5cac-9710-f2ba74198299,PERSON-010824,,52,,,,11_person.csv
58e4841d-c192-5058-b919-a4d196254601,Tamil Nadu Person PERSON-010850,Other,CUDDALORE Area,imported,12fe593e-e883-5cac-9710-f2ba74198299,PERSON-010850,,54,,,,11_person.csv
f48ab9fa-b14f-50c9-9fd1-aa8d3ac1fcae,Tamil Nadu Person PERSON-010852,Other,COIMBATORE Area,imported,12fe593e-e883-5cac-9710-f2ba74198299,PERSON-010852,,54,,,,11_person.csv
cdd90785-508b-5baa-9b70-c2dc71ed7880,Tamil Nadu Person PERSON-010857,Other,CUDDALORE Area,imported,12fe593e-e883-5cac-9710-f2ba74198299,PERSON-010857,,28,,,,11_person.csv
8954472c-4cb8-5108-8c43-e5f70a19891c,Tamil Nadu Person PERSON-010866,Other,SIVAGANGA Area,imported,12fe593e-e883-5cac-9710-f2ba74198299,PERSON-010866,,34,,,,11_person.csv
86f69971-765a-5300-800f-83fd32e8d34a,Tamil Nadu Person PERSON-010869,Other,PERAMBALUR Area,imported,12fe593e-e883-5cac-9710-f2ba74198299,PERSON-010869,,31,,,,11_person.csv
a53a46d5-77eb-530a-8b92-79090c86450c,Tamil Nadu Person PERSON-010888,Other,THE_NILGIRIS Area,imported,12fe593e-e883-5cac-9710-f2ba74198299,PERSON-010888,,35,,,,11_person.csv
70a11c54-fd74-55de-b8ab-59f65afd4b74,Tamil Nadu Person PERSON-010908,Male,PERAMBALUR Area,imported,12fe593e-e883-5cac-9710-f2ba74198299,PERSON-010908,,59,,,,11_person.csv
ff44e352-ed04-5d53-90e6-b43bed3e2b53,Tamil Nadu Person PERSON-010931,Other,SIVAGANGA Area,imported,12fe593e-e883-5cac-9710-f2ba74198299,PERSON-010931,,41,,,,11_person.csv
8a2ad43b-3b80-5f15-84c1-44dae6220b04,Tamil Nadu Person PERSON-010951,Other,KANYAKUMARI Area,imported,12fe593e-e883-5cac-9710-f2ba74198299,PERSON-010951,,30,,,,11_person.csv
a626eeed-5962-510f-a9b7-2657ff5eaf90,Tamil Nadu Person PERSON-010960,Female,SIVAGANGA Area,imported,12fe593e-e883-5cac-9710-f2ba74198299,PERSON-010960,,72,,,,11_person.csv
8dc5a8b3-a94e-5e3d-9d1e-f6b24aca59c4,Tamil Nadu Person PERSON-010964,Male,VILUPPURAM Area,imported,12fe593e-e883-5cac-9710-f2ba74198299,PERSON-010964,,20,,,,11_person.csv
70067b92-1f7e-567c-8d60-1f81d19c780d,Tamil Nadu Person PERSON-010967,Male,THOOTHUKUDI Area,imported,12fe593e-e883-5cac-9710-f2ba74198299,PERSON-010967,,25,,,,11_person.csv
f1c159cc-2746-538f-bcc7-4a8463c7e2ad,Tamil Nadu Person PERSON-010969,Other,TIRUPPUR Area,imported,12fe593e-e883-5cac-9710-f2ba74198299,PERSON-010969,,67,,,,11_person.csv
00e36a3d-1c20-5a54-9896-8becd6ca0fe2,Tamil Nadu Person PERSON-010996,Female,RAMESWARAM Area,imported,12fe593e-e883-5cac-9710-f2ba74198299,PERSON-010996,,34,,,,11_person.csv
b972c3ed-b5c1-5b65-9941-569f9b914c23,Tamil Nadu Person PERSON-010998,Male,KANCHEEPURAM Area,imported,12fe593e-e883-5cac-9710-f2ba74198299,PERSON-010998,,42,,,,11_person.csv
2f6d0260-802b-5887-8185-148774e09539,Tamil Nadu Person PERSON-010999,Female,NAMAKKAL Area,imported,12fe593e-e883-5cac-9710-f2ba74198299,PERSON-010999,,63,,,,11_person.csv
a32345aa-1495-50b5-909a-fbe4376c97fb,Tamil Nadu Person PERSON-011002,Other,VIRUDHUNAGAR Area,imported,12fe593e-e883-5cac-9710-f2ba74198299,PERSON-011002,,64,,,,11_person.csv
31f5fbca-583e-57fa-92d2-4f9d58a61a89,Tamil Nadu Person PERSON-011012,Other,MAYILADUTHURAI Area,imported,12fe593e-e883-5cac-9710-f2ba74198299,PERSON-011012,,22,,,,11_person.csv
7c6b84d2-2708-59a7-a668-e6c4f2418063,Tamil Nadu Person PERSON-011021,Other,THE_NILGIRIS Area,imported,12fe593e-e883-5cac-9710-f2ba74198299,PERSON-011021,,44,,,,11_person.csv
d2df8451-640c-52b2-89c7-24ba3e04b31a,Tamil Nadu Person PERSON-011039,Male,TENKASI Area,imported,12fe593e-e883-5cac-9710-f2ba74198299,PERSON-011039,,38,,,,11_person.csv
af29db5a-7325-5ead-b382-6b7d40096346,Tamil Nadu Person PERSON-011048,Male,TIRUVANNAMALAI Area,imported,12fe593e-e883-5cac-9710-f2ba74198299,PERSON-011048,,23,,,,11_person.csv
bcfb13a7-948c-5b47-8ffb-2859cca3bdf8,Tamil Nadu Person PERSON-011057,Male,COIMBATORE Area,imported,12fe593e-e883-5cac-9710-f2ba74198299,PERSON-011057,,33,,,,11_person.csv
d83d11aa-0406-53d5-b7c4-fe67ced7ac39,Tamil Nadu Person PERSON-011065,Female,TENKASI Area,imported,12fe593e-e883-5cac-9710-f2ba74198299,PERSON-011065,,37,,,,11_person.csv
54d51528-5a94-5626-909d-95b7526add98,Tamil Nadu Person PERSON-011090,Male,ERODE Area,imported,12fe593e-e883-5cac-9710-f2ba74198299,PERSON-011090,,41,,,,11_person.csv
01d21e89-bf79-52b5-bdc8-78cd0fe0977c,Tamil Nadu Person PERSON-011110,Other,KUMBAKONAM Area,imported,12fe593e-e883-5cac-9710-f2ba74198299,PERSON-011110,,75,,,,11_person.csv
4fc6a894-92b8-5aeb-a99c-d40cbc5083a4,Tamil Nadu Person PERSON-011124,Other,ARIYALUR Area,imported,12fe593e-e883-5cac-9710-f2ba74198299,PERSON-011124,,43,,,,11_person.csv
5f8e0cb8-bc11-5e19-9a25-9cbe7b9507a3,Tamil Nadu Person PERSON-011137,Other,ARIYALUR Area,imported,12fe593e-e883-5cac-9710-f2ba74198299,PERSON-011137,,65,,,,11_person.csv
5616a795-797b-52b0-ac4d-ecc07ffa7240,Tamil Nadu Person PERSON-011138,Other,RAMESWARAM Area,imported,12fe593e-e883-5cac-9710-f2ba74198299,PERSON-011138,,45,,,,11_person.csv
18f5c6ed-1a3d-56d7-b0c5-b45a39c3d170,Tamil Nadu Person PERSON-011147,Other,TIRUCHIRAPPALLI Area,imported,12fe593e-e883-5cac-9710-f2ba74198299,PERSON-011147,,51,,,,11_person.csv
4776af12-1ed3-5016-980e-3f9de00e78fa,Tamil Nadu Person PERSON-011162,Male,THOOTHUKUDI Area,imported,12fe593e-e883-5cac-9710-f2ba74198299,PERSON-011162,,69,,,,11_person.csv
1fdc43f6-d300-5d94-bfe8-98840c191588,Tamil Nadu Person PERSON-011165,Female,NAMAKKAL Area,imported,12fe593e-e883-5cac-9710-f2ba74198299,PERSON-011165,,43,,,,11_person.csv
3c290245-424b-5689-8497-3ebb25bcc37d,Tamil Nadu Person PERSON-011171,Male,SALEM Area,imported,12fe593e-e883-5cac-9710-f2ba74198299,PERSON-011171,,73,,,,11_person.csv
6caf7c86-9618-57ab-8398-ce00b221731c,Tamil Nadu Person PERSON-011196,Other,VIRUDHUNAGAR Area,imported,12fe593e-e883-5cac-9710-f2ba74198299,PERSON-011196,,67,,,,11_person.csv
a07a8b3a-a74d-5905-a654-046a3391fc8f,Tamil Nadu Person PERSON-011207,Other,DHARMAPURI Area,imported,12fe593e-e883-5cac-9710-f2ba74198299,PERSON-011207,,28,,,,11_person.csv
2847cfaf-f702-58ad-93bb-b9e17b7560e1,Tamil Nadu Person PERSON-011231,Other,THIRUVARUR Area,imported,12fe593e-e883-5cac-9710-f2ba74198299,PERSON-011231,,50,,,,11_person.csv
24562be4-38e3-5782-8c86-580002306352,Tamil Nadu Person PERSON-011233,Other,CHENNAI Area,imported,12fe593e-e883-5cac-9710-f2ba74198299,PERSON-011233,,75,,,,11_person.csv
c0137217-3291-50ed-ad17-4da59328b171,Tamil Nadu Person PERSON-011236,Female,NAMAKKAL Area,imported,12fe593e-e883-5cac-9710-f2ba74198299,PERSON-011236,,35,,,,11_person.csv
b0beb388-f02d-55ca-816d-626e637e4b00,Tamil Nadu Person PERSON-011239,Male,CUDDALORE Area,imported,12fe593e-e883-5cac-9710-f2ba74198299,PERSON-011239,,23,,,,11_person.csv
d4aa7b13-7cd7-5e97-a446-8e24459ad111,Tamil Nadu Person PERSON-011240,Female,KRISHNAGIRI Area,imported,12fe593e-e883-5cac-9710-f2ba74198299,PERSON-011240,,67,,,,11_person.csv
32a02f36-f267-52ef-8f94-40bfaeb3ac26,Tamil Nadu Person PERSON-011242,Other,THOOTHUKUDI Area,imported,12fe593e-e883-5cac-9710-f2ba74198299,PERSON-011242,,25,,,,11_person.csv
ab384537-e32b-52de-b894-ba59889dbbbe,Tamil Nadu Person PERSON-011272,Male,TIRUPPUR Area,imported,12fe593e-e883-5cac-9710-f2ba74198299,PERSON-011272,,52,,,,11_person.csv
17e59ab2-72ca-5e80-b53b-aabe98e65d75,Tamil Nadu Person PERSON-011289,Female,CUDDALORE Area,imported,12fe593e-e883-5cac-9710-f2ba74198299,PERSON-011289,,54,,,,11_person.csv
a409a48c-ff36-53af-8ce8-c74ce18a68a2,Tamil Nadu Person PERSON-011298,Female,THIRUVALLUR Area,imported,12fe593e-e883-5cac-9710-f2ba74198299,PERSON-011298,,46,,,,11_person.csv
59417bb2-5269-518d-bc0b-b8d6fd3f88ae,Tamil Nadu Person PERSON-011305,Other,CHENGALPATTU Area,imported,12fe593e-e883-5cac-9710-f2ba74198299,PERSON-011305,,65,,,,11_person.csv
7b9ac477-5f6a-5ef3-879f-3ce492008d91,Tamil Nadu Person PERSON-011342,Male,COIMBATORE Area,imported,12fe593e-e883-5cac-9710-f2ba74198299,PERSON-011342,,34,,,,11_person.csv
5f1999d6-b874-5f9a-8867-510417780736,Tamil Nadu Person PERSON-011343,Other,MAYILADUTHURAI Area,imported,12fe593e-e883-5cac-9710-f2ba74198299,PERSON-011343,,53,,,,11_person.csv
7d3e462f-30b7-50d9-944f-5aa40d24fc69,Tamil Nadu Person PERSON-011346,Other,TIRUPATHUR Area,imported,12fe593e-e883-5cac-9710-f2ba74198299,PERSON-011346,,68,,,,11_person.csv
cadb481f-6f28-5a5f-993f-448a2d6df5ca,Tamil Nadu Person PERSON-011353,Other,TIRUVANNAMALAI Area,imported,12fe593e-e883-5cac-9710-f2ba74198299,PERSON-011353,,21,,,,11_person.csv
6eb31740-8fcd-5630-848c-93d3d8da7cf3,Tamil Nadu Person PERSON-011372,Male,THOOTHUKUDI Area,imported,12fe593e-e883-5cac-9710-f2ba74198299,PERSON-011372,,61,,,,11_person.csv
489ec632-6087-5d2b-9682-cc68f3fdaac9,Tamil Nadu Person PERSON-011375,Male,CHENGALPATTU Area,imported,12fe593e-e883-5cac-9710-f2ba74198299,PERSON-011375,,47,,,,11_person.csv
ed889cf0-e3d0-53e9-b9cf-8a6ebf0acc73,Tamil Nadu Person PERSON-011397,Female,NAGAPATTINAM Area,imported,12fe593e-e883-5cac-9710-f2ba74198299,PERSON-011397,,56,,,,11_person.csv
55e22e28-add1-5514-a4c4-0dd0fa111d16,Tamil Nadu Person PERSON-011429,Male,ARIYALUR Area,imported,12fe593e-e883-5cac-9710-f2ba74198299,PERSON-011429,,68,,,,11_person.csv
565321c8-6811-5e00-90eb-d6f9e480d206,Tamil Nadu Person PERSON-011435,Other,CHENNAI Area,imported,12fe593e-e883-5cac-9710-f2ba74198299,PERSON-011435,,71,,,,11_person.csv
ed596072-346b-55f1-8a91-bff961606bdf,Tamil Nadu Person PERSON-011442,Male,KRISHNAGIRI Area,imported,12fe593e-e883-5cac-9710-f2ba74198299,PERSON-011442,,45,,,,11_person.csv
66858292-8013-5d77-9301-3909df9e841e,Tamil Nadu Person PERSON-011449,Other,SIVAGANGA Area,imported,12fe593e-e883-5cac-9710-f2ba74198299,PERSON-011449,,37,,,,11_person.csv
098a0101-2852-5122-869b-0d0f3e870115,Tamil Nadu Person PERSON-011456,Male,TENKASI Area,imported,12fe593e-e883-5cac-9710-f2ba74198299,PERSON-011456,,36,,,,11_person.csv
c76ec100-e084-51f6-aa45-ff6bbc3395f0,Tamil Nadu Person PERSON-011457,Female,KANYAKUMARI Area,imported,12fe593e-e883-5cac-9710-f2ba74198299,PERSON-011457,,50,,,,11_person.csv
467ef9b5-383d-5d9e-bb6b-3cc3f4a56094,Tamil Nadu Person PERSON-011459,Female,VIRUDHUNAGAR Area,imported,12fe593e-e883-5cac-9710-f2ba74198299,PERSON-011459,,43,,,,11_person.csv
8df162b3-21f6-53fe-9ff8-2c4bf5fb39e1,Tamil Nadu Person PERSON-011474,Other,DHARMAPURI Area,imported,12fe593e-e883-5cac-9710-f2ba74198299,PERSON-011474,,61,,,,11_person.csv
5bb372d3-4644-5cbb-8ef6-ed30d28df9f5,Tamil Nadu Person PERSON-011479,Other,NAMAKKAL Area,imported,12fe593e-e883-5cac-9710-f2ba74198299,PERSON-011479,,42,,,,11_person.csv
3eb8d10d-4845-562f-bdcf-a0f154404c1d,Tamil Nadu Person PERSON-011483,Other,TIRUPPUR Area,imported,12fe593e-e883-5cac-9710-f2ba74198299,PERSON-011483,,68,,,,11_person.csv
98ef8d6a-71cc-5ccd-ab58-86fb6dcc60c2,Tamil Nadu Person PERSON-011495,Other,KARUR Area,imported,12fe593e-e883-5cac-9710-f2ba74198299,PERSON-011495,,45,,,,11_person.csv
32f51eab-5993-511b-8f4a-4cb7bdfcd9f6,Tamil Nadu Person PERSON-011497,Other,DINDIGUL Area,imported,12fe593e-e883-5cac-9710-f2ba74198299,PERSON-011497,,63,,,,11_person.csv
70cf0671-0914-5b5d-b4e5-370c6eddbc51,Tamil Nadu Person PERSON-011505,Male,KUMBAKONAM Area,imported,12fe593e-e883-5cac-9710-f2ba74198299,PERSON-011505,,71,,,,11_person.csv
f22a1b05-688d-5747-922f-b59018b82b60,Tamil Nadu Person PERSON-011506,Other,TENKASI Area,imported,12fe593e-e883-5cac-9710-f2ba74198299,PERSON-011506,,26,,,,11_person.csv
7e250cdf-29a3-5b14-8050-b7b3302a48f7,Tamil Nadu Person PERSON-011515,Other,THE_NILGIRIS Area,imported,12fe593e-e883-5cac-9710-f2ba74198299,PERSON-011515,,64,,,,11_person.csv
b5f2e848-35f7-5405-92c4-30ed68200afa,Tamil Nadu Person PERSON-011518,Male,TIRUPATHUR Area,imported,12fe593e-e883-5cac-9710-f2ba74198299,PERSON-011518,,32,,,,11_person.csv
e71d569e-0972-5322-8f3e-d9b3c8e83b27,Tamil Nadu Person PERSON-011523,Other,KUMBAKONAM Area,imported,12fe593e-e883-5cac-9710-f2ba74198299,PERSON-011523,,30,,,,11_person.csv
104426b6-112b-5099-bb5e-28f51cd9cb6a,Tamil Nadu Person PERSON-011535,Other,THE_NILGIRIS Area,imported,12fe593e-e883-5cac-9710-f2ba74198299,PERSON-011535,,70,,,,11_person.csv
0beac10d-379d-5e1f-a56a-813f985ecd7f,Tamil Nadu Person PERSON-011564,Other,CHENGALPATTU Area,imported,12fe593e-e883-5cac-9710-f2ba74198299,PERSON-011564,,74,,,,11_person.csv
b1acf398-41f3-5f92-b42a-c7614f4f4c45,Tamil Nadu Person PERSON-011565,Other,TENKASI Area,imported,12fe593e-e883-5cac-9710-f2ba74198299,PERSON-011565,,21,,,,11_person.csv
ee26f464-ab18-5ee5-a466-cd566b778416,Tamil Nadu Person PERSON-011606,Male,THIRUVARUR Area,imported,12fe593e-e883-5cac-9710-f2ba74198299,PERSON-011606,,56,,,,11_person.csv
1e74240a-442f-5f45-bb75-10939f6a64ac,Tamil Nadu Person PERSON-011608,Female,DINDIGUL Area,imported,12fe593e-e883-5cac-9710-f2ba74198299,PERSON-011608,,71,,,,11_person.csv
2ac2153d-39e5-52d9-9ea2-c464797b13b8,Tamil Nadu Person PERSON-011614,Other,RAMANATHAPURAM Area,imported,12fe593e-e883-5cac-9710-f2ba74198299,PERSON-011614,,21,,,,11_person.csv
d7683ba1-60eb-584d-9c2c-8e8135343b7c,Tamil Nadu Person PERSON-011624,Other,NAMAKKAL Area,imported,12fe593e-e883-5cac-9710-f2ba74198299,PERSON-011624,,42,,,,11_person.csv
9fcf1b82-602e-5e9a-9999-35c0046dc81f,Tamil Nadu Person PERSON-011628,Female,THIRUVARUR Area,imported,12fe593e-e883-5cac-9710-f2ba74198299,PERSON-011628,,49,,,,11_person.csv
ef36ea14-7da4-5472-acf3-268b412508ad,Tamil Nadu Person PERSON-011637,Male,KARUR Area,imported,12fe593e-e883-5cac-9710-f2ba74198299,PERSON-011637,,40,,,,11_person.csv
b5d7521d-27ca-545c-8d6a-cef0c767b580,Tamil Nadu Person PERSON-011644,Other,VIRUDHUNAGAR Area,imported,12fe593e-e883-5cac-9710-f2ba74198299,PERSON-011644,,54,,,,11_person.csv
d08ad04e-0e83-5c83-913e-e031178a2aea,Tamil Nadu Person PERSON-011653,Female,MADURAI Area,imported,12fe593e-e883-5cac-9710-f2ba74198299,PERSON-011653,,70,,,,11_person.csv
98d638f3-72b4-573e-9dba-fa1b5fa42e76,Tamil Nadu Person PERSON-011675,Other,MADURAI Area,imported,12fe593e-e883-5cac-9710-f2ba74198299,PERSON-011675,,41,,,,11_person.csv
731fedb7-6e22-544b-9a15-38e6eab78375,Tamil Nadu Person PERSON-011676,Other,TIRUVANNAMALAI Area,imported,12fe593e-e883-5cac-9710-f2ba74198299,PERSON-011676,,61,,,,11_person.csv
a29207c9-1a87-5f25-9b2a-9e26c805fb4e,Tamil Nadu Person PERSON-011679,Female,TENKASI Area,imported,12fe593e-e883-5cac-9710-f2ba74198299,PERSON-011679,,52,,,,11_person.csv
a1d2472f-6f47-5311-8d0b-766fc31c96d4,Tamil Nadu Person PERSON-011699,Other,TIRUNELVELI Area,imported,12fe593e-e883-5cac-9710-f2ba74198299,PERSON-011699,,49,,,,11_person.csv
e8bd1e97-3073-5618-8236-273ef2575373,Tamil Nadu Person PERSON-011717,Other,THE_NILGIRIS Area,imported,12fe593e-e883-5cac-9710-f2ba74198299,PERSON-011717,,64,,,,11_person.csv
c04a697b-a6fa-5351-9828-28b991d1b84a,Tamil Nadu Person PERSON-011722,Other,TIRUPATHUR Area,imported,12fe593e-e883-5cac-9710-f2ba74198299,PERSON-011722,,31,,,,11_person.csv
f025aed1-5a3e-5f7e-9776-e97660089ea7,Tamil Nadu Person PERSON-011724,Female,RAMESWARAM Area,imported,12fe593e-e883-5cac-9710-f2ba74198299,PERSON-011724,,53,,,,11_person.csv
81ac6a28-e379-5639-840b-ceae229facec,Tamil Nadu Person PERSON-011729,Female,CUDDALORE Area,imported,12fe593e-e883-5cac-9710-f2ba74198299,PERSON-011729,,24,,,,11_person.csv
b613f740-e918-5f5b-9d70-b4c9ad52a173,Tamil Nadu Person PERSON-011731,Male,KARUR Area,imported,12fe593e-e883-5cac-9710-f2ba74198299,PERSON-011731,,36,,,,11_person.csv
5a8ef6ea-8346-5125-8d46-790dcffdaa79,Tamil Nadu Person PERSON-011735,Male,KANYAKUMARI Area,imported,12fe593e-e883-5cac-9710-f2ba74198299,PERSON-011735,,68,,,,11_person.csv
3c6baabd-fb06-596a-b5b0-1dc3933a9db4,Tamil Nadu Person PERSON-011758,Male,THENI Area,imported,12fe593e-e883-5cac-9710-f2ba74198299,PERSON-011758,,30,,,,11_person.csv
e87fb39b-5d07-5b91-bc79-22a567f1efd2,Tamil Nadu Person PERSON-011762,Other,THIRUVALLUR Area,imported,12fe593e-e883-5cac-9710-f2ba74198299,PERSON-011762,,21,,,,11_person.csv
0e053b10-e611-578a-a8a5-aae7f6818774,Tamil Nadu Person PERSON-011778,Male,VILUPPURAM Area,imported,12fe593e-e883-5cac-9710-f2ba74198299,PERSON-011778,,76,,,,11_person.csv
684a3b29-7f24-5593-bf51-efe1cdd9ffdb,Tamil Nadu Person PERSON-011787,Male,DINDIGUL Area,imported,12fe593e-e883-5cac-9710-f2ba74198299,PERSON-011787,,29,,,,11_person.csv
08954530-67dd-5ed4-bc19-8d014a521634,Tamil Nadu Person PERSON-011791,Female,KANYAKUMARI Area,imported,12fe593e-e883-5cac-9710-f2ba74198299,PERSON-011791,,34,,,,11_person.csv
4f2529f0-7c1a-5f13-bd7e-281d0643a467,Tamil Nadu Person PERSON-011811,Other,DINDIGUL Area,imported,12fe593e-e883-5cac-9710-f2ba74198299,PERSON-011811,,30,,,,11_person.csv
c78ed5dc-06b3-54cf-85f2-61b53aafc384,Tamil Nadu Person PERSON-011815,Male,COIMBATORE Area,imported,12fe593e-e883-5cac-9710-f2ba74198299,PERSON-011815,,71,,,,11_person.csv
d044d7f4-b7c1-5fe7-8b9f-bd820ee03f61,Tamil Nadu Person PERSON-011817,Female,ERODE Area,imported,12fe593e-e883-5cac-9710-f2ba74198299,PERSON-011817,,46,,,,11_person.csv
5bffa575-b6a3-5041-bd5b-573a201bcbf1,Tamil Nadu Person PERSON-011820,Other,ARIYALUR Area,imported,12fe593e-e883-5cac-9710-f2ba74198299,PERSON-011820,,41,,,,11_person.csv
02651e10-5363-5b25-b77f-8acfe76d2537,Tamil Nadu Person PERSON-011838,Female,PERAMBALUR Area,imported,12fe593e-e883-5cac-9710-f2ba74198299,PERSON-011838,,20,,,,11_person.csv
848752a8-1ed8-569c-80ff-6fd29ed5eb6c,Tamil Nadu Person PERSON-011842,Male,VILUPPURAM Area,imported,12fe593e-e883-5cac-9710-f2ba74198299,PERSON-011842,,75,,,,11_person.csv
5ac7d227-2743-524b-8758-c13f5054a27e,Tamil Nadu Person PERSON-011846,Male,CHENGALPATTU Area,imported,12fe593e-e883-5cac-9710-f2ba74198299,PERSON-011846,,62,,,,11_person.csv
dd0d67d8-154d-5e39-82c8-8bf75a480629,Tamil Nadu Person PERSON-011848,Other,SIVAGANGA Area,imported,12fe593e-e883-5cac-9710-f2ba74198299,PERSON-011848,,41,,,,11_person.csv
9aecfce9-29db-5460-9120-360d321ddcdb,Tamil Nadu Person PERSON-011856,Female,KANYAKUMARI Area,imported,12fe593e-e883-5cac-9710-f2ba74198299,PERSON-011856,,50,,,,11_person.csv
eab9bc4e-3f16-540e-aa1e-3bb5fc92c621,Tamil Nadu Person PERSON-011870,Female,PUDUKOTTAI Area,imported,12fe593e-e883-5cac-9710-f2ba74198299,PERSON-011870,,45,,,,11_person.csv
5cbdc01d-f513-59d9-8dea-bae1b2b93b22,Tamil Nadu Person PERSON-011896,Female,RAMANATHAPURAM Area,imported,12fe593e-e883-5cac-9710-f2ba74198299,PERSON-011896,,32,,,,11_person.csv
5a5c4ca0-7d24-5c2f-8da8-15ca060c139d,Tamil Nadu Person PERSON-011921,Male,PERAMBALUR Area,imported,12fe593e-e883-5cac-9710-f2ba74198299,PERSON-011921,,52,,,,11_person.csv
860a35e2-ccea-5b20-bdb8-38a1614ab993,Tamil Nadu Person PERSON-011933,Other,TIRUNELVELI Area,imported,12fe593e-e883-5cac-9710-f2ba74198299,PERSON-011933,,65,,,,11_person.csv
1d61e250-efef-5ac4-bbde-2b979178031d,Tamil Nadu Person PERSON-011942,Other,CHENNAI Area,imported,12fe593e-e883-5cac-9710-f2ba74198299,PERSON-011942,,63,,,,11_person.csv
eb01c3c5-a47b-5ca4-991e-0ecb39692874,Tamil Nadu Person PERSON-011952,Other,THIRUVARUR Area,imported,12fe593e-e883-5cac-9710-f2ba74198299,PERSON-011952,,61,,,,11_person.csv
0262fada-36f9-5d28-9780-ca10463fc6b7,Tamil Nadu Person PERSON-011969,Female,TIRUPPUR Area,imported,12fe593e-e883-5cac-9710-f2ba74198299,PERSON-011969,,33,,,,11_person.csv
24ea4809-be09-599e-9132-1ed2899cfeb4,Tamil Nadu Person PERSON-011984,Female,SALEM Area,imported,12fe593e-e883-5cac-9710-f2ba74198299,PERSON-011984,,35,,,,11_person.csv
15509952-a54e-5d6e-84ce-d11e2a91c98d,Tamil Nadu Person PERSON-011994,Female,SALEM Area,imported,12fe593e-e883-5cac-9710-f2ba74198299,PERSON-011994,,27,,,,11_person.csv
18007985-52f5-5196-ae7d-35baffc2ba62,Tamil Nadu Person PERSON-012028,Female,DHARMAPURI Area,imported,12fe593e-e883-5cac-9710-f2ba74198299,PERSON-012028,,25,,,,11_person.csv
044346f9-52b8-5153-976f-e98952190454,Tamil Nadu Person PERSON-012031,Male,THE_NILGIRIS Area,imported,12fe593e-e883-5cac-9710-f2ba74198299,PERSON-012031,,23,,,,11_person.csv
3a7427e3-f196-562b-ad4c-74b8e6e5814b,Tamil Nadu Person PERSON-012040,Female,THOOTHUKUDI Area,imported,12fe593e-e883-5cac-9710-f2ba74198299,PERSON-012040,,24,,,,11_person.csv
25939c84-63be-52db-ab75-08558ebd9a12,Tamil Nadu Person PERSON-012051,Female,DHARMAPURI Area,imported,12fe593e-e883-5cac-9710-f2ba74198299,PERSON-012051,,24,,,,11_person.csv
c0629fef-dc18-5250-84cc-12391ce9fb8c,Tamil Nadu Person PERSON-012053,Female,NAGAPATTINAM Area,imported,12fe593e-e883-5cac-9710-f2ba74198299,PERSON-012053,,30,,,,11_person.csv
44565c91-823b-5a4b-b7b3-ca120adfb681,Tamil Nadu Person PERSON-012060,Male,KARUR Area,imported,12fe593e-e883-5cac-9710-f2ba74198299,PERSON-012060,,73,,,,11_person.csv
3fbd3dce-801d-528d-a0b9-ae4d1ea43969,Tamil Nadu Person PERSON-012061,Other,TENKASI Area,imported,12fe593e-e883-5cac-9710-f2ba74198299,PERSON-012061,,28,,,,11_person.csv
66a69b96-1daa-5f70-b29a-72188e307f49,Tamil Nadu Person PERSON-012098,Other,THOOTHUKUDI Area,imported,12fe593e-e883-5cac-9710-f2ba74198299,PERSON-012098,,69,,,,11_person.csv
17a691fd-96dc-53e8-9bd5-f2d136557841,Tamil Nadu Person PERSON-012160,Female,SIVAGANGA Area,imported,12fe593e-e883-5cac-9710-f2ba74198299,PERSON-012160,,24,,,,11_person.csv
dd4b3a69-91dd-5181-8dee-e002ce278465,Tamil Nadu Person PERSON-012173,Other,NAGAPATTINAM Area,imported,12fe593e-e883-5cac-9710-f2ba74198299,PERSON-012173,,45,,,,11_person.csv
e9af9e2a-82d8-5512-852f-1d9291f0faa8,Tamil Nadu Person PERSON-012176,Female,TIRUNELVELI Area,imported,12fe593e-e883-5cac-9710-f2ba74198299,PERSON-012176,,60,,,,11_person.csv
6dd560d3-ab02-5756-afc2-51c0b8830b55,Tamil Nadu Person PERSON-012179,Male,TIRUPPUR Area,imported,12fe593e-e883-5cac-9710-f2ba74198299,PERSON-012179,,72,,,,11_person.csv
1e07f4e0-67cf-5146-816f-756facc1c6b1,Tamil Nadu Person PERSON-012188,Other,NAGAPATTINAM Area,imported,12fe593e-e883-5cac-9710-f2ba74198299,PERSON-012188,,45,,,,11_person.csv
e74248c4-6df0-51ee-b9f6-e12150accf1f,Tamil Nadu Person PERSON-012190,Other,KARUR Area,imported,12fe593e-e883-5cac-9710-f2ba74198299,PERSON-012190,,20,,,,11_person.csv
aee872b0-5632-5a1b-b434-778edafe23b6,Tamil Nadu Person PERSON-012193,Female,PERAMBALUR Area,imported,12fe593e-e883-5cac-9710-f2ba74198299,PERSON-012193,,26,,,,11_person.csv
b0da43ba-fb06-5f75-b56b-c94cd17907bb,Tamil Nadu Person PERSON-012201,Male,SIVAGANGA Area,imported,12fe593e-e883-5cac-9710-f2ba74198299,PERSON-012201,,24,,,,11_person.csv
151bbb05-24a8-57ec-bfbc-a760bbffbb02,Tamil Nadu Person PERSON-012206,Male,PERAMBALUR Area,imported,12fe593e-e883-5cac-9710-f2ba74198299,PERSON-012206,,23,,,,11_person.csv
7597664c-d87f-58eb-87f0-305774c1258b,Tamil Nadu Person PERSON-012219,Other,NAMAKKAL Area,imported,12fe593e-e883-5cac-9710-f2ba74198299,PERSON-012219,,59,,,,11_person.csv
ffe2914f-d909-565c-9e8f-c28e931326a4,Tamil Nadu Person PERSON-012221,Other,RAMANATHAPURAM Area,imported,12fe593e-e883-5cac-9710-f2ba74198299,PERSON-012221,,34,,,,11_person.csv
f8adbb6a-7d53-5f6b-8797-e76a4c58d108,Tamil Nadu Person PERSON-012228,Other,TIRUCHIRAPPALLI Area,imported,12fe593e-e883-5cac-9710-f2ba74198299,PERSON-012228,,54,,,,11_person.csv
206a2930-ad5e-5db0-b22f-96788f4a9a7d,Tamil Nadu Person PERSON-012250,Other,CHENNAI Area,imported,12fe593e-e883-5cac-9710-f2ba74198299,PERSON-012250,,36,,,,11_person.csv
c2facc66-624b-553b-9e70-7e66513e079f,Tamil Nadu Person PERSON-012253,Male,VIRUDHUNAGAR Area,imported,12fe593e-e883-5cac-9710-f2ba74198299,PERSON-012253,,39,,,,11_person.csv
36b3f0c0-d0ef-5809-b68c-a61e7883a510,Tamil Nadu Person PERSON-012264,Other,THIRUVARUR Area,imported,12fe593e-e883-5cac-9710-f2ba74198299,PERSON-012264,,24,,,,11_person.csv
df4bbcd3-29ec-5852-8bcd-ffab3cf647a7,Tamil Nadu Person PERSON-012269,Male,NAGAPATTINAM Area,imported,12fe593e-e883-5cac-9710-f2ba74198299,PERSON-012269,,25,,,,11_person.csv
ac1afb72-c702-59f3-b0bf-cc8f340636e9,Tamil Nadu Person PERSON-012271,Female,TIRUCHIRAPPALLI Area,imported,12fe593e-e883-5cac-9710-f2ba74198299,PERSON-012271,,65,,,,11_person.csv
be8bc9cb-ee76-5210-868d-c73702d255db,Tamil Nadu Person PERSON-012292,Female,PERAMBALUR Area,imported,12fe593e-e883-5cac-9710-f2ba74198299,PERSON-012292,,59,,,,11_person.csv
3ef144b1-3311-528a-9a7b-d13982d14eb4,Tamil Nadu Person PERSON-012294,Male,MAYILADUTHURAI Area,imported,12fe593e-e883-5cac-9710-f2ba74198299,PERSON-012294,,36,,,,11_person.csv
0e628ed1-82c6-50ef-9fd9-c94f1f56c7cb,Tamil Nadu Person PERSON-012301,Male,RAMESWARAM Area,imported,12fe593e-e883-5cac-9710-f2ba74198299,PERSON-012301,,63,,,,11_person.csv
54118cbf-e20c-5b95-96f6-0fe179cd894b,Tamil Nadu Person PERSON-012326,Female,NAGAPATTINAM Area,imported,12fe593e-e883-5cac-9710-f2ba74198299,PERSON-012326,,22,,,,11_person.csv
27b5237d-9901-54f1-9dc7-be3b5ef88985,Tamil Nadu Person PERSON-012338,Other,DHARMAPURI Area,imported,12fe593e-e883-5cac-9710-f2ba74198299,PERSON-012338,,32,,,,11_person.csv
d1782b0c-05dd-5bfc-b18d-851d17afb0f3,Tamil Nadu Person PERSON-012350,Other,KRISHNAGIRI Area,imported,12fe593e-e883-5cac-9710-f2ba74198299,PERSON-012350,,47,,,,11_person.csv
38fb7be2-9800-5710-86d4-95f2f5721231,Tamil Nadu Person PERSON-012352,Other,THIRUVALLUR Area,imported,12fe593e-e883-5cac-9710-f2ba74198299,PERSON-012352,,21,,,,11_person.csv
0d9b8b46-7021-563b-a55e-b3b9c8092b3c,Tamil Nadu Person PERSON-012357,Male,CHENNAI Area,imported,12fe593e-e883-5cac-9710-f2ba74198299,PERSON-012357,,21,,,,11_person.csv
658d70f5-4e86-52c7-aa58-fcf08092767c,Tamil Nadu Person PERSON-012366,Other,TIRUPPUR Area,imported,12fe593e-e883-5cac-9710-f2ba74198299,PERSON-012366,,32,,,,11_person.csv
033fdb8c-4edf-5434-9a46-b59efe52a08b,Tamil Nadu Person PERSON-012396,Other,RAMESWARAM Area,imported,12fe593e-e883-5cac-9710-f2ba74198299,PERSON-012396,,66,,,,11_person.csv
8ad55085-6226-5b05-92ef-2da552808418,Tamil Nadu Person PERSON-012400,Male,KALLAKURICHI Area,imported,12fe593e-e883-5cac-9710-f2ba74198299,PERSON-012400,,61,,,,11_person.csv
03b91978-d052-52b4-b197-57f502502e8a,Tamil Nadu Person PERSON-012402,Male,VIRUDHUNAGAR Area,imported,12fe593e-e883-5cac-9710-f2ba74198299,PERSON-012402,,56,,,,11_person.csv
d6589fb4-317d-5fe7-b228-d394a01b2915,Tamil Nadu Person PERSON-012411,Male,THENI Area,imported,12fe593e-e883-5cac-9710-f2ba74198299,PERSON-012411,,54,,,,11_person.csv
338acbc3-ab39-5179-9d27-0f35667695c0,Tamil Nadu Person PERSON-012427,Female,THIRUVARUR Area,imported,12fe593e-e883-5cac-9710-f2ba74198299,PERSON-012427,,74,,,,11_person.csv
ffd38a0c-6ff2-516f-8d0c-b8104e2c0519,Tamil Nadu Person PERSON-012433,Other,TIRUPPUR Area,imported,12fe593e-e883-5cac-9710-f2ba74198299,PERSON-012433,,50,,,,11_person.csv
3091fb29-d621-57d9-8be6-eb90529c8630,Tamil Nadu Person PERSON-012441,Other,DINDIGUL Area,imported,12fe593e-e883-5cac-9710-f2ba74198299,PERSON-012441,,64,,,,11_person.csv
bd33c223-387c-59df-8a00-244bdbfcb0d3,Tamil Nadu Person PERSON-012446,Male,ARIYALUR Area,imported,12fe593e-e883-5cac-9710-f2ba74198299,PERSON-012446,,41,,,,11_person.csv
a53dfb0b-3ec6-5c13-94ca-e9ea831f45c1,Tamil Nadu Person PERSON-012463,Other,THIRUVARUR Area,imported,12fe593e-e883-5cac-9710-f2ba74198299,PERSON-012463,,41,,,,11_person.csv
a5a5203a-924d-5701-9504-f1811eeca3ce,Tamil Nadu Person PERSON-012480,Male,DHARMAPURI Area,imported,12fe593e-e883-5cac-9710-f2ba74198299,PERSON-012480,,25,,,,11_person.csv
979b9828-76b0-5c33-960f-2be295083098,Tamil Nadu Person PERSON-012491,Female,TIRUNELVELI Area,imported,12fe593e-e883-5cac-9710-f2ba74198299,PERSON-012491,,47,,,,11_person.csv
6ba03080-e862-5b0b-a855-b16def8769f1,Tamil Nadu Person PERSON-012500,Other,KANCHEEPURAM Area,imported,12fe593e-e883-5cac-9710-f2ba74198299,PERSON-012500,,74,,,,11_person.csv
a0a08166-1634-5795-bdd5-0a103e09d2db,Tamil Nadu Person PERSON-012507,Other,THE_NILGIRIS Area,imported,12fe593e-e883-5cac-9710-f2ba74198299,PERSON-012507,,44,,,,11_person.csv
dd72f52a-1ad3-5d60-8e78-7585e68b0ba8,Tamil Nadu Person PERSON-012508,Other,CUDDALORE Area,imported,12fe593e-e883-5cac-9710-f2ba74198299,PERSON-012508,,50,,,,11_person.csv
c7f5150b-6378-5abf-b5f4-95430e45868f,Tamil Nadu Person PERSON-012547,Other,TIRUPATHUR Area,imported,12fe593e-e883-5cac-9710-f2ba74198299,PERSON-012547,,39,,,,11_person.csv
530224a9-8eb3-59b5-a544-57a7f213e634,Tamil Nadu Person PERSON-012560,Female,THE_NILGIRIS Area,imported,12fe593e-e883-5cac-9710-f2ba74198299,PERSON-012560,,67,,,,11_person.csv
116fa933-96ad-5163-935a-89fec42b8ede,Tamil Nadu Person PERSON-012566,Other,TIRUPATHUR Area,imported,12fe593e-e883-5cac-9710-f2ba74198299,PERSON-012566,,71,,,,11_person.csv
6bf0e4bd-0576-5afc-b058-195bcffad497,Tamil Nadu Person PERSON-012610,Male,RAMANATHAPURAM Area,imported,12fe593e-e883-5cac-9710-f2ba74198299,PERSON-012610,,60,,,,11_person.csv
e6ca7f6b-7b8e-5f61-b52b-91ed57fa55e9,Tamil Nadu Person PERSON-012611,Other,KUMBAKONAM Area,imported,12fe593e-e883-5cac-9710-f2ba74198299,PERSON-012611,,76,,,,11_person.csv
4d51989c-0bec-5553-a969-aa59c9e07577,Tamil Nadu Person PERSON-012613,Female,ARIYALUR Area,imported,12fe593e-e883-5cac-9710-f2ba74198299,PERSON-012613,,48,,,,11_person.csv
e090bb91-9a4b-544e-be51-660082a1cc18,Tamil Nadu Person PERSON-012614,Other,SIVAGANGA Area,imported,12fe593e-e883-5cac-9710-f2ba74198299,PERSON-012614,,28,,,,11_person.csv
481231a1-f767-52bb-9610-e8c7194b957f,Tamil Nadu Person PERSON-012642,Male,TIRUCHIRAPPALLI Area,imported,12fe593e-e883-5cac-9710-f2ba74198299,PERSON-012642,,56,,,,11_person.csv
a7ded225-cf97-5013-86db-032561338a06,Tamil Nadu Person PERSON-012651,Female,TIRUVANNAMALAI Area,imported,12fe593e-e883-5cac-9710-f2ba74198299,PERSON-012651,,22,,,,11_person.csv
07e94223-b7e0-5003-b465-92ce0975ff3b,Tamil Nadu Person PERSON-012653,Male,KRISHNAGIRI Area,imported,12fe593e-e883-5cac-9710-f2ba74198299,PERSON-012653,,76,,,,11_person.csv
1e64e1af-a5a1-5460-8a1b-e8d5d7fe7ca5,Tamil Nadu Person PERSON-012662,Other,CHENGALPATTU Area,imported,12fe593e-e883-5cac-9710-f2ba74198299,PERSON-012662,,30,,,,11_person.csv
2c3b01f3-d56b-5b0c-bdb4-e026b2908df0,Tamil Nadu Person PERSON-012666,Female,KANYAKUMARI Area,imported,12fe593e-e883-5cac-9710-f2ba74198299,PERSON-012666,,59,,,,11_person.csv
67e5d8a2-c94e-5c4b-823b-c8e6d362841b,Tamil Nadu Person PERSON-012681,Female,ERODE Area,imported,12fe593e-e883-5cac-9710-f2ba74198299,PERSON-012681,,44,,,,11_person.csv
72f642cc-c94c-5fc6-9482-706107715720,Tamil Nadu Person PERSON-012697,Male,RAMESWARAM Area,imported,12fe593e-e883-5cac-9710-f2ba74198299,PERSON-012697,,46,,,,11_person.csv
a7f1b859-4f87-55ae-ae11-a48ff5d51fda,Tamil Nadu Person PERSON-012703,Male,NAMAKKAL Area,imported,12fe593e-e883-5cac-9710-f2ba74198299,PERSON-012703,,52,,,,11_person.csv
a00f55c4-cb17-59f9-bdb3-66ace5018999,Tamil Nadu Person PERSON-012705,Other,TIRUCHIRAPPALLI Area,imported,12fe593e-e883-5cac-9710-f2ba74198299,PERSON-012705,,24,,,,11_person.csv
027e2ea9-ecf5-5f1d-a0f1-849d8f40dcbd,Tamil Nadu Person PERSON-012715,Other,RANIPET Area,imported,12fe593e-e883-5cac-9710-f2ba74198299,PERSON-012715,,28,,,,11_person.csv
3e6f6884-8099-5e4c-bc9f-34d964d280ca,Tamil Nadu Person PERSON-012721,Female,THIRUVALLUR Area,imported,12fe593e-e883-5cac-9710-f2ba74198299,PERSON-012721,,49,,,,11_person.csv
855dd3b0-f0da-5e93-bd2a-21200bb0ffb1,Tamil Nadu Person PERSON-012732,Female,ERODE Area,imported,12fe593e-e883-5cac-9710-f2ba74198299,PERSON-012732,,61,,,,11_person.csv
35cfd485-3c92-5162-b486-8e6ac1a0b038,Tamil Nadu Person PERSON-012734,Male,KANCHEEPURAM Area,imported,12fe593e-e883-5cac-9710-f2ba74198299,PERSON-012734,,42,,,,11_person.csv
7001de2e-13be-5729-b7b8-f21c41c05c71,Tamil Nadu Person PERSON-012737,Male,KUMBAKONAM Area,imported,12fe593e-e883-5cac-9710-f2ba74198299,PERSON-012737,,73,,,,11_person.csv
74a8e294-498c-55f0-8a45-7860cc22862d,Tamil Nadu Person PERSON-012746,Female,THIRUVARUR Area,imported,12fe593e-e883-5cac-9710-f2ba74198299,PERSON-012746,,73,,,,11_person.csv
d025009b-c657-56ae-b493-53dc812ee1ce,Tamil Nadu Person PERSON-012760,Female,DHARMAPURI Area,imported,12fe593e-e883-5cac-9710-f2ba74198299,PERSON-012760,,76,,,,11_person.csv
a9906b3a-ebf7-53f1-a02c-171ce5a123f0,Tamil Nadu Person PERSON-012764,Other,THOOTHUKUDI Area,imported,12fe593e-e883-5cac-9710-f2ba74198299,PERSON-012764,,39,,,,11_person.csv
aa8e1f12-a1a1-5d68-b234-ed2a62c246f9,Tamil Nadu Person PERSON-012766,Female,MADURAI Area,imported,12fe593e-e883-5cac-9710-f2ba74198299,PERSON-012766,,40,,,,11_person.csv
8c51e32b-8f4c-5cfb-bf7b-ec47481a08d9,Tamil Nadu Person PERSON-012785,Female,DHARMAPURI Area,imported,12fe593e-e883-5cac-9710-f2ba74198299,PERSON-012785,,30,,,,11_person.csv
86c4751c-d010-55b7-b4db-1896d5315db4,Tamil Nadu Person PERSON-012793,Other,THE_NILGIRIS Area,imported,12fe593e-e883-5cac-9710-f2ba74198299,PERSON-012793,,33,,,,11_person.csv
9d65a054-5d31-516d-b5c7-690adfe128ab,Tamil Nadu Person PERSON-012798,Other,TENKASI Area,imported,12fe593e-e883-5cac-9710-f2ba74198299,PERSON-012798,,29,,,,11_person.csv
56cd5f10-91ce-5f3a-8a31-bcd7a6f56e09,Tamil Nadu Person PERSON-012809,Other,KANCHEEPURAM Area,imported,12fe593e-e883-5cac-9710-f2ba74198299,PERSON-012809,,26,,,,11_person.csv
9f69cc92-2547-50e8-bffb-51f3f27ec098,Tamil Nadu Person PERSON-012817,Female,KANCHEEPURAM Area,imported,12fe593e-e883-5cac-9710-f2ba74198299,PERSON-012817,,64,,,,11_person.csv
48923395-c622-52d8-b1e2-d0ca0df6b3c9,Tamil Nadu Person PERSON-012831,Male,DHARMAPURI Area,imported,12fe593e-e883-5cac-9710-f2ba74198299,PERSON-012831,,68,,,,11_person.csv
ee652aa1-c83d-5a19-8e10-d73d2b476d04,Tamil Nadu Person PERSON-012837,Other,KANCHEEPURAM Area,imported,12fe593e-e883-5cac-9710-f2ba74198299,PERSON-012837,,49,,,,11_person.csv
a776d681-b5c1-5c1f-ac94-4dbeefc3afb8,Tamil Nadu Person PERSON-012838,Other,MADURAI Area,imported,12fe593e-e883-5cac-9710-f2ba74198299,PERSON-012838,,57,,,,11_person.csv
f66af116-657d-570f-9e9e-209c363f561b,Tamil Nadu Person PERSON-012841,Female,COIMBATORE Area,imported,12fe593e-e883-5cac-9710-f2ba74198299,PERSON-012841,,47,,,,11_person.csv
d2734607-9b59-5862-b6c6-304d25125101,Tamil Nadu Person PERSON-012845,Female,TIRUCHIRAPPALLI Area,imported,12fe593e-e883-5cac-9710-f2ba74198299,PERSON-012845,,39,,,,11_person.csv
54185b63-1ae5-5320-bade-b8cad4e64fd3,Tamil Nadu Person PERSON-012849,Other,RAMESWARAM Area,imported,12fe593e-e883-5cac-9710-f2ba74198299,PERSON-012849,,39,,,,11_person.csv
f9a92bfc-870e-5ff0-8c4d-a7f1f6c37842,Tamil Nadu Person PERSON-012850,Other,KANCHEEPURAM Area,imported,12fe593e-e883-5cac-9710-f2ba74198299,PERSON-012850,,62,,,,11_person.csv
f7cec35b-953e-596b-91e7-d19932ff7b87,Tamil Nadu Person PERSON-012857,Male,THENI Area,imported,12fe593e-e883-5cac-9710-f2ba74198299,PERSON-012857,,66,,,,11_person.csv
7179a8a5-df29-51bf-b657-d44ec8946fb2,Tamil Nadu Person PERSON-012871,Other,NAGAPATTINAM Area,imported,12fe593e-e883-5cac-9710-f2ba74198299,PERSON-012871,,65,,,,11_person.csv
8012876a-f27d-533c-9cbc-5c54ab1f8678,Tamil Nadu Person PERSON-012873,Other,KANCHEEPURAM Area,imported,12fe593e-e883-5cac-9710-f2ba74198299,PERSON-012873,,64,,,,11_person.csv
b18814af-23f2-5ba9-a8fe-33e98b05a4e6,Tamil Nadu Person PERSON-012879,Male,KARUR Area,imported,12fe593e-e883-5cac-9710-f2ba74198299,PERSON-012879,,33,,,,11_person.csv
f29f7767-26c4-50cd-99ae-85aa60689c58,Tamil Nadu Person PERSON-012884,Male,CHENGALPATTU Area,imported,12fe593e-e883-5cac-9710-f2ba74198299,PERSON-012884,,38,,,,11_person.csv
ae67264a-c335-5408-8146-bdece5f3ab07,Tamil Nadu Person PERSON-012888,Other,VILUPPURAM Area,imported,12fe593e-e883-5cac-9710-f2ba74198299,PERSON-012888,,66,,,,11_person.csv
a99229c8-8e8c-51ff-9fb4-0449403f0505,Tamil Nadu Person PERSON-012891,Male,RAMESWARAM Area,imported,12fe593e-e883-5cac-9710-f2ba74198299,PERSON-012891,,35,,,,11_person.csv
308b4551-b8b6-56c6-b023-0523f4842a51,Tamil Nadu Person PERSON-012901,Other,ERODE Area,imported,12fe593e-e883-5cac-9710-f2ba74198299,PERSON-012901,,68,,,,11_person.csv
e481fa46-2312-586b-be2f-6413bf9d9ebf,Tamil Nadu Person PERSON-012903,Female,THENI Area,imported,12fe593e-e883-5cac-9710-f2ba74198299,PERSON-012903,,57,,,,11_person.csv
127863ea-8021-5d0d-b59a-f7cae96d6438,Tamil Nadu Person PERSON-012934,Other,RAMANATHAPURAM Area,imported,12fe593e-e883-5cac-9710-f2ba74198299,PERSON-012934,,62,,,,11_person.csv
5d442bb9-19ff-502a-ac74-0fc9b2d47b06,Tamil Nadu Person PERSON-012938,Male,PERAMBALUR Area,imported,12fe593e-e883-5cac-9710-f2ba74198299,PERSON-012938,,47,,,,11_person.csv
8a083b9f-9bfd-55d6-9bca-3e719cf8fa09,Tamil Nadu Person PERSON-012942,Other,DINDIGUL Area,imported,12fe593e-e883-5cac-9710-f2ba74198299,PERSON-012942,,73,,,,11_person.csv
5dd3eebf-2a14-5f1f-bc55-7fea35dcfd66,Tamil Nadu Person PERSON-012956,Other,TIRUVANNAMALAI Area,imported,12fe593e-e883-5cac-9710-f2ba74198299,PERSON-012956,,54,,,,11_person.csv
05bfa2f2-6298-5e0b-a7d9-5cb3af9938c1,Tamil Nadu Person PERSON-012974,Other,TIRUCHIRAPPALLI Area,imported,12fe593e-e883-5cac-9710-f2ba74198299,PERSON-012974,,68,,,,11_person.csv
f406e270-29e3-5d8d-a514-1719cca3a165,Tamil Nadu Person PERSON-012996,Male,TENKASI Area,imported,12fe593e-e883-5cac-9710-f2ba74198299,PERSON-012996,,36,,,,11_person.csv
553a8437-4d96-54f1-b0ec-6017dc3d9837,Tamil Nadu Person PERSON-013025,Female,DINDIGUL Area,imported,12fe593e-e883-5cac-9710-f2ba74198299,PERSON-013025,,63,,,,11_person.csv
7a826ee8-090e-587c-a2cd-d8c8f947ed85,Tamil Nadu Person PERSON-013026,Other,KALLAKURICHI Area,imported,12fe593e-e883-5cac-9710-f2ba74198299,PERSON-013026,,36,,,,11_person.csv
dcb9922b-5d03-5f0d-b202-11f723bb48f0,Tamil Nadu Person PERSON-013027,Female,SALEM Area,imported,12fe593e-e883-5cac-9710-f2ba74198299,PERSON-013027,,36,,,,11_person.csv
d01eee87-fcc4-5c8f-b9d2-53d2ddca9713,Tamil Nadu Person PERSON-013042,Male,KUMBAKONAM Area,imported,12fe593e-e883-5cac-9710-f2ba74198299,PERSON-013042,,34,,,,11_person.csv
ea632780-e31e-5c67-9c09-dbe3c6631462,Tamil Nadu Person PERSON-013043,Female,DINDIGUL Area,imported,12fe593e-e883-5cac-9710-f2ba74198299,PERSON-013043,,37,,,,11_person.csv
fbd3bc14-ddc1-5a45-808c-d30a31a5904f,Tamil Nadu Person PERSON-013056,Female,THENI Area,imported,12fe593e-e883-5cac-9710-f2ba74198299,PERSON-013056,,69,,,,11_person.csv
358c81b7-6eac-582e-8ef7-13fb8c34d8c6,Tamil Nadu Person PERSON-013077,Female,KRISHNAGIRI Area,imported,12fe593e-e883-5cac-9710-f2ba74198299,PERSON-013077,,56,,,,11_person.csv
4262b9e9-b0a8-5a98-aaab-c1ea3ac26f20,Tamil Nadu Person PERSON-013127,Male,PERAMBALUR Area,imported,12fe593e-e883-5cac-9710-f2ba74198299,PERSON-013127,,75,,,,11_person.csv
bb0eee8d-0b3d-5939-adfe-8aa7f2a7ac41,Tamil Nadu Person PERSON-013128,Other,KRISHNAGIRI Area,imported,12fe593e-e883-5cac-9710-f2ba74198299,PERSON-013128,,49,,,,11_person.csv
2fde5203-707c-5500-8de5-c6ba3584c9f2,Tamil Nadu Person PERSON-013174,Male,RAMESWARAM Area,imported,12fe593e-e883-5cac-9710-f2ba74198299,PERSON-013174,,48,,,,11_person.csv
4e8289a4-97bf-51e6-92f7-36aa4c5ebfa5,Tamil Nadu Person PERSON-013178,Other,TENKASI Area,imported,12fe593e-e883-5cac-9710-f2ba74198299,PERSON-013178,,31,,,,11_person.csv
35eb2afc-ff80-5eb6-ad20-25ba1e125c52,Tamil Nadu Person PERSON-013185,Male,RANIPET Area,imported,12fe593e-e883-5cac-9710-f2ba74198299,PERSON-013185,,49,,,,11_person.csv
a5b108ca-db28-5490-b016-d07efc697fc5,Tamil Nadu Person PERSON-013192,Other,KANYAKUMARI Area,imported,12fe593e-e883-5cac-9710-f2ba74198299,PERSON-013192,,64,,,,11_person.csv
d0a14458-deeb-5d02-8af9-07226b5dd9bd,Tamil Nadu Person PERSON-013200,Other,TIRUVANNAMALAI Area,imported,12fe593e-e883-5cac-9710-f2ba74198299,PERSON-013200,,27,,,,11_person.csv
2492f2d2-4434-577e-8fed-53841b56b330,Tamil Nadu Person PERSON-013220,Other,CUDDALORE Area,imported,12fe593e-e883-5cac-9710-f2ba74198299,PERSON-013220,,58,,,,11_person.csv
ffb961da-4dd0-535c-9491-f72fc6eafc04,Tamil Nadu Person PERSON-013251,Other,PERAMBALUR Area,imported,12fe593e-e883-5cac-9710-f2ba74198299,PERSON-013251,,23,,,,11_person.csv
8fcb5807-b09e-5b8c-9909-ed1eca090d71,Tamil Nadu Person PERSON-013264,Other,PERAMBALUR Area,imported,12fe593e-e883-5cac-9710-f2ba74198299,PERSON-013264,,22,,,,11_person.csv
8bebaf3b-d84a-56d1-8d68-8588e1a055e7,Tamil Nadu Person PERSON-013266,Other,TIRUPATHUR Area,imported,12fe593e-e883-5cac-9710-f2ba74198299,PERSON-013266,,22,,,,11_person.csv
2ff5e748-ad36-5b56-a0bd-1ac74e1ce016,Tamil Nadu Person PERSON-013271,Other,THE_NILGIRIS Area,imported,12fe593e-e883-5cac-9710-f2ba74198299,PERSON-013271,,23,,,,11_person.csv
f05968ec-412f-50a2-bd6e-615c6006f65f,Tamil Nadu Person PERSON-013276,Male,SIVAGANGA Area,imported,12fe593e-e883-5cac-9710-f2ba74198299,PERSON-013276,,75,,,,11_person.csv
d2fa0501-c9ca-52cf-aa5b-4d005183a024,Tamil Nadu Person PERSON-013305,Other,NAGAPATTINAM Area,imported,12fe593e-e883-5cac-9710-f2ba74198299,PERSON-013305,,67,,,,11_person.csv
adb2d41a-f674-5bec-8dc6-dd1232f66632,Tamil Nadu Person PERSON-013311,Male,PERAMBALUR Area,imported,12fe593e-e883-5cac-9710-f2ba74198299,PERSON-013311,,68,,,,11_person.csv
91d7a82b-0b31-5361-913d-a1430c3919ea,Tamil Nadu Person PERSON-013314,Male,THOOTHUKUDI Area,imported,12fe593e-e883-5cac-9710-f2ba74198299,PERSON-013314,,27,,,,11_person.csv
302fa406-cfd2-548d-abbe-af801d849924,Tamil Nadu Person PERSON-013326,Male,NAMAKKAL Area,imported,12fe593e-e883-5cac-9710-f2ba74198299,PERSON-013326,,62,,,,11_person.csv
f12a24e8-1e4b-543c-aec3-d805e2c75a87,Tamil Nadu Person PERSON-013333,Female,CHENNAI Area,imported,12fe593e-e883-5cac-9710-f2ba74198299,PERSON-013333,,63,,,,11_person.csv
f44d5848-8ef9-5519-abf5-063a2070d107,Tamil Nadu Person PERSON-013336,Male,NAGAPATTINAM Area,imported,12fe593e-e883-5cac-9710-f2ba74198299,PERSON-013336,,43,,,,11_person.csv
83f33173-c547-579d-a7f8-3574352f08ee,Tamil Nadu Person PERSON-013345,Male,PUDUKOTTAI Area,imported,12fe593e-e883-5cac-9710-f2ba74198299,PERSON-013345,,45,,,,11_person.csv
7a1d35bb-8ab8-550c-ae55-57bce1ba8d35,Tamil Nadu Person PERSON-013349,Male,TIRUVANNAMALAI Area,imported,12fe593e-e883-5cac-9710-f2ba74198299,PERSON-013349,,73,,,,11_person.csv
2e5a72de-188b-580d-b86b-b778f7162596,Tamil Nadu Person PERSON-013351,Other,TIRUPATHUR Area,imported,12fe593e-e883-5cac-9710-f2ba74198299,PERSON-013351,,40,,,,11_person.csv
d7d2c4e8-487d-58b2-aaba-db03646b3269,Tamil Nadu Person PERSON-013360,Male,THIRUVARUR Area,imported,12fe593e-e883-5cac-9710-f2ba74198299,PERSON-013360,,70,,,,11_person.csv
a82e8e91-0a6a-530c-a750-88918085d03e,Tamil Nadu Person PERSON-013364,Other,RAMESWARAM Area,imported,12fe593e-e883-5cac-9710-f2ba74198299,PERSON-013364,,50,,,,11_person.csv
f1385f5f-99dd-57c9-ba3f-e20ca7a5b674,Tamil Nadu Person PERSON-013367,Male,MADURAI Area,imported,12fe593e-e883-5cac-9710-f2ba74198299,PERSON-013367,,28,,,,11_person.csv
564ba258-6909-58e5-8b0f-d349afc30d19,Tamil Nadu Person PERSON-013378,Male,SIVAGANGA Area,imported,12fe593e-e883-5cac-9710-f2ba74198299,PERSON-013378,,59,,,,11_person.csv
dff724e5-9a29-52b3-8fce-8a459fb41c5a,Tamil Nadu Person PERSON-013385,Male,MAYILADUTHURAI Area,imported,12fe593e-e883-5cac-9710-f2ba74198299,PERSON-013385,,36,,,,11_person.csv
58b97f5d-0565-52ac-bf2e-157ef102fc5b,Tamil Nadu Person PERSON-013394,Other,TIRUPATHUR Area,imported,12fe593e-e883-5cac-9710-f2ba74198299,PERSON-013394,,65,,,,11_person.csv
e9175b35-4a8c-5829-9de4-94539bc3f6a1,Tamil Nadu Person PERSON-013411,Female,THIRUVARUR Area,imported,12fe593e-e883-5cac-9710-f2ba74198299,PERSON-013411,,25,,,,11_person.csv
ba188891-747b-59d3-9082-9b4a9cba4eb2,Tamil Nadu Person PERSON-013420,Other,NAMAKKAL Area,imported,12fe593e-e883-5cac-9710-f2ba74198299,PERSON-013420,,55,,,,11_person.csv
a8506234-6ac3-502e-aae6-1de6efff8d80,Tamil Nadu Person PERSON-013421,Other,TIRUPATHUR Area,imported,12fe593e-e883-5cac-9710-f2ba74198299,PERSON-013421,,21,,,,11_person.csv
d59f4184-7f19-52eb-8406-694cf39d6760,Tamil Nadu Person PERSON-013431,Male,THIRUVALLUR Area,imported,12fe593e-e883-5cac-9710-f2ba74198299,PERSON-013431,,31,,,,11_person.csv
62ab346b-c157-5a12-b780-86878de36a87,Tamil Nadu Person PERSON-013454,Other,THENI Area,imported,12fe593e-e883-5cac-9710-f2ba74198299,PERSON-013454,,73,,,,11_person.csv
32ae5185-59a9-52e7-99b1-021af6ff8c4a,Tamil Nadu Person PERSON-013459,Other,KRISHNAGIRI Area,imported,12fe593e-e883-5cac-9710-f2ba74198299,PERSON-013459,,72,,,,11_person.csv
79d5e1c3-c534-5e39-969b-bf51b8338ee0,Tamil Nadu Person PERSON-013473,Male,THIRUVARUR Area,imported,12fe593e-e883-5cac-9710-f2ba74198299,PERSON-013473,,32,,,,11_person.csv
674276cc-6f75-5e88-83b7-d0bc50e15200,Tamil Nadu Person PERSON-013474,Male,TIRUNELVELI Area,imported,12fe593e-e883-5cac-9710-f2ba74198299,PERSON-013474,,71,,,,11_person.csv
e2e6fa2a-92a3-59d4-bc8b-4b52426e3dc8,Tamil Nadu Person PERSON-013488,Other,NAMAKKAL Area,imported,12fe593e-e883-5cac-9710-f2ba74198299,PERSON-013488,,26,,,,11_person.csv
52be10f2-353d-541a-aee8-d65620b1c2c9,Tamil Nadu Person PERSON-013513,Other,SIVAGANGA Area,imported,12fe593e-e883-5cac-9710-f2ba74198299,PERSON-013513,,21,,,,11_person.csv
22fb77e3-2bdd-5ed3-8308-69505868ddc8,Tamil Nadu Person PERSON-013514,Other,NAMAKKAL Area,imported,12fe593e-e883-5cac-9710-f2ba74198299,PERSON-013514,,44,,,,11_person.csv
15e1e322-0cd3-50cc-b3f8-ee2370563f84,Tamil Nadu Person PERSON-013527,Other,DINDIGUL Area,imported,12fe593e-e883-5cac-9710-f2ba74198299,PERSON-013527,,51,,,,11_person.csv
43ab77d4-6ae1-5399-ae85-7fa009016d46,Tamil Nadu Person PERSON-013541,Other,TIRUVANNAMALAI Area,imported,12fe593e-e883-5cac-9710-f2ba74198299,PERSON-013541,,43,,,,11_person.csv
ea9b5fe0-b9c3-5a9f-971e-15ced0936fac,Tamil Nadu Person PERSON-013551,Other,RAMANATHAPURAM Area,imported,12fe593e-e883-5cac-9710-f2ba74198299,PERSON-013551,,52,,,,11_person.csv
fedcb77d-5767-526a-a745-4569a63af99d,Tamil Nadu Person PERSON-013563,Female,COIMBATORE Area,imported,12fe593e-e883-5cac-9710-f2ba74198299,PERSON-013563,,56,,,,11_person.csv
481d0b4a-0973-5eab-aa2a-54ac131f81cd,Tamil Nadu Person PERSON-013574,Female,CHENGALPATTU Area,imported,12fe593e-e883-5cac-9710-f2ba74198299,PERSON-013574,,40,,,,11_person.csv
92d74f6c-ccf2-507b-8ae6-d4485075d524,Tamil Nadu Person PERSON-013617,Other,ERODE Area,imported,12fe593e-e883-5cac-9710-f2ba74198299,PERSON-013617,,56,,,,11_person.csv
e5a910dc-9cd5-5511-b3c4-9b816081baa0,Tamil Nadu Person PERSON-013639,Female,KUMBAKONAM Area,imported,12fe593e-e883-5cac-9710-f2ba74198299,PERSON-013639,,26,,,,11_person.csv
246cb483-e610-50d0-bb35-7829cd678ac8,Tamil Nadu Person PERSON-013647,Other,SALEM Area,imported,12fe593e-e883-5cac-9710-f2ba74198299,PERSON-013647,,22,,,,11_person.csv
bdac2340-b36f-558c-845a-e6601f1fe9d8,Tamil Nadu Person PERSON-013650,Male,DHARMAPURI Area,imported,12fe593e-e883-5cac-9710-f2ba74198299,PERSON-013650,,37,,,,11_person.csv
7c66976c-830a-5d70-9bd9-1a30478db338,Tamil Nadu Person PERSON-013657,Male,TIRUPATHUR Area,imported,12fe593e-e883-5cac-9710-f2ba74198299,PERSON-013657,,29,,,,11_person.csv
85a7a0c7-aa16-5c14-a696-7fe0884179a5,Tamil Nadu Person PERSON-013674,Male,NAMAKKAL Area,imported,12fe593e-e883-5cac-9710-f2ba74198299,PERSON-013674,,22,,,,11_person.csv
08c3ce59-4170-5c34-98cd-2f3fdf066901,Tamil Nadu Person PERSON-013688,Male,KUMBAKONAM Area,imported,12fe593e-e883-5cac-9710-f2ba74198299,PERSON-013688,,27,,,,11_person.csv
f86672b4-5f95-5684-aa15-5453c0e89928,Tamil Nadu Person PERSON-013698,Male,NAMAKKAL Area,imported,12fe593e-e883-5cac-9710-f2ba74198299,PERSON-013698,,75,,,,11_person.csv
70fb31c0-b82a-5564-93d9-55d9636223a7,Tamil Nadu Person PERSON-013705,Female,DHARMAPURI Area,imported,12fe593e-e883-5cac-9710-f2ba74198299,PERSON-013705,,60,,,,11_person.csv
f4549c2e-e790-51d0-89a9-7300962ae347,Tamil Nadu Person PERSON-013708,Female,ARIYALUR Area,imported,12fe593e-e883-5cac-9710-f2ba74198299,PERSON-013708,,75,,,,11_person.csv
b43eb3a4-5cb7-5657-95e6-7ea14d959ce4,Tamil Nadu Person PERSON-013718,Female,SALEM Area,imported,12fe593e-e883-5cac-9710-f2ba74198299,PERSON-013718,,66,,,,11_person.csv
b16bff96-563a-58aa-a8ab-85a713433e2f,Tamil Nadu Person PERSON-013720,Male,THIRUVALLUR Area,imported,12fe593e-e883-5cac-9710-f2ba74198299,PERSON-013720,,41,,,,11_person.csv
0878c2c1-489c-5aaa-b67b-3253d7d1659e,Tamil Nadu Person PERSON-013729,Other,PERAMBALUR Area,imported,12fe593e-e883-5cac-9710-f2ba74198299,PERSON-013729,,28,,,,11_person.csv
fd14efb2-c808-5f72-9ad9-fa775f03097e,Tamil Nadu Person PERSON-013735,Female,THIRUVARUR Area,imported,12fe593e-e883-5cac-9710-f2ba74198299,PERSON-013735,,64,,,,11_person.csv
b8ba25e2-66c2-59ef-9e79-d7f0f698bd0a,Tamil Nadu Person PERSON-013756,Female,THOOTHUKUDI Area,imported,12fe593e-e883-5cac-9710-f2ba74198299,PERSON-013756,,51,,,,11_person.csv
c726bc3b-68e2-5f8b-b98f-dcb7a036a9e2,Tamil Nadu Person PERSON-013763,Male,THIRUVARUR Area,imported,12fe593e-e883-5cac-9710-f2ba74198299,PERSON-013763,,48,,,,11_person.csv
6f2bcda9-21a8-5e03-af36-d76aa6fc48f8,Tamil Nadu Person PERSON-013771,Other,THENI Area,imported,12fe593e-e883-5cac-9710-f2ba74198299,PERSON-013771,,28,,,,11_person.csv
d44a4afd-3480-594b-a17f-491158225d93,Tamil Nadu Person PERSON-013781,Female,THE_NILGIRIS Area,imported,12fe593e-e883-5cac-9710-f2ba74198299,PERSON-013781,,27,,,,11_person.csv
dfc6764c-d38d-5b88-ae91-7132fb4b457f,Tamil Nadu Person PERSON-013807,Other,THENI Area,imported,12fe593e-e883-5cac-9710-f2ba74198299,PERSON-013807,,47,,,,11_person.csv
22b57d80-d0e3-5c16-a9bd-18b3303bb0ec,Tamil Nadu Person PERSON-013816,Other,RANIPET Area,imported,12fe593e-e883-5cac-9710-f2ba74198299,PERSON-013816,,67,,,,11_person.csv
b3bcc048-c70a-52a8-bae2-a110d7c2f1cc,Tamil Nadu Person PERSON-013817,Male,TIRUVANNAMALAI Area,imported,12fe593e-e883-5cac-9710-f2ba74198299,PERSON-013817,,28,,,,11_person.csv
04a95295-c6a3-594a-88af-fd857ee153e6,Tamil Nadu Person PERSON-013830,Other,THENI Area,imported,12fe593e-e883-5cac-9710-f2ba74198299,PERSON-013830,,56,,,,11_person.csv
bf27d820-ae67-5d85-948f-c4772b6c583a,Tamil Nadu Person PERSON-013848,Other,KUMBAKONAM Area,imported,12fe593e-e883-5cac-9710-f2ba74198299,PERSON-013848,,68,,,,11_person.csv
475ab2c7-3a89-58da-9a4f-ccab9091f882,Tamil Nadu Person PERSON-013852,Female,CHENGALPATTU Area,imported,12fe593e-e883-5cac-9710-f2ba74198299,PERSON-013852,,35,,,,11_person.csv
2ff403f6-d266-531f-9537-20ce6beb8d0e,Tamil Nadu Person PERSON-013856,Female,PERAMBALUR Area,imported,12fe593e-e883-5cac-9710-f2ba74198299,PERSON-013856,,31,,,,11_person.csv
9c1a4fb8-b72e-52a6-bc7e-5b428a7df84a,Tamil Nadu Person PERSON-013909,Other,KRISHNAGIRI Area,imported,12fe593e-e883-5cac-9710-f2ba74198299,PERSON-013909,,72,,,,11_person.csv
24a10251-628e-5d66-8b34-8684408c0dbb,Tamil Nadu Person PERSON-013921,Female,SIVAGANGA Area,imported,12fe593e-e883-5cac-9710-f2ba74198299,PERSON-013921,,64,,,,11_person.csv
89cc3c5d-5d0d-591f-8fcb-744c8d1841ca,Tamil Nadu Person PERSON-013929,Other,ARIYALUR Area,imported,12fe593e-e883-5cac-9710-f2ba74198299,PERSON-013929,,33,,,,11_person.csv
18bfac97-3459-5583-88ca-d8c15c71d120,Tamil Nadu Person PERSON-013934,Male,COIMBATORE Area,imported,12fe593e-e883-5cac-9710-f2ba74198299,PERSON-013934,,69,,,,11_person.csv
a1adadc0-1e80-572c-ba60-4c77594675cd,Tamil Nadu Person PERSON-013936,Other,ERODE Area,imported,12fe593e-e883-5cac-9710-f2ba74198299,PERSON-013936,,55,,,,11_person.csv
93348d22-02be-5ef8-a3ee-8c20bbc24dec,Tamil Nadu Person PERSON-013947,Female,RANIPET Area,imported,12fe593e-e883-5cac-9710-f2ba74198299,PERSON-013947,,49,,,,11_person.csv
717ea7e5-c796-5813-9c5a-d8e24e52a933,Tamil Nadu Person PERSON-013952,Other,THE_NILGIRIS Area,imported,12fe593e-e883-5cac-9710-f2ba74198299,PERSON-013952,,48,,,,11_person.csv
dce0edd0-4a49-5199-bab1-2d25d56a94ff,Tamil Nadu Person PERSON-013954,Other,SIVAGANGA Area,imported,12fe593e-e883-5cac-9710-f2ba74198299,PERSON-013954,,30,,,,11_person.csv
c1fe47b4-963e-58c7-ba64-26601265a46a,Tamil Nadu Person PERSON-013963,Other,TIRUPATHUR Area,imported,12fe593e-e883-5cac-9710-f2ba74198299,PERSON-013963,,74,,,,11_person.csv
8706af06-346b-5bc9-b2ec-0e912fb9c8ba,Tamil Nadu Person PERSON-013967,Male,TIRUNELVELI Area,imported,12fe593e-e883-5cac-9710-f2ba74198299,PERSON-013967,,59,,,,11_person.csv
e1485feb-f8ec-5193-8aa1-563f49d0a62a,Tamil Nadu Person PERSON-013974,Female,PUDUKOTTAI Area,imported,12fe593e-e883-5cac-9710-f2ba74198299,PERSON-013974,,30,,,,11_person.csv
d10b2a58-bcea-5f6b-bc29-5d0defc21dfb,Tamil Nadu Person PERSON-013988,Female,MADURAI Area,imported,12fe593e-e883-5cac-9710-f2ba74198299,PERSON-013988,,24,,,,11_person.csv
667fc8ff-99bd-5681-8dbc-fd404b768154,Tamil Nadu Person PERSON-013990,Female,RANIPET Area,imported,12fe593e-e883-5cac-9710-f2ba74198299,PERSON-013990,,57,,,,11_person.csv
7b808264-3248-51b0-a55f-1dad29ec18ba,Tamil Nadu Person PERSON-013995,Female,TIRUPPUR Area,imported,12fe593e-e883-5cac-9710-f2ba74198299,PERSON-013995,,68,,,,11_person.csv
751a0c52-717f-5374-8a25-4704851eac5a,Tamil Nadu Person PERSON-014000,Other,CHENNAI Area,imported,12fe593e-e883-5cac-9710-f2ba74198299,PERSON-014000,,70,,,,11_person.csv
c0a729fc-fdfb-50c4-8cda-0796e19b9792,Tamil Nadu Person PERSON-014006,Other,THIRUVALLUR Area,imported,12fe593e-e883-5cac-9710-f2ba74198299,PERSON-014006,,52,,,,11_person.csv
bd3ee81e-c06d-59ff-ab90-f2b27f1f17ed,Tamil Nadu Person PERSON-014026,Other,KALLAKURICHI Area,imported,12fe593e-e883-5cac-9710-f2ba74198299,PERSON-014026,,21,,,,11_person.csv
60b70075-b234-5949-96e2-755f0fa494d0,Tamil Nadu Person PERSON-014032,Other,DHARMAPURI Area,imported,12fe593e-e883-5cac-9710-f2ba74198299,PERSON-014032,,69,,,,11_person.csv
fcc9ae3e-17c3-5dae-9a4f-5be562fece8a,Tamil Nadu Person PERSON-014043,Male,KRISHNAGIRI Area,imported,12fe593e-e883-5cac-9710-f2ba74198299,PERSON-014043,,52,,,,11_person.csv
a1df135a-2c0d-5417-8b36-20e769274b60,Tamil Nadu Person PERSON-014045,Female,KRISHNAGIRI Area,imported,12fe593e-e883-5cac-9710-f2ba74198299,PERSON-014045,,65,,,,11_person.csv
3c921358-82e8-5d06-88e1-74cf9dfdd6c8,Tamil Nadu Person PERSON-014049,Female,TIRUPATHUR Area,imported,12fe593e-e883-5cac-9710-f2ba74198299,PERSON-014049,,25,,,,11_person.csv
916d71b3-d77b-54ed-97c0-1aab130d1160,Tamil Nadu Person PERSON-014052,Other,THENI Area,imported,12fe593e-e883-5cac-9710-f2ba74198299,PERSON-014052,,30,,,,11_person.csv
20a86e03-33b9-5a3c-be63-307c4f7f73b1,Tamil Nadu Person PERSON-014073,Female,KRISHNAGIRI Area,imported,12fe593e-e883-5cac-9710-f2ba74198299,PERSON-014073,,46,,,,11_person.csv
16268938-aa1b-505b-b753-b95f880aa1ac,Tamil Nadu Person PERSON-014090,Other,TIRUCHIRAPPALLI Area,imported,12fe593e-e883-5cac-9710-f2ba74198299,PERSON-014090,,47,,,,11_person.csv
002c5238-d32b-51be-8c5e-33463f418524,Tamil Nadu Person PERSON-014091,Other,KANYAKUMARI Area,imported,12fe593e-e883-5cac-9710-f2ba74198299,PERSON-014091,,75,,,,11_person.csv
4649b7b6-6e83-5af7-8d09-5ed178046f30,Tamil Nadu Person PERSON-014112,Other,KALLAKURICHI Area,imported,12fe593e-e883-5cac-9710-f2ba74198299,PERSON-014112,,63,,,,11_person.csv
c303bd75-73cc-56a1-96b0-407bf099dca9,Tamil Nadu Person PERSON-014121,Female,NAGAPATTINAM Area,imported,12fe593e-e883-5cac-9710-f2ba74198299,PERSON-014121,,72,,,,11_person.csv
37e160c2-4305-5021-a2b5-57b7839380c8,Tamil Nadu Person PERSON-014125,Other,SALEM Area,imported,12fe593e-e883-5cac-9710-f2ba74198299,PERSON-014125,,25,,,,11_person.csv
24bc9ffd-49ea-52f6-9441-c09c05939585,Tamil Nadu Person PERSON-014130,Male,KANCHEEPURAM Area,imported,12fe593e-e883-5cac-9710-f2ba74198299,PERSON-014130,,21,,,,11_person.csv
5e945b5c-00a9-5112-9b3a-93def99a7b8a,Tamil Nadu Person PERSON-014133,Female,CUDDALORE Area,imported,12fe593e-e883-5cac-9710-f2ba74198299,PERSON-014133,,39,,,,11_person.csv
e6484822-f2a8-562f-9134-5cae1e991d74,Tamil Nadu Person PERSON-014145,Male,VIRUDHUNAGAR Area,imported,12fe593e-e883-5cac-9710-f2ba74198299,PERSON-014145,,41,,,,11_person.csv
2695c3df-9aba-59bc-9194-593f738f5dc5,Tamil Nadu Person PERSON-014153,Male,TIRUNELVELI Area,imported,12fe593e-e883-5cac-9710-f2ba74198299,PERSON-014153,,67,,,,11_person.csv
bc22a705-a0e8-5fdd-8a15-432f5096d9f9,Tamil Nadu Person PERSON-014160,Male,MADURAI Area,imported,12fe593e-e883-5cac-9710-f2ba74198299,PERSON-014160,,41,,,,11_person.csv
4ed21b96-4f6c-511b-a598-1993606ab85b,Tamil Nadu Person PERSON-014212,Other,NAMAKKAL Area,imported,12fe593e-e883-5cac-9710-f2ba74198299,PERSON-014212,,69,,,,11_person.csv
a4ddc7fc-208d-5217-a76e-d33d273b4997,Tamil Nadu Person PERSON-014216,Other,MAYILADUTHURAI Area,imported,12fe593e-e883-5cac-9710-f2ba74198299,PERSON-014216,,22,,,,11_person.csv
bba99148-2f4b-5440-8e2f-cbe014477f2a,Tamil Nadu Person PERSON-014217,Other,COIMBATORE Area,imported,12fe593e-e883-5cac-9710-f2ba74198299,PERSON-014217,,43,,,,11_person.csv
fb4f4a6e-4115-554d-989d-b65b44976bc5,Tamil Nadu Person PERSON-014246,Male,KARUR Area,imported,12fe593e-e883-5cac-9710-f2ba74198299,PERSON-014246,,21,,,,11_person.csv
59beecd9-680f-562b-add2-1cab1a47de27,Tamil Nadu Person PERSON-014262,Female,SIVAGANGA Area,imported,12fe593e-e883-5cac-9710-f2ba74198299,PERSON-014262,,60,,,,11_person.csv
9bfa2a85-446f-5b22-8bf7-967155a94a66,Tamil Nadu Person PERSON-014264,Male,KUMBAKONAM Area,imported,12fe593e-e883-5cac-9710-f2ba74198299,PERSON-014264,,61,,,,11_person.csv
79dda794-b358-5e89-9658-430c51e76dac,Tamil Nadu Person PERSON-014294,Male,KALLAKURICHI Area,imported,12fe593e-e883-5cac-9710-f2ba74198299,PERSON-014294,,46,,,,11_person.csv
0fe0eea1-ddb2-5824-93c5-6ae51c2f6cdc,Tamil Nadu Person PERSON-014295,Female,PERAMBALUR Area,imported,12fe593e-e883-5cac-9710-f2ba74198299,PERSON-014295,,75,,,,11_person.csv
e5b475cc-e382-5ed5-817a-bb6167f95e3c,Tamil Nadu Person PERSON-014304,Male,VILUPPURAM Area,imported,12fe593e-e883-5cac-9710-f2ba74198299,PERSON-014304,,42,,,,11_person.csv
3daf00d3-cea6-5b4d-87c9-7d7abb1a71e7,Tamil Nadu Person PERSON-014308,Other,RAMANATHAPURAM Area,imported,12fe593e-e883-5cac-9710-f2ba74198299,PERSON-014308,,67,,,,11_person.csv
ce436ba5-9ced-51a6-82a1-76b107fefe15,Tamil Nadu Person PERSON-014319,Male,TIRUNELVELI Area,imported,12fe593e-e883-5cac-9710-f2ba74198299,PERSON-014319,,39,,,,11_person.csv
933aa26f-ebad-5c0f-9699-f89c50ef078e,Tamil Nadu Person PERSON-014320,Female,ERODE Area,imported,12fe593e-e883-5cac-9710-f2ba74198299,PERSON-014320,,29,,,,11_person.csv
04117dcc-3805-540e-b53a-ccf5baceab04,Tamil Nadu Person PERSON-014339,Other,CHENGALPATTU Area,imported,12fe593e-e883-5cac-9710-f2ba74198299,PERSON-014339,,57,,,,11_person.csv
638e5d4b-2caf-5859-b931-f01c4159a812,Tamil Nadu Person PERSON-014355,Other,THIRUVALLUR Area,imported,12fe593e-e883-5cac-9710-f2ba74198299,PERSON-014355,,73,,,,11_person.csv
a7212488-6886-51ff-9322-d4cc793ee07e,Tamil Nadu Person PERSON-014356,Other,SALEM Area,imported,12fe593e-e883-5cac-9710-f2ba74198299,PERSON-014356,,53,,,,11_person.csv
8df3aa48-273e-5042-98ea-c1d9ac468eb7,Tamil Nadu Person PERSON-014363,Female,KRISHNAGIRI Area,imported,12fe593e-e883-5cac-9710-f2ba74198299,PERSON-014363,,35,,,,11_person.csv
1d0fcbff-f6ad-5050-90d7-8f4843c0ec27,Tamil Nadu Person PERSON-014365,Other,DINDIGUL Area,imported,12fe593e-e883-5cac-9710-f2ba74198299,PERSON-014365,,30,,,,11_person.csv
9558a8cb-0360-572d-944a-26192a5258bd,Tamil Nadu Person PERSON-014367,Other,RAMESWARAM Area,imported,12fe593e-e883-5cac-9710-f2ba74198299,PERSON-014367,,67,,,,11_person.csv
69249729-241a-582e-bde5-f3a4b7920e90,Tamil Nadu Person PERSON-014368,Female,RAMESWARAM Area,imported,12fe593e-e883-5cac-9710-f2ba74198299,PERSON-014368,,63,,,,11_person.csv
b22e6239-3077-50e7-a0b0-872c9f08d751,Tamil Nadu Person PERSON-014369,Other,DINDIGUL Area,imported,12fe593e-e883-5cac-9710-f2ba74198299,PERSON-014369,,54,,,,11_person.csv
0c7312d7-6d22-55d3-9fed-b09a0e4d0a76,Tamil Nadu Person PERSON-014372,Female,KANCHEEPURAM Area,imported,12fe593e-e883-5cac-9710-f2ba74198299,PERSON-014372,,29,,,,11_person.csv
8bf0ef6a-5475-5e88-9f43-570806db6842,Tamil Nadu Person PERSON-014374,Other,PUDUKOTTAI Area,imported,12fe593e-e883-5cac-9710-f2ba74198299,PERSON-014374,,42,,,,11_person.csv
ba61424d-107b-59b8-a7c6-e985006a73c3,Tamil Nadu Person PERSON-014375,Male,KANCHEEPURAM Area,imported,12fe593e-e883-5cac-9710-f2ba74198299,PERSON-014375,,67,,,,11_person.csv
e732fe79-2887-5b53-a164-0d048728b0c7,Tamil Nadu Person PERSON-014385,Female,THIRUVARUR Area,imported,12fe593e-e883-5cac-9710-f2ba74198299,PERSON-014385,,66,,,,11_person.csv
ef8477bc-0bbd-5a8c-acfd-f819aae0e172,Tamil Nadu Person PERSON-014389,Female,TIRUCHIRAPPALLI Area,imported,12fe593e-e883-5cac-9710-f2ba74198299,PERSON-014389,,31,,,,11_person.csv
990804bb-ebff-5d97-abd7-1274d482d79a,Tamil Nadu Person PERSON-014411,Female,THIRUVALLUR Area,imported,12fe593e-e883-5cac-9710-f2ba74198299,PERSON-014411,,43,,,,11_person.csv
a6a169a7-2829-50e0-bd71-12e32df10570,Tamil Nadu Person PERSON-014416,Other,THE_NILGIRIS Area,imported,12fe593e-e883-5cac-9710-f2ba74198299,PERSON-014416,,46,,,,11_person.csv
50abe4cd-cb2f-5cbf-b89b-7fd5101baf40,Tamil Nadu Person PERSON-014421,Other,RANIPET Area,imported,12fe593e-e883-5cac-9710-f2ba74198299,PERSON-014421,,41,,,,11_person.csv
b028360d-3e0f-594c-aed9-1b735d98482c,Tamil Nadu Person PERSON-014440,Other,TIRUNELVELI Area,imported,12fe593e-e883-5cac-9710-f2ba74198299,PERSON-014440,,56,,,,11_person.csv
b1726b91-ce3d-5b22-9f14-39f37e2e3e70,Tamil Nadu Person PERSON-014464,Other,VILUPPURAM Area,imported,12fe593e-e883-5cac-9710-f2ba74198299,PERSON-014464,,25,,,,11_person.csv
ffb5c095-930a-57c9-a816-714f1832de00,Tamil Nadu Person PERSON-014488,Male,CHENNAI Area,imported,12fe593e-e883-5cac-9710-f2ba74198299,PERSON-014488,,63,,,,11_person.csv
a9adf017-c6ff-57c3-b3b7-9de187c647c6,Tamil Nadu Person PERSON-014538,Other,DHARMAPURI Area,imported,12fe593e-e883-5cac-9710-f2ba74198299,PERSON-014538,,46,,,,11_person.csv
d57c6bca-6b5a-5cbe-bc50-399800b11a14,Tamil Nadu Person PERSON-014539,Other,VILUPPURAM Area,imported,12fe593e-e883-5cac-9710-f2ba74198299,PERSON-014539,,31,,,,11_person.csv
236cdd8f-abb7-5265-8bc1-3c28057eb3d8,Tamil Nadu Person PERSON-014541,Other,RAMANATHAPURAM Area,imported,12fe593e-e883-5cac-9710-f2ba74198299,PERSON-014541,,22,,,,11_person.csv
f9eec28e-9b83-530f-9bce-db9ac03e2da2,Tamil Nadu Person PERSON-014554,Other,THIRUVARUR Area,imported,12fe593e-e883-5cac-9710-f2ba74198299,PERSON-014554,,38,,,,11_person.csv
6585a1f1-986b-5060-aff0-0c752f1f3347,Tamil Nadu Person PERSON-014567,Other,ERODE Area,imported,12fe593e-e883-5cac-9710-f2ba74198299,PERSON-014567,,68,,,,11_person.csv
65491c45-b953-56da-906a-5ed628d36a16,Tamil Nadu Person PERSON-014585,Male,DINDIGUL Area,imported,12fe593e-e883-5cac-9710-f2ba74198299,PERSON-014585,,67,,,,11_person.csv
2dc95cd1-9240-5707-ad1d-890855d47217,Tamil Nadu Person PERSON-014616,Female,KARUR Area,imported,12fe593e-e883-5cac-9710-f2ba74198299,PERSON-014616,,76,,,,11_person.csv
9368b443-9175-5591-aec6-11d5a6e0fae9,Tamil Nadu Person PERSON-014630,Other,SIVAGANGA Area,imported,12fe593e-e883-5cac-9710-f2ba74198299,PERSON-014630,,46,,,,11_person.csv
23c3ef08-c232-5fac-8211-0551d1c63bb6,Tamil Nadu Person PERSON-014640,Other,TIRUPATHUR Area,imported,12fe593e-e883-5cac-9710-f2ba74198299,PERSON-014640,,59,,,,11_person.csv
03d30c39-f1ae-53f6-a545-41729287b2c1,Tamil Nadu Person PERSON-014642,Female,TIRUVANNAMALAI Area,imported,12fe593e-e883-5cac-9710-f2ba74198299,PERSON-014642,,37,,,,11_person.csv
a56e90f4-41a2-54bc-a7b4-df028577cbba,Tamil Nadu Person PERSON-014652,Female,CHENNAI Area,imported,12fe593e-e883-5cac-9710-f2ba74198299,PERSON-014652,,45,,,,11_person.csv
4bd43cd2-37c2-57dd-a102-b7c69af36f00,Tamil Nadu Person PERSON-014663,Female,MADURAI Area,imported,12fe593e-e883-5cac-9710-f2ba74198299,PERSON-014663,,28,,,,11_person.csv
e1886b68-f77b-5fca-9ee3-9144528fbff6,Tamil Nadu Person PERSON-014693,Other,RAMANATHAPURAM Area,imported,12fe593e-e883-5cac-9710-f2ba74198299,PERSON-014693,,22,,,,11_person.csv
b256f616-08bd-5bd9-a7bd-6519c4a5390e,Tamil Nadu Person PERSON-014695,Other,KUMBAKONAM Area,imported,12fe593e-e883-5cac-9710-f2ba74198299,PERSON-014695,,41,,,,11_person.csv
8ac8b1cc-233f-591b-bf6d-a7106cd3d2dc,Tamil Nadu Person PERSON-014699,Other,ARIYALUR Area,imported,12fe593e-e883-5cac-9710-f2ba74198299,PERSON-014699,,39,,,,11_person.csv
d031a8b4-f0e8-55e4-8314-6e5ef6cdb19e,Tamil Nadu Person PERSON-014702,Other,THIRUVALLUR Area,imported,12fe593e-e883-5cac-9710-f2ba74198299,PERSON-014702,,73,,,,11_person.csv
c4f5d092-108e-52dd-aac5-63919b44c293,Tamil Nadu Person PERSON-014707,Other,KRISHNAGIRI Area,imported,12fe593e-e883-5cac-9710-f2ba74198299,PERSON-014707,,51,,,,11_person.csv
1e8d3842-b5de-5f57-9552-2573bd7085a6,Tamil Nadu Person PERSON-014734,Other,ARIYALUR Area,imported,12fe593e-e883-5cac-9710-f2ba74198299,PERSON-014734,,38,,,,11_person.csv
81d666f2-44d9-57fe-85fe-10d5254b708f,Tamil Nadu Person PERSON-014747,Other,KANCHEEPURAM Area,imported,12fe593e-e883-5cac-9710-f2ba74198299,PERSON-014747,,60,,,,11_person.csv
8095c700-8309-58c1-aa91-5a888bff7b4e,Tamil Nadu Person PERSON-014750,Other,CUDDALORE Area,imported,12fe593e-e883-5cac-9710-f2ba74198299,PERSON-014750,,29,,,,11_person.csv
6628fcdd-4e68-5d7f-a8a4-f6dccd5712fd,Tamil Nadu Person PERSON-014755,Other,CHENNAI Area,imported,12fe593e-e883-5cac-9710-f2ba74198299,PERSON-014755,,64,,,,11_person.csv
b4f98ac4-3719-51e5-a4d6-2874578c4dc2,Tamil Nadu Person PERSON-014765,Female,TENKASI Area,imported,12fe593e-e883-5cac-9710-f2ba74198299,PERSON-014765,,74,,,,11_person.csv
a84f67fb-51ee-5715-9922-edcd1b0fa231,Tamil Nadu Person PERSON-014777,Female,SALEM Area,imported,12fe593e-e883-5cac-9710-f2ba74198299,PERSON-014777,,22,,,,11_person.csv
28aa9900-0bad-585e-a9a5-3a8684715c8c,Tamil Nadu Person PERSON-014795,Other,KALLAKURICHI Area,imported,12fe593e-e883-5cac-9710-f2ba74198299,PERSON-014795,,43,,,,11_person.csv
8372a88b-fb87-5f20-a0bd-4b008592bddb,Tamil Nadu Person PERSON-014808,Other,NAGAPATTINAM Area,imported,12fe593e-e883-5cac-9710-f2ba74198299,PERSON-014808,,58,,,,11_person.csv
2d5b38ef-2946-5e95-abe5-2065267f3b96,Tamil Nadu Person PERSON-014820,Other,NAGAPATTINAM Area,imported,12fe593e-e883-5cac-9710-f2ba74198299,PERSON-014820,,55,,,,11_person.csv
78d7b478-317e-5165-8579-3a64e38c667b,Tamil Nadu Person PERSON-014860,Male,COIMBATORE Area,imported,12fe593e-e883-5cac-9710-f2ba74198299,PERSON-014860,,22,,,,11_person.csv
2224209e-9fab-575c-b83e-1548212b6bc2,Tamil Nadu Person PERSON-014877,Female,NAMAKKAL Area,imported,12fe593e-e883-5cac-9710-f2ba74198299,PERSON-014877,,69,,,,11_person.csv
9e188428-388e-596e-b2d5-e95625ed636a,Tamil Nadu Person PERSON-014894,Female,SIVAGANGA Area,imported,12fe593e-e883-5cac-9710-f2ba74198299,PERSON-014894,,55,,,,11_person.csv
bfa8bf88-f3f9-523e-b6cf-5bd17c987a02,Tamil Nadu Person PERSON-014915,Female,TIRUVANNAMALAI Area,imported,12fe593e-e883-5cac-9710-f2ba74198299,PERSON-014915,,65,,,,11_person.csv
a3cd34db-ee56-550c-bf69-72d0643f884c,Tamil Nadu Person PERSON-014925,Female,NAGAPATTINAM Area,imported,12fe593e-e883-5cac-9710-f2ba74198299,PERSON-014925,,52,,,,11_person.csv
b910561f-9de2-53ee-ba61-d7ad599c4755,Tamil Nadu Person PERSON-014947,Other,DHARMAPURI Area,imported,12fe593e-e883-5cac-9710-f2ba74198299,PERSON-014947,,41,,,,11_person.csv
3c75dc72-61d4-5a7c-a847-ef505b4201b6,Tamil Nadu Person PERSON-014964,Female,DINDIGUL Area,imported,12fe593e-e883-5cac-9710-f2ba74198299,PERSON-014964,,51,,,,11_person.csv
a34f45dc-e030-5b1d-9969-8caeba4f0e7b,Tamil Nadu Person PERSON-014980,Male,PUDUKOTTAI Area,imported,12fe593e-e883-5cac-9710-f2ba74198299,PERSON-014980,,48,,,,11_person.csv
4e783892-8da9-5593-8526-101d3adf92a9,Tamil Nadu Person PERSON-014984,Other,TIRUVANNAMALAI Area,imported,12fe593e-e883-5cac-9710-f2ba74198299,PERSON-014984,,65,,,,11_person.csv
778f5732-dd5e-5f4b-8bfb-f6d9889c74de,Tamil Nadu Person PERSON-014986,Female,KANCHEEPURAM Area,imported,12fe593e-e883-5cac-9710-f2ba74198299,PERSON-014986,,25,,,,11_person.csv
10a1bd14-7994-5eb4-8239-59034baad88f,Tamil Nadu Person PERSON-014996,Other,CUDDALORE Area,imported,12fe593e-e883-5cac-9710-f2ba74198299,PERSON-014996,,41,,,,11_person.csv
09e6f095-d94f-522e-8876-1c05146cb6ad,Tamil Nadu Person PERSON-015024,Other,NAMAKKAL Area,imported,12fe593e-e883-5cac-9710-f2ba74198299,PERSON-015024,,69,,,,11_person.csv
9e47d759-6ef4-5ec8-aa52-2b9dceef02fa,Tamil Nadu Person PERSON-015039,Other,RAMANATHAPURAM Area,imported,12fe593e-e883-5cac-9710-f2ba74198299,PERSON-015039,,26,,,,11_person.csv
66dbfcbb-8693-5865-b8fb-734dc0387439,Tamil Nadu Person PERSON-015045,Female,DINDIGUL Area,imported,12fe593e-e883-5cac-9710-f2ba74198299,PERSON-015045,,37,,,,11_person.csv
9805552b-09f7-53b9-aa7b-d6ddd4e2e55a,Tamil Nadu Person PERSON-015049,Male,THIRUVARUR Area,imported,12fe593e-e883-5cac-9710-f2ba74198299,PERSON-015049,,57,,,,11_person.csv
7c02646b-201f-5783-be14-a99a4d98c8cc,Tamil Nadu Person PERSON-015055,Male,MAYILADUTHURAI Area,imported,12fe593e-e883-5cac-9710-f2ba74198299,PERSON-015055,,62,,,,11_person.csv
d6e0e139-5a27-523e-b566-9792210e58f3,Tamil Nadu Person PERSON-015060,Other,ERODE Area,imported,12fe593e-e883-5cac-9710-f2ba74198299,PERSON-015060,,75,,,,11_person.csv
558e33f1-e7d8-5fb2-81ea-08cc9171a54b,Tamil Nadu Person PERSON-015072,Female,MAYILADUTHURAI Area,imported,12fe593e-e883-5cac-9710-f2ba74198299,PERSON-015072,,39,,,,11_person.csv
b450acd5-99b2-5d3d-95b3-11930c130fbe,Tamil Nadu Person PERSON-015074,Other,KUMBAKONAM Area,imported,12fe593e-e883-5cac-9710-f2ba74198299,PERSON-015074,,57,,,,11_person.csv
2d88aeb4-20c5-5e99-ad0c-1912cf9b7a18,Tamil Nadu Person PERSON-015083,Other,ERODE Area,imported,12fe593e-e883-5cac-9710-f2ba74198299,PERSON-015083,,61,,,,11_person.csv
7decc383-affc-5921-b4bc-2358facd08fc,Tamil Nadu Person PERSON-015092,Male,THE_NILGIRIS Area,imported,12fe593e-e883-5cac-9710-f2ba74198299,PERSON-015092,,53,,,,11_person.csv
2856273b-779e-5534-b15f-b6283c6e3f56,Tamil Nadu Person PERSON-015105,Female,KARUR Area,imported,12fe593e-e883-5cac-9710-f2ba74198299,PERSON-015105,,55,,,,11_person.csv
aa97e022-d960-59b6-8d12-8f5ba3792333,Tamil Nadu Person PERSON-015107,Male,THE_NILGIRIS Area,imported,12fe593e-e883-5cac-9710-f2ba74198299,PERSON-015107,,24,,,,11_person.csv
4ca08861-9dd7-5f73-a325-139698a1357c,Tamil Nadu Person PERSON-015114,Male,ERODE Area,imported,12fe593e-e883-5cac-9710-f2ba74198299,PERSON-015114,,59,,,,11_person.csv
68890cc9-5b56-5905-afcc-85143cb36a47,Tamil Nadu Person PERSON-015119,Other,NAGAPATTINAM Area,imported,12fe593e-e883-5cac-9710-f2ba74198299,PERSON-015119,,54,,,,11_person.csv
55b7b67b-26be-586c-8fc7-5696a6f4f4ba,Tamil Nadu Person PERSON-015129,Female,PUDUKOTTAI Area,imported,12fe593e-e883-5cac-9710-f2ba74198299,PERSON-015129,,41,,,,11_person.csv
6a169ed8-4d49-5283-b8d8-c6486c76cdae,Tamil Nadu Person PERSON-015137,Female,KARUR Area,imported,12fe593e-e883-5cac-9710-f2ba74198299,PERSON-015137,,36,,,,11_person.csv
43ac5d11-bb4e-5292-86b9-b1d652816ebb,Tamil Nadu Person PERSON-015138,Other,KUMBAKONAM Area,imported,12fe593e-e883-5cac-9710-f2ba74198299,PERSON-015138,,36,,,,11_person.csv
6854ef10-e204-5ee7-86bc-6dbaa92d9ed4,Tamil Nadu Person PERSON-015139,Other,TENKASI Area,imported,12fe593e-e883-5cac-9710-f2ba74198299,PERSON-015139,,68,,,,11_person.csv
e4f3010f-5f16-5a78-8148-96b1c66b21db,Tamil Nadu Person PERSON-015144,Other,TIRUVANNAMALAI Area,imported,12fe593e-e883-5cac-9710-f2ba74198299,PERSON-015144,,73,,,,11_person.csv
87330c3e-35b7-596c-a354-99bbf990b524,Tamil Nadu Person PERSON-015173,Male,TIRUNELVELI Area,imported,12fe593e-e883-5cac-9710-f2ba74198299,PERSON-015173,,62,,,,11_person.csv
76ff5649-f08b-50c9-9c0b-13a605b9852f,Tamil Nadu Person PERSON-015188,Other,PERAMBALUR Area,imported,12fe593e-e883-5cac-9710-f2ba74198299,PERSON-015188,,46,,,,11_person.csv
d9b273c8-7daf-55fe-9335-63b5113578bc,Tamil Nadu Person PERSON-015218,Other,KUMBAKONAM Area,imported,12fe593e-e883-5cac-9710-f2ba74198299,PERSON-015218,,40,,,,11_person.csv
4519431c-f256-582a-8085-0694c53bc1e1,Tamil Nadu Person PERSON-015221,Other,RAMANATHAPURAM Area,imported,12fe593e-e883-5cac-9710-f2ba74198299,PERSON-015221,,58,,,,11_person.csv
aecac687-55fb-58bf-aa1a-8d04bc10f504,Tamil Nadu Person PERSON-015228,Female,THOOTHUKUDI Area,imported,12fe593e-e883-5cac-9710-f2ba74198299,PERSON-015228,,28,,,,11_person.csv
f6c082c8-c408-5f8a-a2ff-76cbca3d39c1,Tamil Nadu Person PERSON-015302,Female,KANCHEEPURAM Area,imported,12fe593e-e883-5cac-9710-f2ba74198299,PERSON-015302,,72,,,,11_person.csv
40c71af0-4ae0-5f78-bb1a-71d369bd58d0,Tamil Nadu Person PERSON-015309,Male,NAGAPATTINAM Area,imported,12fe593e-e883-5cac-9710-f2ba74198299,PERSON-015309,,27,,,,11_person.csv
55923096-a82b-53a4-b506-54fdc095230d,Tamil Nadu Person PERSON-015310,Female,RAMESWARAM Area,imported,12fe593e-e883-5cac-9710-f2ba74198299,PERSON-015310,,61,,,,11_person.csv
85d86930-9616-5217-b348-6100dead9979,Tamil Nadu Person PERSON-015317,Other,THIRUVARUR Area,imported,12fe593e-e883-5cac-9710-f2ba74198299,PERSON-015317,,39,,,,11_person.csv
44274787-525f-5566-b79a-31323684aef4,Tamil Nadu Person PERSON-015319,Other,KALLAKURICHI Area,imported,12fe593e-e883-5cac-9710-f2ba74198299,PERSON-015319,,45,,,,11_person.csv
279a1ee7-81fd-5ec4-baab-6e5089db83f5,Tamil Nadu Person PERSON-015331,Other,TIRUPATHUR Area,imported,12fe593e-e883-5cac-9710-f2ba74198299,PERSON-015331,,70,,,,11_person.csv
95b14907-fef8-5da5-8c1b-178640ea5a1b,Tamil Nadu Person PERSON-015343,Other,TENKASI Area,imported,12fe593e-e883-5cac-9710-f2ba74198299,PERSON-015343,,70,,,,11_person.csv
45f9821b-ac79-5c88-a70c-f4d34519f551,Tamil Nadu Person PERSON-015347,Other,DHARMAPURI Area,imported,12fe593e-e883-5cac-9710-f2ba74198299,PERSON-015347,,37,,,,11_person.csv
c86158f3-8b31-576e-b8f0-f800472c3028,Tamil Nadu Person PERSON-015349,Male,MADURAI Area,imported,12fe593e-e883-5cac-9710-f2ba74198299,PERSON-015349,,26,,,,11_person.csv
ec2b0e92-af42-542a-9638-1d2d815a37e3,Tamil Nadu Person PERSON-015350,Other,SIVAGANGA Area,imported,12fe593e-e883-5cac-9710-f2ba74198299,PERSON-015350,,44,,,,11_person.csv
05fc91f6-7803-53c7-8a13-55fb3f425465,Tamil Nadu Person PERSON-015351,Female,KARUR Area,imported,12fe593e-e883-5cac-9710-f2ba74198299,PERSON-015351,,65,,,,11_person.csv
8cd14aa0-7260-585c-9c1c-01fe3dbe60f8,Tamil Nadu Person PERSON-015353,Male,RAMESWARAM Area,imported,12fe593e-e883-5cac-9710-f2ba74198299,PERSON-015353,,26,,,,11_person.csv
661ac4da-f867-5a8f-a0e9-ec8e1120c847,Tamil Nadu Person PERSON-015359,Female,DHARMAPURI Area,imported,12fe593e-e883-5cac-9710-f2ba74198299,PERSON-015359,,46,,,,11_person.csv
9623ef74-d22c-5be2-a2df-ef0fdb35bbe5,Tamil Nadu Person PERSON-015364,Other,TENKASI Area,imported,12fe593e-e883-5cac-9710-f2ba74198299,PERSON-015364,,64,,,,11_person.csv
aeafdb63-f84b-5003-982b-f2b541dd1f5f,Tamil Nadu Person PERSON-015366,Other,NAMAKKAL Area,imported,12fe593e-e883-5cac-9710-f2ba74198299,PERSON-015366,,21,,,,11_person.csv
64c91b12-5577-575d-b09d-cdf76307ca29,Tamil Nadu Person PERSON-015387,Male,THE_NILGIRIS Area,imported,12fe593e-e883-5cac-9710-f2ba74198299,PERSON-015387,,35,,,,11_person.csv
0da36238-12c1-50f4-a551-1c7f31c76e36,Tamil Nadu Person PERSON-015391,Other,ERODE Area,imported,12fe593e-e883-5cac-9710-f2ba74198299,PERSON-015391,,35,,,,11_person.csv
dafeaa51-34d1-5dec-9c94-15842b15b62f,Tamil Nadu Person PERSON-015396,Other,KANCHEEPURAM Area,imported,12fe593e-e883-5cac-9710-f2ba74198299,PERSON-015396,,30,,,,11_person.csv
ab67e6f9-681b-5d9d-889a-eec2a7974a7f,Tamil Nadu Person PERSON-015409,Other,RAMANATHAPURAM Area,imported,12fe593e-e883-5cac-9710-f2ba74198299,PERSON-015409,,24,,,,11_person.csv
1662f7b4-d201-57cb-9dac-6cf88fde4e47,Tamil Nadu Person PERSON-015417,Other,COIMBATORE Area,imported,12fe593e-e883-5cac-9710-f2ba74198299,PERSON-015417,,55,,,,11_person.csv
3472d7b1-a04c-5eab-8618-a1d09969e3fd,Tamil Nadu Person PERSON-015420,Other,RANIPET Area,imported,12fe593e-e883-5cac-9710-f2ba74198299,PERSON-015420,,73,,,,11_person.csv
1fa9b4e0-6c1f-599d-a756-5c26c2d2a62b,Tamil Nadu Person PERSON-015425,Other,PERAMBALUR Area,imported,12fe593e-e883-5cac-9710-f2ba74198299,PERSON-015425,,34,,,,11_person.csv
b5335f36-5d71-553a-a441-594f0b76482f,Tamil Nadu Person PERSON-015433,Other,TIRUCHIRAPPALLI Area,imported,12fe593e-e883-5cac-9710-f2ba74198299,PERSON-015433,,75,,,,11_person.csv
023f8b85-4dd9-51b3-9a01-8d9b3dab4795,Tamil Nadu Person PERSON-015442,Female,DHARMAPURI Area,imported,12fe593e-e883-5cac-9710-f2ba74198299,PERSON-015442,,55,,,,11_person.csv
d79f31ff-c00d-5dc6-9d73-bc2898680c62,Tamil Nadu Person PERSON-015472,Other,VILUPPURAM Area,imported,12fe593e-e883-5cac-9710-f2ba74198299,PERSON-015472,,30,,,,11_person.csv
54fbb7c1-1d45-5e0e-91a6-1522de9a3101,Tamil Nadu Person PERSON-015478,Other,VIRUDHUNAGAR Area,imported,12fe593e-e883-5cac-9710-f2ba74198299,PERSON-015478,,50,,,,11_person.csv
ddf26066-ac37-5bb6-9dac-67406a715d22,Tamil Nadu Person PERSON-015485,Other,VIRUDHUNAGAR Area,imported,12fe593e-e883-5cac-9710-f2ba74198299,PERSON-015485,,29,,,,11_person.csv
0fbd2ea0-f3f0-57c1-9a9b-3e1ca3ded973,Tamil Nadu Person PERSON-015495,Male,TIRUVANNAMALAI Area,imported,12fe593e-e883-5cac-9710-f2ba74198299,PERSON-015495,,33,,,,11_person.csv
4f2ddcaf-3b05-57a9-92c9-42f4376988aa,Tamil Nadu Person PERSON-015496,Female,KARUR Area,imported,12fe593e-e883-5cac-9710-f2ba74198299,PERSON-015496,,62,,,,11_person.csv
1d9c9b1a-596d-5332-aaf5-7373d5c35353,Tamil Nadu Person PERSON-015498,Male,CHENGALPATTU Area,imported,12fe593e-e883-5cac-9710-f2ba74198299,PERSON-015498,,36,,,,11_person.csv
9ec1d3ff-3fb3-5d29-8fc6-e090eb6a6f15,Tamil Nadu Person PERSON-015512,Male,VILUPPURAM Area,imported,12fe593e-e883-5cac-9710-f2ba74198299,PERSON-015512,,48,,,,11_person.csv
5e39a8eb-8cd4-50d8-a0a4-60b0616d93a6,Tamil Nadu Person PERSON-015531,Female,THE_NILGIRIS Area,imported,12fe593e-e883-5cac-9710-f2ba74198299,PERSON-015531,,62,,,,11_person.csv
5595ac79-f113-50e2-81cf-047447185e7f,Tamil Nadu Person PERSON-015538,Male,MAYILADUTHURAI Area,imported,12fe593e-e883-5cac-9710-f2ba74198299,PERSON-015538,,21,,,,11_person.csv
5410fa94-6e24-54c9-a207-318d4243587c,Tamil Nadu Person PERSON-015543,Other,KANYAKUMARI Area,imported,12fe593e-e883-5cac-9710-f2ba74198299,PERSON-015543,,44,,,,11_person.csv
d2665f06-d025-5677-b128-55691614c9c8,Tamil Nadu Person PERSON-015546,Female,TIRUVANNAMALAI Area,imported,12fe593e-e883-5cac-9710-f2ba74198299,PERSON-015546,,36,,,,11_person.csv
0e5263bc-4499-5dd3-9989-ff614e40edda,Tamil Nadu Person PERSON-015554,Female,VILUPPURAM Area,imported,12fe593e-e883-5cac-9710-f2ba74198299,PERSON-015554,,30,,,,11_person.csv
f0692838-76c8-5786-a645-b588462047a0,Tamil Nadu Person PERSON-015565,Male,TIRUPATHUR Area,imported,12fe593e-e883-5cac-9710-f2ba74198299,PERSON-015565,,22,,,,11_person.csv
d2c29f3a-decb-546a-9ac6-70f2dd4f00d7,Tamil Nadu Person PERSON-015570,Other,MADURAI Area,imported,12fe593e-e883-5cac-9710-f2ba74198299,PERSON-015570,,66,,,,11_person.csv
ccd25cd3-70a3-5d9b-9e76-61583ee9c921,Tamil Nadu Person PERSON-015572,Female,KUMBAKONAM Area,imported,12fe593e-e883-5cac-9710-f2ba74198299,PERSON-015572,,56,,,,11_person.csv
a2f67914-f9d1-5710-a025-c9bfdae9cee4,Tamil Nadu Person PERSON-015585,Other,MAYILADUTHURAI Area,imported,12fe593e-e883-5cac-9710-f2ba74198299,PERSON-015585,,44,,,,11_person.csv
2f227180-dd41-5c65-b876-c895be998687,Tamil Nadu Person PERSON-015596,Female,KUMBAKONAM Area,imported,12fe593e-e883-5cac-9710-f2ba74198299,PERSON-015596,,75,,,,11_person.csv
22c98db8-39d6-547e-8c35-73a942b18f4e,Tamil Nadu Person PERSON-015598,Female,VILUPPURAM Area,imported,12fe593e-e883-5cac-9710-f2ba74198299,PERSON-015598,,71,,,,11_person.csv
97796d20-6e49-5492-ac42-c881919fbb76,Tamil Nadu Person PERSON-015612,Other,PERAMBALUR Area,imported,12fe593e-e883-5cac-9710-f2ba74198299,PERSON-015612,,22,,,,11_person.csv
7686566b-8efd-5e09-b88a-0ce7e0d2f947,Tamil Nadu Person PERSON-015631,Other,DHARMAPURI Area,imported,12fe593e-e883-5cac-9710-f2ba74198299,PERSON-015631,,72,,,,11_person.csv
3aee796b-fd31-5125-88c2-1c25e9cdd163,Tamil Nadu Person PERSON-015633,Male,MAYILADUTHURAI Area,imported,12fe593e-e883-5cac-9710-f2ba74198299,PERSON-015633,,42,,,,11_person.csv
fd38b9a2-f98e-5fbe-9add-8795daccd46b,Tamil Nadu Person PERSON-015641,Other,KANYAKUMARI Area,imported,12fe593e-e883-5cac-9710-f2ba74198299,PERSON-015641,,54,,,,11_person.csv
d41eafb0-6d4d-5fbb-85aa-0683dc5f0688,Tamil Nadu Person PERSON-015655,Male,MAYILADUTHURAI Area,imported,12fe593e-e883-5cac-9710-f2ba74198299,PERSON-015655,,26,,,,11_person.csv
d20840ab-8ad6-53b6-898c-cb7cdb18b5fb,Tamil Nadu Person PERSON-015658,Female,TIRUCHIRAPPALLI Area,imported,12fe593e-e883-5cac-9710-f2ba74198299,PERSON-015658,,36,,,,11_person.csv
e8d3e707-f204-53a4-952e-48610e35267c,Tamil Nadu Person PERSON-015659,Male,CHENGALPATTU Area,imported,12fe593e-e883-5cac-9710-f2ba74198299,PERSON-015659,,45,,,,11_person.csv
7784c12e-1353-5b15-b17c-bb313f924875,Tamil Nadu Person PERSON-015673,Female,TIRUNELVELI Area,imported,12fe593e-e883-5cac-9710-f2ba74198299,PERSON-015673,,76,,,,11_person.csv
2bc0c0ba-12bf-5bd4-ab5b-9c7b58a73632,Tamil Nadu Person PERSON-015685,Other,THIRUVARUR Area,imported,12fe593e-e883-5cac-9710-f2ba74198299,PERSON-015685,,43,,,,11_person.csv
3434cadd-d2dc-529f-b7a9-b05c307f78fd,Tamil Nadu Person PERSON-015697,Male,COIMBATORE Area,imported,12fe593e-e883-5cac-9710-f2ba74198299,PERSON-015697,,55,,,,11_person.csv
312cd828-4813-5028-8727-ce6f85ca35a0,Tamil Nadu Person PERSON-015699,Other,NAGAPATTINAM Area,imported,12fe593e-e883-5cac-9710-f2ba74198299,PERSON-015699,,70,,,,11_person.csv
3a00776a-b546-5053-9e91-9dc666032352,Tamil Nadu Person PERSON-015707,Other,CHENGALPATTU Area,imported,12fe593e-e883-5cac-9710-f2ba74198299,PERSON-015707,,67,,,,11_person.csv
9c288ef9-3b71-5618-a4ee-1310837e4bd0,Tamil Nadu Person PERSON-015742,Male,THIRUVALLUR Area,imported,12fe593e-e883-5cac-9710-f2ba74198299,PERSON-015742,,63,,,,11_person.csv
21bbffe4-c7c7-596f-90e1-516e0fd708a7,Tamil Nadu Person PERSON-015743,Female,KALLAKURICHI Area,imported,12fe593e-e883-5cac-9710-f2ba74198299,PERSON-015743,,23,,,,11_person.csv
a1d3012c-d708-5bdf-9d57-febacdbe4cbe,Tamil Nadu Person PERSON-015766,Other,CHENNAI Area,imported,12fe593e-e883-5cac-9710-f2ba74198299,PERSON-015766,,67,,,,11_person.csv
d48263fd-9542-5971-a4a6-9111ea578e5f,Tamil Nadu Person PERSON-015770,Male,KALLAKURICHI Area,imported,12fe593e-e883-5cac-9710-f2ba74198299,PERSON-015770,,44,,,,11_person.csv
a53c1d91-ed71-5d67-9db3-17c9c8daaa9b,Tamil Nadu Person PERSON-015776,Female,THIRUVALLUR Area,imported,12fe593e-e883-5cac-9710-f2ba74198299,PERSON-015776,,34,,,,11_person.csv
6bbd58d6-5e45-59e8-af4c-97678b34ce62,Tamil Nadu Person PERSON-015777,Other,THE_NILGIRIS Area,imported,12fe593e-e883-5cac-9710-f2ba74198299,PERSON-015777,,21,,,,11_person.csv
739d1508-5b6a-5e3f-a32c-390b76e57d76,Tamil Nadu Person PERSON-015812,Other,TIRUVANNAMALAI Area,imported,12fe593e-e883-5cac-9710-f2ba74198299,PERSON-015812,,65,,,,11_person.csv
8e6bcb64-a314-5f90-a839-7c76908bc986,Tamil Nadu Person PERSON-015820,Other,ERODE Area,imported,12fe593e-e883-5cac-9710-f2ba74198299,PERSON-015820,,53,,,,11_person.csv
0d0bd6c1-a5cb-5653-869d-e15266ede953,Tamil Nadu Person PERSON-015834,Other,CUDDALORE Area,imported,12fe593e-e883-5cac-9710-f2ba74198299,PERSON-015834,,61,,,,11_person.csv
97b996e3-bc3c-5654-aaeb-0797fcc69566,Tamil Nadu Person PERSON-015846,Other,KALLAKURICHI Area,imported,12fe593e-e883-5cac-9710-f2ba74198299,PERSON-015846,,74,,,,11_person.csv
2379e408-58b3-59d4-aea3-2aab5085215a,Tamil Nadu Person PERSON-015850,Female,PUDUKOTTAI Area,imported,12fe593e-e883-5cac-9710-f2ba74198299,PERSON-015850,,58,,,,11_person.csv
b73b806f-658a-5d4a-ac6b-345de6ff3b54,Tamil Nadu Person PERSON-015852,Other,TIRUPPUR Area,imported,12fe593e-e883-5cac-9710-f2ba74198299,PERSON-015852,,30,,,,11_person.csv
bf7b733e-a1e1-5891-bbdd-2204abb3211f,Tamil Nadu Person PERSON-015853,Female,CHENNAI Area,imported,12fe593e-e883-5cac-9710-f2ba74198299,PERSON-015853,,74,,,,11_person.csv
26220736-9b80-581d-b09c-ce7c78f16a79,Tamil Nadu Person PERSON-015854,Female,THOOTHUKUDI Area,imported,12fe593e-e883-5cac-9710-f2ba74198299,PERSON-015854,,72,,,,11_person.csv
57a69961-738c-57fa-bbc1-b2d925d850fb,Tamil Nadu Person PERSON-015858,Other,TIRUNELVELI Area,imported,12fe593e-e883-5cac-9710-f2ba74198299,PERSON-015858,,47,,,,11_person.csv
b9483498-365e-5afd-ac41-851f6fe416b2,Tamil Nadu Person PERSON-015860,Other,KALLAKURICHI Area,imported,12fe593e-e883-5cac-9710-f2ba74198299,PERSON-015860,,66,,,,11_person.csv
9a7abff8-76db-5788-b183-0737fd1adf6d,Tamil Nadu Person PERSON-015882,Female,CUDDALORE Area,imported,12fe593e-e883-5cac-9710-f2ba74198299,PERSON-015882,,68,,,,11_person.csv
2df492ce-9784-5b02-98d4-8811b21a7fa5,Tamil Nadu Person PERSON-015916,Female,ERODE Area,imported,12fe593e-e883-5cac-9710-f2ba74198299,PERSON-015916,,59,,,,11_person.csv
4b6ac6d9-9862-542e-ae11-8ad00447a844,Tamil Nadu Person PERSON-015928,Other,MADURAI Area,imported,12fe593e-e883-5cac-9710-f2ba74198299,PERSON-015928,,21,,,,11_person.csv
3b9cb3a3-39a9-5f7d-864e-434012379e79,Tamil Nadu Person PERSON-015929,Male,TIRUPATHUR Area,imported,12fe593e-e883-5cac-9710-f2ba74198299,PERSON-015929,,67,,,,11_person.csv
afe8ea84-d9b0-526e-9a93-2fb426817c7c,Tamil Nadu Person PERSON-015937,Female,VIRUDHUNAGAR Area,imported,12fe593e-e883-5cac-9710-f2ba74198299,PERSON-015937,,64,,,,11_person.csv
6ffb9947-6479-5501-ba68-b8ebe23d46d6,Tamil Nadu Person PERSON-015940,Female,NAGAPATTINAM Area,imported,12fe593e-e883-5cac-9710-f2ba74198299,PERSON-015940,,40,,,,11_person.csv
7c5373ea-67e4-5d05-82a7-dbeb8a163b4a,Tamil Nadu Person PERSON-015946,Female,MAYILADUTHURAI Area,imported,12fe593e-e883-5cac-9710-f2ba74198299,PERSON-015946,,26,,,,11_person.csv
2851ac18-5d75-51c5-870d-dff47c610e8c,Tamil Nadu Person PERSON-016008,Other,VILUPPURAM Area,imported,12fe593e-e883-5cac-9710-f2ba74198299,PERSON-016008,,55,,,,11_person.csv
7a15498a-04a2-5ad0-8e4f-ea924ffbbf66,Tamil Nadu Person PERSON-016019,Male,TIRUCHIRAPPALLI Area,imported,12fe593e-e883-5cac-9710-f2ba74198299,PERSON-016019,,42,,,,11_person.csv
29f99b37-4677-5733-9162-6ab50ee31be2,Tamil Nadu Person PERSON-016044,Other,RAMESWARAM Area,imported,12fe593e-e883-5cac-9710-f2ba74198299,PERSON-016044,,49,,,,11_person.csv
a34e1606-9b45-54d3-8906-3ca4a59f7f47,Tamil Nadu Person PERSON-016053,Female,TIRUVANNAMALAI Area,imported,12fe593e-e883-5cac-9710-f2ba74198299,PERSON-016053,,33,,,,11_person.csv
949123ab-bc35-5f47-8da2-9bc1e713a97b,Tamil Nadu Person PERSON-016092,Other,TIRUNELVELI Area,imported,12fe593e-e883-5cac-9710-f2ba74198299,PERSON-016092,,40,,,,11_person.csv
6e528ace-27bc-541f-9531-eb095b4e80f4,Tamil Nadu Person PERSON-016095,Male,MADURAI Area,imported,12fe593e-e883-5cac-9710-f2ba74198299,PERSON-016095,,45,,,,11_person.csv
9b3f69a8-b8cc-5eda-9b0a-be05eb3bea83,Tamil Nadu Person PERSON-016107,Female,NAMAKKAL Area,imported,12fe593e-e883-5cac-9710-f2ba74198299,PERSON-016107,,37,,,,11_person.csv
4d6cf999-24c4-5416-a79c-6100c7fd3fc0,Tamil Nadu Person PERSON-016113,Female,KRISHNAGIRI Area,imported,12fe593e-e883-5cac-9710-f2ba74198299,PERSON-016113,,63,,,,11_person.csv
08247c2d-14ea-53de-a4e6-93047d6d8078,Tamil Nadu Person PERSON-016127,Male,MADURAI Area,imported,12fe593e-e883-5cac-9710-f2ba74198299,PERSON-016127,,50,,,,11_person.csv
373f21a4-24c0-572c-aedc-4f46a5e295e6,Tamil Nadu Person PERSON-016143,Female,THOOTHUKUDI Area,imported,12fe593e-e883-5cac-9710-f2ba74198299,PERSON-016143,,50,,,,11_person.csv
201dcc73-9d1f-567f-b4bb-d17f7f192cbc,Tamil Nadu Person PERSON-016154,Female,DHARMAPURI Area,imported,12fe593e-e883-5cac-9710-f2ba74198299,PERSON-016154,,22,,,,11_person.csv
e33e11a4-aaa9-5511-adf7-fbae898b5dc1,Tamil Nadu Person PERSON-016157,Female,VIRUDHUNAGAR Area,imported,12fe593e-e883-5cac-9710-f2ba74198299,PERSON-016157,,56,,,,11_person.csv
4a1d4331-ebe8-5f2f-8779-ec4da452f9e9,Tamil Nadu Person PERSON-016166,Other,ERODE Area,imported,12fe593e-e883-5cac-9710-f2ba74198299,PERSON-016166,,51,,,,11_person.csv
11e25624-2695-55a1-a698-c9ca20045b5f,Tamil Nadu Person PERSON-016167,Other,VIRUDHUNAGAR Area,imported,12fe593e-e883-5cac-9710-f2ba74198299,PERSON-016167,,67,,,,11_person.csv
ced4b584-5aab-51b3-bd64-75fbfbb25553,Tamil Nadu Person PERSON-016168,Other,MADURAI Area,imported,12fe593e-e883-5cac-9710-f2ba74198299,PERSON-016168,,33,,,,11_person.csv
dc0d87e9-c6c3-5477-9090-cc744e539837,Tamil Nadu Person PERSON-016169,Male,TIRUPPUR Area,imported,12fe593e-e883-5cac-9710-f2ba74198299,PERSON-016169,,47,,,,11_person.csv
afa3b6ba-0f58-5272-8d62-ba3ddfc2a38e,Tamil Nadu Person PERSON-016176,Male,CHENGALPATTU Area,imported,12fe593e-e883-5cac-9710-f2ba74198299,PERSON-016176,,21,,,,11_person.csv
f29ec0dc-5b4f-56dd-b3bc-4ed4c5567d78,Tamil Nadu Person PERSON-016182,Female,NAGAPATTINAM Area,imported,12fe593e-e883-5cac-9710-f2ba74198299,PERSON-016182,,21,,,,11_person.csv
32fbce72-4db0-5d1b-b538-c2b2371571aa,Tamil Nadu Person PERSON-016184,Other,PERAMBALUR Area,imported,12fe593e-e883-5cac-9710-f2ba74198299,PERSON-016184,,43,,,,11_person.csv
04f29eb5-1cee-5cf2-8db1-d0223ec6316c,Tamil Nadu Person PERSON-016185,Other,THIRUVARUR Area,imported,12fe593e-e883-5cac-9710-f2ba74198299,PERSON-016185,,52,,,,11_person.csv
87b0cb63-137b-5665-8b5e-9141aaf504ce,Tamil Nadu Person PERSON-016194,Male,SIVAGANGA Area,imported,12fe593e-e883-5cac-9710-f2ba74198299,PERSON-016194,,64,,,,11_person.csv
91721282-365d-522d-9b25-013a148bd42b,Tamil Nadu Person PERSON-016199,Female,TIRUPATHUR Area,imported,12fe593e-e883-5cac-9710-f2ba74198299,PERSON-016199,,66,,,,11_person.csv
32efac36-1d03-5b16-8dd6-2a3d3aed8a97,Tamil Nadu Person PERSON-016200,Other,KALLAKURICHI Area,imported,12fe593e-e883-5cac-9710-f2ba74198299,PERSON-016200,,28,,,,11_person.csv
adef6f2f-584b-57fc-9f45-17e509b7b2eb,Tamil Nadu Person PERSON-016208,Other,KUMBAKONAM Area,imported,12fe593e-e883-5cac-9710-f2ba74198299,PERSON-016208,,51,,,,11_person.csv
eef92e22-548b-50d7-9ab9-9d30967a8883,Tamil Nadu Person PERSON-016211,Male,SIVAGANGA Area,imported,12fe593e-e883-5cac-9710-f2ba74198299,PERSON-016211,,27,,,,11_person.csv
f6ff1e77-007e-592f-9089-fbc2865c2100,Tamil Nadu Person PERSON-016221,Male,RAMANATHAPURAM Area,imported,12fe593e-e883-5cac-9710-f2ba74198299,PERSON-016221,,27,,,,11_person.csv
7afe84f7-fefa-5a9a-9c46-f8cece6d5599,Tamil Nadu Person PERSON-016222,Female,PUDUKOTTAI Area,imported,12fe593e-e883-5cac-9710-f2ba74198299,PERSON-016222,,53,,,,11_person.csv
56c1b2b5-b53a-5c8a-a204-12f12eaebd32,Tamil Nadu Person PERSON-016223,Other,NAMAKKAL Area,imported,12fe593e-e883-5cac-9710-f2ba74198299,PERSON-016223,,48,,,,11_person.csv
a9f151c0-af0d-5d7b-a7a5-79cfb3bbfcbd,Tamil Nadu Person PERSON-016230,Male,DHARMAPURI Area,imported,12fe593e-e883-5cac-9710-f2ba74198299,PERSON-016230,,43,,,,11_person.csv
32749f12-13e0-5254-9a23-c18cc0be1943,Tamil Nadu Person PERSON-016234,Male,TIRUCHIRAPPALLI Area,imported,12fe593e-e883-5cac-9710-f2ba74198299,PERSON-016234,,53,,,,11_person.csv
482004f6-c328-5ca1-8020-722f3df4ba38,Tamil Nadu Person PERSON-016241,Male,PUDUKOTTAI Area,imported,12fe593e-e883-5cac-9710-f2ba74198299,PERSON-016241,,70,,,,11_person.csv
98b5dd0f-2d3a-5d04-865c-be18ff0252ce,Tamil Nadu Person PERSON-016244,Male,SALEM Area,imported,12fe593e-e883-5cac-9710-f2ba74198299,PERSON-016244,,39,,,,11_person.csv
3e9c63be-71b5-56be-b85d-363551050b77,Tamil Nadu Person PERSON-016254,Female,ARIYALUR Area,imported,12fe593e-e883-5cac-9710-f2ba74198299,PERSON-016254,,59,,,,11_person.csv
d7fc44bc-9fd9-5501-b736-f5c4565401c0,Tamil Nadu Person PERSON-016267,Male,VILUPPURAM Area,imported,12fe593e-e883-5cac-9710-f2ba74198299,PERSON-016267,,42,,,,11_person.csv
4f92eb79-efde-5406-8830-2ceafa8fec81,Tamil Nadu Person PERSON-016273,Male,RAMESWARAM Area,imported,12fe593e-e883-5cac-9710-f2ba74198299,PERSON-016273,,25,,,,11_person.csv
38fbb629-8939-55a8-8f8b-a9ce5d3c423e,Tamil Nadu Person PERSON-016279,Male,KUMBAKONAM Area,imported,12fe593e-e883-5cac-9710-f2ba74198299,PERSON-016279,,37,,,,11_person.csv
6590778d-65e4-5cc7-9086-4601ce306afa,Tamil Nadu Person PERSON-016309,Female,NAMAKKAL Area,imported,12fe593e-e883-5cac-9710-f2ba74198299,PERSON-016309,,36,,,,11_person.csv
09346600-db47-57ca-8dc8-b23b4bff6e0a,Tamil Nadu Person PERSON-016312,Male,KALLAKURICHI Area,imported,12fe593e-e883-5cac-9710-f2ba74198299,PERSON-016312,,45,,,,11_person.csv
03761409-a216-5d9a-9877-d76b6def0897,Tamil Nadu Person PERSON-016315,Other,THENI Area,imported,12fe593e-e883-5cac-9710-f2ba74198299,PERSON-016315,,60,,,,11_person.csv
2aa936ba-cdde-56ce-83e2-5442608e909f,Tamil Nadu Person PERSON-016342,Female,TIRUCHIRAPPALLI Area,imported,12fe593e-e883-5cac-9710-f2ba74198299,PERSON-016342,,55,,,,11_person.csv
31badb65-0745-55b7-8526-67a961966213,Tamil Nadu Person PERSON-016343,Other,DHARMAPURI Area,imported,12fe593e-e883-5cac-9710-f2ba74198299,PERSON-016343,,28,,,,11_person.csv
096766ee-a0a2-5e91-b3fd-a2b138b38b04,Tamil Nadu Person PERSON-016356,Female,TIRUPPUR Area,imported,12fe593e-e883-5cac-9710-f2ba74198299,PERSON-016356,,44,,,,11_person.csv
777ca5d3-dd48-593a-a66b-b0e4e0065791,Tamil Nadu Person PERSON-016375,Male,TIRUPATHUR Area,imported,12fe593e-e883-5cac-9710-f2ba74198299,PERSON-016375,,24,,,,11_person.csv
092fb1bd-02e3-599a-b783-bdf79c596123,Tamil Nadu Person PERSON-016404,Other,KALLAKURICHI Area,imported,12fe593e-e883-5cac-9710-f2ba74198299,PERSON-016404,,59,,,,11_person.csv
4ace3a04-6f14-52a2-abf4-307f3fb46c32,Tamil Nadu Person PERSON-016447,Female,THIRUVALLUR Area,imported,12fe593e-e883-5cac-9710-f2ba74198299,PERSON-016447,,75,,,,11_person.csv
24dc1f4a-d565-5627-a753-a5e13ae124f5,Tamil Nadu Person PERSON-016449,Female,RANIPET Area,imported,12fe593e-e883-5cac-9710-f2ba74198299,PERSON-016449,,71,,,,11_person.csv
2457ac95-daa8-5a84-abc4-1c070d6776b8,Tamil Nadu Person PERSON-016459,Male,TENKASI Area,imported,12fe593e-e883-5cac-9710-f2ba74198299,PERSON-016459,,23,,,,11_person.csv
78c312cc-9914-573a-9a5d-d3c9eaa58ab1,Tamil Nadu Person PERSON-016460,Other,ERODE Area,imported,12fe593e-e883-5cac-9710-f2ba74198299,PERSON-016460,,50,,,,11_person.csv
990e9507-ebec-5408-90df-b94423b2969f,Tamil Nadu Person PERSON-016487,Female,ERODE Area,imported,12fe593e-e883-5cac-9710-f2ba74198299,PERSON-016487,,68,,,,11_person.csv
0bd70e9e-4dd1-54fa-b67c-59aaaf5a49bc,Tamil Nadu Person PERSON-016490,Male,MADURAI Area,imported,12fe593e-e883-5cac-9710-f2ba74198299,PERSON-016490,,26,,,,11_person.csv
d87e2e32-7af0-5871-8d5f-4a5436580307,Tamil Nadu Person PERSON-016512,Male,THENI Area,imported,12fe593e-e883-5cac-9710-f2ba74198299,PERSON-016512,,27,,,,11_person.csv
6ad3b65b-9013-5c71-a418-44e6c08713b6,Tamil Nadu Person PERSON-016514,Other,DHARMAPURI Area,imported,12fe593e-e883-5cac-9710-f2ba74198299,PERSON-016514,,21,,,,11_person.csv
95ddff5f-2de1-5ac9-96ad-06a0dae76d38,Tamil Nadu Person PERSON-016518,Male,MAYILADUTHURAI Area,imported,12fe593e-e883-5cac-9710-f2ba74198299,PERSON-016518,,24,,,,11_person.csv
ea585120-1460-5e93-8e12-20015c36c63b,Tamil Nadu Person PERSON-016521,Other,PERAMBALUR Area,imported,12fe593e-e883-5cac-9710-f2ba74198299,PERSON-016521,,27,,,,11_person.csv
24430eef-593f-536a-84c0-96593328dd87,Tamil Nadu Person PERSON-016536,Other,VILUPPURAM Area,imported,12fe593e-e883-5cac-9710-f2ba74198299,PERSON-016536,,27,,,,11_person.csv
3edc7e97-6661-51c2-9d4f-0efe2bf4002e,Tamil Nadu Person PERSON-016547,Other,TENKASI Area,imported,12fe593e-e883-5cac-9710-f2ba74198299,PERSON-016547,,57,,,,11_person.csv
2350ae9f-f2ac-547b-a389-8515c0c18a67,Tamil Nadu Person PERSON-016576,Male,CHENGALPATTU Area,imported,12fe593e-e883-5cac-9710-f2ba74198299,PERSON-016576,,67,,,,11_person.csv
41fa960a-d64f-515b-a7d7-7bff329dda38,Tamil Nadu Person PERSON-016580,Other,TIRUPPUR Area,imported,12fe593e-e883-5cac-9710-f2ba74198299,PERSON-016580,,70,,,,11_person.csv
86961b0f-f909-5fa2-9b5e-3b4829b8a69e,Tamil Nadu Person PERSON-016604,Female,DINDIGUL Area,imported,12fe593e-e883-5cac-9710-f2ba74198299,PERSON-016604,,40,,,,11_person.csv
4e0cae65-db01-569c-b99b-2ac6515d2191,Tamil Nadu Person PERSON-016609,Other,SALEM Area,imported,12fe593e-e883-5cac-9710-f2ba74198299,PERSON-016609,,74,,,,11_person.csv
24a3e69c-c740-5e03-9da5-de63bad4994b,Tamil Nadu Person PERSON-016621,Other,KARUR Area,imported,12fe593e-e883-5cac-9710-f2ba74198299,PERSON-016621,,75,,,,11_person.csv
44e0aa18-330f-5509-95e4-fd2dabdb9417,Tamil Nadu Person PERSON-016622,Male,RAMANATHAPURAM Area,imported,12fe593e-e883-5cac-9710-f2ba74198299,PERSON-016622,,61,,,,11_person.csv
b3833e31-a6c9-58dc-9ec8-dc4f4852876a,Tamil Nadu Person PERSON-016624,Male,MADURAI Area,imported,12fe593e-e883-5cac-9710-f2ba74198299,PERSON-016624,,58,,,,11_person.csv
581b9c59-38a2-5411-be65-1ea65d6229b3,Tamil Nadu Person PERSON-016635,Other,COIMBATORE Area,imported,12fe593e-e883-5cac-9710-f2ba74198299,PERSON-016635,,23,,,,11_person.csv
63418c60-4051-58fb-98af-54a5cb08bfd8,Tamil Nadu Person PERSON-016636,Male,KALLAKURICHI Area,imported,12fe593e-e883-5cac-9710-f2ba74198299,PERSON-016636,,66,,,,11_person.csv
f664fd43-7f98-5483-be73-6174a6055940,Tamil Nadu Person PERSON-016641,Female,RAMESWARAM Area,imported,12fe593e-e883-5cac-9710-f2ba74198299,PERSON-016641,,47,,,,11_person.csv
9a64d941-ed9e-5e57-8b0e-7f0be13c756c,Tamil Nadu Person PERSON-016655,Other,PUDUKOTTAI Area,imported,12fe593e-e883-5cac-9710-f2ba74198299,PERSON-016655,,35,,,,11_person.csv
953b16f9-4739-53e1-ae18-169301d4bd45,Tamil Nadu Person PERSON-016669,Female,VIRUDHUNAGAR Area,imported,12fe593e-e883-5cac-9710-f2ba74198299,PERSON-016669,,44,,,,11_person.csv
1f7ec17e-4487-5a54-a280-35bc0ab0e669,Tamil Nadu Person PERSON-016700,Other,NAGAPATTINAM Area,imported,12fe593e-e883-5cac-9710-f2ba74198299,PERSON-016700,,68,,,,11_person.csv
40536c1c-a24f-5dd4-a83e-9ae87e0e9531,Tamil Nadu Person PERSON-016721,Male,DHARMAPURI Area,imported,12fe593e-e883-5cac-9710-f2ba74198299,PERSON-016721,,40,,,,11_person.csv
c5959e49-caa7-5900-a5a7-a92581bee9a1,Tamil Nadu Person PERSON-016732,Female,KUMBAKONAM Area,imported,12fe593e-e883-5cac-9710-f2ba74198299,PERSON-016732,,62,,,,11_person.csv
273c2e92-d284-53c0-8fdf-0204f33aab56,Tamil Nadu Person PERSON-016735,Male,TIRUVANNAMALAI Area,imported,12fe593e-e883-5cac-9710-f2ba74198299,PERSON-016735,,40,,,,11_person.csv
2b450be9-fa86-5528-b68e-8d478454e02c,Tamil Nadu Person PERSON-016741,Female,PUDUKOTTAI Area,imported,12fe593e-e883-5cac-9710-f2ba74198299,PERSON-016741,,25,,,,11_person.csv
9dd0f7e1-2d8f-5bd2-8926-11582cc11896,Tamil Nadu Person PERSON-016747,Other,NAMAKKAL Area,imported,12fe593e-e883-5cac-9710-f2ba74198299,PERSON-016747,,53,,,,11_person.csv
4e0b68cb-3d18-5a43-9d19-f4f9d9eb9de7,Tamil Nadu Person PERSON-016752,Other,CUDDALORE Area,imported,12fe593e-e883-5cac-9710-f2ba74198299,PERSON-016752,,29,,,,11_person.csv
715aeb41-21bb-554d-a6bd-8ddae8f49753,Tamil Nadu Person PERSON-016755,Other,MAYILADUTHURAI Area,imported,12fe593e-e883-5cac-9710-f2ba74198299,PERSON-016755,,60,,,,11_person.csv
15e54442-bbcb-5b3f-8a01-917baf9f6cbd,Tamil Nadu Person PERSON-016784,Male,THE_NILGIRIS Area,imported,12fe593e-e883-5cac-9710-f2ba74198299,PERSON-016784,,25,,,,11_person.csv
04a61bee-1a88-587b-89dc-7d6dc2469fd0,Tamil Nadu Person PERSON-016796,Other,VILUPPURAM Area,imported,12fe593e-e883-5cac-9710-f2ba74198299,PERSON-016796,,51,,,,11_person.csv
67c97a45-74d2-5dbb-9d35-3c65c7240171,Tamil Nadu Person PERSON-016803,Female,ARIYALUR Area,imported,12fe593e-e883-5cac-9710-f2ba74198299,PERSON-016803,,21,,,,11_person.csv
5350c22e-3e96-5e6c-aec7-18a472f96521,Tamil Nadu Person PERSON-016822,Other,RANIPET Area,imported,12fe593e-e883-5cac-9710-f2ba74198299,PERSON-016822,,56,,,,11_person.csv
b1aaae3f-cb2a-5ae6-a78c-86c39f5133aa,Tamil Nadu Person PERSON-016846,Female,PUDUKOTTAI Area,imported,12fe593e-e883-5cac-9710-f2ba74198299,PERSON-016846,,62,,,,11_person.csv
bc1eb041-0e33-5638-9919-afa67e0d88e4,Tamil Nadu Person PERSON-016864,Other,SIVAGANGA Area,imported,12fe593e-e883-5cac-9710-f2ba74198299,PERSON-016864,,23,,,,11_person.csv
28c13c01-f91d-542f-946e-5743201abdf2,Tamil Nadu Person PERSON-016868,Other,DHARMAPURI Area,imported,12fe593e-e883-5cac-9710-f2ba74198299,PERSON-016868,,71,,,,11_person.csv
3e053256-be22-5a56-9682-e0482c31656a,Tamil Nadu Person PERSON-016873,Other,VIRUDHUNAGAR Area,imported,12fe593e-e883-5cac-9710-f2ba74198299,PERSON-016873,,25,,,,11_person.csv
dd159d01-7c34-5b33-9d50-4f76e7025fa3,Tamil Nadu Person PERSON-016878,Other,NAGAPATTINAM Area,imported,12fe593e-e883-5cac-9710-f2ba74198299,PERSON-016878,,73,,,,11_person.csv
00eef9dc-7034-53bf-baaa-c44469e6da14,Tamil Nadu Person PERSON-016909,Other,TENKASI Area,imported,12fe593e-e883-5cac-9710-f2ba74198299,PERSON-016909,,56,,,,11_person.csv
474d94a2-7524-59b9-9b68-dffd7d7a1089,Tamil Nadu Person PERSON-016912,Other,VIRUDHUNAGAR Area,imported,12fe593e-e883-5cac-9710-f2ba74198299,PERSON-016912,,42,,,,11_person.csv
109f6c74-b3c0-51d7-bdcb-5630a0781140,Tamil Nadu Person PERSON-016915,Male,SIVAGANGA Area,imported,12fe593e-e883-5cac-9710-f2ba74198299,PERSON-016915,,75,,,,11_person.csv
a08d8a0e-2641-57e2-9e9f-63887d7db1aa,Tamil Nadu Person PERSON-016942,Other,KUMBAKONAM Area,imported,12fe593e-e883-5cac-9710-f2ba74198299,PERSON-016942,,37,,,,11_person.csv
026f6b2a-8601-5c16-bd21-d067371adb66,Tamil Nadu Person PERSON-016968,Other,SIVAGANGA Area,imported,12fe593e-e883-5cac-9710-f2ba74198299,PERSON-016968,,42,,,,11_person.csv
29193855-74dc-598d-9104-6978359b16df,Tamil Nadu Person PERSON-016971,Female,NAMAKKAL Area,imported,12fe593e-e883-5cac-9710-f2ba74198299,PERSON-016971,,31,,,,11_person.csv
0eacfd96-4321-5369-a02c-9a57f2246bfc,Tamil Nadu Person PERSON-016975,Female,THIRUVALLUR Area,imported,12fe593e-e883-5cac-9710-f2ba74198299,PERSON-016975,,55,,,,11_person.csv
f8b6300e-4494-5d7d-a6e4-a23225604c13,Tamil Nadu Person PERSON-016999,Female,NAMAKKAL Area,imported,12fe593e-e883-5cac-9710-f2ba74198299,PERSON-016999,,37,,,,11_person.csv
846fb0f1-9371-545d-be60-ccd5ffce5e16,Tamil Nadu Person PERSON-017002,Female,TIRUNELVELI Area,imported,12fe593e-e883-5cac-9710-f2ba74198299,PERSON-017002,,22,,,,11_person.csv
d695ca60-217c-5b8c-86d3-fc6107541d22,Tamil Nadu Person PERSON-017007,Female,TIRUVANNAMALAI Area,imported,12fe593e-e883-5cac-9710-f2ba74198299,PERSON-017007,,45,,,,11_person.csv
686a293d-a4f5-560f-9cd7-25fc61c9edcc,Tamil Nadu Person PERSON-017009,Other,TIRUNELVELI Area,imported,12fe593e-e883-5cac-9710-f2ba74198299,PERSON-017009,,21,,,,11_person.csv
6e6223b9-6e69-5b04-96b6-a6d546ebd666,Tamil Nadu Person PERSON-017048,Female,TIRUCHIRAPPALLI Area,imported,12fe593e-e883-5cac-9710-f2ba74198299,PERSON-017048,,38,,,,11_person.csv
bda8afe0-1a49-524e-99c2-cf42be6b42a7,Tamil Nadu Person PERSON-017074,Female,RAMANATHAPURAM Area,imported,12fe593e-e883-5cac-9710-f2ba74198299,PERSON-017074,,67,,,,11_person.csv
abea4d5b-6182-593b-b7af-144919a43651,Tamil Nadu Person PERSON-017076,Other,TENKASI Area,imported,12fe593e-e883-5cac-9710-f2ba74198299,PERSON-017076,,41,,,,11_person.csv
22ee2727-fdc7-5a60-8c0c-0dfe56598396,Tamil Nadu Person PERSON-017082,Male,TIRUNELVELI Area,imported,12fe593e-e883-5cac-9710-f2ba74198299,PERSON-017082,,58,,,,11_person.csv
6cba78df-f62f-554c-b809-5784a20eb986,Tamil Nadu Person PERSON-017087,Other,NAGAPATTINAM Area,imported,12fe593e-e883-5cac-9710-f2ba74198299,PERSON-017087,,48,,,,11_person.csv
f6158f70-85a9-5d96-9816-f4d5098cb3b1,Tamil Nadu Person PERSON-017094,Female,DHARMAPURI Area,imported,12fe593e-e883-5cac-9710-f2ba74198299,PERSON-017094,,36,,,,11_person.csv
937593e2-3d03-5b22-a6f0-d3cff4d72b02,Tamil Nadu Person PERSON-017106,Female,TENKASI Area,imported,12fe593e-e883-5cac-9710-f2ba74198299,PERSON-017106,,52,,,,11_person.csv
d8872ea1-6ccf-571c-925c-594ea78f2dd7,Tamil Nadu Person PERSON-017112,Other,NAMAKKAL Area,imported,12fe593e-e883-5cac-9710-f2ba74198299,PERSON-017112,,54,,,,11_person.csv
34c96bf0-3588-5556-b1f2-935a4d3f7ebd,Tamil Nadu Person PERSON-017114,Other,TIRUCHIRAPPALLI Area,imported,12fe593e-e883-5cac-9710-f2ba74198299,PERSON-017114,,74,,,,11_person.csv
95279422-0bb6-536b-b38a-906aefc0db83,Tamil Nadu Person PERSON-017125,Other,THIRUVALLUR Area,imported,12fe593e-e883-5cac-9710-f2ba74198299,PERSON-017125,,22,,,,11_person.csv
e83c8416-ed1f-516f-acd9-23f7f2b94dd3,Tamil Nadu Person PERSON-017131,Other,VILUPPURAM Area,imported,12fe593e-e883-5cac-9710-f2ba74198299,PERSON-017131,,67,,,,11_person.csv
c47e4e04-31ca-59c8-8573-95ad1fe6d2cc,Tamil Nadu Person PERSON-017137,Other,THIRUVARUR Area,imported,12fe593e-e883-5cac-9710-f2ba74198299,PERSON-017137,,44,,,,11_person.csv
dec6dcad-4383-5ea3-b6cf-7ed40ab2f850,Tamil Nadu Person PERSON-017139,Other,TIRUPATHUR Area,imported,12fe593e-e883-5cac-9710-f2ba74198299,PERSON-017139,,30,,,,11_person.csv
3633a67e-5175-5fec-84e1-69139c1d94d9,Tamil Nadu Person PERSON-017152,Other,KANYAKUMARI Area,imported,12fe593e-e883-5cac-9710-f2ba74198299,PERSON-017152,,34,,,,11_person.csv
c285171a-6bb8-5b20-9a2d-0abf9db8f0fa,Tamil Nadu Person PERSON-017175,Female,KRISHNAGIRI Area,imported,12fe593e-e883-5cac-9710-f2ba74198299,PERSON-017175,,69,,,,11_person.csv
ecbc726d-2bb8-5915-9a3d-a5c4ae81296f,Tamil Nadu Person PERSON-017182,Other,PUDUKOTTAI Area,imported,12fe593e-e883-5cac-9710-f2ba74198299,PERSON-017182,,55,,,,11_person.csv
a9a35b32-d74a-5a41-a0f8-8884e52c845f,Tamil Nadu Person PERSON-017206,Male,THENI Area,imported,12fe593e-e883-5cac-9710-f2ba74198299,PERSON-017206,,45,,,,11_person.csv
46145c43-64a3-5e76-89a6-475d66aa7536,Tamil Nadu Person PERSON-017208,Other,TIRUPATHUR Area,imported,12fe593e-e883-5cac-9710-f2ba74198299,PERSON-017208,,35,,,,11_person.csv
ee7ccd42-2778-5fa3-9756-de3ff1928efa,Tamil Nadu Person PERSON-017213,Other,THENI Area,imported,12fe593e-e883-5cac-9710-f2ba74198299,PERSON-017213,,60,,,,11_person.csv
c0f29b8f-1733-5156-a444-e0d165b4c65e,Tamil Nadu Person PERSON-017216,Male,DINDIGUL Area,imported,12fe593e-e883-5cac-9710-f2ba74198299,PERSON-017216,,21,,,,11_person.csv
682ecdb0-ee86-5a1a-b08f-6f38c58d3bec,Tamil Nadu Person PERSON-017220,Male,VIRUDHUNAGAR Area,imported,12fe593e-e883-5cac-9710-f2ba74198299,PERSON-017220,,27,,,,11_person.csv
8b0804ba-2d73-537c-ac20-36d49317ae60,Tamil Nadu Person PERSON-017225,Male,CHENGALPATTU Area,imported,12fe593e-e883-5cac-9710-f2ba74198299,PERSON-017225,,34,,,,11_person.csv
e74cd46c-6d62-54c3-ba8f-1f5a04ea531c,Tamil Nadu Person PERSON-017240,Other,PUDUKOTTAI Area,imported,12fe593e-e883-5cac-9710-f2ba74198299,PERSON-017240,,31,,,,11_person.csv
c9e4a184-a730-507b-9a16-b50425f1f97d,Tamil Nadu Person PERSON-017254,Female,TIRUVANNAMALAI Area,imported,12fe593e-e883-5cac-9710-f2ba74198299,PERSON-017254,,27,,,,11_person.csv
85648bbd-553d-55ce-9434-575fc3667799,Tamil Nadu Person PERSON-017261,Other,KRISHNAGIRI Area,imported,12fe593e-e883-5cac-9710-f2ba74198299,PERSON-017261,,24,,,,11_person.csv
69efbae6-b45b-5d1d-9b0b-88589769315d,Tamil Nadu Person PERSON-017269,Other,PUDUKOTTAI Area,imported,12fe593e-e883-5cac-9710-f2ba74198299,PERSON-017269,,34,,,,11_person.csv
e13519c6-c8d9-5cc9-9752-54622d803f8f,Tamil Nadu Person PERSON-017273,Other,THOOTHUKUDI Area,imported,12fe593e-e883-5cac-9710-f2ba74198299,PERSON-017273,,57,,,,11_person.csv
0a1a2c69-77d1-5860-9b4b-6786583a8f7d,Tamil Nadu Person PERSON-017300,Other,PERAMBALUR Area,imported,12fe593e-e883-5cac-9710-f2ba74198299,PERSON-017300,,76,,,,11_person.csv
9266f3a7-6121-5fce-8495-cc5701a60bc4,Tamil Nadu Person PERSON-017301,Female,TIRUCHIRAPPALLI Area,imported,12fe593e-e883-5cac-9710-f2ba74198299,PERSON-017301,,61,,,,11_person.csv
1de1bb6e-8923-51fd-a29e-b8e30153be33,Tamil Nadu Person PERSON-017307,Male,KALLAKURICHI Area,imported,12fe593e-e883-5cac-9710-f2ba74198299,PERSON-017307,,72,,,,11_person.csv
2aaa9c1a-114d-51b8-bfd3-944f5cd850d7,Tamil Nadu Person PERSON-017316,Female,COIMBATORE Area,imported,12fe593e-e883-5cac-9710-f2ba74198299,PERSON-017316,,71,,,,11_person.csv
3773ad37-5401-5cf0-a629-03b127e0d0fe,Tamil Nadu Person PERSON-017373,Male,CHENGALPATTU Area,imported,12fe593e-e883-5cac-9710-f2ba74198299,PERSON-017373,,69,,,,11_person.csv
da119d0b-e3c7-5d53-bb93-6080981522c8,Tamil Nadu Person PERSON-017401,Male,CUDDALORE Area,imported,12fe593e-e883-5cac-9710-f2ba74198299,PERSON-017401,,22,,,,11_person.csv
75e7fbb4-3b70-586c-a9d9-6d492f3c1660,Tamil Nadu Person PERSON-017413,Female,TENKASI Area,imported,12fe593e-e883-5cac-9710-f2ba74198299,PERSON-017413,,21,,,,11_person.csv
40a2000f-b0b8-58d0-910a-7f21045e444e,Tamil Nadu Person PERSON-017436,Other,RAMESWARAM Area,imported,12fe593e-e883-5cac-9710-f2ba74198299,PERSON-017436,,36,,,,11_person.csv
e3c133b3-2430-5008-804b-58f4718e4805,Tamil Nadu Person PERSON-017438,Female,KRISHNAGIRI Area,imported,12fe593e-e883-5cac-9710-f2ba74198299,PERSON-017438,,33,,,,11_person.csv
0ef74a72-6be6-5f94-a072-e4bda2daee74,Tamil Nadu Person PERSON-017446,Other,MADURAI Area,imported,12fe593e-e883-5cac-9710-f2ba74198299,PERSON-017446,,29,,,,11_person.csv
2937870c-24f1-5174-aca0-7291bf969c6b,Tamil Nadu Person PERSON-017447,Other,DINDIGUL Area,imported,12fe593e-e883-5cac-9710-f2ba74198299,PERSON-017447,,68,,,,11_person.csv
48b007a1-d189-53df-81d8-2af844e6f1cd,Tamil Nadu Person PERSON-017453,Other,MAYILADUTHURAI Area,imported,12fe593e-e883-5cac-9710-f2ba74198299,PERSON-017453,,24,,,,11_person.csv
20e08cb9-7640-5031-b8cb-c0ec5ff4c3ac,Tamil Nadu Person PERSON-017465,Female,THENI Area,imported,12fe593e-e883-5cac-9710-f2ba74198299,PERSON-017465,,51,,,,11_person.csv
8912a996-db81-56a0-939b-cf613fd9b99f,Tamil Nadu Person PERSON-017468,Other,SALEM Area,imported,12fe593e-e883-5cac-9710-f2ba74198299,PERSON-017468,,25,,,,11_person.csv
416d3d32-7f75-591a-a069-5b7b426c72e9,Tamil Nadu Person PERSON-017475,Other,VILUPPURAM Area,imported,12fe593e-e883-5cac-9710-f2ba74198299,PERSON-017475,,34,,,,11_person.csv
92c19e93-fe91-5dd7-b807-2101cb0bba37,Tamil Nadu Person PERSON-017486,Other,KANCHEEPURAM Area,imported,12fe593e-e883-5cac-9710-f2ba74198299,PERSON-017486,,39,,,,11_person.csv
d62095dc-44a3-527b-8d45-51838a46da5a,Tamil Nadu Person PERSON-017514,Other,TIRUPATHUR Area,imported,12fe593e-e883-5cac-9710-f2ba74198299,PERSON-017514,,30,,,,11_person.csv
144772ee-e108-580a-8c22-8351cf4c93e9,Tamil Nadu Person PERSON-017522,Other,ARIYALUR Area,imported,12fe593e-e883-5cac-9710-f2ba74198299,PERSON-017522,,22,,,,11_person.csv
732deedb-7cc9-5462-95d6-7cdec3521a96,Tamil Nadu Person PERSON-017529,Other,TIRUPATHUR Area,imported,12fe593e-e883-5cac-9710-f2ba74198299,PERSON-017529,,41,,,,11_person.csv
3f498282-c5ad-5303-9e5a-806cdcc04cb0,Tamil Nadu Person PERSON-017530,Male,RAMANATHAPURAM Area,imported,12fe593e-e883-5cac-9710-f2ba74198299,PERSON-017530,,46,,,,11_person.csv
6faee346-9e81-557d-8b39-d87e4d5e5b9e,Tamil Nadu Person PERSON-017544,Male,TENKASI Area,imported,12fe593e-e883-5cac-9710-f2ba74198299,PERSON-017544,,45,,,,11_person.csv
4458371e-6483-54d4-ae9c-39da08aa9934,Tamil Nadu Person PERSON-017564,Female,KANCHEEPURAM Area,imported,12fe593e-e883-5cac-9710-f2ba74198299,PERSON-017564,,62,,,,11_person.csv
3dd9cab7-6174-50ec-a409-ac63ebb5978a,Tamil Nadu Person PERSON-017568,Other,KUMBAKONAM Area,imported,12fe593e-e883-5cac-9710-f2ba74198299,PERSON-017568,,55,,,,11_person.csv
a45b3458-b6cc-58b5-aad7-bd7410fae411,Tamil Nadu Person PERSON-017580,Other,TIRUNELVELI Area,imported,12fe593e-e883-5cac-9710-f2ba74198299,PERSON-017580,,61,,,,11_person.csv
f0b1ba46-7c20-52b7-a814-9414043b0102,Tamil Nadu Person PERSON-017596,Female,MAYILADUTHURAI Area,imported,12fe593e-e883-5cac-9710-f2ba74198299,PERSON-017596,,75,,,,11_person.csv
6e819df7-f55d-5ebb-8c74-ec5c05774a65,Tamil Nadu Person PERSON-017600,Male,MADURAI Area,imported,12fe593e-e883-5cac-9710-f2ba74198299,PERSON-017600,,25,,,,11_person.csv
521c7cdf-8001-524a-a47c-367766e16e35,Tamil Nadu Person PERSON-017613,Other,THOOTHUKUDI Area,imported,12fe593e-e883-5cac-9710-f2ba74198299,PERSON-017613,,44,,,,11_person.csv
45a48a07-e614-504a-89c3-949683b2a71b,Tamil Nadu Person PERSON-017621,Female,THIRUVALLUR Area,imported,12fe593e-e883-5cac-9710-f2ba74198299,PERSON-017621,,22,,,,11_person.csv
b946bb96-301b-55e0-8266-6dae47bae007,Tamil Nadu Person PERSON-017631,Other,THIRUVARUR Area,imported,12fe593e-e883-5cac-9710-f2ba74198299,PERSON-017631,,36,,,,11_person.csv
b5e5cc8a-8967-5d16-9944-ca8f2dec53d1,Tamil Nadu Person PERSON-017640,Other,THIRUVALLUR Area,imported,12fe593e-e883-5cac-9710-f2ba74198299,PERSON-017640,,63,,,,11_person.csv
324bb308-12fc-5d08-8d9a-b0db02ed5fd9,Tamil Nadu Person PERSON-017650,Female,CUDDALORE Area,imported,12fe593e-e883-5cac-9710-f2ba74198299,PERSON-017650,,59,,,,11_person.csv
1b1c9c58-eab2-54eb-8483-4711a5d43acc,Tamil Nadu Person PERSON-017651,Other,NAMAKKAL Area,imported,12fe593e-e883-5cac-9710-f2ba74198299,PERSON-017651,,48,,,,11_person.csv
ab367418-c75d-5938-89db-b70e4f12c3d6,Tamil Nadu Person PERSON-017656,Other,MADURAI Area,imported,12fe593e-e883-5cac-9710-f2ba74198299,PERSON-017656,,43,,,,11_person.csv
6e334686-7ca8-5868-ac02-1371eb152358,Tamil Nadu Person PERSON-017661,Female,ERODE Area,imported,12fe593e-e883-5cac-9710-f2ba74198299,PERSON-017661,,48,,,,11_person.csv
0b73c8be-2523-5fd5-8e70-7bf8609ac0fd,Tamil Nadu Person PERSON-017674,Other,THE_NILGIRIS Area,imported,12fe593e-e883-5cac-9710-f2ba74198299,PERSON-017674,,69,,,,11_person.csv
9d3c3de9-3de1-5c3d-b66e-434b1df72430,Tamil Nadu Person PERSON-017698,Other,DINDIGUL Area,imported,12fe593e-e883-5cac-9710-f2ba74198299,PERSON-017698,,24,,,,11_person.csv
af1a8f3f-5977-5e1c-b972-e907abf0a553,Tamil Nadu Person PERSON-017714,Female,KANCHEEPURAM Area,imported,12fe593e-e883-5cac-9710-f2ba74198299,PERSON-017714,,53,,,,11_person.csv
e762a1ea-92fc-5a0c-91f6-0702e5233dfe,Tamil Nadu Person PERSON-017716,Female,ERODE Area,imported,12fe593e-e883-5cac-9710-f2ba74198299,PERSON-017716,,33,,,,11_person.csv
070319d6-e994-5337-80f3-fd1be068fb98,Tamil Nadu Person PERSON-017719,Male,SIVAGANGA Area,imported,12fe593e-e883-5cac-9710-f2ba74198299,PERSON-017719,,70,,,,11_person.csv
53f8ff9d-1a4d-5c00-866a-8ae592172081,Tamil Nadu Person PERSON-017767,Male,TIRUPATHUR Area,imported,12fe593e-e883-5cac-9710-f2ba74198299,PERSON-017767,,26,,,,11_person.csv
c5d60823-4ea2-5952-89e6-c0cdb1ccc84e,Tamil Nadu Person PERSON-017778,Other,KUMBAKONAM Area,imported,12fe593e-e883-5cac-9710-f2ba74198299,PERSON-017778,,55,,,,11_person.csv
066f8edb-cb50-57c5-b27f-1d7c46b4c50d,Tamil Nadu Person PERSON-017794,Female,RAMANATHAPURAM Area,imported,12fe593e-e883-5cac-9710-f2ba74198299,PERSON-017794,,49,,,,11_person.csv
0f349d6b-3955-522b-92c5-d81afdfda89e,Tamil Nadu Person PERSON-017796,Female,VIRUDHUNAGAR Area,imported,12fe593e-e883-5cac-9710-f2ba74198299,PERSON-017796,,56,,,,11_person.csv
e6a1f5c0-521f-5d77-98be-da59d5f2dd53,Tamil Nadu Person PERSON-017825,Other,SALEM Area,imported,12fe593e-e883-5cac-9710-f2ba74198299,PERSON-017825,,33,,,,11_person.csv
dc70e35a-be35-531a-aca2-c3090753b59a,Tamil Nadu Person PERSON-017834,Other,COIMBATORE Area,imported,12fe593e-e883-5cac-9710-f2ba74198299,PERSON-017834,,58,,,,11_person.csv
62bcaf14-bed9-58f1-9633-45fd70a91b48,Tamil Nadu Person PERSON-017852,Other,VIRUDHUNAGAR Area,imported,12fe593e-e883-5cac-9710-f2ba74198299,PERSON-017852,,63,,,,11_person.csv
2a70f14c-eab7-50c0-8c66-f9103761ffec,Tamil Nadu Person PERSON-017854,Other,SIVAGANGA Area,imported,12fe593e-e883-5cac-9710-f2ba74198299,PERSON-017854,,72,,,,11_person.csv
e07cb8dc-e226-5133-ad69-d116502a5cc6,Tamil Nadu Person PERSON-017899,Male,CHENGALPATTU Area,imported,12fe593e-e883-5cac-9710-f2ba74198299,PERSON-017899,,58,,,,11_person.csv
d169069d-4b6d-57a2-9771-e198f5b02ec3,Tamil Nadu Person PERSON-017903,Other,NAMAKKAL Area,imported,12fe593e-e883-5cac-9710-f2ba74198299,PERSON-017903,,60,,,,11_person.csv
0d613841-3176-517a-9268-91c989bc66f6,Tamil Nadu Person PERSON-017908,Other,PUDUKOTTAI Area,imported,12fe593e-e883-5cac-9710-f2ba74198299,PERSON-017908,,38,,,,11_person.csv
8f5dce39-4942-5c84-b8de-011650bfff83,Tamil Nadu Person PERSON-017928,Other,TIRUCHIRAPPALLI Area,imported,12fe593e-e883-5cac-9710-f2ba74198299,PERSON-017928,,61,,,,11_person.csv
91c00ce7-c1f0-5ef5-bfa1-ec478f37eef9,Tamil Nadu Person PERSON-017930,Male,THIRUVALLUR Area,imported,12fe593e-e883-5cac-9710-f2ba74198299,PERSON-017930,,28,,,,11_person.csv
71ab54f1-1797-580b-9371-3630f2eed5c0,Tamil Nadu Person PERSON-017941,Female,TIRUVANNAMALAI Area,imported,12fe593e-e883-5cac-9710-f2ba74198299,PERSON-017941,,74,,,,11_person.csv
75ca7652-7297-5686-b7d0-4cbea9ca4084,Tamil Nadu Person PERSON-017972,Female,TENKASI Area,imported,12fe593e-e883-5cac-9710-f2ba74198299,PERSON-017972,,40,,,,11_person.csv
fa04d5dc-4ef2-51f1-a64a-3b5f9c661b52,Tamil Nadu Person PERSON-017990,Male,KANCHEEPURAM Area,imported,12fe593e-e883-5cac-9710-f2ba74198299,PERSON-017990,,72,,,,11_person.csv
3a9041fd-39dd-5613-9598-6f496b2562e5,Tamil Nadu Person PERSON-017998,Female,CHENNAI Area,imported,12fe593e-e883-5cac-9710-f2ba74198299,PERSON-017998,,47,,,,11_person.csv
fbf4c089-a521-5dec-81fe-8754a63f363b,Tamil Nadu Person PERSON-018002,Male,KANCHEEPURAM Area,imported,12fe593e-e883-5cac-9710-f2ba74198299,PERSON-018002,,43,,,,11_person.csv
b022a61b-e75e-54e5-90fa-535f938cde70,Tamil Nadu Person PERSON-018006,Other,THOOTHUKUDI Area,imported,12fe593e-e883-5cac-9710-f2ba74198299,PERSON-018006,,37,,,,11_person.csv
77553ae9-639c-5436-b239-30444c04c2e3,Tamil Nadu Person PERSON-018027,Female,MADURAI Area,imported,12fe593e-e883-5cac-9710-f2ba74198299,PERSON-018027,,31,,,,11_person.csv
5fcfb5dc-5ca9-5ec0-9145-7cef71225764,Tamil Nadu Person PERSON-018038,Other,KRISHNAGIRI Area,imported,12fe593e-e883-5cac-9710-f2ba74198299,PERSON-018038,,23,,,,11_person.csv
03546c48-06ac-59d5-8ae6-daa1ba1b8482,Tamil Nadu Person PERSON-018039,Other,SALEM Area,imported,12fe593e-e883-5cac-9710-f2ba74198299,PERSON-018039,,60,,,,11_person.csv
25523fe3-469a-5d2e-bc05-bc1cc1f60423,Tamil Nadu Person PERSON-018041,Female,CHENGALPATTU Area,imported,12fe593e-e883-5cac-9710-f2ba74198299,PERSON-018041,,69,,,,11_person.csv
102c587d-eb9e-59e6-a89f-81a7207e5758,Tamil Nadu Person PERSON-018044,Other,THIRUVARUR Area,imported,12fe593e-e883-5cac-9710-f2ba74198299,PERSON-018044,,25,,,,11_person.csv
59293abc-516d-56bd-a954-25b6a2415030,Tamil Nadu Person PERSON-018050,Female,TIRUVANNAMALAI Area,imported,12fe593e-e883-5cac-9710-f2ba74198299,PERSON-018050,,73,,,,11_person.csv
7e7b7517-a7ed-5d71-b94a-101d57c2725f,Tamil Nadu Person PERSON-018079,Male,THE_NILGIRIS Area,imported,12fe593e-e883-5cac-9710-f2ba74198299,PERSON-018079,,24,,,,11_person.csv
34e0811c-2751-563e-b3fc-8f0ebaad4b69,Tamil Nadu Person PERSON-018089,Male,TIRUNELVELI Area,imported,12fe593e-e883-5cac-9710-f2ba74198299,PERSON-018089,,38,,,,11_person.csv
ac40ffeb-21d7-5eeb-b685-278453af76c3,Tamil Nadu Person PERSON-018101,Male,SIVAGANGA Area,imported,12fe593e-e883-5cac-9710-f2ba74198299,PERSON-018101,,53,,,,11_person.csv
959ea9cb-eca0-56b8-92b4-03132c63d4f5,Tamil Nadu Person PERSON-018107,Other,TIRUPATHUR Area,imported,12fe593e-e883-5cac-9710-f2ba74198299,PERSON-018107,,27,,,,11_person.csv
15f5f7f4-608a-5a41-8e2c-2fc8ae5f1731,Tamil Nadu Person PERSON-018124,Male,THE_NILGIRIS Area,imported,12fe593e-e883-5cac-9710-f2ba74198299,PERSON-018124,,21,,,,11_person.csv
55306ded-d113-52eb-9898-e5789036fd55,Tamil Nadu Person PERSON-018128,Female,DINDIGUL Area,imported,12fe593e-e883-5cac-9710-f2ba74198299,PERSON-018128,,33,,,,11_person.csv
403b6d8b-50e9-5c90-b766-4f2d8a31fa92,Tamil Nadu Person PERSON-018140,Female,MAYILADUTHURAI Area,imported,12fe593e-e883-5cac-9710-f2ba74198299,PERSON-018140,,59,,,,11_person.csv
7fa60c89-c8ed-5a13-8fdf-48e8b12159b4,Tamil Nadu Person PERSON-018143,Other,THOOTHUKUDI Area,imported,12fe593e-e883-5cac-9710-f2ba74198299,PERSON-018143,,54,,,,11_person.csv
bb95097d-07f9-5604-8f7e-8213dd074096,Tamil Nadu Person PERSON-018148,Female,KRISHNAGIRI Area,imported,12fe593e-e883-5cac-9710-f2ba74198299,PERSON-018148,,32,,,,11_person.csv
77058276-b4d8-5cc4-bfa9-35d7c0573a71,Tamil Nadu Person PERSON-018178,Other,KANYAKUMARI Area,imported,12fe593e-e883-5cac-9710-f2ba74198299,PERSON-018178,,31,,,,11_person.csv
da958c4c-9438-5b36-9aaa-630b241baf5d,Tamil Nadu Person PERSON-018180,Other,DINDIGUL Area,imported,12fe593e-e883-5cac-9710-f2ba74198299,PERSON-018180,,56,,,,11_person.csv
db08aa0e-0caf-5869-8e18-164eecb18d52,Tamil Nadu Person PERSON-018196,Other,PERAMBALUR Area,imported,12fe593e-e883-5cac-9710-f2ba74198299,PERSON-018196,,50,,,,11_person.csv
175f7732-f68c-548f-bc99-d6bed314cf4e,Tamil Nadu Person PERSON-018201,Male,TIRUPPUR Area,imported,12fe593e-e883-5cac-9710-f2ba74198299,PERSON-018201,,22,,,,11_person.csv
67f4c592-2140-556c-b914-e030ff59901c,Tamil Nadu Person PERSON-018218,Other,TIRUPPUR Area,imported,12fe593e-e883-5cac-9710-f2ba74198299,PERSON-018218,,40,,,,11_person.csv
4e4825aa-9a26-5671-a69e-d28a13afdd7c,Tamil Nadu Person PERSON-018231,Other,KUMBAKONAM Area,imported,12fe593e-e883-5cac-9710-f2ba74198299,PERSON-018231,,53,,,,11_person.csv
80b600a0-a772-5447-965e-71fc89232d57,Tamil Nadu Person PERSON-018238,Other,ARIYALUR Area,imported,12fe593e-e883-5cac-9710-f2ba74198299,PERSON-018238,,25,,,,11_person.csv
1730cf5c-09e0-54a2-b251-de642bdaee63,Tamil Nadu Person PERSON-018240,Female,KUMBAKONAM Area,imported,12fe593e-e883-5cac-9710-f2ba74198299,PERSON-018240,,25,,,,11_person.csv
fb2deef7-8771-5091-897b-b8b21aac7c47,Tamil Nadu Person PERSON-018244,Male,NAGAPATTINAM Area,imported,12fe593e-e883-5cac-9710-f2ba74198299,PERSON-018244,,71,,,,11_person.csv
1004b1d3-41d2-529a-9d70-54bcad439f0a,Tamil Nadu Person PERSON-018257,Other,CUDDALORE Area,imported,12fe593e-e883-5cac-9710-f2ba74198299,PERSON-018257,,58,,,,11_person.csv
f68782c4-966a-5fbb-9a27-3226699c0a86,Tamil Nadu Person PERSON-018266,Male,TIRUVANNAMALAI Area,imported,12fe593e-e883-5cac-9710-f2ba74198299,PERSON-018266,,29,,,,11_person.csv
63743147-8041-56ba-910f-4530fa86e838,Tamil Nadu Person PERSON-018270,Male,THIRUVALLUR Area,imported,12fe593e-e883-5cac-9710-f2ba74198299,PERSON-018270,,30,,,,11_person.csv
62a6f480-9d83-5f84-a596-28274896d60e,Tamil Nadu Person PERSON-018272,Other,MAYILADUTHURAI Area,imported,12fe593e-e883-5cac-9710-f2ba74198299,PERSON-018272,,52,,,,11_person.csv
cdcd2b6d-0f93-5fc6-a356-d95d530c83aa,Tamil Nadu Person PERSON-018293,Male,SALEM Area,imported,12fe593e-e883-5cac-9710-f2ba74198299,PERSON-018293,,50,,,,11_person.csv
739973bb-b216-50ae-86fd-3222bd5913c3,Tamil Nadu Person PERSON-018296,Other,PUDUKOTTAI Area,imported,12fe593e-e883-5cac-9710-f2ba74198299,PERSON-018296,,22,,,,11_person.csv
0d632098-9da5-5453-b2a1-7a91ae638dac,Tamil Nadu Person PERSON-018302,Other,KALLAKURICHI Area,imported,12fe593e-e883-5cac-9710-f2ba74198299,PERSON-018302,,64,,,,11_person.csv
c4f94497-c339-543d-b1bf-f7dcb9af4e99,Tamil Nadu Person PERSON-018335,Other,CHENNAI Area,imported,12fe593e-e883-5cac-9710-f2ba74198299,PERSON-018335,,39,,,,11_person.csv
500e3924-0e35-50da-b80c-f1411b4844d8,Tamil Nadu Person PERSON-018344,Female,NAMAKKAL Area,imported,12fe593e-e883-5cac-9710-f2ba74198299,PERSON-018344,,36,,,,11_person.csv
8c4b4a9b-ae88-525f-8778-a19a2048b25c,Tamil Nadu Person PERSON-018346,Female,KALLAKURICHI Area,imported,12fe593e-e883-5cac-9710-f2ba74198299,PERSON-018346,,64,,,,11_person.csv
830fb302-7b18-5e3e-b00b-20d2629b4665,Tamil Nadu Person PERSON-018347,Other,KANCHEEPURAM Area,imported,12fe593e-e883-5cac-9710-f2ba74198299,PERSON-018347,,53,,,,11_person.csv
b995ca1f-61f0-51c2-83cb-9f3ec26396ba,Tamil Nadu Person PERSON-018348,Other,TENKASI Area,imported,12fe593e-e883-5cac-9710-f2ba74198299,PERSON-018348,,62,,,,11_person.csv
3eaf12da-98a1-5889-9bef-e7a68b84d6f4,Tamil Nadu Person PERSON-018350,Male,KARUR Area,imported,12fe593e-e883-5cac-9710-f2ba74198299,PERSON-018350,,58,,,,11_person.csv
4ec85602-b557-540d-bd6a-a3c36ad38f76,Tamil Nadu Person PERSON-018362,Female,TIRUNELVELI Area,imported,12fe593e-e883-5cac-9710-f2ba74198299,PERSON-018362,,28,,,,11_person.csv
4794fcc4-0b32-565f-a2ed-8a04a2c2212d,Tamil Nadu Person PERSON-018366,Other,THENI Area,imported,12fe593e-e883-5cac-9710-f2ba74198299,PERSON-018366,,58,,,,11_person.csv
a537ffd7-7499-5c37-a38b-16e6164998d4,Tamil Nadu Person PERSON-018376,Male,COIMBATORE Area,imported,12fe593e-e883-5cac-9710-f2ba74198299,PERSON-018376,,72,,,,11_person.csv
3920349b-96fc-58bc-abf5-028cc4851b03,Tamil Nadu Person PERSON-018377,Male,PERAMBALUR Area,imported,12fe593e-e883-5cac-9710-f2ba74198299,PERSON-018377,,74,,,,11_person.csv
8806173f-23a2-5010-8c43-bae61357b2fb,Tamil Nadu Person PERSON-018378,Female,VILUPPURAM Area,imported,12fe593e-e883-5cac-9710-f2ba74198299,PERSON-018378,,53,,,,11_person.csv
07d3276c-e8c9-58d0-a042-2960ff0938b0,Tamil Nadu Person PERSON-018409,Other,VIRUDHUNAGAR Area,imported,12fe593e-e883-5cac-9710-f2ba74198299,PERSON-018409,,40,,,,11_person.csv
84bbcfad-1097-52f2-bd28-f54acd16a29b,Tamil Nadu Person PERSON-018428,Male,PERAMBALUR Area,imported,12fe593e-e883-5cac-9710-f2ba74198299,PERSON-018428,,39,,,,11_person.csv
58875ce7-3f43-52da-92c8-6a29d2c25edb,Tamil Nadu Person PERSON-018433,Female,DHARMAPURI Area,imported,12fe593e-e883-5cac-9710-f2ba74198299,PERSON-018433,,47,,,,11_person.csv
7a492d55-7c66-5199-a408-62a279e0ca94,Tamil Nadu Person PERSON-018437,Female,NAMAKKAL Area,imported,12fe593e-e883-5cac-9710-f2ba74198299,PERSON-018437,,30,,,,11_person.csv
5559fbfc-74d0-5c36-a412-c050a1d1d609,Tamil Nadu Person PERSON-018441,Male,VILUPPURAM Area,imported,12fe593e-e883-5cac-9710-f2ba74198299,PERSON-018441,,21,,,,11_person.csv
7213f9a9-9c8a-5a57-bbf9-15f45f6fe7f9,Tamil Nadu Person PERSON-018449,Other,THOOTHUKUDI Area,imported,12fe593e-e883-5cac-9710-f2ba74198299,PERSON-018449,,26,,,,11_person.csv
e2c4d5e6-d584-5e58-be98-353e6be43004,Tamil Nadu Person PERSON-018454,Other,CHENGALPATTU Area,imported,12fe593e-e883-5cac-9710-f2ba74198299,PERSON-018454,,37,,,,11_person.csv
a8c1e08f-51fd-5cca-a404-34223b10b2bf,Tamil Nadu Person PERSON-018456,Female,MAYILADUTHURAI Area,imported,12fe593e-e883-5cac-9710-f2ba74198299,PERSON-018456,,61,,,,11_person.csv
40a0a618-cd7b-573b-b1bf-128e974e8f32,Tamil Nadu Person PERSON-018459,Other,VIRUDHUNAGAR Area,imported,12fe593e-e883-5cac-9710-f2ba74198299,PERSON-018459,,62,,,,11_person.csv
9f282f32-4454-532c-a111-b76ae70f4e18,Tamil Nadu Person PERSON-018480,Other,TIRUPATHUR Area,imported,12fe593e-e883-5cac-9710-f2ba74198299,PERSON-018480,,70,,,,11_person.csv
48febe73-cb72-55c5-8f56-bef2dd204156,Tamil Nadu Person PERSON-018481,Other,VILUPPURAM Area,imported,12fe593e-e883-5cac-9710-f2ba74198299,PERSON-018481,,52,,,,11_person.csv
52ecf0b6-bced-5c34-a7a0-74ed8ca351ff,Tamil Nadu Person PERSON-018504,Other,THIRUVALLUR Area,imported,12fe593e-e883-5cac-9710-f2ba74198299,PERSON-018504,,72,,,,11_person.csv
c3b0921a-31d1-5327-8631-44894d637e04,Tamil Nadu Person PERSON-018515,Male,KUMBAKONAM Area,imported,12fe593e-e883-5cac-9710-f2ba74198299,PERSON-018515,,35,,,,11_person.csv
cef2e7e5-042f-55e6-97a7-5c3757d04a53,Tamil Nadu Person PERSON-018518,Male,RAMESWARAM Area,imported,12fe593e-e883-5cac-9710-f2ba74198299,PERSON-018518,,74,,,,11_person.csv
fc283130-52c6-5547-bf66-5dccc46d7218,Tamil Nadu Person PERSON-018522,Other,CHENNAI Area,imported,12fe593e-e883-5cac-9710-f2ba74198299,PERSON-018522,,49,,,,11_person.csv
71dfcaed-4c97-5c9f-ade6-5cca4fb14e50,Tamil Nadu Person PERSON-018549,Other,MADURAI Area,imported,12fe593e-e883-5cac-9710-f2ba74198299,PERSON-018549,,24,,,,11_person.csv
b358794a-9057-591b-beb0-70c7b2953f64,Tamil Nadu Person PERSON-018554,Other,MAYILADUTHURAI Area,imported,12fe593e-e883-5cac-9710-f2ba74198299,PERSON-018554,,32,,,,11_person.csv
4bb4bd5a-6eb5-5d79-aecc-e3789e6f64fc,Tamil Nadu Person PERSON-018583,Female,RANIPET Area,imported,12fe593e-e883-5cac-9710-f2ba74198299,PERSON-018583,,61,,,,11_person.csv
ff2d7e2b-af2e-56f6-8647-15f0c39abf1c,Tamil Nadu Person PERSON-018597,Other,THE_NILGIRIS Area,imported,12fe593e-e883-5cac-9710-f2ba74198299,PERSON-018597,,38,,,,11_person.csv
15f073ea-24f9-538d-a886-5e7094272871,Tamil Nadu Person PERSON-018626,Other,SIVAGANGA Area,imported,12fe593e-e883-5cac-9710-f2ba74198299,PERSON-018626,,57,,,,11_person.csv
6d65e179-4401-5acd-90ca-54217cbd87f5,Tamil Nadu Person PERSON-018638,Other,THIRUVARUR Area,imported,12fe593e-e883-5cac-9710-f2ba74198299,PERSON-018638,,29,,,,11_person.csv
4675deed-7d0a-5bb3-94e9-e9a893fce230,Tamil Nadu Person PERSON-018644,Other,KARUR Area,imported,12fe593e-e883-5cac-9710-f2ba74198299,PERSON-018644,,55,,,,11_person.csv
02b4dc1e-2987-5e63-a8d4-2ca20c3e8b6d,Tamil Nadu Person PERSON-018650,Other,MAYILADUTHURAI Area,imported,12fe593e-e883-5cac-9710-f2ba74198299,PERSON-018650,,62,,,,11_person.csv
8c6fb52b-1b9e-58cc-8271-f4e45d9ea6be,Tamil Nadu Person PERSON-018667,Other,TIRUCHIRAPPALLI Area,imported,12fe593e-e883-5cac-9710-f2ba74198299,PERSON-018667,,58,,,,11_person.csv
79498463-1d33-5cc1-a9d5-8ba38d99f319,Tamil Nadu Person PERSON-018668,Other,NAGAPATTINAM Area,imported,12fe593e-e883-5cac-9710-f2ba74198299,PERSON-018668,,53,,,,11_person.csv
7d61974f-da65-5615-9770-df4045d304f9,Tamil Nadu Person PERSON-018676,Male,COIMBATORE Area,imported,12fe593e-e883-5cac-9710-f2ba74198299,PERSON-018676,,25,,,,11_person.csv
0cb16bd7-e2d8-5b5f-944d-27cd28544cef,Tamil Nadu Person PERSON-018697,Female,KARUR Area,imported,12fe593e-e883-5cac-9710-f2ba74198299,PERSON-018697,,47,,,,11_person.csv
06cbe5f4-2680-57ee-8232-f157630348a8,Tamil Nadu Person PERSON-018721,Male,TIRUPATHUR Area,imported,12fe593e-e883-5cac-9710-f2ba74198299,PERSON-018721,,48,,,,11_person.csv
0c111b86-01f4-550a-8d0d-cffdadd937a7,Tamil Nadu Person PERSON-018750,Male,SALEM Area,imported,12fe593e-e883-5cac-9710-f2ba74198299,PERSON-018750,,57,,,,11_person.csv
f5e75197-2ed8-52f8-9383-a44343d449a6,Tamil Nadu Person PERSON-018765,Other,THE_NILGIRIS Area,imported,12fe593e-e883-5cac-9710-f2ba74198299,PERSON-018765,,35,,,,11_person.csv
20a1c3b0-6e03-5972-a0a5-f84a92e68e6c,Tamil Nadu Person PERSON-018782,Male,THE_NILGIRIS Area,imported,12fe593e-e883-5cac-9710-f2ba74198299,PERSON-018782,,50,,,,11_person.csv
14aec0c5-3bbe-55b9-adb8-55243916d9fe,Tamil Nadu Person PERSON-018784,Other,TIRUVANNAMALAI Area,imported,12fe593e-e883-5cac-9710-f2ba74198299,PERSON-018784,,24,,,,11_person.csv
f9de5ad3-33df-503d-b065-e58e5f281c21,Tamil Nadu Person PERSON-018788,Other,SALEM Area,imported,12fe593e-e883-5cac-9710-f2ba74198299,PERSON-018788,,55,,,,11_person.csv
402df6ce-008e-5d13-8869-584cd7a1c531,Tamil Nadu Person PERSON-018803,Male,SIVAGANGA Area,imported,12fe593e-e883-5cac-9710-f2ba74198299,PERSON-018803,,42,,,,11_person.csv
aa7ace6a-5f71-5e05-8dc5-54a3779d2de9,Tamil Nadu Person PERSON-018812,Female,KRISHNAGIRI Area,imported,12fe593e-e883-5cac-9710-f2ba74198299,PERSON-018812,,54,,,,11_person.csv
c0610908-369b-55f9-baff-354a21e8d710,Tamil Nadu Person PERSON-018813,Female,CHENNAI Area,imported,12fe593e-e883-5cac-9710-f2ba74198299,PERSON-018813,,68,,,,11_person.csv
f7aa2170-837f-5e60-92a4-e8cffb530bcb,Tamil Nadu Person PERSON-018846,Other,TIRUCHIRAPPALLI Area,imported,12fe593e-e883-5cac-9710-f2ba74198299,PERSON-018846,,47,,,,11_person.csv
5c839aa2-47ac-504a-9eb3-d268e36348a9,Tamil Nadu Person PERSON-018848,Male,COIMBATORE Area,imported,12fe593e-e883-5cac-9710-f2ba74198299,PERSON-018848,,32,,,,11_person.csv
1cdb1773-dd4d-5c31-baf6-8da71a6a8e76,Tamil Nadu Person PERSON-018872,Female,KUMBAKONAM Area,imported,12fe593e-e883-5cac-9710-f2ba74198299,PERSON-018872,,55,,,,11_person.csv
b36b9336-0008-5882-8f2b-787e751d2b82,Tamil Nadu Person PERSON-018911,Other,RAMESWARAM Area,imported,12fe593e-e883-5cac-9710-f2ba74198299,PERSON-018911,,70,,,,11_person.csv
617812bc-8468-5b92-87ef-39d3701e04bc,Tamil Nadu Person PERSON-018935,Other,NAMAKKAL Area,imported,12fe593e-e883-5cac-9710-f2ba74198299,PERSON-018935,,27,,,,11_person.csv
4cd9645b-4860-5d2a-b4ff-02f5e3994121,Tamil Nadu Person PERSON-018936,Female,SALEM Area,imported,12fe593e-e883-5cac-9710-f2ba74198299,PERSON-018936,,75,,,,11_person.csv
82b7bbaf-1411-55ea-abac-8659ff47d3a7,Tamil Nadu Person PERSON-018954,Other,NAGAPATTINAM Area,imported,12fe593e-e883-5cac-9710-f2ba74198299,PERSON-018954,,48,,,,11_person.csv
4e615f46-b106-5ca7-88ed-a98ce0ddb426,Tamil Nadu Person PERSON-018967,Other,RAMESWARAM Area,imported,12fe593e-e883-5cac-9710-f2ba74198299,PERSON-018967,,34,,,,11_person.csv
36bf3566-acb7-54da-807e-e86610545ebe,Tamil Nadu Person PERSON-018973,Other,RAMESWARAM Area,imported,12fe593e-e883-5cac-9710-f2ba74198299,PERSON-018973,,69,,,,11_person.csv
c907969a-ba0f-5fca-8b95-db61bee553a6,Tamil Nadu Person PERSON-019012,Male,VIRUDHUNAGAR Area,imported,12fe593e-e883-5cac-9710-f2ba74198299,PERSON-019012,,31,,,,11_person.csv
e53b4856-a53f-56fb-8bbb-9a104fb45dd7,Tamil Nadu Person PERSON-019023,Male,TIRUVANNAMALAI Area,imported,12fe593e-e883-5cac-9710-f2ba74198299,PERSON-019023,,66,,,,11_person.csv
73a4300a-6ba1-5cfd-8fec-b3b4ff96c9e6,Tamil Nadu Person PERSON-019028,Other,THIRUVALLUR Area,imported,12fe593e-e883-5cac-9710-f2ba74198299,PERSON-019028,,70,,,,11_person.csv
80926103-7e52-5384-aede-93609a709c5c,Tamil Nadu Person PERSON-019042,Male,CHENNAI Area,imported,12fe593e-e883-5cac-9710-f2ba74198299,PERSON-019042,,50,,,,11_person.csv
2a0f3be6-aae7-5380-a5e3-3fe40ea026bc,Tamil Nadu Person PERSON-019049,Other,DHARMAPURI Area,imported,12fe593e-e883-5cac-9710-f2ba74198299,PERSON-019049,,25,,,,11_person.csv
7693c96f-3ac8-57f4-bd84-454b2c156058,Tamil Nadu Person PERSON-019057,Female,ERODE Area,imported,12fe593e-e883-5cac-9710-f2ba74198299,PERSON-019057,,41,,,,11_person.csv
de42a13c-67b5-5f0c-9390-f4765490ab9a,Tamil Nadu Person PERSON-019091,Other,COIMBATORE Area,imported,12fe593e-e883-5cac-9710-f2ba74198299,PERSON-019091,,44,,,,11_person.csv
c984259f-f837-51bd-bc00-553a045432e9,Tamil Nadu Person PERSON-019095,Male,TIRUPATHUR Area,imported,12fe593e-e883-5cac-9710-f2ba74198299,PERSON-019095,,75,,,,11_person.csv
cbf899cb-e15d-5d96-a051-b273111ad77b,Tamil Nadu Person PERSON-019102,Male,TENKASI Area,imported,12fe593e-e883-5cac-9710-f2ba74198299,PERSON-019102,,37,,,,11_person.csv
d89c5d3a-35ed-5b81-ac20-5b9b0a8ad6ff,Tamil Nadu Person PERSON-019111,Male,VIRUDHUNAGAR Area,imported,12fe593e-e883-5cac-9710-f2ba74198299,PERSON-019111,,56,,,,11_person.csv
a2799620-c8cb-5532-a86f-87c3c963400c,Tamil Nadu Person PERSON-019119,Other,CUDDALORE Area,imported,12fe593e-e883-5cac-9710-f2ba74198299,PERSON-019119,,45,,,,11_person.csv
8620eb49-37ad-509f-b40d-b6e24a6190b5,Tamil Nadu Person PERSON-019127,Other,RAMESWARAM Area,imported,12fe593e-e883-5cac-9710-f2ba74198299,PERSON-019127,,46,,,,11_person.csv
3c064cd7-3594-5a31-a9c0-ab3546ce293b,Tamil Nadu Person PERSON-019132,Male,RANIPET Area,imported,12fe593e-e883-5cac-9710-f2ba74198299,PERSON-019132,,29,,,,11_person.csv
c5ad6e2c-6c03-5146-a7e4-8ac63471e9a5,Tamil Nadu Person PERSON-019207,Female,TIRUPPUR Area,imported,12fe593e-e883-5cac-9710-f2ba74198299,PERSON-019207,,74,,,,11_person.csv
a7058286-49f8-5b96-939e-98c6bea952f6,Tamil Nadu Person PERSON-019210,Other,MAYILADUTHURAI Area,imported,12fe593e-e883-5cac-9710-f2ba74198299,PERSON-019210,,71,,,,11_person.csv
92a0678f-113f-59e9-b00c-753c7b1a5da7,Tamil Nadu Person PERSON-019230,Other,ERODE Area,imported,12fe593e-e883-5cac-9710-f2ba74198299,PERSON-019230,,25,,,,11_person.csv
46dd360f-cbf7-51fc-8aa2-128981f141ea,Tamil Nadu Person PERSON-019234,Other,MADURAI Area,imported,12fe593e-e883-5cac-9710-f2ba74198299,PERSON-019234,,63,,,,11_person.csv
df7e1bfc-47c1-5fe0-be75-afdc46928c88,Tamil Nadu Person PERSON-019238,Male,SALEM Area,imported,12fe593e-e883-5cac-9710-f2ba74198299,PERSON-019238,,20,,,,11_person.csv
a8777619-89c3-5c10-bb81-3b2601f3f915,Tamil Nadu Person PERSON-019255,Other,KANYAKUMARI Area,imported,12fe593e-e883-5cac-9710-f2ba74198299,PERSON-019255,,51,,,,11_person.csv
056b2cdf-6015-5eeb-a9c3-cb1e7ca12549,Tamil Nadu Person PERSON-019285,Female,CUDDALORE Area,imported,12fe593e-e883-5cac-9710-f2ba74198299,PERSON-019285,,27,,,,11_person.csv
c22a0763-3e4d-5616-9240-6ca7a8a3e3da,Tamil Nadu Person PERSON-019286,Other,THENI Area,imported,12fe593e-e883-5cac-9710-f2ba74198299,PERSON-019286,,32,,,,11_person.csv
8c9ccc51-62af-5018-8386-73f38f680e5b,Tamil Nadu Person PERSON-019290,Female,THE_NILGIRIS Area,imported,12fe593e-e883-5cac-9710-f2ba74198299,PERSON-019290,,44,,,,11_person.csv
3dc5ee89-0c04-5df0-9e10-a5ab798f2079,Tamil Nadu Person PERSON-019298,Other,TIRUPPUR Area,imported,12fe593e-e883-5cac-9710-f2ba74198299,PERSON-019298,,61,,,,11_person.csv
c8c288a3-b82e-51b8-8316-b04bcf73ed07,Tamil Nadu Person PERSON-019304,Other,CHENNAI Area,imported,12fe593e-e883-5cac-9710-f2ba74198299,PERSON-019304,,71,,,,11_person.csv
d6737e3c-2fde-5017-b970-7328d3d3b6fd,Tamil Nadu Person PERSON-019312,Other,NAGAPATTINAM Area,imported,12fe593e-e883-5cac-9710-f2ba74198299,PERSON-019312,,26,,,,11_person.csv
9b062214-d5f2-5ee0-a91e-c73e7b06d237,Tamil Nadu Person PERSON-019316,Male,TIRUNELVELI Area,imported,12fe593e-e883-5cac-9710-f2ba74198299,PERSON-019316,,43,,,,11_person.csv
c5d52de6-0db8-5360-8244-d433374e58b6,Tamil Nadu Person PERSON-019319,Other,NAGAPATTINAM Area,imported,12fe593e-e883-5cac-9710-f2ba74198299,PERSON-019319,,61,,,,11_person.csv
31da7050-779a-596d-b21d-4ab59037fb19,Tamil Nadu Person PERSON-019321,Male,KARUR Area,imported,12fe593e-e883-5cac-9710-f2ba74198299,PERSON-019321,,49,,,,11_person.csv
bf7b66e0-6fb3-5c13-8a46-cc594aeae14f,Tamil Nadu Person PERSON-019324,Other,PUDUKOTTAI Area,imported,12fe593e-e883-5cac-9710-f2ba74198299,PERSON-019324,,63,,,,11_person.csv
a318b6c3-76f5-5656-b90f-900109ed7979,Tamil Nadu Person PERSON-019339,Other,KRISHNAGIRI Area,imported,12fe593e-e883-5cac-9710-f2ba74198299,PERSON-019339,,54,,,,11_person.csv
98c6b917-020f-55e4-9b0c-7beadf09c3b0,Tamil Nadu Person PERSON-019341,Other,MADURAI Area,imported,12fe593e-e883-5cac-9710-f2ba74198299,PERSON-019341,,38,,,,11_person.csv
ca1bf9cf-03dc-5c8b-aad6-bfafa068b114,Tamil Nadu Person PERSON-019368,Male,VIRUDHUNAGAR Area,imported,12fe593e-e883-5cac-9710-f2ba74198299,PERSON-019368,,38,,,,11_person.csv
6f7ac61b-b184-58a5-9744-7050ede6e217,Tamil Nadu Person PERSON-019374,Male,RAMESWARAM Area,imported,12fe593e-e883-5cac-9710-f2ba74198299,PERSON-019374,,44,,,,11_person.csv
373d38f4-65f2-5d93-910d-195f298f33e3,Tamil Nadu Person PERSON-019382,Other,RAMESWARAM Area,imported,12fe593e-e883-5cac-9710-f2ba74198299,PERSON-019382,,73,,,,11_person.csv
6a0563cd-0a3b-5f47-a162-1e4d2a6cc4d7,Tamil Nadu Person PERSON-019384,Male,KALLAKURICHI Area,imported,12fe593e-e883-5cac-9710-f2ba74198299,PERSON-019384,,65,,,,11_person.csv
6834a896-d1c8-538c-99c9-9ee973deab82,Tamil Nadu Person PERSON-019388,Other,PUDUKOTTAI Area,imported,12fe593e-e883-5cac-9710-f2ba74198299,PERSON-019388,,22,,,,11_person.csv
722653f1-953b-57ab-b5d2-0e03f0e29f12,Tamil Nadu Person PERSON-019389,Other,NAMAKKAL Area,imported,12fe593e-e883-5cac-9710-f2ba74198299,PERSON-019389,,37,,,,11_person.csv
c9861854-39b4-5c67-85bd-6d5edb454dcb,Tamil Nadu Person PERSON-019392,Other,PERAMBALUR Area,imported,12fe593e-e883-5cac-9710-f2ba74198299,PERSON-019392,,41,,,,11_person.csv
6857b33f-8d1d-5c00-9b70-9b1741863dac,Tamil Nadu Person PERSON-019394,Female,ERODE Area,imported,12fe593e-e883-5cac-9710-f2ba74198299,PERSON-019394,,50,,,,11_person.csv
04bee64d-6bf6-5ac0-b0e4-1bd8756a855d,Tamil Nadu Person PERSON-019405,Other,TIRUVANNAMALAI Area,imported,12fe593e-e883-5cac-9710-f2ba74198299,PERSON-019405,,66,,,,11_person.csv
2058820c-91e2-5029-8f07-996481981e61,Tamil Nadu Person PERSON-019411,Female,THE_NILGIRIS Area,imported,12fe593e-e883-5cac-9710-f2ba74198299,PERSON-019411,,40,,,,11_person.csv
6ebf8e7b-b0fa-55bf-bf32-907c7ea625e7,Tamil Nadu Person PERSON-019442,Other,PERAMBALUR Area,imported,12fe593e-e883-5cac-9710-f2ba74198299,PERSON-019442,,50,,,,11_person.csv
4e5e4f8c-36a3-5778-a881-4ca9dee78eec,Tamil Nadu Person PERSON-019520,Female,SALEM Area,imported,12fe593e-e883-5cac-9710-f2ba74198299,PERSON-019520,,31,,,,11_person.csv
c90ec125-042c-58c4-b5ed-7ca5e00f148e,Tamil Nadu Person PERSON-019531,Male,THE_NILGIRIS Area,imported,12fe593e-e883-5cac-9710-f2ba74198299,PERSON-019531,,75,,,,11_person.csv
93866ac9-bc4f-5462-bb29-4bf75193de7d,Tamil Nadu Person PERSON-019573,Male,THOOTHUKUDI Area,imported,12fe593e-e883-5cac-9710-f2ba74198299,PERSON-019573,,32,,,,11_person.csv
2957d334-2bee-54b0-b985-0e0c0eb773ca,Tamil Nadu Person PERSON-019585,Female,THIRUVALLUR Area,imported,12fe593e-e883-5cac-9710-f2ba74198299,PERSON-019585,,44,,,,11_person.csv
0e90e188-0503-5bcf-965b-76a9c5ba2d65,Tamil Nadu Person PERSON-019600,Other,THIRUVARUR Area,imported,12fe593e-e883-5cac-9710-f2ba74198299,PERSON-019600,,42,,,,11_person.csv
2d3fa704-431a-5e4f-a386-a6c309ee6193,Tamil Nadu Person PERSON-019607,Female,KARUR Area,imported,12fe593e-e883-5cac-9710-f2ba74198299,PERSON-019607,,61,,,,11_person.csv
782b38c0-8b69-5ef0-8c5d-9d86d8986d0a,Tamil Nadu Person PERSON-019619,Other,COIMBATORE Area,imported,12fe593e-e883-5cac-9710-f2ba74198299,PERSON-019619,,35,,,,11_person.csv
3ad84923-0519-5f09-9587-ff5fa420c1ab,Tamil Nadu Person PERSON-019621,Female,VILUPPURAM Area,imported,12fe593e-e883-5cac-9710-f2ba74198299,PERSON-019621,,57,,,,11_person.csv
4cb05ebc-3d68-57ec-949d-ac08df846ed1,Tamil Nadu Person PERSON-019623,Female,THIRUVARUR Area,imported,12fe593e-e883-5cac-9710-f2ba74198299,PERSON-019623,,63,,,,11_person.csv
e49ab92e-7484-5154-9f7e-f4873939431f,Tamil Nadu Person PERSON-019624,Other,KARUR Area,imported,12fe593e-e883-5cac-9710-f2ba74198299,PERSON-019624,,71,,,,11_person.csv
47197a7d-6a3c-5900-8fdd-6a44d2ab1142,Tamil Nadu Person PERSON-019657,Other,KUMBAKONAM Area,imported,12fe593e-e883-5cac-9710-f2ba74198299,PERSON-019657,,63,,,,11_person.csv
275a8f39-ebeb-5f2f-92dd-f202472252fa,Tamil Nadu Person PERSON-019662,Male,MADURAI Area,imported,12fe593e-e883-5cac-9710-f2ba74198299,PERSON-019662,,46,,,,11_person.csv
a9bd3018-4c39-57b1-8ef6-b8d6273d5c0f,Tamil Nadu Person PERSON-019664,Female,THOOTHUKUDI Area,imported,12fe593e-e883-5cac-9710-f2ba74198299,PERSON-019664,,26,,,,11_person.csv
d1dff1e9-0d4c-579a-aec2-fc17a066a256,Tamil Nadu Person PERSON-019670,Male,KANYAKUMARI Area,imported,12fe593e-e883-5cac-9710-f2ba74198299,PERSON-019670,,53,,,,11_person.csv
06f7aa3b-8444-5131-b04f-209e2d425261,Tamil Nadu Person PERSON-019683,Male,TIRUPATHUR Area,imported,12fe593e-e883-5cac-9710-f2ba74198299,PERSON-019683,,57,,,,11_person.csv
1a767865-b888-5619-aa63-b7efe3570c06,Tamil Nadu Person PERSON-019686,Male,CHENNAI Area,imported,12fe593e-e883-5cac-9710-f2ba74198299,PERSON-019686,,65,,,,11_person.csv
6ea78e13-b319-5568-a51d-aaeb66ca9551,Tamil Nadu Person PERSON-019687,Other,THOOTHUKUDI Area,imported,12fe593e-e883-5cac-9710-f2ba74198299,PERSON-019687,,63,,,,11_person.csv
18c96a08-0c51-5d09-8fec-9c897d3f7d56,Tamil Nadu Person PERSON-019694,Female,CUDDALORE Area,imported,12fe593e-e883-5cac-9710-f2ba74198299,PERSON-019694,,43,,,,11_person.csv
4c401561-8c90-54a7-acd0-83d89d40eeff,Tamil Nadu Person PERSON-019702,Other,TENKASI Area,imported,12fe593e-e883-5cac-9710-f2ba74198299,PERSON-019702,,28,,,,11_person.csv
9168684c-2121-5845-b8d8-33955e1cdc39,Tamil Nadu Person PERSON-019703,Other,CHENNAI Area,imported,12fe593e-e883-5cac-9710-f2ba74198299,PERSON-019703,,76,,,,11_person.csv
1b2fa55d-5090-5963-81c9-d00d45ed7c94,Tamil Nadu Person PERSON-019722,Other,KALLAKURICHI Area,imported,12fe593e-e883-5cac-9710-f2ba74198299,PERSON-019722,,60,,,,11_person.csv
170d08f8-0323-5238-809e-01801f91ad79,Tamil Nadu Person PERSON-019725,Other,ERODE Area,imported,12fe593e-e883-5cac-9710-f2ba74198299,PERSON-019725,,34,,,,11_person.csv
f7a5e5ca-3621-5ecc-9b63-5dfe7f3e9f8a,Tamil Nadu Person PERSON-019726,Other,TIRUPATHUR Area,imported,12fe593e-e883-5cac-9710-f2ba74198299,PERSON-019726,,62,,,,11_person.csv
1627bff0-31c0-5467-80b9-de19bbec6ed9,Tamil Nadu Person PERSON-019741,Other,VILUPPURAM Area,imported,12fe593e-e883-5cac-9710-f2ba74198299,PERSON-019741,,25,,,,11_person.csv
5aa5ca4f-e5b7-5b0f-bdfb-db1b243a9bb3,Tamil Nadu Person PERSON-019751,Other,SIVAGANGA Area,imported,12fe593e-e883-5cac-9710-f2ba74198299,PERSON-019751,,53,,,,11_person.csv
929cab45-a203-566f-adbb-8287e49cd2d2,Tamil Nadu Person PERSON-019761,Female,TIRUPPUR Area,imported,12fe593e-e883-5cac-9710-f2ba74198299,PERSON-019761,,41,,,,11_person.csv
5ea25579-8980-5bc1-8ecc-aec70c9ea6ab,Tamil Nadu Person PERSON-019764,Male,CUDDALORE Area,imported,12fe593e-e883-5cac-9710-f2ba74198299,PERSON-019764,,28,,,,11_person.csv
506209d3-2e9c-54a5-8fad-842df113fa76,Tamil Nadu Person PERSON-019782,Other,TIRUCHIRAPPALLI Area,imported,12fe593e-e883-5cac-9710-f2ba74198299,PERSON-019782,,71,,,,11_person.csv
149baa35-7f5c-5d02-9103-74c4b9340606,Tamil Nadu Person PERSON-019799,Male,MADURAI Area,imported,12fe593e-e883-5cac-9710-f2ba74198299,PERSON-019799,,25,,,,11_person.csv
7f973b8c-2a31-5fac-b0e7-73aca2c71632,Tamil Nadu Person PERSON-019805,Male,CUDDALORE Area,imported,12fe593e-e883-5cac-9710-f2ba74198299,PERSON-019805,,48,,,,11_person.csv
0840896f-4ecd-56b0-958a-272f81129a86,Tamil Nadu Person PERSON-019806,Female,PUDUKOTTAI Area,imported,12fe593e-e883-5cac-9710-f2ba74198299,PERSON-019806,,42,,,,11_person.csv
77f6665f-9373-574a-9177-da91a77cece7,Tamil Nadu Person PERSON-019856,Other,COIMBATORE Area,imported,12fe593e-e883-5cac-9710-f2ba74198299,PERSON-019856,,23,,,,11_person.csv
e7027548-1fb0-598c-bbdf-20943080756d,Tamil Nadu Person PERSON-019869,Female,KUMBAKONAM Area,imported,12fe593e-e883-5cac-9710-f2ba74198299,PERSON-019869,,28,,,,11_person.csv
8774f12b-636e-5daa-a5a3-691e2204eee8,Tamil Nadu Person PERSON-019896,Other,PERAMBALUR Area,imported,12fe593e-e883-5cac-9710-f2ba74198299,PERSON-019896,,24,,,,11_person.csv
b9c69495-8979-55c8-95e4-645d17742cf7,Tamil Nadu Person PERSON-019900,Other,RANIPET Area,imported,12fe593e-e883-5cac-9710-f2ba74198299,PERSON-019900,,34,,,,11_person.csv
a4c2c0a4-0da9-5d8a-a559-bf4a0a3be335,Tamil Nadu Person PERSON-019922,Female,SALEM Area,imported,12fe593e-e883-5cac-9710-f2ba74198299,PERSON-019922,,28,,,,11_person.csv
d818e89f-55dd-5cc0-af90-4328782d61b1,Tamil Nadu Person PERSON-019951,Other,KANYAKUMARI Area,imported,12fe593e-e883-5cac-9710-f2ba74198299,PERSON-019951,,59,,,,11_person.csv
572de9e6-862d-54c2-a28d-459f564153ea,Tamil Nadu Person PERSON-019961,Other,ERODE Area,imported,12fe593e-e883-5cac-9710-f2ba74198299,PERSON-019961,,75,,,,11_person.csv
bbf94196-36d4-55b1-aed1-a033e64f119d,Tamil Nadu Person PERSON-019965,Female,RAMESWARAM Area,imported,12fe593e-e883-5cac-9710-f2ba74198299,PERSON-019965,,21,,,,11_person.csv
86161182-dcc3-5821-850e-78d03e4a2f08,Tamil Nadu Person PERSON-019971,Other,TENKASI Area,imported,12fe593e-e883-5cac-9710-f2ba74198299,PERSON-019971,,22,,,,11_person.csv
6889911d-5944-5eb3-985f-8d4d8a5b41fb,Tamil Nadu Person PERSON-019998,Female,VILUPPURAM Area,imported,12fe593e-e883-5cac-9710-f2ba74198299,PERSON-019998,,26,,,,11_person.csv
d132c3d6-d9ff-5ece-b1b5-1926e4c38654,Tamil Nadu Person PERSON-020015,Male,SIVAGANGA Area,imported,12fe593e-e883-5cac-9710-f2ba74198299,PERSON-020015,,72,,,,11_person.csv
c6ea2b44-1d76-5fd5-a83e-a79edeeff903,Tamil Nadu Person PERSON-020027,Other,KALLAKURICHI Area,imported,12fe593e-e883-5cac-9710-f2ba74198299,PERSON-020027,,40,,,,11_person.csv
1f9096cb-9a64-523e-9b4a-5664a0335841,Tamil Nadu Person PERSON-020030,Female,TIRUVANNAMALAI Area,imported,12fe593e-e883-5cac-9710-f2ba74198299,PERSON-020030,,75,,,,11_person.csv
0aa285fa-90e8-5e77-a04e-74acaddf2eaa,Tamil Nadu Person PERSON-020035,Other,CHENGALPATTU Area,imported,12fe593e-e883-5cac-9710-f2ba74198299,PERSON-020035,,21,,,,11_person.csv
36b5482a-04e0-5b82-8a0c-12ec85fa9dcc,Tamil Nadu Person PERSON-020045,Female,PUDUKOTTAI Area,imported,12fe593e-e883-5cac-9710-f2ba74198299,PERSON-020045,,63,,,,11_person.csv
c6f6ab1f-67d0-512d-811d-9798a98fa7a9,Tamil Nadu Person PERSON-020062,Male,TIRUCHIRAPPALLI Area,imported,12fe593e-e883-5cac-9710-f2ba74198299,PERSON-020062,,23,,,,11_person.csv
96fcb825-f7a9-55f6-976c-de184581715f,Tamil Nadu Person PERSON-020068,Male,THE_NILGIRIS Area,imported,12fe593e-e883-5cac-9710-f2ba74198299,PERSON-020068,,38,,,,11_person.csv
9b3d6a1c-664e-5e75-a574-85b322be7301,Tamil Nadu Person PERSON-020094,Other,KUMBAKONAM Area,imported,12fe593e-e883-5cac-9710-f2ba74198299,PERSON-020094,,56,,,,11_person.csv
407da834-1f36-5303-a286-f81446e4c1b2,Tamil Nadu Person PERSON-020099,Female,CHENNAI Area,imported,12fe593e-e883-5cac-9710-f2ba74198299,PERSON-020099,,70,,,,11_person.csv
2b88c1b5-b133-5d0b-acee-d809d3ba8167,Tamil Nadu Person PERSON-020106,Other,CHENGALPATTU Area,imported,12fe593e-e883-5cac-9710-f2ba74198299,PERSON-020106,,24,,,,11_person.csv
48522a53-1f5d-53cb-9d9e-6c530aad9e77,Tamil Nadu Person PERSON-020112,Other,NAMAKKAL Area,imported,12fe593e-e883-5cac-9710-f2ba74198299,PERSON-020112,,34,,,,11_person.csv
cf578227-612e-5513-89ed-51ad87df4f36,Tamil Nadu Person PERSON-020135,Other,KANYAKUMARI Area,imported,12fe593e-e883-5cac-9710-f2ba74198299,PERSON-020135,,57,,,,11_person.csv
97bd1d68-69f6-5c78-90e1-cd5777b0b74e,Tamil Nadu Person PERSON-020136,Other,TIRUPATHUR Area,imported,12fe593e-e883-5cac-9710-f2ba74198299,PERSON-020136,,25,,,,11_person.csv
c4d4a39e-3b37-517a-803a-221a99a09a28,Tamil Nadu Person PERSON-020138,Other,THIRUVARUR Area,imported,12fe593e-e883-5cac-9710-f2ba74198299,PERSON-020138,,41,,,,11_person.csv
c6d0900c-85fa-52d9-aedc-bad80552eb36,Tamil Nadu Person PERSON-020146,Other,KALLAKURICHI Area,imported,12fe593e-e883-5cac-9710-f2ba74198299,PERSON-020146,,50,,,,11_person.csv
92e39f26-6aae-57ee-808a-ba60ee47ad12,Tamil Nadu Person PERSON-020147,Male,NAGAPATTINAM Area,imported,12fe593e-e883-5cac-9710-f2ba74198299,PERSON-020147,,58,,,,11_person.csv
d5a3b9ec-1327-5e52-a44f-8c3c56be79cd,Tamil Nadu Person PERSON-020151,Female,TIRUVANNAMALAI Area,imported,12fe593e-e883-5cac-9710-f2ba74198299,PERSON-020151,,51,,,,11_person.csv
299f15ad-923e-5ca4-897b-8ed691515fc5,Tamil Nadu Person PERSON-020158,Other,KRISHNAGIRI Area,imported,12fe593e-e883-5cac-9710-f2ba74198299,PERSON-020158,,31,,,,11_person.csv
cc297929-6541-52ee-a54a-321dfdc346cd,Tamil Nadu Person PERSON-020166,Other,THENI Area,imported,12fe593e-e883-5cac-9710-f2ba74198299,PERSON-020166,,27,,,,11_person.csv
b7431dd3-4076-5d1d-b1d4-1af63cfb3b07,Tamil Nadu Person PERSON-020182,Other,TIRUVANNAMALAI Area,imported,12fe593e-e883-5cac-9710-f2ba74198299,PERSON-020182,,73,,,,11_person.csv
0b37f442-6dc7-55e9-abfc-bc2f33edf1ea,Tamil Nadu Person PERSON-020197,Other,SALEM Area,imported,12fe593e-e883-5cac-9710-f2ba74198299,PERSON-020197,,39,,,,11_person.csv
55c74465-e297-5e21-9bb6-8c1058f8feb5,Tamil Nadu Person PERSON-020201,Other,TIRUVANNAMALAI Area,imported,12fe593e-e883-5cac-9710-f2ba74198299,PERSON-020201,,32,,,,11_person.csv
b23f9fa9-6c56-57ef-bedb-2c45a56ed43c,Tamil Nadu Person PERSON-020225,Male,DINDIGUL Area,imported,12fe593e-e883-5cac-9710-f2ba74198299,PERSON-020225,,37,,,,11_person.csv
2d59eaa7-4eba-539e-aea4-402cfb874827,Tamil Nadu Person PERSON-020250,Other,KALLAKURICHI Area,imported,12fe593e-e883-5cac-9710-f2ba74198299,PERSON-020250,,26,,,,11_person.csv
b47961c6-3c2a-563c-97f9-dd24691f1b86,Tamil Nadu Person PERSON-020251,Other,VIRUDHUNAGAR Area,imported,12fe593e-e883-5cac-9710-f2ba74198299,PERSON-020251,,57,,,,11_person.csv
be031bda-a43e-5e17-ac24-54b840aad2f5,Tamil Nadu Person PERSON-020271,Other,THENI Area,imported,12fe593e-e883-5cac-9710-f2ba74198299,PERSON-020271,,74,,,,11_person.csv
05e18eab-5d65-5262-8e6f-e837c0ea2f80,Tamil Nadu Person PERSON-020279,Other,CHENGALPATTU Area,imported,12fe593e-e883-5cac-9710-f2ba74198299,PERSON-020279,,22,,,,11_person.csv
e316ce52-7f74-55b6-b4bb-ca9b0c96f1a6,Tamil Nadu Person PERSON-020282,Other,NAGAPATTINAM Area,imported,12fe593e-e883-5cac-9710-f2ba74198299,PERSON-020282,,60,,,,11_person.csv
ba0c5958-ec08-56e4-91f4-c2fb80f6cd48,Tamil Nadu Person PERSON-020356,Male,RANIPET Area,imported,12fe593e-e883-5cac-9710-f2ba74198299,PERSON-020356,,69,,,,11_person.csv
1d3a5e82-cfc7-5ff6-bdec-2ca7aef8adfd,Tamil Nadu Person PERSON-020367,Other,RAMANATHAPURAM Area,imported,12fe593e-e883-5cac-9710-f2ba74198299,PERSON-020367,,27,,,,11_person.csv
4015a32a-4901-54c9-a796-903189cad57a,Tamil Nadu Person PERSON-020372,Female,THIRUVARUR Area,imported,12fe593e-e883-5cac-9710-f2ba74198299,PERSON-020372,,44,,,,11_person.csv
109a6749-1d9f-5bf8-a77e-df01987fb277,Tamil Nadu Person PERSON-020376,Female,CUDDALORE Area,imported,12fe593e-e883-5cac-9710-f2ba74198299,PERSON-020376,,31,,,,11_person.csv
b328350e-33ba-5250-8d6f-7872fd3b99dc,Tamil Nadu Person PERSON-020377,Other,SALEM Area,imported,12fe593e-e883-5cac-9710-f2ba74198299,PERSON-020377,,43,,,,11_person.csv
100aa75d-a4a4-5660-8fb2-075cb0b9e452,Tamil Nadu Person PERSON-020392,Female,KARUR Area,imported,12fe593e-e883-5cac-9710-f2ba74198299,PERSON-020392,,43,,,,11_person.csv
4b79b188-79b7-5351-96eb-66837c0adf3a,Tamil Nadu Person PERSON-020401,Male,RAMESWARAM Area,imported,12fe593e-e883-5cac-9710-f2ba74198299,PERSON-020401,,59,,,,11_person.csv
a0ef3bcf-f6c3-54f6-8d29-cf01f687d5df,Tamil Nadu Person PERSON-020402,Female,MAYILADUTHURAI Area,imported,12fe593e-e883-5cac-9710-f2ba74198299,PERSON-020402,,71,,,,11_person.csv
f3f2cfe9-417f-5ec0-bc22-2f262c14864a,Tamil Nadu Person PERSON-020409,Other,MADURAI Area,imported,12fe593e-e883-5cac-9710-f2ba74198299,PERSON-020409,,37,,,,11_person.csv
523edba2-1e17-5a67-9f24-47cd7712a864,Tamil Nadu Person PERSON-020426,Other,SIVAGANGA Area,imported,12fe593e-e883-5cac-9710-f2ba74198299,PERSON-020426,,48,,,,11_person.csv
3d9c4ef7-07e4-576d-955a-80fe6df11505,Tamil Nadu Person PERSON-020428,Other,DHARMAPURI Area,imported,12fe593e-e883-5cac-9710-f2ba74198299,PERSON-020428,,31,,,,11_person.csv
3c3f5865-b412-543f-8248-d83c4b4ad149,Tamil Nadu Person PERSON-020444,Male,DHARMAPURI Area,imported,12fe593e-e883-5cac-9710-f2ba74198299,PERSON-020444,,25,,,,11_person.csv
1888dc10-0db0-59ff-b967-956bf2d5e747,Tamil Nadu Person PERSON-020457,Other,DINDIGUL Area,imported,12fe593e-e883-5cac-9710-f2ba74198299,PERSON-020457,,29,,,,11_person.csv
fa1c8f86-b4e8-56b6-b1f0-6e3ea5c9ecb7,Tamil Nadu Person PERSON-020480,Female,THENI Area,imported,12fe593e-e883-5cac-9710-f2ba74198299,PERSON-020480,,38,,,,11_person.csv
92ec4d4b-c6c6-5ca6-adb8-72150bc40e39,Tamil Nadu Person PERSON-020492,Other,DINDIGUL Area,imported,12fe593e-e883-5cac-9710-f2ba74198299,PERSON-020492,,75,,,,11_person.csv
c370839b-8abe-58d5-af14-a46b40c1417b,Tamil Nadu Person PERSON-020528,Other,CHENGALPATTU Area,imported,12fe593e-e883-5cac-9710-f2ba74198299,PERSON-020528,,37,,,,11_person.csv
678f3a22-c677-54cc-91d8-65b9d3b89864,Tamil Nadu Person PERSON-020547,Male,KANCHEEPURAM Area,imported,12fe593e-e883-5cac-9710-f2ba74198299,PERSON-020547,,47,,,,11_person.csv
4e7d967a-0466-5fb8-aaef-6de3bc649a67,Tamil Nadu Person PERSON-020549,Female,ARIYALUR Area,imported,12fe593e-e883-5cac-9710-f2ba74198299,PERSON-020549,,68,,,,11_person.csv
ebf35cab-7182-5c3f-946b-d70ade5ca71a,Tamil Nadu Person PERSON-020565,Other,THIRUVALLUR Area,imported,12fe593e-e883-5cac-9710-f2ba74198299,PERSON-020565,,35,,,,11_person.csv
d12ae39a-37fa-5015-9da0-ab4cea499a48,Tamil Nadu Person PERSON-020568,Other,MADURAI Area,imported,12fe593e-e883-5cac-9710-f2ba74198299,PERSON-020568,,37,,,,11_person.csv
e556564d-666d-58a1-8394-71c54bceb3d0,Tamil Nadu Person PERSON-020575,Male,PERAMBALUR Area,imported,12fe593e-e883-5cac-9710-f2ba74198299,PERSON-020575,,58,,,,11_person.csv
0a705c3c-1323-53dd-b6e5-7c5b1ad34732,Tamil Nadu Person PERSON-020578,Female,KALLAKURICHI Area,imported,12fe593e-e883-5cac-9710-f2ba74198299,PERSON-020578,,25,,,,11_person.csv
8e745c15-55fe-567a-afca-500a04a71243,Tamil Nadu Person PERSON-020587,Female,MAYILADUTHURAI Area,imported,12fe593e-e883-5cac-9710-f2ba74198299,PERSON-020587,,40,,,,11_person.csv
d9caa1ad-2d23-5255-a1e8-a96b29184a69,Tamil Nadu Person PERSON-020600,Female,KRISHNAGIRI Area,imported,12fe593e-e883-5cac-9710-f2ba74198299,PERSON-020600,,32,,,,11_person.csv
ae102c89-61ce-51d0-a048-52673fd8be4a,Tamil Nadu Person PERSON-020604,Female,TIRUPPUR Area,imported,12fe593e-e883-5cac-9710-f2ba74198299,PERSON-020604,,25,,,,11_person.csv
01a8fc70-a8b0-5eb0-a42b-57dd0425944d,Tamil Nadu Person PERSON-020609,Other,KUMBAKONAM Area,imported,12fe593e-e883-5cac-9710-f2ba74198299,PERSON-020609,,30,,,,11_person.csv
869ee313-f450-51f9-bf96-cd6feb36da31,Tamil Nadu Person PERSON-020638,Other,COIMBATORE Area,imported,12fe593e-e883-5cac-9710-f2ba74198299,PERSON-020638,,43,,,,11_person.csv
f71d1a0e-56a8-5ca6-ab50-f388263b50e9,Tamil Nadu Person PERSON-020673,Other,COIMBATORE Area,imported,12fe593e-e883-5cac-9710-f2ba74198299,PERSON-020673,,33,,,,11_person.csv
cf41227a-15ce-5c01-b191-2d3318ffe0a4,Tamil Nadu Person PERSON-020683,Other,THOOTHUKUDI Area,imported,12fe593e-e883-5cac-9710-f2ba74198299,PERSON-020683,,48,,,,11_person.csv
74f632cf-0c50-5cf5-a6a7-e15568aaddd2,Tamil Nadu Person PERSON-020689,Other,KUMBAKONAM Area,imported,12fe593e-e883-5cac-9710-f2ba74198299,PERSON-020689,,35,,,,11_person.csv
50b2798c-1c7f-5e24-9c2c-766a16d87c15,Tamil Nadu Person PERSON-020712,Other,CUDDALORE Area,imported,12fe593e-e883-5cac-9710-f2ba74198299,PERSON-020712,,71,,,,11_person.csv
19c43755-3fc0-5e22-8625-ecb228be443c,Tamil Nadu Person PERSON-020720,Other,TIRUCHIRAPPALLI Area,imported,12fe593e-e883-5cac-9710-f2ba74198299,PERSON-020720,,40,,,,11_person.csv
2cc8fc55-e26f-59a8-965d-3e46c708355c,Tamil Nadu Person PERSON-020722,Other,THE_NILGIRIS Area,imported,12fe593e-e883-5cac-9710-f2ba74198299,PERSON-020722,,38,,,,11_person.csv
3c12cc52-d29d-58a4-9808-69ec1bd3a808,Tamil Nadu Person PERSON-020725,Other,ERODE Area,imported,12fe593e-e883-5cac-9710-f2ba74198299,PERSON-020725,,40,,,,11_person.csv
53290da2-ce4c-598e-82aa-4adea4f0ea36,Tamil Nadu Person PERSON-020731,Other,MAYILADUTHURAI Area,imported,12fe593e-e883-5cac-9710-f2ba74198299,PERSON-020731,,33,,,,11_person.csv
6d3194da-f79e-574a-a5a8-7938431c0270,Tamil Nadu Person PERSON-020751,Female,CHENGALPATTU Area,imported,12fe593e-e883-5cac-9710-f2ba74198299,PERSON-020751,,56,,,,11_person.csv
17d84a6b-3e4b-5c8d-8537-d4dc48b81dd7,Tamil Nadu Person PERSON-020761,Other,NAMAKKAL Area,imported,12fe593e-e883-5cac-9710-f2ba74198299,PERSON-020761,,33,,,,11_person.csv
099b2f8f-7020-5130-9bfa-366c79365dc3,Tamil Nadu Person PERSON-020773,Other,ERODE Area,imported,12fe593e-e883-5cac-9710-f2ba74198299,PERSON-020773,,67,,,,11_person.csv
54506ff1-6e80-5cb3-ab0a-156438dc244d,Tamil Nadu Person PERSON-020774,Female,VIRUDHUNAGAR Area,imported,12fe593e-e883-5cac-9710-f2ba74198299,PERSON-020774,,46,,,,11_person.csv
b0ec02e6-e788-549e-aec6-e905ca99f262,Tamil Nadu Person PERSON-020776,Other,THOOTHUKUDI Area,imported,12fe593e-e883-5cac-9710-f2ba74198299,PERSON-020776,,67,,,,11_person.csv
3eec3d2c-b9e2-520e-8c84-1b44b8b02ae1,Tamil Nadu Person PERSON-020780,Male,KANCHEEPURAM Area,imported,12fe593e-e883-5cac-9710-f2ba74198299,PERSON-020780,,72,,,,11_person.csv
68d5322c-224c-5f41-bccd-d81b86ec04eb,Tamil Nadu Person PERSON-020783,Other,KANYAKUMARI Area,imported,12fe593e-e883-5cac-9710-f2ba74198299,PERSON-020783,,43,,,,11_person.csv
0b01aac9-808d-5b59-910c-841535a70c56,Tamil Nadu Person PERSON-020801,Male,VIRUDHUNAGAR Area,imported,12fe593e-e883-5cac-9710-f2ba74198299,PERSON-020801,,55,,,,11_person.csv
20fa12f5-9cf2-5325-9935-d738ac12dc21,Tamil Nadu Person PERSON-020806,Female,RANIPET Area,imported,12fe593e-e883-5cac-9710-f2ba74198299,PERSON-020806,,47,,,,11_person.csv
5babc4e1-bf9b-5e76-be2f-612e9784f2dd,Tamil Nadu Person PERSON-020807,Female,CHENNAI Area,imported,12fe593e-e883-5cac-9710-f2ba74198299,PERSON-020807,,39,,,,11_person.csv
d67f8842-7214-5a4b-8adf-d49fae7ec910,Tamil Nadu Person PERSON-020815,Other,RANIPET Area,imported,12fe593e-e883-5cac-9710-f2ba74198299,PERSON-020815,,72,,,,11_person.csv
63ce0545-bde8-56a1-a747-b72e3fcead67,Tamil Nadu Person PERSON-020816,Male,TIRUVANNAMALAI Area,imported,12fe593e-e883-5cac-9710-f2ba74198299,PERSON-020816,,32,,,,11_person.csv
26d1c713-a768-5567-a45f-0c1016d37dbc,Tamil Nadu Person PERSON-020828,Other,SALEM Area,imported,12fe593e-e883-5cac-9710-f2ba74198299,PERSON-020828,,34,,,,11_person.csv
da2b374b-b66c-5640-bd2e-40fa2a3f4365,Tamil Nadu Person PERSON-020832,Female,KANCHEEPURAM Area,imported,12fe593e-e883-5cac-9710-f2ba74198299,PERSON-020832,,58,,,,11_person.csv
49c14060-2fcb-593e-a946-a799f3759dd2,Tamil Nadu Person PERSON-020844,Other,TENKASI Area,imported,12fe593e-e883-5cac-9710-f2ba74198299,PERSON-020844,,58,,,,11_person.csv
32d67972-8b10-5dd0-8793-c380e7a02ca8,Tamil Nadu Person PERSON-020854,Other,PUDUKOTTAI Area,imported,12fe593e-e883-5cac-9710-f2ba74198299,PERSON-020854,,65,,,,11_person.csv
583d50f4-6d52-5f8b-b8bd-2b70382e215f,Tamil Nadu Person PERSON-020873,Other,DHARMAPURI Area,imported,12fe593e-e883-5cac-9710-f2ba74198299,PERSON-020873,,67,,,,11_person.csv
ba3c3cd2-8c89-5fea-a8ee-40db6c9442c1,Tamil Nadu Person PERSON-020876,Female,KANCHEEPURAM Area,imported,12fe593e-e883-5cac-9710-f2ba74198299,PERSON-020876,,40,,,,11_person.csv
235a6dc2-bd9a-5c12-9020-15a3b21d280e,Tamil Nadu Person PERSON-020909,Other,ARIYALUR Area,imported,12fe593e-e883-5cac-9710-f2ba74198299,PERSON-020909,,46,,,,11_person.csv
4d86f4f9-7c50-5a9a-9f22-c51dfb63ac7e,Tamil Nadu Person PERSON-020912,Other,KARUR Area,imported,12fe593e-e883-5cac-9710-f2ba74198299,PERSON-020912,,51,,,,11_person.csv
2299af4e-31ae-5793-8952-18c345c9582c,Tamil Nadu Person PERSON-020916,Other,TIRUPATHUR Area,imported,12fe593e-e883-5cac-9710-f2ba74198299,PERSON-020916,,33,,,,11_person.csv
bae92525-1e48-5c3c-86e5-60d3b6589a05,Tamil Nadu Person PERSON-020920,Male,TENKASI Area,imported,12fe593e-e883-5cac-9710-f2ba74198299,PERSON-020920,,39,,,,11_person.csv
b65d5a60-5276-5d73-9679-df66c845959b,Tamil Nadu Person PERSON-020927,Male,KARUR Area,imported,12fe593e-e883-5cac-9710-f2ba74198299,PERSON-020927,,46,,,,11_person.csv
b70250d3-657b-5d89-91f9-f515bff17e4d,Tamil Nadu Person PERSON-020951,Other,MAYILADUTHURAI Area,imported,12fe593e-e883-5cac-9710-f2ba74198299,PERSON-020951,,61,,,,11_person.csv
4c2d63ea-b374-53a4-925a-32531219488c,Tamil Nadu Person PERSON-020952,Other,TIRUPPUR Area,imported,12fe593e-e883-5cac-9710-f2ba74198299,PERSON-020952,,73,,,,11_person.csv
98c2c261-ff6d-508b-8a14-0a2f37c44ff6,Tamil Nadu Person PERSON-020971,Female,KALLAKURICHI Area,imported,12fe593e-e883-5cac-9710-f2ba74198299,PERSON-020971,,29,,,,11_person.csv
0d00c42b-49d6-5f44-a96b-c178cd93e55a,Tamil Nadu Person PERSON-021002,Other,ARIYALUR Area,imported,12fe593e-e883-5cac-9710-f2ba74198299,PERSON-021002,,29,,,,11_person.csv
08b0780d-7fa3-527a-9307-8bfe1971e564,Tamil Nadu Person PERSON-021023,Other,TIRUNELVELI Area,imported,12fe593e-e883-5cac-9710-f2ba74198299,PERSON-021023,,71,,,,11_person.csv
f42f1e71-fa89-5b0d-83f2-0584773f702b,Tamil Nadu Person PERSON-021029,Female,NAMAKKAL Area,imported,12fe593e-e883-5cac-9710-f2ba74198299,PERSON-021029,,62,,,,11_person.csv
e9e8de28-2df8-59f7-96b3-18a94a038bf7,Tamil Nadu Person PERSON-021051,Other,TIRUPATHUR Area,imported,12fe593e-e883-5cac-9710-f2ba74198299,PERSON-021051,,31,,,,11_person.csv
4b405f86-7420-5063-878f-950182100add,Tamil Nadu Person PERSON-021064,Female,TIRUPPUR Area,imported,12fe593e-e883-5cac-9710-f2ba74198299,PERSON-021064,,46,,,,11_person.csv
33b2b208-f29b-57e5-a217-477587510ab1,Tamil Nadu Person PERSON-021065,Other,VIRUDHUNAGAR Area,imported,12fe593e-e883-5cac-9710-f2ba74198299,PERSON-021065,,40,,,,11_person.csv
28feb94e-50f4-5037-962b-6f2ec83ea349,Tamil Nadu Person PERSON-021098,Other,PUDUKOTTAI Area,imported,12fe593e-e883-5cac-9710-f2ba74198299,PERSON-021098,,42,,,,11_person.csv
6f12ae16-ec2f-5322-b062-80a9f5d316dd,Tamil Nadu Person PERSON-021112,Other,NAMAKKAL Area,imported,12fe593e-e883-5cac-9710-f2ba74198299,PERSON-021112,,72,,,,11_person.csv
ede963bc-6e12-5b97-9591-ba67161db6ac,Tamil Nadu Person PERSON-021119,Male,TENKASI Area,imported,12fe593e-e883-5cac-9710-f2ba74198299,PERSON-021119,,60,,,,11_person.csv
f98bd4eb-f606-54a0-8b22-c23e0b28850d,Tamil Nadu Person PERSON-021124,Male,KANCHEEPURAM Area,imported,12fe593e-e883-5cac-9710-f2ba74198299,PERSON-021124,,65,,,,11_person.csv
d9dd774e-893a-5302-a213-34b80ad5a356,Tamil Nadu Person PERSON-021129,Other,KANYAKUMARI Area,imported,12fe593e-e883-5cac-9710-f2ba74198299,PERSON-021129,,33,,,,11_person.csv
37357e5f-d1aa-596c-9773-0a60711f9119,Tamil Nadu Person PERSON-021145,Other,ARIYALUR Area,imported,12fe593e-e883-5cac-9710-f2ba74198299,PERSON-021145,,44,,,,11_person.csv
84fe720c-47ee-5e56-a3fe-f8950ccc56b6,Tamil Nadu Person PERSON-021149,Male,MAYILADUTHURAI Area,imported,12fe593e-e883-5cac-9710-f2ba74198299,PERSON-021149,,22,,,,11_person.csv
4e09de18-594d-58e9-b3aa-dc35ddd7867b,Tamil Nadu Person PERSON-021153,Other,TENKASI Area,imported,12fe593e-e883-5cac-9710-f2ba74198299,PERSON-021153,,56,,,,11_person.csv
0500d3bd-e287-53b4-9b26-827e1c2b8ff8,Tamil Nadu Person PERSON-021195,Other,CHENNAI Area,imported,12fe593e-e883-5cac-9710-f2ba74198299,PERSON-021195,,57,,,,11_person.csv
5f11c134-b644-507d-acaf-a41cfc3b27ec,Tamil Nadu Person PERSON-021213,Other,MADURAI Area,imported,12fe593e-e883-5cac-9710-f2ba74198299,PERSON-021213,,35,,,,11_person.csv
f8cb78c8-5f67-5d66-b0a0-1399fc9af939,Tamil Nadu Person PERSON-021226,Female,VILUPPURAM Area,imported,12fe593e-e883-5cac-9710-f2ba74198299,PERSON-021226,,36,,,,11_person.csv
4807e954-614f-5088-a126-75180a77999e,Tamil Nadu Person PERSON-021256,Other,KRISHNAGIRI Area,imported,12fe593e-e883-5cac-9710-f2ba74198299,PERSON-021256,,42,,,,11_person.csv
4942aa55-a064-5efe-bf78-d80e678e3c24,Tamil Nadu Person PERSON-021308,Other,DINDIGUL Area,imported,12fe593e-e883-5cac-9710-f2ba74198299,PERSON-021308,,48,,,,11_person.csv
d947dacd-8cfb-5336-832e-2d6b33a21961,Tamil Nadu Person PERSON-021346,Male,NAGAPATTINAM Area,imported,12fe593e-e883-5cac-9710-f2ba74198299,PERSON-021346,,20,,,,11_person.csv
9ae16ea8-bc43-5f2c-83f5-1d706bca095d,Tamil Nadu Person PERSON-021362,Female,THENI Area,imported,12fe593e-e883-5cac-9710-f2ba74198299,PERSON-021362,,23,,,,11_person.csv
96f9f813-f29c-5ddb-b1ec-d51f0adb52b6,Tamil Nadu Person PERSON-021369,Male,NAMAKKAL Area,imported,12fe593e-e883-5cac-9710-f2ba74198299,PERSON-021369,,36,,,,11_person.csv
248256af-1844-5e05-b9ac-2c6e35c4dd51,Tamil Nadu Person PERSON-021381,Other,TIRUVANNAMALAI Area,imported,12fe593e-e883-5cac-9710-f2ba74198299,PERSON-021381,,63,,,,11_person.csv
65926a50-966e-5c6e-acd6-460f8b18a00f,Tamil Nadu Person PERSON-021388,Male,ERODE Area,imported,12fe593e-e883-5cac-9710-f2ba74198299,PERSON-021388,,40,,,,11_person.csv
73c05649-2a93-516a-9327-d265832a960c,Tamil Nadu Person PERSON-021406,Other,MAYILADUTHURAI Area,imported,12fe593e-e883-5cac-9710-f2ba74198299,PERSON-021406,,47,,,,11_person.csv
876f312f-10e8-592f-bef1-687eec6c663c,Tamil Nadu Person PERSON-021407,Other,KUMBAKONAM Area,imported,12fe593e-e883-5cac-9710-f2ba74198299,PERSON-021407,,36,,,,11_person.csv
f3f7fece-6c1b-53a4-ae67-cc56ded57bf4,Tamil Nadu Person PERSON-021416,Other,TENKASI Area,imported,12fe593e-e883-5cac-9710-f2ba74198299,PERSON-021416,,52,,,,11_person.csv
5bfbf3dc-650f-5f89-b5b0-0af0b2bd5fec,Tamil Nadu Person PERSON-021431,Female,TIRUCHIRAPPALLI Area,imported,12fe593e-e883-5cac-9710-f2ba74198299,PERSON-021431,,45,,,,11_person.csv
63890324-d174-5b9b-a26e-66f1b20e8861,Tamil Nadu Person PERSON-021439,Other,TENKASI Area,imported,12fe593e-e883-5cac-9710-f2ba74198299,PERSON-021439,,49,,,,11_person.csv
3df7511a-ff1e-598d-91f2-1973736a1621,Tamil Nadu Person PERSON-021465,Other,SIVAGANGA Area,imported,12fe593e-e883-5cac-9710-f2ba74198299,PERSON-021465,,26,,,,11_person.csv
d2d648ae-4cd1-538e-8cb6-3a2339791897,Tamil Nadu Person PERSON-021486,Other,CUDDALORE Area,imported,12fe593e-e883-5cac-9710-f2ba74198299,PERSON-021486,,53,,,,11_person.csv
5a0b635d-cbe7-5615-9644-4d6676e35d7f,Tamil Nadu Person PERSON-021487,Male,KRISHNAGIRI Area,imported,12fe593e-e883-5cac-9710-f2ba74198299,PERSON-021487,,64,,,,11_person.csv
72530e89-9c54-543e-819f-62096e75dff2,Tamil Nadu Person PERSON-021532,Other,SALEM Area,imported,12fe593e-e883-5cac-9710-f2ba74198299,PERSON-021532,,30,,,,11_person.csv
eceff137-e19b-5f3b-9b69-03be84cfd0a1,Tamil Nadu Person PERSON-021537,Other,KRISHNAGIRI Area,imported,12fe593e-e883-5cac-9710-f2ba74198299,PERSON-021537,,31,,,,11_person.csv
d43bd609-b69c-5ff2-9522-c95caa2964b2,Tamil Nadu Person PERSON-021552,Other,PUDUKOTTAI Area,imported,12fe593e-e883-5cac-9710-f2ba74198299,PERSON-021552,,24,,,,11_person.csv
3869ed77-4497-5fa3-bb39-a0304d72acae,Tamil Nadu Person PERSON-021554,Other,ERODE Area,imported,12fe593e-e883-5cac-9710-f2ba74198299,PERSON-021554,,61,,,,11_person.csv
fc1e3102-d8e2-5f60-bc41-7a172d25bb7e,Tamil Nadu Person PERSON-021564,Other,ERODE Area,imported,12fe593e-e883-5cac-9710-f2ba74198299,PERSON-021564,,32,,,,11_person.csv
79d51e06-1c89-5033-bd02-a24e232ed836,Tamil Nadu Person PERSON-021575,Other,THIRUVARUR Area,imported,12fe593e-e883-5cac-9710-f2ba74198299,PERSON-021575,,32,,,,11_person.csv
d45527ee-7537-558e-8f71-dcaef5763271,Tamil Nadu Person PERSON-021582,Other,CHENNAI Area,imported,12fe593e-e883-5cac-9710-f2ba74198299,PERSON-021582,,44,,,,11_person.csv
e3c0d088-bc65-51a0-996f-19a604934c6a,Tamil Nadu Person PERSON-021586,Other,PERAMBALUR Area,imported,12fe593e-e883-5cac-9710-f2ba74198299,PERSON-021586,,31,,,,11_person.csv
9392a10f-f56b-5927-9fc1-a94ae9af44da,Tamil Nadu Person PERSON-021588,Other,CHENGALPATTU Area,imported,12fe593e-e883-5cac-9710-f2ba74198299,PERSON-021588,,35,,,,11_person.csv
2634089b-3691-52cb-963a-c618baf5b217,Tamil Nadu Person PERSON-021592,Other,MADURAI Area,imported,12fe593e-e883-5cac-9710-f2ba74198299,PERSON-021592,,38,,,,11_person.csv
1dfb68c2-d6ff-5dfa-a7db-98c573f0ef71,Tamil Nadu Person PERSON-021595,Other,TIRUPATHUR Area,imported,12fe593e-e883-5cac-9710-f2ba74198299,PERSON-021595,,50,,,,11_person.csv
2c2c8d59-c4e9-5528-8729-30b0f2706f36,Tamil Nadu Person PERSON-021596,Female,KANCHEEPURAM Area,imported,12fe593e-e883-5cac-9710-f2ba74198299,PERSON-021596,,74,,,,11_person.csv
fdfc5b65-d308-59a6-9a9f-2d489c04c709,Tamil Nadu Person PERSON-021598,Male,THE_NILGIRIS Area,imported,12fe593e-e883-5cac-9710-f2ba74198299,PERSON-021598,,20,,,,11_person.csv
4a5bcaf8-15db-59a1-9060-df754e7e4d6f,Tamil Nadu Person PERSON-021601,Other,SIVAGANGA Area,imported,12fe593e-e883-5cac-9710-f2ba74198299,PERSON-021601,,27,,,,11_person.csv
5bb4cca7-092a-5e0b-848a-acedc904df9e,Tamil Nadu Person PERSON-021612,Other,TIRUVANNAMALAI Area,imported,12fe593e-e883-5cac-9710-f2ba74198299,PERSON-021612,,46,,,,11_person.csv
bdd4b691-70f1-5dc5-bf6e-dfae52cb7610,Tamil Nadu Person PERSON-021634,Other,RAMESWARAM Area,imported,12fe593e-e883-5cac-9710-f2ba74198299,PERSON-021634,,45,,,,11_person.csv
d87f1013-a836-530d-9f59-8912b604cf0c,Tamil Nadu Person PERSON-021641,Female,PERAMBALUR Area,imported,12fe593e-e883-5cac-9710-f2ba74198299,PERSON-021641,,55,,,,11_person.csv
a9014a00-f2cc-5a68-be37-2bf6bdbce8c5,Tamil Nadu Person PERSON-021651,Male,TIRUCHIRAPPALLI Area,imported,12fe593e-e883-5cac-9710-f2ba74198299,PERSON-021651,,63,,,,11_person.csv
5041f69a-a080-5b5f-b358-b6bbabaaf879,Tamil Nadu Person PERSON-021654,Other,KANCHEEPURAM Area,imported,12fe593e-e883-5cac-9710-f2ba74198299,PERSON-021654,,51,,,,11_person.csv
56e60c85-8841-5973-8d49-435e91284b12,Tamil Nadu Person PERSON-021658,Other,THENI Area,imported,12fe593e-e883-5cac-9710-f2ba74198299,PERSON-021658,,67,,,,11_person.csv
8681469a-b900-511e-ba9d-00464209fd56,Tamil Nadu Person PERSON-021668,Female,TIRUVANNAMALAI Area,imported,12fe593e-e883-5cac-9710-f2ba74198299,PERSON-021668,,40,,,,11_person.csv
7acd3f92-7cfd-54e4-bcb9-5c8452f76882,Tamil Nadu Person PERSON-021688,Other,RAMANATHAPURAM Area,imported,12fe593e-e883-5cac-9710-f2ba74198299,PERSON-021688,,26,,,,11_person.csv
c964e53d-9659-57fc-aad9-f2b50445b40a,Tamil Nadu Person PERSON-021724,Male,TIRUPPUR Area,imported,12fe593e-e883-5cac-9710-f2ba74198299,PERSON-021724,,64,,,,11_person.csv
3ce31d78-7ef3-514e-904e-8cf27a8d103e,Tamil Nadu Person PERSON-021727,Other,THIRUVALLUR Area,imported,12fe593e-e883-5cac-9710-f2ba74198299,PERSON-021727,,69,,,,11_person.csv
9b90b243-4292-58a8-aab3-8a52496a2230,Tamil Nadu Person PERSON-021729,Male,DINDIGUL Area,imported,12fe593e-e883-5cac-9710-f2ba74198299,PERSON-021729,,61,,,,11_person.csv
77ae6727-25a8-521d-8f39-5bf96fd66508,Tamil Nadu Person PERSON-021730,Male,KRISHNAGIRI Area,imported,12fe593e-e883-5cac-9710-f2ba74198299,PERSON-021730,,31,,,,11_person.csv
8b29ce21-00b5-51be-8804-c68d062b2c52,Tamil Nadu Person PERSON-021746,Other,RAMESWARAM Area,imported,12fe593e-e883-5cac-9710-f2ba74198299,PERSON-021746,,34,,,,11_person.csv
32617487-d8f5-5af5-be51-2944957a0101,Tamil Nadu Person PERSON-021752,Other,TIRUPATHUR Area,imported,12fe593e-e883-5cac-9710-f2ba74198299,PERSON-021752,,47,,,,11_person.csv
c68bd94e-0329-53f0-9a6b-b4e32e22bf7f,Tamil Nadu Person PERSON-021754,Other,DHARMAPURI Area,imported,12fe593e-e883-5cac-9710-f2ba74198299,PERSON-021754,,67,,,,11_person.csv
8a0f2fff-1051-53cc-975c-9d6bc374c3f1,Tamil Nadu Person PERSON-021762,Male,KANCHEEPURAM Area,imported,12fe593e-e883-5cac-9710-f2ba74198299,PERSON-021762,,22,,,,11_person.csv
a70bab18-4dfd-57f8-be65-81479772fadd,Tamil Nadu Person PERSON-021782,Female,KANCHEEPURAM Area,imported,12fe593e-e883-5cac-9710-f2ba74198299,PERSON-021782,,41,,,,11_person.csv
a069c7b9-a220-5e64-a4a2-d5d43c756cee,Tamil Nadu Person PERSON-021784,Female,PERAMBALUR Area,imported,12fe593e-e883-5cac-9710-f2ba74198299,PERSON-021784,,53,,,,11_person.csv
af417a1b-ab3d-5362-af44-1710f00273a1,Tamil Nadu Person PERSON-021786,Male,DHARMAPURI Area,imported,12fe593e-e883-5cac-9710-f2ba74198299,PERSON-021786,,66,,,,11_person.csv
d556b483-a0a3-5288-93a2-c8b377dfb20d,Tamil Nadu Person PERSON-021788,Other,MAYILADUTHURAI Area,imported,12fe593e-e883-5cac-9710-f2ba74198299,PERSON-021788,,48,,,,11_person.csv
dd43d5bd-54ff-5d40-a23d-80c59d725293,Tamil Nadu Person PERSON-021798,Other,TIRUPPUR Area,imported,12fe593e-e883-5cac-9710-f2ba74198299,PERSON-021798,,22,,,,11_person.csv
ab1d1118-a0cc-5fa7-ad9c-0a3c1d485b55,Tamil Nadu Person PERSON-021800,Other,CHENGALPATTU Area,imported,12fe593e-e883-5cac-9710-f2ba74198299,PERSON-021800,,35,,,,11_person.csv
43fd2a6d-45d9-5187-8cdf-063f32d95c79,Tamil Nadu Person PERSON-021809,Other,CHENNAI Area,imported,12fe593e-e883-5cac-9710-f2ba74198299,PERSON-021809,,34,,,,11_person.csv
e6ee607e-8316-502d-adf8-a159d3ac5601,Tamil Nadu Person PERSON-021816,Other,TIRUNELVELI Area,imported,12fe593e-e883-5cac-9710-f2ba74198299,PERSON-021816,,69,,,,11_person.csv
e8df1946-cd14-58fa-a295-26b0a6a3251b,Tamil Nadu Person PERSON-021823,Male,CHENGALPATTU Area,imported,12fe593e-e883-5cac-9710-f2ba74198299,PERSON-021823,,23,,,,11_person.csv
39989548-0d3e-56e3-9e73-3b166e2edbaf,Tamil Nadu Person PERSON-021825,Other,KANCHEEPURAM Area,imported,12fe593e-e883-5cac-9710-f2ba74198299,PERSON-021825,,21,,,,11_person.csv
14bb1578-b9af-5157-aba5-0f9c6d5bce00,Tamil Nadu Person PERSON-021834,Female,TIRUCHIRAPPALLI Area,imported,12fe593e-e883-5cac-9710-f2ba74198299,PERSON-021834,,76,,,,11_person.csv
ed65441b-b54f-5214-be24-917d91c5e27e,Tamil Nadu Person PERSON-021839,Other,THE_NILGIRIS Area,imported,12fe593e-e883-5cac-9710-f2ba74198299,PERSON-021839,,26,,,,11_person.csv
76e45221-1559-538c-a76c-d009bc9c3d4b,Tamil Nadu Person PERSON-021843,Other,THENI Area,imported,12fe593e-e883-5cac-9710-f2ba74198299,PERSON-021843,,75,,,,11_person.csv
e4720593-9469-5382-8601-bfe68c3b499c,Tamil Nadu Person PERSON-021844,Other,TIRUPATHUR Area,imported,12fe593e-e883-5cac-9710-f2ba74198299,PERSON-021844,,68,,,,11_person.csv
002f06b3-0040-5611-9b75-3c3a34950399,Tamil Nadu Person PERSON-021859,Male,KRISHNAGIRI Area,imported,12fe593e-e883-5cac-9710-f2ba74198299,PERSON-021859,,24,,,,11_person.csv
2e793c15-6853-5093-98f6-5d4d8c337d02,Tamil Nadu Person PERSON-021871,Other,VIRUDHUNAGAR Area,imported,12fe593e-e883-5cac-9710-f2ba74198299,PERSON-021871,,62,,,,11_person.csv
f5036a00-2266-5f05-9365-90ff9ad8ee08,Tamil Nadu Person PERSON-021881,Female,VILUPPURAM Area,imported,12fe593e-e883-5cac-9710-f2ba74198299,PERSON-021881,,27,,,,11_person.csv
682e014a-cfb6-5b8e-b4dd-17d8a0a50dd4,Tamil Nadu Person PERSON-021885,Male,TIRUNELVELI Area,imported,12fe593e-e883-5cac-9710-f2ba74198299,PERSON-021885,,51,,,,11_person.csv
2c6d7442-dd42-5129-aba3-490dd69de26a,Tamil Nadu Person PERSON-021899,Male,THOOTHUKUDI Area,imported,12fe593e-e883-5cac-9710-f2ba74198299,PERSON-021899,,30,,,,11_person.csv
a319523d-8d16-5c4d-ae37-ef3b19c96dbc,Tamil Nadu Person PERSON-021926,Female,KRISHNAGIRI Area,imported,12fe593e-e883-5cac-9710-f2ba74198299,PERSON-021926,,24,,,,11_person.csv
25b6cc9d-0f94-5101-8ff7-a1e4e9975b0a,Tamil Nadu Person PERSON-021928,Female,DINDIGUL Area,imported,12fe593e-e883-5cac-9710-f2ba74198299,PERSON-021928,,73,,,,11_person.csv
9a35e702-e651-51b0-b0ca-931165b4347e,Tamil Nadu Person PERSON-021952,Female,KALLAKURICHI Area,imported,12fe593e-e883-5cac-9710-f2ba74198299,PERSON-021952,,74,,,,11_person.csv
3855ee2e-7532-5dc7-89ef-b75630b3930f,Tamil Nadu Person PERSON-021956,Other,RANIPET Area,imported,12fe593e-e883-5cac-9710-f2ba74198299,PERSON-021956,,59,,,,11_person.csv
b24ff04d-04e0-53ff-895c-aac9b7690438,Tamil Nadu Person PERSON-021960,Male,SALEM Area,imported,12fe593e-e883-5cac-9710-f2ba74198299,PERSON-021960,,69,,,,11_person.csv
308d405d-f08d-5adf-977f-85322a2e3c5a,Tamil Nadu Person PERSON-021963,Other,THE_NILGIRIS Area,imported,12fe593e-e883-5cac-9710-f2ba74198299,PERSON-021963,,62,,,,11_person.csv
3730c0d1-a2c7-5ee0-beda-afc19f045411,Tamil Nadu Person PERSON-021974,Female,TENKASI Area,imported,12fe593e-e883-5cac-9710-f2ba74198299,PERSON-021974,,71,,,,11_person.csv
235efbd5-38fd-59e0-9915-aa6bb58e0e2e,Tamil Nadu Person PERSON-021995,Male,THIRUVALLUR Area,imported,12fe593e-e883-5cac-9710-f2ba74198299,PERSON-021995,,41,,,,11_person.csv
0cb4493a-fa04-544f-8fac-032965cfbe03,Tamil Nadu Person PERSON-021996,Other,ARIYALUR Area,imported,12fe593e-e883-5cac-9710-f2ba74198299,PERSON-021996,,29,,,,11_person.csv
f9725201-46a9-5c48-942d-610c85422dee,Tamil Nadu Person PERSON-022001,Other,TIRUVANNAMALAI Area,imported,12fe593e-e883-5cac-9710-f2ba74198299,PERSON-022001,,55,,,,11_person.csv
33363d93-5f4c-5847-914f-6af8db145e9b,Tamil Nadu Person PERSON-022005,Other,CUDDALORE Area,imported,12fe593e-e883-5cac-9710-f2ba74198299,PERSON-022005,,73,,,,11_person.csv
a9e03971-e463-58f7-a150-389a89a9c8a3,Tamil Nadu Person PERSON-022018,Male,TIRUVANNAMALAI Area,imported,12fe593e-e883-5cac-9710-f2ba74198299,PERSON-022018,,39,,,,11_person.csv
3dd355e8-317e-5005-ae09-fd67e0e27109,Tamil Nadu Person PERSON-022059,Other,KANYAKUMARI Area,imported,12fe593e-e883-5cac-9710-f2ba74198299,PERSON-022059,,30,,,,11_person.csv
aa773509-6560-52e7-8894-7c2198f77aa0,Tamil Nadu Person PERSON-022070,Other,RANIPET Area,imported,12fe593e-e883-5cac-9710-f2ba74198299,PERSON-022070,,51,,,,11_person.csv
115cd0cf-1279-526a-80f7-c6a61846bce1,Tamil Nadu Person PERSON-022072,Other,TIRUVANNAMALAI Area,imported,12fe593e-e883-5cac-9710-f2ba74198299,PERSON-022072,,53,,,,11_person.csv
bbd15a78-e44e-56be-8544-8a68741824bc,Tamil Nadu Person PERSON-022085,Other,PUDUKOTTAI Area,imported,12fe593e-e883-5cac-9710-f2ba74198299,PERSON-022085,,59,,,,11_person.csv
57ad146d-0f85-5488-aee2-268ffc328f7a,Tamil Nadu Person PERSON-022126,Female,TENKASI Area,imported,12fe593e-e883-5cac-9710-f2ba74198299,PERSON-022126,,27,,,,11_person.csv
0032df71-aaf2-5fc7-b361-3abfcd11d4f3,Tamil Nadu Person PERSON-022128,Other,KANYAKUMARI Area,imported,12fe593e-e883-5cac-9710-f2ba74198299,PERSON-022128,,24,,,,11_person.csv
c80d86bb-4877-52ea-9235-9027fe93f881,Tamil Nadu Person PERSON-022129,Male,THE_NILGIRIS Area,imported,12fe593e-e883-5cac-9710-f2ba74198299,PERSON-022129,,51,,,,11_person.csv
68a8fe2e-8574-5415-94aa-ec5e9bbc87e2,Tamil Nadu Person PERSON-022145,Male,COIMBATORE Area,imported,12fe593e-e883-5cac-9710-f2ba74198299,PERSON-022145,,32,,,,11_person.csv
e93dcf19-b5ea-58d5-b920-8533a3207e3a,Tamil Nadu Person PERSON-022148,Other,TENKASI Area,imported,12fe593e-e883-5cac-9710-f2ba74198299,PERSON-022148,,46,,,,11_person.csv
aec1c17e-d685-52a2-b5f3-7883421b53b4,Tamil Nadu Person PERSON-022149,Other,ARIYALUR Area,imported,12fe593e-e883-5cac-9710-f2ba74198299,PERSON-022149,,72,,,,11_person.csv
20ffb381-60ba-5c97-9788-dbb1d7e8f8f3,Tamil Nadu Person PERSON-022169,Female,ARIYALUR Area,imported,12fe593e-e883-5cac-9710-f2ba74198299,PERSON-022169,,58,,,,11_person.csv
a58597e5-fce1-5cbf-a31f-2335232671a8,Tamil Nadu Person PERSON-022176,Other,PUDUKOTTAI Area,imported,12fe593e-e883-5cac-9710-f2ba74198299,PERSON-022176,,53,,,,11_person.csv
bfd16d55-326e-5f2b-a3a6-f9d9e9e04db7,Tamil Nadu Person PERSON-022183,Male,VILUPPURAM Area,imported,12fe593e-e883-5cac-9710-f2ba74198299,PERSON-022183,,39,,,,11_person.csv
8b2f263c-4db5-5b88-a776-56a748e0dbea,Tamil Nadu Person PERSON-022185,Male,KALLAKURICHI Area,imported,12fe593e-e883-5cac-9710-f2ba74198299,PERSON-022185,,66,,,,11_person.csv
eadad43f-3a87-5193-9e3a-76f0b123df40,Tamil Nadu Person PERSON-022225,Other,ERODE Area,imported,12fe593e-e883-5cac-9710-f2ba74198299,PERSON-022225,,21,,,,11_person.csv
1d11fd73-8d13-5d9b-b7fa-c68d77a9945e,Tamil Nadu Person PERSON-022230,Other,RAMANATHAPURAM Area,imported,12fe593e-e883-5cac-9710-f2ba74198299,PERSON-022230,,52,,,,11_person.csv
df8d86c5-ca52-5e53-8f64-d27b7b9c134c,Tamil Nadu Person PERSON-022243,Other,DHARMAPURI Area,imported,12fe593e-e883-5cac-9710-f2ba74198299,PERSON-022243,,35,,,,11_person.csv
bf5638c0-5635-5f11-a3dd-15942c6cf9fc,Tamil Nadu Person PERSON-022250,Male,KUMBAKONAM Area,imported,12fe593e-e883-5cac-9710-f2ba74198299,PERSON-022250,,75,,,,11_person.csv
3fdb438c-ef07-5cfb-989c-eda8b92f1c47,Tamil Nadu Person PERSON-022253,Female,KALLAKURICHI Area,imported,12fe593e-e883-5cac-9710-f2ba74198299,PERSON-022253,,73,,,,11_person.csv
1db11eb2-1019-5b90-8da8-9528dd20b539,Tamil Nadu Person PERSON-022257,Other,NAMAKKAL Area,imported,12fe593e-e883-5cac-9710-f2ba74198299,PERSON-022257,,64,,,,11_person.csv
70532b2b-343f-51fe-9fd1-20308f2a3cb7,Tamil Nadu Person PERSON-022282,Male,THENI Area,imported,12fe593e-e883-5cac-9710-f2ba74198299,PERSON-022282,,52,,,,11_person.csv
c6f832a1-c18b-5908-87ea-e225d2383853,Tamil Nadu Person PERSON-022283,Other,KUMBAKONAM Area,imported,12fe593e-e883-5cac-9710-f2ba74198299,PERSON-022283,,72,,,,11_person.csv
c26d6643-13d9-58cb-aa1e-27c1fe9a5e86,Tamil Nadu Person PERSON-022285,Other,RAMANATHAPURAM Area,imported,12fe593e-e883-5cac-9710-f2ba74198299,PERSON-022285,,38,,,,11_person.csv
289c76fa-130a-5b8f-a71e-c75524d8d00b,Tamil Nadu Person PERSON-022288,Female,RANIPET Area,imported,12fe593e-e883-5cac-9710-f2ba74198299,PERSON-022288,,62,,,,11_person.csv
4f60302a-90d6-51a5-89aa-33815ce277ce,Tamil Nadu Person PERSON-022304,Other,TIRUVANNAMALAI Area,imported,12fe593e-e883-5cac-9710-f2ba74198299,PERSON-022304,,68,,,,11_person.csv
ca9140d0-6b37-5756-b5e7-0b4d96d211ba,Tamil Nadu Person PERSON-022322,Other,KANCHEEPURAM Area,imported,12fe593e-e883-5cac-9710-f2ba74198299,PERSON-022322,,66,,,,11_person.csv
02d4ec23-5340-5c33-9f3e-2d0434f7bd82,Tamil Nadu Person PERSON-022332,Other,CHENGALPATTU Area,imported,12fe593e-e883-5cac-9710-f2ba74198299,PERSON-022332,,64,,,,11_person.csv
d4658c41-a100-5d5f-a3f8-915b96d94df9,Tamil Nadu Person PERSON-022340,Other,DHARMAPURI Area,imported,12fe593e-e883-5cac-9710-f2ba74198299,PERSON-022340,,44,,,,11_person.csv
dbb0d855-ba9d-505d-b608-e2470fc84c90,Tamil Nadu Person PERSON-022341,Female,SALEM Area,imported,12fe593e-e883-5cac-9710-f2ba74198299,PERSON-022341,,49,,,,11_person.csv
a4f8e9e2-522d-59e5-90f3-f90d9fc7de03,Tamil Nadu Person PERSON-022351,Other,KRISHNAGIRI Area,imported,12fe593e-e883-5cac-9710-f2ba74198299,PERSON-022351,,61,,,,11_person.csv
5e010f36-8a33-5f36-97d1-e017299b478a,Tamil Nadu Person PERSON-022364,Other,THOOTHUKUDI Area,imported,12fe593e-e883-5cac-9710-f2ba74198299,PERSON-022364,,72,,,,11_person.csv
74371192-143a-526b-a4d7-b6f0e25044fa,Tamil Nadu Person PERSON-022365,Male,TIRUPPUR Area,imported,12fe593e-e883-5cac-9710-f2ba74198299,PERSON-022365,,59,,,,11_person.csv
860bb967-692d-5397-8864-f1f16be3b67c,Tamil Nadu Person PERSON-022373,Other,TIRUPATHUR Area,imported,12fe593e-e883-5cac-9710-f2ba74198299,PERSON-022373,,64,,,,11_person.csv
d511416b-5c1d-5a4d-a317-31d2c0a21820,Tamil Nadu Person PERSON-022392,Other,CHENGALPATTU Area,imported,12fe593e-e883-5cac-9710-f2ba74198299,PERSON-022392,,23,,,,11_person.csv
7505ce8d-0838-5132-bfc0-0ca428a4539e,Tamil Nadu Person PERSON-022402,Other,TIRUPATHUR Area,imported,12fe593e-e883-5cac-9710-f2ba74198299,PERSON-022402,,35,,,,11_person.csv
a4f737b3-f424-564b-85a5-4292476c10bb,Tamil Nadu Person PERSON-022406,Male,THIRUVALLUR Area,imported,12fe593e-e883-5cac-9710-f2ba74198299,PERSON-022406,,45,,,,11_person.csv
e2271fdd-74d1-50dd-85f1-3617ab58046f,Tamil Nadu Person PERSON-022415,Other,THIRUVARUR Area,imported,12fe593e-e883-5cac-9710-f2ba74198299,PERSON-022415,,30,,,,11_person.csv
7bf20640-8bc4-5e20-a8b5-97f9b1927b04,Tamil Nadu Person PERSON-022417,Male,VIRUDHUNAGAR Area,imported,12fe593e-e883-5cac-9710-f2ba74198299,PERSON-022417,,33,,,,11_person.csv
6a9130b1-ddc3-5fb9-98b9-e95140634fbd,Tamil Nadu Person PERSON-022423,Female,TIRUCHIRAPPALLI Area,imported,12fe593e-e883-5cac-9710-f2ba74198299,PERSON-022423,,67,,,,11_person.csv
8b1a471c-22f1-5a79-b787-0c20c7df3995,Tamil Nadu Person PERSON-022446,Male,VIRUDHUNAGAR Area,imported,12fe593e-e883-5cac-9710-f2ba74198299,PERSON-022446,,71,,,,11_person.csv
d9ff7e6e-9861-5160-ac97-4d0ec15a1d44,Tamil Nadu Person PERSON-022467,Female,TIRUPPUR Area,imported,12fe593e-e883-5cac-9710-f2ba74198299,PERSON-022467,,25,,,,11_person.csv
c7c128c8-58bb-50ed-8b22-6201370a3a17,Tamil Nadu Person PERSON-022471,Other,COIMBATORE Area,imported,12fe593e-e883-5cac-9710-f2ba74198299,PERSON-022471,,36,,,,11_person.csv
8bbe0408-071a-52cf-a8f0-91874b700a4a,Tamil Nadu Person PERSON-022484,Other,RAMANATHAPURAM Area,imported,12fe593e-e883-5cac-9710-f2ba74198299,PERSON-022484,,35,,,,11_person.csv
a619410d-0d41-5c06-b508-8e66ed1f19ed,Tamil Nadu Person PERSON-022493,Other,RAMANATHAPURAM Area,imported,12fe593e-e883-5cac-9710-f2ba74198299,PERSON-022493,,75,,,,11_person.csv
fcfaac7f-4709-5cd0-b9b2-28cb93fe80b1,Tamil Nadu Person PERSON-022502,Other,RANIPET Area,imported,12fe593e-e883-5cac-9710-f2ba74198299,PERSON-022502,,45,,,,11_person.csv
5c64a339-25c0-55e1-8ea9-6b3d92616fd3,Tamil Nadu Person PERSON-022524,Other,THOOTHUKUDI Area,imported,12fe593e-e883-5cac-9710-f2ba74198299,PERSON-022524,,61,,,,11_person.csv
c597acc5-4e57-5eb6-aea6-9e44b35e85a6,Tamil Nadu Person PERSON-022534,Other,SALEM Area,imported,12fe593e-e883-5cac-9710-f2ba74198299,PERSON-022534,,45,,,,11_person.csv
bf53710b-fa9b-51bd-8355-e8cc3f39639f,Tamil Nadu Person PERSON-022535,Female,KANCHEEPURAM Area,imported,12fe593e-e883-5cac-9710-f2ba74198299,PERSON-022535,,34,,,,11_person.csv
0291a4e0-d126-5bd6-bf88-a1bc0b20e7e8,Tamil Nadu Person PERSON-022536,Other,COIMBATORE Area,imported,12fe593e-e883-5cac-9710-f2ba74198299,PERSON-022536,,24,,,,11_person.csv
ea2ef0b7-c5c1-5b31-a5cc-38a1e88fffde,Tamil Nadu Person PERSON-022541,Other,RAMESWARAM Area,imported,12fe593e-e883-5cac-9710-f2ba74198299,PERSON-022541,,40,,,,11_person.csv
2208d51e-69d8-51e7-aab0-6cca4c31bd55,Tamil Nadu Person PERSON-022542,Other,CHENNAI Area,imported,12fe593e-e883-5cac-9710-f2ba74198299,PERSON-022542,,44,,,,11_person.csv
9b15d794-67c4-5cfb-9759-65a8b68c8db1,Tamil Nadu Person PERSON-022568,Other,CUDDALORE Area,imported,12fe593e-e883-5cac-9710-f2ba74198299,PERSON-022568,,76,,,,11_person.csv
e9a47b30-3212-515d-8d55-2fd945a195d1,Tamil Nadu Person PERSON-022569,Other,CUDDALORE Area,imported,12fe593e-e883-5cac-9710-f2ba74198299,PERSON-022569,,57,,,,11_person.csv
42bf6b98-045d-58a5-ac8d-7e5b9de218f2,Tamil Nadu Person PERSON-022576,Female,THE_NILGIRIS Area,imported,12fe593e-e883-5cac-9710-f2ba74198299,PERSON-022576,,41,,,,11_person.csv
54ec6ed2-45be-5a34-9344-c190c2645b6d,Tamil Nadu Person PERSON-022589,Female,ARIYALUR Area,imported,12fe593e-e883-5cac-9710-f2ba74198299,PERSON-022589,,37,,,,11_person.csv
65afd01a-d521-5b33-9c59-3c8a19a4d237,Tamil Nadu Person PERSON-022601,Female,ERODE Area,imported,12fe593e-e883-5cac-9710-f2ba74198299,PERSON-022601,,67,,,,11_person.csv
327edc5a-3c49-5e6e-8af3-882c27115cc3,Tamil Nadu Person PERSON-022634,Other,TIRUCHIRAPPALLI Area,imported,12fe593e-e883-5cac-9710-f2ba74198299,PERSON-022634,,29,,,,11_person.csv
b0f1646a-e7d7-547a-9d15-0704f6f0547d,Tamil Nadu Person PERSON-022645,Other,TIRUVANNAMALAI Area,imported,12fe593e-e883-5cac-9710-f2ba74198299,PERSON-022645,,49,,,,11_person.csv
7dec7907-ce6a-5f76-bda8-94427da1f59f,Tamil Nadu Person PERSON-022674,Male,RANIPET Area,imported,12fe593e-e883-5cac-9710-f2ba74198299,PERSON-022674,,26,,,,11_person.csv
e850a80b-09fb-5b2d-9ae5-f81d08147778,Tamil Nadu Person PERSON-022677,Other,NAGAPATTINAM Area,imported,12fe593e-e883-5cac-9710-f2ba74198299,PERSON-022677,,59,,,,11_person.csv
0e4ae10e-f86f-53fc-9659-97b7370df8ec,Tamil Nadu Person PERSON-022683,Other,NAGAPATTINAM Area,imported,12fe593e-e883-5cac-9710-f2ba74198299,PERSON-022683,,25,,,,11_person.csv
7e6519c1-d2ed-5310-a421-a4427c9646a0,Tamil Nadu Person PERSON-022685,Other,NAGAPATTINAM Area,imported,12fe593e-e883-5cac-9710-f2ba74198299,PERSON-022685,,72,,,,11_person.csv
8cc17ee3-ca40-5637-866e-95476f895f5e,Tamil Nadu Person PERSON-022696,Male,KARUR Area,imported,12fe593e-e883-5cac-9710-f2ba74198299,PERSON-022696,,57,,,,11_person.csv
045602ed-d012-5a6c-9ba0-1e22bde514cd,Tamil Nadu Person PERSON-022698,Male,THOOTHUKUDI Area,imported,12fe593e-e883-5cac-9710-f2ba74198299,PERSON-022698,,22,,,,11_person.csv
06fe3f13-9c2d-53ef-89b3-1d196bc55360,Tamil Nadu Person PERSON-022704,Female,TENKASI Area,imported,12fe593e-e883-5cac-9710-f2ba74198299,PERSON-022704,,41,,,,11_person.csv
fc8bf3c5-e0dd-53bd-af3e-07871b7a9433,Tamil Nadu Person PERSON-022709,Other,DINDIGUL Area,imported,12fe593e-e883-5cac-9710-f2ba74198299,PERSON-022709,,49,,,,11_person.csv
8b917a8a-05d2-50e1-8785-b24c532ae12f,Tamil Nadu Person PERSON-022719,Male,RANIPET Area,imported,12fe593e-e883-5cac-9710-f2ba74198299,PERSON-022719,,59,,,,11_person.csv
676f6a94-3cb7-5fe4-aaf5-d641f8104bb7,Tamil Nadu Person PERSON-022727,Other,THOOTHUKUDI Area,imported,12fe593e-e883-5cac-9710-f2ba74198299,PERSON-022727,,33,,,,11_person.csv
1db65fa6-fd18-5688-90ab-9ea2ba98f874,Tamil Nadu Person PERSON-022730,Male,KARUR Area,imported,12fe593e-e883-5cac-9710-f2ba74198299,PERSON-022730,,36,,,,11_person.csv
9befd794-d872-5cfc-9c95-54e43119b8d1,Tamil Nadu Person PERSON-022740,Other,TIRUCHIRAPPALLI Area,imported,12fe593e-e883-5cac-9710-f2ba74198299,PERSON-022740,,65,,,,11_person.csv
14c753ba-d35b-50be-ba98-193f63ec94fe,Tamil Nadu Person PERSON-022760,Other,PERAMBALUR Area,imported,12fe593e-e883-5cac-9710-f2ba74198299,PERSON-022760,,40,,,,11_person.csv
3947d5a1-70b3-5fa5-8a01-6a7eec78138e,Tamil Nadu Person PERSON-022764,Other,KANYAKUMARI Area,imported,12fe593e-e883-5cac-9710-f2ba74198299,PERSON-022764,,61,,,,11_person.csv
224e8319-31be-50f3-b4b9-3818a157c82b,Tamil Nadu Person PERSON-022783,Other,ARIYALUR Area,imported,12fe593e-e883-5cac-9710-f2ba74198299,PERSON-022783,,72,,,,11_person.csv
cf4d47e1-c5b3-5dc4-81a2-c0e787fdefd7,Tamil Nadu Person PERSON-022785,Male,CHENGALPATTU Area,imported,12fe593e-e883-5cac-9710-f2ba74198299,PERSON-022785,,51,,,,11_person.csv
3cfab34d-e078-581e-bd9f-09de24af7a50,Tamil Nadu Person PERSON-022791,Other,COIMBATORE Area,imported,12fe593e-e883-5cac-9710-f2ba74198299,PERSON-022791,,49,,,,11_person.csv
f592b6f9-0ffe-5c17-9191-4ec6f8023261,Tamil Nadu Person PERSON-022802,Male,PERAMBALUR Area,imported,12fe593e-e883-5cac-9710-f2ba74198299,PERSON-022802,,76,,,,11_person.csv
7ae9718c-2bf3-531d-84ea-113bf2deb789,Tamil Nadu Person PERSON-022812,Female,ARIYALUR Area,imported,12fe593e-e883-5cac-9710-f2ba74198299,PERSON-022812,,48,,,,11_person.csv
869e4335-523c-585c-8e14-192db8f97287,Tamil Nadu Person PERSON-022813,Female,ARIYALUR Area,imported,12fe593e-e883-5cac-9710-f2ba74198299,PERSON-022813,,72,,,,11_person.csv
60cece53-0b8a-5672-8ffa-0c1e98a28ca1,Tamil Nadu Person PERSON-022823,Other,PERAMBALUR Area,imported,12fe593e-e883-5cac-9710-f2ba74198299,PERSON-022823,,68,,,,11_person.csv
04608f21-389c-5ed8-8cc7-d73f1af7a966,Tamil Nadu Person PERSON-022835,Male,PERAMBALUR Area,imported,12fe593e-e883-5cac-9710-f2ba74198299,PERSON-022835,,61,,,,11_person.csv
2926cacc-0a82-573c-9598-2949b6c18678,Tamil Nadu Person PERSON-022837,Other,TIRUNELVELI Area,imported,12fe593e-e883-5cac-9710-f2ba74198299,PERSON-022837,,59,,,,11_person.csv
dc3c0bfa-8a9a-5816-9c54-d59832ca7996,Tamil Nadu Person PERSON-022839,Other,MADURAI Area,imported,12fe593e-e883-5cac-9710-f2ba74198299,PERSON-022839,,69,,,,11_person.csv
c55cfacc-c60d-554a-975d-5848d26e4a53,Tamil Nadu Person PERSON-022843,Other,NAMAKKAL Area,imported,12fe593e-e883-5cac-9710-f2ba74198299,PERSON-022843,,42,,,,11_person.csv
2a58c8c4-f2a4-5ab9-91ba-322fe5ed8d30,Tamil Nadu Person PERSON-022875,Other,THE_NILGIRIS Area,imported,12fe593e-e883-5cac-9710-f2ba74198299,PERSON-022875,,58,,,,11_person.csv
4ff3e432-3f1a-5677-9a74-b4d08e0dae17,Tamil Nadu Person PERSON-022900,Female,CHENNAI Area,imported,12fe593e-e883-5cac-9710-f2ba74198299,PERSON-022900,,36,,,,11_person.csv
ecbfc496-96ea-5376-a020-7cd645252f86,Tamil Nadu Person PERSON-022905,Other,KARUR Area,imported,12fe593e-e883-5cac-9710-f2ba74198299,PERSON-022905,,64,,,,11_person.csv
fca6dac0-8625-5254-819f-01c71d46ed7f,Tamil Nadu Person PERSON-022911,Female,KANYAKUMARI Area,imported,12fe593e-e883-5cac-9710-f2ba74198299,PERSON-022911,,67,,,,11_person.csv
8a562237-9677-5f3a-b575-1b18d5c488cb,Tamil Nadu Person PERSON-022925,Male,THOOTHUKUDI Area,imported,12fe593e-e883-5cac-9710-f2ba74198299,PERSON-022925,,45,,,,11_person.csv
b72f16ae-99ce-5313-9859-83dfb7206f22,Tamil Nadu Person PERSON-022929,Female,TIRUVANNAMALAI Area,imported,12fe593e-e883-5cac-9710-f2ba74198299,PERSON-022929,,30,,,,11_person.csv
b38853d9-ec88-5ca6-b6f8-8ab5e2f7f069,Tamil Nadu Person PERSON-022930,Other,TIRUVANNAMALAI Area,imported,12fe593e-e883-5cac-9710-f2ba74198299,PERSON-022930,,32,,,,11_person.csv
9aa98506-79f5-5b5f-8a98-7d1168dfc12d,Tamil Nadu Person PERSON-022939,Female,DINDIGUL Area,imported,12fe593e-e883-5cac-9710-f2ba74198299,PERSON-022939,,58,,,,11_person.csv
b3a861ad-fe2d-5c2a-9072-7f44ded85583,Tamil Nadu Person PERSON-022940,Male,THOOTHUKUDI Area,imported,12fe593e-e883-5cac-9710-f2ba74198299,PERSON-022940,,31,,,,11_person.csv
97d157d4-2ff4-50b2-a8a1-e527ed1df175,Tamil Nadu Person PERSON-022945,Other,TIRUNELVELI Area,imported,12fe593e-e883-5cac-9710-f2ba74198299,PERSON-022945,,46,,,,11_person.csv
33c5d416-b229-591e-ae25-4021e8a23360,Tamil Nadu Person PERSON-022949,Male,DINDIGUL Area,imported,12fe593e-e883-5cac-9710-f2ba74198299,PERSON-022949,,37,,,,11_person.csv
a4398e3e-3c06-549a-82bb-46def9acb837,Tamil Nadu Person PERSON-022950,Other,TIRUVANNAMALAI Area,imported,12fe593e-e883-5cac-9710-f2ba74198299,PERSON-022950,,48,,,,11_person.csv
081985b0-7c20-57bc-8439-238ddefe990b,Tamil Nadu Person PERSON-022952,Other,VIRUDHUNAGAR Area,imported,12fe593e-e883-5cac-9710-f2ba74198299,PERSON-022952,,55,,,,11_person.csv
7164c9b2-d778-5109-9557-df00dbf56669,Tamil Nadu Person PERSON-022956,Female,ARIYALUR Area,imported,12fe593e-e883-5cac-9710-f2ba74198299,PERSON-022956,,40,,,,11_person.csv
4051cc10-10a6-567b-8d24-8403dc3cf336,Tamil Nadu Person PERSON-022959,Other,NAGAPATTINAM Area,imported,12fe593e-e883-5cac-9710-f2ba74198299,PERSON-022959,,44,,,,11_person.csv
cc9bee02-8a69-5d0d-9a79-cc683649217e,Tamil Nadu Person PERSON-022960,Other,VILUPPURAM Area,imported,12fe593e-e883-5cac-9710-f2ba74198299,PERSON-022960,,26,,,,11_person.csv
69291e41-45cd-5c86-993f-14ab62c779dc,Tamil Nadu Person PERSON-022967,Other,PERAMBALUR Area,imported,12fe593e-e883-5cac-9710-f2ba74198299,PERSON-022967,,74,,,,11_person.csv
cb7350ac-769a-56ed-87fa-e8c3e07892f5,Tamil Nadu Person PERSON-022983,Female,THENI Area,imported,12fe593e-e883-5cac-9710-f2ba74198299,PERSON-022983,,49,,,,11_person.csv
e8050733-6d9b-5a6b-94c4-111a1ff32620,Tamil Nadu Person PERSON-023007,Other,KANCHEEPURAM Area,imported,12fe593e-e883-5cac-9710-f2ba74198299,PERSON-023007,,72,,,,11_person.csv
1c2c1987-bb2a-53e2-bd0c-65d3cc56b6c9,Tamil Nadu Person PERSON-023029,Female,PUDUKOTTAI Area,imported,12fe593e-e883-5cac-9710-f2ba74198299,PERSON-023029,,68,,,,11_person.csv
2b467418-889c-584e-aa40-b9b58742bac1,Tamil Nadu Person PERSON-023055,Other,KRISHNAGIRI Area,imported,12fe593e-e883-5cac-9710-f2ba74198299,PERSON-023055,,51,,,,11_person.csv
fe312b12-3b28-5ac3-9ee7-d3ff94dd1a8b,Tamil Nadu Person PERSON-023059,Other,COIMBATORE Area,imported,12fe593e-e883-5cac-9710-f2ba74198299,PERSON-023059,,47,,,,11_person.csv
161cc3dc-5ba9-57f3-9388-a493e97aebce,Tamil Nadu Person PERSON-023061,Female,TIRUPATHUR Area,imported,12fe593e-e883-5cac-9710-f2ba74198299,PERSON-023061,,32,,,,11_person.csv
2370b6fb-ec8b-5f02-a8db-48c76b7b5519,Tamil Nadu Person PERSON-023063,Other,ERODE Area,imported,12fe593e-e883-5cac-9710-f2ba74198299,PERSON-023063,,67,,,,11_person.csv
50bb9dc5-88aa-5b50-ad59-f8e4f6481844,Tamil Nadu Person PERSON-023066,Other,MADURAI Area,imported,12fe593e-e883-5cac-9710-f2ba74198299,PERSON-023066,,55,,,,11_person.csv
0e178e5d-69af-50de-b050-8d105413eba9,Tamil Nadu Person PERSON-023084,Male,KARUR Area,imported,12fe593e-e883-5cac-9710-f2ba74198299,PERSON-023084,,24,,,,11_person.csv
cd61d507-97d3-51b8-ab19-b0f70cfedcbf,Tamil Nadu Person PERSON-023087,Female,CHENGALPATTU Area,imported,12fe593e-e883-5cac-9710-f2ba74198299,PERSON-023087,,29,,,,11_person.csv
80cb0e8c-7916-549b-a7a4-8582e16c0913,Tamil Nadu Person PERSON-023088,Other,VIRUDHUNAGAR Area,imported,12fe593e-e883-5cac-9710-f2ba74198299,PERSON-023088,,62,,,,11_person.csv
8cc73094-c1a6-5e73-8fd3-52187be6f739,Tamil Nadu Person PERSON-023097,Female,THIRUVARUR Area,imported,12fe593e-e883-5cac-9710-f2ba74198299,PERSON-023097,,38,,,,11_person.csv
0f05cf39-cd4a-5ba4-bb69-822b3bafb7bd,Tamil Nadu Person PERSON-023111,Other,CHENNAI Area,imported,12fe593e-e883-5cac-9710-f2ba74198299,PERSON-023111,,44,,,,11_person.csv
94e0e0ee-7889-5a77-805e-ca40bf7cadd9,Tamil Nadu Person PERSON-023117,Male,ERODE Area,imported,12fe593e-e883-5cac-9710-f2ba74198299,PERSON-023117,,31,,,,11_person.csv
4ff33e91-e791-588b-a8e8-679b319ca5e8,Tamil Nadu Person PERSON-023132,Female,THE_NILGIRIS Area,imported,12fe593e-e883-5cac-9710-f2ba74198299,PERSON-023132,,71,,,,11_person.csv
2179c41b-a45a-52a9-81ae-ee9928363efd,Tamil Nadu Person PERSON-023136,Other,RANIPET Area,imported,12fe593e-e883-5cac-9710-f2ba74198299,PERSON-023136,,69,,,,11_person.csv
9b8567b0-9359-5b00-9c4b-9e51812dbd74,Tamil Nadu Person PERSON-023146,Male,KALLAKURICHI Area,imported,12fe593e-e883-5cac-9710-f2ba74198299,PERSON-023146,,34,,,,11_person.csv
ec69efaa-3ce0-5f44-a9af-ce6ed6d2b597,Tamil Nadu Person PERSON-023158,Other,ARIYALUR Area,imported,12fe593e-e883-5cac-9710-f2ba74198299,PERSON-023158,,61,,,,11_person.csv
f9aed965-fc69-5978-bafd-02e8e9d192b4,Tamil Nadu Person PERSON-023166,Other,DHARMAPURI Area,imported,12fe593e-e883-5cac-9710-f2ba74198299,PERSON-023166,,35,,,,11_person.csv
a3d86d9e-727c-50bf-9734-f2a8e8e73542,Tamil Nadu Person PERSON-023173,Other,THOOTHUKUDI Area,imported,12fe593e-e883-5cac-9710-f2ba74198299,PERSON-023173,,26,,,,11_person.csv
7c0c1405-4962-5df7-af32-fbf1d5175aaf,Tamil Nadu Person PERSON-023184,Male,PERAMBALUR Area,imported,12fe593e-e883-5cac-9710-f2ba74198299,PERSON-023184,,53,,,,11_person.csv
fb105196-ddc3-5079-a8dc-229812953529,Tamil Nadu Person PERSON-023195,Male,SALEM Area,imported,12fe593e-e883-5cac-9710-f2ba74198299,PERSON-023195,,25,,,,11_person.csv
2cf54b34-95de-5c6f-81db-d7241f4acddc,Tamil Nadu Person PERSON-023206,Male,THOOTHUKUDI Area,imported,12fe593e-e883-5cac-9710-f2ba74198299,PERSON-023206,,49,,,,11_person.csv
ff27cc58-eb67-5ba0-83fc-80f90edc9dbb,Tamil Nadu Person PERSON-023226,Other,RANIPET Area,imported,12fe593e-e883-5cac-9710-f2ba74198299,PERSON-023226,,39,,,,11_person.csv
b5a13f48-7498-5578-bce6-a78d8e536e0a,Tamil Nadu Person PERSON-023232,Other,SALEM Area,imported,12fe593e-e883-5cac-9710-f2ba74198299,PERSON-023232,,43,,,,11_person.csv
e5f4405d-7877-563b-b81d-fbd26227e019,Tamil Nadu Person PERSON-023235,Other,KALLAKURICHI Area,imported,12fe593e-e883-5cac-9710-f2ba74198299,PERSON-023235,,25,,,,11_person.csv
d580f157-fa4b-57c7-9373-c22dadde64e8,Tamil Nadu Person PERSON-023236,Female,DINDIGUL Area,imported,12fe593e-e883-5cac-9710-f2ba74198299,PERSON-023236,,66,,,,11_person.csv
fefc27bf-5853-57a1-814e-10c2d0f64ab8,Tamil Nadu Person PERSON-023238,Other,THENI Area,imported,12fe593e-e883-5cac-9710-f2ba74198299,PERSON-023238,,64,,,,11_person.csv
36ffc894-ddc2-5ec5-8d6b-9fbd18773364,Tamil Nadu Person PERSON-023256,Male,VILUPPURAM Area,imported,12fe593e-e883-5cac-9710-f2ba74198299,PERSON-023256,,21,,,,11_person.csv
81d0d937-93e7-5b4f-91a7-49a94931c9da,Tamil Nadu Person PERSON-023260,Female,KANCHEEPURAM Area,imported,12fe593e-e883-5cac-9710-f2ba74198299,PERSON-023260,,69,,,,11_person.csv
4e79f50a-dddf-50e3-889f-b76f1b02a2b7,Tamil Nadu Person PERSON-023277,Other,TENKASI Area,imported,12fe593e-e883-5cac-9710-f2ba74198299,PERSON-023277,,24,,,,11_person.csv
1326999b-08bb-5d2b-8120-eebdfb671571,Tamil Nadu Person PERSON-023283,Other,THENI Area,imported,12fe593e-e883-5cac-9710-f2ba74198299,PERSON-023283,,76,,,,11_person.csv
2efe0f43-ac80-558f-89ee-76e2d8538803,Tamil Nadu Person PERSON-023320,Other,KANYAKUMARI Area,imported,12fe593e-e883-5cac-9710-f2ba74198299,PERSON-023320,,32,,,,11_person.csv
5e81aeb9-917b-57a5-a032-af24c9018f58,Tamil Nadu Person PERSON-023325,Other,RANIPET Area,imported,12fe593e-e883-5cac-9710-f2ba74198299,PERSON-023325,,28,,,,11_person.csv
731d70cb-e3a2-5c90-a3fd-ff573065f9ac,Tamil Nadu Person PERSON-023330,Female,TIRUPATHUR Area,imported,12fe593e-e883-5cac-9710-f2ba74198299,PERSON-023330,,33,,,,11_person.csv
42c1a802-1b21-5742-bb0a-abaff8415a1a,Tamil Nadu Person PERSON-023333,Female,ARIYALUR Area,imported,12fe593e-e883-5cac-9710-f2ba74198299,PERSON-023333,,33,,,,11_person.csv
ff899947-9c33-5e2c-8d77-d0a785217b0f,Tamil Nadu Person PERSON-023352,Other,KUMBAKONAM Area,imported,12fe593e-e883-5cac-9710-f2ba74198299,PERSON-023352,,67,,,,11_person.csv
b654a9d7-558b-5b94-828e-325b8266b077,Tamil Nadu Person PERSON-023369,Female,TIRUPPUR Area,imported,12fe593e-e883-5cac-9710-f2ba74198299,PERSON-023369,,34,,,,11_person.csv
126369da-554a-5e46-ab4e-e801a2d5de7a,Tamil Nadu Person PERSON-023395,Female,KANCHEEPURAM Area,imported,12fe593e-e883-5cac-9710-f2ba74198299,PERSON-023395,,55,,,,11_person.csv
e1ddb426-d8ca-5464-ad44-6c1a12df6d2e,Tamil Nadu Person PERSON-023441,Female,COIMBATORE Area,imported,12fe593e-e883-5cac-9710-f2ba74198299,PERSON-023441,,57,,,,11_person.csv
1eb93d37-7db0-5685-aa4a-c93d505ef639,Tamil Nadu Person PERSON-023443,Male,VILUPPURAM Area,imported,12fe593e-e883-5cac-9710-f2ba74198299,PERSON-023443,,51,,,,11_person.csv
3d1213f6-e417-5017-9687-fcf404cea2cb,Tamil Nadu Person PERSON-023449,Male,TENKASI Area,imported,12fe593e-e883-5cac-9710-f2ba74198299,PERSON-023449,,74,,,,11_person.csv
553f7511-1a2e-5cd9-a1d6-69c696504721,Tamil Nadu Person PERSON-023461,Female,ARIYALUR Area,imported,12fe593e-e883-5cac-9710-f2ba74198299,PERSON-023461,,69,,,,11_person.csv
2d5c1ae3-a6d6-5f7c-9200-ec6e13e8ac0f,Tamil Nadu Person PERSON-023466,Other,PERAMBALUR Area,imported,12fe593e-e883-5cac-9710-f2ba74198299,PERSON-023466,,25,,,,11_person.csv
aecd748c-05ad-518b-b5d3-525cedb3103a,Tamil Nadu Person PERSON-023468,Other,CHENNAI Area,imported,12fe593e-e883-5cac-9710-f2ba74198299,PERSON-023468,,40,,,,11_person.csv
f9d107c5-f072-59a2-87a5-f6b52a7493ca,Tamil Nadu Person PERSON-023472,Male,VILUPPURAM Area,imported,12fe593e-e883-5cac-9710-f2ba74198299,PERSON-023472,,23,,,,11_person.csv
224a5b3a-c156-5a79-bf98-054a412ecc54,Tamil Nadu Person PERSON-023482,Other,KANCHEEPURAM Area,imported,12fe593e-e883-5cac-9710-f2ba74198299,PERSON-023482,,65,,,,11_person.csv
1753838d-3665-58ac-a89e-176fbaf80c8f,Tamil Nadu Person PERSON-023500,Male,RAMESWARAM Area,imported,12fe593e-e883-5cac-9710-f2ba74198299,PERSON-023500,,39,,,,11_person.csv
2813baa8-87ba-5095-8737-aeea949445fe,Tamil Nadu Person PERSON-023502,Female,TENKASI Area,imported,12fe593e-e883-5cac-9710-f2ba74198299,PERSON-023502,,31,,,,11_person.csv
ff52dbca-7b12-5a66-9638-11b756e445e4,Tamil Nadu Person PERSON-023506,Female,VILUPPURAM Area,imported,12fe593e-e883-5cac-9710-f2ba74198299,PERSON-023506,,25,,,,11_person.csv
f04d3d0e-dc56-5a23-8271-509fc3b6b434,Tamil Nadu Person PERSON-023510,Female,THENI Area,imported,12fe593e-e883-5cac-9710-f2ba74198299,PERSON-023510,,56,,,,11_person.csv
afcecaa9-af24-5d1f-a7ea-3a123cefdb80,Tamil Nadu Person PERSON-023512,Male,THENI Area,imported,12fe593e-e883-5cac-9710-f2ba74198299,PERSON-023512,,59,,,,11_person.csv
de3b1679-995c-5063-91b8-4cc297e8e932,Tamil Nadu Person PERSON-023517,Male,PUDUKOTTAI Area,imported,12fe593e-e883-5cac-9710-f2ba74198299,PERSON-023517,,61,,,,11_person.csv
39b829c4-21c7-5308-8956-fce8a8ff89ef,Tamil Nadu Person PERSON-023536,Male,THOOTHUKUDI Area,imported,12fe593e-e883-5cac-9710-f2ba74198299,PERSON-023536,,22,,,,11_person.csv
2af52f8f-47dd-5b9b-9d97-bde40b687bd7,Tamil Nadu Person PERSON-023538,Female,THE_NILGIRIS Area,imported,12fe593e-e883-5cac-9710-f2ba74198299,PERSON-023538,,61,,,,11_person.csv
31f2bfea-4af6-5525-a849-83eda187bd5b,Tamil Nadu Person PERSON-023548,Other,TIRUCHIRAPPALLI Area,imported,12fe593e-e883-5cac-9710-f2ba74198299,PERSON-023548,,55,,,,11_person.csv
07a5ea44-3ee3-5a67-9b14-cef9bd91674c,Tamil Nadu Person PERSON-023551,Other,RAMESWARAM Area,imported,12fe593e-e883-5cac-9710-f2ba74198299,PERSON-023551,,45,,,,11_person.csv
43197393-9ce4-51f3-b599-cbd201755082,Tamil Nadu Person PERSON-023562,Male,COIMBATORE Area,imported,12fe593e-e883-5cac-9710-f2ba74198299,PERSON-023562,,36,,,,11_person.csv
daf52f36-5ecb-5308-8fff-4cc77abb9576,Tamil Nadu Person PERSON-023566,Male,RANIPET Area,imported,12fe593e-e883-5cac-9710-f2ba74198299,PERSON-023566,,52,,,,11_person.csv
5bd54987-bf40-50c6-b3cf-2457a746d0b9,Tamil Nadu Person PERSON-023572,Other,THE_NILGIRIS Area,imported,12fe593e-e883-5cac-9710-f2ba74198299,PERSON-023572,,34,,,,11_person.csv
6fb821b5-a67a-5333-a37a-d135daa7bbac,Tamil Nadu Person PERSON-023573,Female,DINDIGUL Area,imported,12fe593e-e883-5cac-9710-f2ba74198299,PERSON-023573,,50,,,,11_person.csv
0dc828fb-7e59-598f-8046-3d73bb2f53d3,Tamil Nadu Person PERSON-023596,Other,KALLAKURICHI Area,imported,12fe593e-e883-5cac-9710-f2ba74198299,PERSON-023596,,35,,,,11_person.csv
649ac9ca-eccd-5ce6-922e-4df712f13326,Tamil Nadu Person PERSON-023625,Other,THE_NILGIRIS Area,imported,12fe593e-e883-5cac-9710-f2ba74198299,PERSON-023625,,54,,,,11_person.csv
92b75b74-1c67-5f9d-9d75-2c1bd25353ff,Tamil Nadu Person PERSON-023628,Other,MADURAI Area,imported,12fe593e-e883-5cac-9710-f2ba74198299,PERSON-023628,,76,,,,11_person.csv
188d294e-1934-55b7-b6fa-92b15db63e07,Tamil Nadu Person PERSON-023646,Female,SIVAGANGA Area,imported,12fe593e-e883-5cac-9710-f2ba74198299,PERSON-023646,,61,,,,11_person.csv
c437466a-7f11-5c23-91ec-fbadb1216144,Tamil Nadu Person PERSON-023651,Other,ARIYALUR Area,imported,12fe593e-e883-5cac-9710-f2ba74198299,PERSON-023651,,53,,,,11_person.csv
4d7cdbf5-de1c-5873-a4ca-b05d3b6e641a,Tamil Nadu Person PERSON-023654,Female,CHENNAI Area,imported,12fe593e-e883-5cac-9710-f2ba74198299,PERSON-023654,,76,,,,11_person.csv
47639d4a-2d39-5fbe-af8c-0eece677d28a,Tamil Nadu Person PERSON-023658,Other,CHENGALPATTU Area,imported,12fe593e-e883-5cac-9710-f2ba74198299,PERSON-023658,,42,,,,11_person.csv
a8413d39-f9c2-5f74-86c2-8e40a789426c,Tamil Nadu Person PERSON-023662,Female,TIRUPATHUR Area,imported,12fe593e-e883-5cac-9710-f2ba74198299,PERSON-023662,,73,,,,11_person.csv
e236404a-c11f-550a-8d24-1e6ac9ab0e11,Tamil Nadu Person PERSON-023671,Female,NAGAPATTINAM Area,imported,12fe593e-e883-5cac-9710-f2ba74198299,PERSON-023671,,29,,,,11_person.csv
b02fe4a6-25f8-5be8-b0a4-477a339f9e5a,Tamil Nadu Person PERSON-023678,Female,TIRUPATHUR Area,imported,12fe593e-e883-5cac-9710-f2ba74198299,PERSON-023678,,37,,,,11_person.csv
91dafd54-028d-5f4c-b58c-d405a7b0de0c,Tamil Nadu Person PERSON-023681,Female,KALLAKURICHI Area,imported,12fe593e-e883-5cac-9710-f2ba74198299,PERSON-023681,,35,,,,11_person.csv
3a124844-a6bb-5034-bec1-0f41126d1c86,Tamil Nadu Person PERSON-023684,Male,TIRUNELVELI Area,imported,12fe593e-e883-5cac-9710-f2ba74198299,PERSON-023684,,62,,,,11_person.csv
11c39e5b-58c0-5810-a764-abe8f93c699b,Tamil Nadu Person PERSON-023697,Female,CUDDALORE Area,imported,12fe593e-e883-5cac-9710-f2ba74198299,PERSON-023697,,38,,,,11_person.csv
6e1e2f49-30da-552d-b62e-fa50f61e1dab,Tamil Nadu Person PERSON-023708,Other,CUDDALORE Area,imported,12fe593e-e883-5cac-9710-f2ba74198299,PERSON-023708,,48,,,,11_person.csv
2abdffc9-529e-5336-ac07-cb1b52fe4e39,Tamil Nadu Person PERSON-023728,Other,KANYAKUMARI Area,imported,12fe593e-e883-5cac-9710-f2ba74198299,PERSON-023728,,31,,,,11_person.csv
e92dee63-7e02-51a2-b7be-91ffc3fdb08e,Tamil Nadu Person PERSON-023729,Other,VIRUDHUNAGAR Area,imported,12fe593e-e883-5cac-9710-f2ba74198299,PERSON-023729,,41,,,,11_person.csv
e8c4af50-3a78-54be-b15c-2b4d6a41e30f,Tamil Nadu Person PERSON-023748,Male,DINDIGUL Area,imported,12fe593e-e883-5cac-9710-f2ba74198299,PERSON-023748,,35,,,,11_person.csv
af8045d8-1638-5f42-b420-49299a574bdc,Tamil Nadu Person PERSON-023766,Male,TENKASI Area,imported,12fe593e-e883-5cac-9710-f2ba74198299,PERSON-023766,,74,,,,11_person.csv
83a16e91-8e64-5398-a49a-6fd4a2a9c274,Tamil Nadu Person PERSON-023768,Other,RAMANATHAPURAM Area,imported,12fe593e-e883-5cac-9710-f2ba74198299,PERSON-023768,,73,,,,11_person.csv
58b50e6c-ad61-58f6-909c-c2d55fb23232,Tamil Nadu Person PERSON-023769,Other,THE_NILGIRIS Area,imported,12fe593e-e883-5cac-9710-f2ba74198299,PERSON-023769,,65,,,,11_person.csv
f83a144d-b2bc-57bf-9d8f-f16cff1f17db,Tamil Nadu Person PERSON-023782,Female,RANIPET Area,imported,12fe593e-e883-5cac-9710-f2ba74198299,PERSON-023782,,72,,,,11_person.csv
c0db5fee-7bd9-5174-a523-16c03e8df261,Tamil Nadu Person PERSON-023786,Male,RANIPET Area,imported,12fe593e-e883-5cac-9710-f2ba74198299,PERSON-023786,,22,,,,11_person.csv
6dbfdf3f-19c2-5a04-a5b4-62b6bf0918ea,Tamil Nadu Person PERSON-023789,Female,KANCHEEPURAM Area,imported,12fe593e-e883-5cac-9710-f2ba74198299,PERSON-023789,,62,,,,11_person.csv
38dc7b87-f175-5a6f-9881-0acbece63d1f,Tamil Nadu Person PERSON-023797,Other,PUDUKOTTAI Area,imported,12fe593e-e883-5cac-9710-f2ba74198299,PERSON-023797,,24,,,,11_person.csv
a1e10d2b-fcc9-5593-bd52-476a68850a25,Tamil Nadu Person PERSON-023799,Female,RAMESWARAM Area,imported,12fe593e-e883-5cac-9710-f2ba74198299,PERSON-023799,,70,,,,11_person.csv
238f9a1a-8627-5f32-a863-e44f06505a34,Tamil Nadu Person PERSON-023801,Other,KARUR Area,imported,12fe593e-e883-5cac-9710-f2ba74198299,PERSON-023801,,69,,,,11_person.csv
3a1fbc08-db7d-55a1-bdf7-7d87c3cb3f10,Tamil Nadu Person PERSON-023833,Female,KANYAKUMARI Area,imported,12fe593e-e883-5cac-9710-f2ba74198299,PERSON-023833,,28,,,,11_person.csv
cffb95c8-789f-5d93-a301-8b62fd6abab8,Tamil Nadu Person PERSON-023834,Other,TIRUPPUR Area,imported,12fe593e-e883-5cac-9710-f2ba74198299,PERSON-023834,,63,,,,11_person.csv
bce08e96-7bb4-5692-ba5e-49f5c4859075,Tamil Nadu Person PERSON-023836,Male,SALEM Area,imported,12fe593e-e883-5cac-9710-f2ba74198299,PERSON-023836,,67,,,,11_person.csv
f5bf6737-b8c7-5a0a-b46c-3bc544eb2f91,Tamil Nadu Person PERSON-023844,Female,RAMESWARAM Area,imported,12fe593e-e883-5cac-9710-f2ba74198299,PERSON-023844,,73,,,,11_person.csv
dea2f255-e961-5f04-9fbf-42774e396fe2,Tamil Nadu Person PERSON-023850,Other,RAMESWARAM Area,imported,12fe593e-e883-5cac-9710-f2ba74198299,PERSON-023850,,54,,,,11_person.csv
af364ab8-5500-5c2f-b4df-79c666962918,Tamil Nadu Person PERSON-023863,Female,MAYILADUTHURAI Area,imported,12fe593e-e883-5cac-9710-f2ba74198299,PERSON-023863,,73,,,,11_person.csv
982da102-828c-5a2f-9f41-f25e737a41f8,Tamil Nadu Person PERSON-023867,Male,KALLAKURICHI Area,imported,12fe593e-e883-5cac-9710-f2ba74198299,PERSON-023867,,39,,,,11_person.csv
abb94da3-15ff-57a4-a247-256f55f3a61a,Tamil Nadu Person PERSON-023870,Other,RAMANATHAPURAM Area,imported,12fe593e-e883-5cac-9710-f2ba74198299,PERSON-023870,,68,,,,11_person.csv
fd22b4c5-e757-5cb0-b04a-fc6c9706931f,Tamil Nadu Person PERSON-023875,Male,SIVAGANGA Area,imported,12fe593e-e883-5cac-9710-f2ba74198299,PERSON-023875,,63,,,,11_person.csv
57fba1ed-9fd6-50a0-9f8d-84541ca9ab45,Tamil Nadu Person PERSON-023884,Male,KALLAKURICHI Area,imported,12fe593e-e883-5cac-9710-f2ba74198299,PERSON-023884,,60,,,,11_person.csv
f33ffe5b-f20f-5599-a79a-11540843fefd,Tamil Nadu Person PERSON-023888,Female,THIRUVARUR Area,imported,12fe593e-e883-5cac-9710-f2ba74198299,PERSON-023888,,49,,,,11_person.csv
f1d77028-6416-5e5a-9d96-cab4692a3e9a,Tamil Nadu Person PERSON-023923,Other,CHENGALPATTU Area,imported,12fe593e-e883-5cac-9710-f2ba74198299,PERSON-023923,,53,,,,11_person.csv
145b0aa6-817e-5b63-aa64-cf2b16903380,Tamil Nadu Person PERSON-023938,Male,THENI Area,imported,12fe593e-e883-5cac-9710-f2ba74198299,PERSON-023938,,72,,,,11_person.csv
6f18c751-cb11-5205-8772-e71943e848ba,Tamil Nadu Person PERSON-023940,Male,PUDUKOTTAI Area,imported,12fe593e-e883-5cac-9710-f2ba74198299,PERSON-023940,,21,,,,11_person.csv
76360c0c-6b34-5414-b2f6-ef21afc574d0,Tamil Nadu Person PERSON-023948,Other,CHENNAI Area,imported,12fe593e-e883-5cac-9710-f2ba74198299,PERSON-023948,,44,,,,11_person.csv
ec204df7-f098-5505-aacb-ea47844866ca,Tamil Nadu Person PERSON-023951,Other,CUDDALORE Area,imported,12fe593e-e883-5cac-9710-f2ba74198299,PERSON-023951,,29,,,,11_person.csv
ac0918f5-272f-5434-b5f9-2ac764bbd117,Tamil Nadu Person PERSON-023961,Male,TIRUNELVELI Area,imported,12fe593e-e883-5cac-9710-f2ba74198299,PERSON-023961,,57,,,,11_person.csv
07c06bbf-ce23-5fbc-9e5f-4f096b4c7d59,Tamil Nadu Person PERSON-023964,Other,COIMBATORE Area,imported,12fe593e-e883-5cac-9710-f2ba74198299,PERSON-023964,,49,,,,11_person.csv
345aae34-245c-5f62-8a94-b2d15b576231,Tamil Nadu Person PERSON-023966,Male,KANYAKUMARI Area,imported,12fe593e-e883-5cac-9710-f2ba74198299,PERSON-023966,,61,,,,11_person.csv
7720ad99-2f47-57c4-b547-42b3345094a8,Tamil Nadu Person PERSON-023977,Female,CUDDALORE Area,imported,12fe593e-e883-5cac-9710-f2ba74198299,PERSON-023977,,39,,,,11_person.csv
6f0231e8-9b84-5393-9fe7-17f55ddd0703,Tamil Nadu Person PERSON-024003,Other,NAMAKKAL Area,imported,12fe593e-e883-5cac-9710-f2ba74198299,PERSON-024003,,22,,,,11_person.csv
376aa1d3-d933-57e8-adae-4e862ff3020a,Tamil Nadu Person PERSON-024020,Other,NAMAKKAL Area,imported,12fe593e-e883-5cac-9710-f2ba74198299,PERSON-024020,,36,,,,11_person.csv
6a325e3e-38ad-54da-b94a-2838796849de,Tamil Nadu Person PERSON-024023,Female,CHENNAI Area,imported,12fe593e-e883-5cac-9710-f2ba74198299,PERSON-024023,,56,,,,11_person.csv
16b98456-bab0-5e21-92ac-cdac2f4ec394,Tamil Nadu Person PERSON-024024,Other,THIRUVALLUR Area,imported,12fe593e-e883-5cac-9710-f2ba74198299,PERSON-024024,,54,,,,11_person.csv
8cda0691-8532-5c19-92ce-efe53b623d43,Tamil Nadu Person PERSON-024035,Other,THENI Area,imported,12fe593e-e883-5cac-9710-f2ba74198299,PERSON-024035,,74,,,,11_person.csv
9ee7bd74-afaf-50ee-9642-b6f7d6d6672c,Tamil Nadu Person PERSON-024039,Other,TIRUCHIRAPPALLI Area,imported,12fe593e-e883-5cac-9710-f2ba74198299,PERSON-024039,,53,,,,11_person.csv
a86a2f67-59eb-5e3b-b5aa-c4ec2fdc3b27,Tamil Nadu Person PERSON-024067,Male,DHARMAPURI Area,imported,12fe593e-e883-5cac-9710-f2ba74198299,PERSON-024067,,24,,,,11_person.csv
9ed5d363-3296-5f84-88cf-503be83d37d0,Tamil Nadu Person PERSON-024069,Male,NAMAKKAL Area,imported,12fe593e-e883-5cac-9710-f2ba74198299,PERSON-024069,,23,,,,11_person.csv
c1b58731-8e09-539d-86d1-a864ee881f95,Tamil Nadu Person PERSON-024075,Other,MADURAI Area,imported,12fe593e-e883-5cac-9710-f2ba74198299,PERSON-024075,,39,,,,11_person.csv
56f92ef1-55c7-573f-9ecd-c220105ce10a,Tamil Nadu Person PERSON-024076,Other,TIRUNELVELI Area,imported,12fe593e-e883-5cac-9710-f2ba74198299,PERSON-024076,,60,,,,11_person.csv
7d28ab7e-4f19-53f5-a874-7fa9d830f4fa,Tamil Nadu Person PERSON-024082,Male,KANCHEEPURAM Area,imported,12fe593e-e883-5cac-9710-f2ba74198299,PERSON-024082,,36,,,,11_person.csv
b35d3d86-e60c-5e79-998b-d7cdaba0b368,Tamil Nadu Person PERSON-024083,Male,CHENNAI Area,imported,12fe593e-e883-5cac-9710-f2ba74198299,PERSON-024083,,53,,,,11_person.csv
63542e07-fe40-5798-8feb-9ac5a9524d5e,Tamil Nadu Person PERSON-024100,Female,THOOTHUKUDI Area,imported,12fe593e-e883-5cac-9710-f2ba74198299,PERSON-024100,,45,,,,11_person.csv
6d33b932-e002-5200-89d0-cfdf589de5a0,Tamil Nadu Person PERSON-024103,Other,NAMAKKAL Area,imported,12fe593e-e883-5cac-9710-f2ba74198299,PERSON-024103,,41,,,,11_person.csv
bf80fe4d-340b-5207-9376-d9d86ff08fc2,Tamil Nadu Person PERSON-024112,Female,CHENNAI Area,imported,12fe593e-e883-5cac-9710-f2ba74198299,PERSON-024112,,51,,,,11_person.csv
f0564151-4d24-5e79-9aff-d9d591d9d8ed,Tamil Nadu Person PERSON-024135,Other,NAGAPATTINAM Area,imported,12fe593e-e883-5cac-9710-f2ba74198299,PERSON-024135,,32,,,,11_person.csv
6fff3b31-fc30-5831-bc12-e2260ff55811,Tamil Nadu Person PERSON-024139,Other,PUDUKOTTAI Area,imported,12fe593e-e883-5cac-9710-f2ba74198299,PERSON-024139,,74,,,,11_person.csv
cc87078f-6507-5158-958f-5f5ab2f3c228,Tamil Nadu Person PERSON-024140,Male,DINDIGUL Area,imported,12fe593e-e883-5cac-9710-f2ba74198299,PERSON-024140,,32,,,,11_person.csv
e7e236f7-a0a2-5fac-bf3d-dc921b1127b9,Tamil Nadu Person PERSON-024144,Other,ARIYALUR Area,imported,12fe593e-e883-5cac-9710-f2ba74198299,PERSON-024144,,61,,,,11_person.csv
2929acb4-71ec-5898-a906-554becc51071,Tamil Nadu Person PERSON-024150,Female,THE_NILGIRIS Area,imported,12fe593e-e883-5cac-9710-f2ba74198299,PERSON-024150,,33,,,,11_person.csv
8aad0572-89ea-5c82-95cc-fbf8d724ed70,Tamil Nadu Person PERSON-024160,Other,NAGAPATTINAM Area,imported,12fe593e-e883-5cac-9710-f2ba74198299,PERSON-024160,,58,,,,11_person.csv
e7d5b980-7397-536f-a0bd-a4d7270b9f22,Tamil Nadu Person PERSON-024164,Other,MADURAI Area,imported,12fe593e-e883-5cac-9710-f2ba74198299,PERSON-024164,,68,,,,11_person.csv
bef6a759-0d9b-55da-a4d9-1ac9fdb470b4,Tamil Nadu Person PERSON-024185,Other,SALEM Area,imported,12fe593e-e883-5cac-9710-f2ba74198299,PERSON-024185,,24,,,,11_person.csv
47ed03b2-c96f-5dce-b5b3-d473c5028312,Tamil Nadu Person PERSON-024186,Other,TIRUPATHUR Area,imported,12fe593e-e883-5cac-9710-f2ba74198299,PERSON-024186,,67,,,,11_person.csv
cf2d44e0-0cf5-586a-9f31-190bc4cf68e6,Tamil Nadu Person PERSON-024205,Female,THOOTHUKUDI Area,imported,12fe593e-e883-5cac-9710-f2ba74198299,PERSON-024205,,22,,,,11_person.csv
9be41748-be17-5da2-813e-5573e222566e,Tamil Nadu Person PERSON-024218,Female,NAGAPATTINAM Area,imported,12fe593e-e883-5cac-9710-f2ba74198299,PERSON-024218,,37,,,,11_person.csv
a75f7c36-7b09-5ee9-b233-e095fd2d4df2,Tamil Nadu Person PERSON-024228,Other,DINDIGUL Area,imported,12fe593e-e883-5cac-9710-f2ba74198299,PERSON-024228,,54,,,,11_person.csv
7d3d4d80-b34b-506e-b78a-2e5e85e94da0,Tamil Nadu Person PERSON-024236,Other,CUDDALORE Area,imported,12fe593e-e883-5cac-9710-f2ba74198299,PERSON-024236,,30,,,,11_person.csv
b31d3641-c854-5946-847b-4cd2e8467a90,Tamil Nadu Person PERSON-024248,Female,PUDUKOTTAI Area,imported,12fe593e-e883-5cac-9710-f2ba74198299,PERSON-024248,,63,,,,11_person.csv
e44ed5e8-74f5-5d86-b771-b41453f2d850,Tamil Nadu Person PERSON-024250,Other,MADURAI Area,imported,12fe593e-e883-5cac-9710-f2ba74198299,PERSON-024250,,54,,,,11_person.csv
8873417b-039d-54cb-b05d-2560874a66a9,Tamil Nadu Person PERSON-024256,Female,KUMBAKONAM Area,imported,12fe593e-e883-5cac-9710-f2ba74198299,PERSON-024256,,39,,,,11_person.csv
16c2d40d-be87-5d16-94e6-3fb2d9b27a4f,Tamil Nadu Person PERSON-024314,Other,VILUPPURAM Area,imported,12fe593e-e883-5cac-9710-f2ba74198299,PERSON-024314,,56,,,,11_person.csv
345c825a-5441-5db4-84d5-675532dca626,Tamil Nadu Person PERSON-024320,Other,RAMESWARAM Area,imported,12fe593e-e883-5cac-9710-f2ba74198299,PERSON-024320,,72,,,,11_person.csv
6bcafc0f-a644-56a6-89cb-f9324dfae218,Tamil Nadu Person PERSON-024322,Female,THE_NILGIRIS Area,imported,12fe593e-e883-5cac-9710-f2ba74198299,PERSON-024322,,65,,,,11_person.csv
4d89d3d5-6985-5e5c-a730-9718fc090179,Tamil Nadu Person PERSON-024332,Female,PUDUKOTTAI Area,imported,12fe593e-e883-5cac-9710-f2ba74198299,PERSON-024332,,46,,,,11_person.csv
3a366f8a-532a-5d2e-a6ac-a841022dedb8,Tamil Nadu Person PERSON-024336,Female,TIRUCHIRAPPALLI Area,imported,12fe593e-e883-5cac-9710-f2ba74198299,PERSON-024336,,64,,,,11_person.csv
0d63e20e-d9ea-54ce-a3ef-0070eb0a3944,Tamil Nadu Person PERSON-024348,Female,TENKASI Area,imported,12fe593e-e883-5cac-9710-f2ba74198299,PERSON-024348,,45,,,,11_person.csv
68829674-3334-5385-b00a-105a64f1e585,Tamil Nadu Person PERSON-024389,Other,SALEM Area,imported,12fe593e-e883-5cac-9710-f2ba74198299,PERSON-024389,,48,,,,11_person.csv
17d8e2a7-926d-5953-a919-8551ccb56b51,Tamil Nadu Person PERSON-024401,Other,KANYAKUMARI Area,imported,12fe593e-e883-5cac-9710-f2ba74198299,PERSON-024401,,31,,,,11_person.csv
a24d77c9-4554-57a1-b3e8-b6e1e92fd045,Tamil Nadu Person PERSON-024410,Male,NAMAKKAL Area,imported,12fe593e-e883-5cac-9710-f2ba74198299,PERSON-024410,,63,,,,11_person.csv
bfd854fa-c54a-515c-9b43-c8555dc5d17b,Tamil Nadu Person PERSON-024412,Female,TIRUPPUR Area,imported,12fe593e-e883-5cac-9710-f2ba74198299,PERSON-024412,,56,,,,11_person.csv
4e59b11f-581c-5107-b06b-4b172ff691e8,Tamil Nadu Person PERSON-024413,Female,COIMBATORE Area,imported,12fe593e-e883-5cac-9710-f2ba74198299,PERSON-024413,,62,,,,11_person.csv
2be150cc-204e-5f05-a39d-330f450edc21,Tamil Nadu Person PERSON-024421,Other,KUMBAKONAM Area,imported,12fe593e-e883-5cac-9710-f2ba74198299,PERSON-024421,,34,,,,11_person.csv
a030e3f0-40ba-51f7-94b3-ac4905455747,Tamil Nadu Person PERSON-024427,Female,VIRUDHUNAGAR Area,imported,12fe593e-e883-5cac-9710-f2ba74198299,PERSON-024427,,68,,,,11_person.csv
df697734-ec52-5d79-abcf-4e27e05e08c7,Tamil Nadu Person PERSON-024432,Other,SIVAGANGA Area,imported,12fe593e-e883-5cac-9710-f2ba74198299,PERSON-024432,,22,,,,11_person.csv
a83c3f62-de01-5d89-9df8-f35b56f37ce6,Tamil Nadu Person PERSON-024437,Other,NAMAKKAL Area,imported,12fe593e-e883-5cac-9710-f2ba74198299,PERSON-024437,,22,,,,11_person.csv
d84cb52d-1a35-5f81-8478-3d0583d9f07a,Tamil Nadu Person PERSON-024442,Other,DINDIGUL Area,imported,12fe593e-e883-5cac-9710-f2ba74198299,PERSON-024442,,62,,,,11_person.csv
e4d9046e-a1dd-5cbd-9895-da50485e8c49,Tamil Nadu Person PERSON-024444,Other,CHENNAI Area,imported,12fe593e-e883-5cac-9710-f2ba74198299,PERSON-024444,,67,,,,11_person.csv
ab473f39-e7d7-5c61-b2eb-31f9e3cae6a7,Tamil Nadu Person PERSON-024446,Female,KUMBAKONAM Area,imported,12fe593e-e883-5cac-9710-f2ba74198299,PERSON-024446,,25,,,,11_person.csv
b5aace9d-9c8d-5a88-b0f9-f621555c1068,Tamil Nadu Person PERSON-024473,Other,CUDDALORE Area,imported,12fe593e-e883-5cac-9710-f2ba74198299,PERSON-024473,,46,,,,11_person.csv
eda342f8-5e75-5b57-9d6e-58274cff83ef,Tamil Nadu Person PERSON-024480,Male,CUDDALORE Area,imported,12fe593e-e883-5cac-9710-f2ba74198299,PERSON-024480,,34,,,,11_person.csv
ecd0af16-877f-501e-a5da-d2a0a335cd10,Tamil Nadu Person PERSON-024497,Other,TIRUNELVELI Area,imported,12fe593e-e883-5cac-9710-f2ba74198299,PERSON-024497,,68,,,,11_person.csv
be873900-440e-5bf3-9544-d625fde65b2a,Tamil Nadu Person PERSON-024522,Female,CUDDALORE Area,imported,12fe593e-e883-5cac-9710-f2ba74198299,PERSON-024522,,46,,,,11_person.csv
9b5a0207-4ce3-5e74-be70-06bbf2e1861f,Tamil Nadu Person PERSON-024536,Other,ARIYALUR Area,imported,12fe593e-e883-5cac-9710-f2ba74198299,PERSON-024536,,25,,,,11_person.csv
bd7612ef-5add-56f3-8ddc-9194dbb13e26,Tamil Nadu Person PERSON-024539,Male,CHENGALPATTU Area,imported,12fe593e-e883-5cac-9710-f2ba74198299,PERSON-024539,,71,,,,11_person.csv
2a5cf490-d708-5b38-aff7-23a915d0ecdc,Tamil Nadu Person PERSON-024549,Male,KARUR Area,imported,12fe593e-e883-5cac-9710-f2ba74198299,PERSON-024549,,37,,,,11_person.csv
d6378a2a-ab67-537a-b4c5-1f8d001b8df6,Tamil Nadu Person PERSON-024582,Male,DINDIGUL Area,imported,12fe593e-e883-5cac-9710-f2ba74198299,PERSON-024582,,23,,,,11_person.csv
f59fd9a3-f8e7-58f3-98c2-1eca1d1a7a72,Tamil Nadu Person PERSON-024588,Male,NAGAPATTINAM Area,imported,12fe593e-e883-5cac-9710-f2ba74198299,PERSON-024588,,52,,,,11_person.csv
38a5f9d4-4b44-5675-a5c0-6009401ffecb,Tamil Nadu Person PERSON-024589,Other,SALEM Area,imported,12fe593e-e883-5cac-9710-f2ba74198299,PERSON-024589,,43,,,,11_person.csv
19a7dd23-bac1-5ec4-816a-204c8b1cbd1a,Tamil Nadu Person PERSON-024599,Other,PERAMBALUR Area,imported,12fe593e-e883-5cac-9710-f2ba74198299,PERSON-024599,,69,,,,11_person.csv
e6231e58-3606-548c-a42a-851057820db2,Tamil Nadu Person PERSON-024609,Other,TENKASI Area,imported,12fe593e-e883-5cac-9710-f2ba74198299,PERSON-024609,,36,,,,11_person.csv
92642563-00ad-573f-ab13-d007ecdc9785,Tamil Nadu Person PERSON-024619,Female,KANYAKUMARI Area,imported,12fe593e-e883-5cac-9710-f2ba74198299,PERSON-024619,,68,,,,11_person.csv
97f920c4-36a7-5524-823e-ec52d7562fd5,Tamil Nadu Person PERSON-024640,Male,VILUPPURAM Area,imported,12fe593e-e883-5cac-9710-f2ba74198299,PERSON-024640,,51,,,,11_person.csv
ce2726a5-0c71-5a5c-89f3-5d3ddbc97c4a,Tamil Nadu Person PERSON-024652,Female,NAGAPATTINAM Area,imported,12fe593e-e883-5cac-9710-f2ba74198299,PERSON-024652,,29,,,,11_person.csv
ea9584bf-026a-50d8-b535-35d7503da99b,Tamil Nadu Person PERSON-024657,Female,KUMBAKONAM Area,imported,12fe593e-e883-5cac-9710-f2ba74198299,PERSON-024657,,42,,,,11_person.csv
b4564a50-9412-5be3-9377-c8884a068098,Tamil Nadu Person PERSON-024661,Other,ARIYALUR Area,imported,12fe593e-e883-5cac-9710-f2ba74198299,PERSON-024661,,34,,,,11_person.csv
ec57443d-ec93-5a7a-b5e4-0b08b2fe1fca,Tamil Nadu Person PERSON-024662,Female,KUMBAKONAM Area,imported,12fe593e-e883-5cac-9710-f2ba74198299,PERSON-024662,,25,,,,11_person.csv
25790bff-a4d1-5bf5-9964-b8d38ac5d6df,Tamil Nadu Person PERSON-024672,Male,TIRUVANNAMALAI Area,imported,12fe593e-e883-5cac-9710-f2ba74198299,PERSON-024672,,36,,,,11_person.csv
355faddb-f8b7-5218-a0a3-557e8eaefac3,Tamil Nadu Person PERSON-024677,Other,TENKASI Area,imported,12fe593e-e883-5cac-9710-f2ba74198299,PERSON-024677,,71,,,,11_person.csv
feaa2ded-dc23-512a-8c33-e5067f64e9b6,Tamil Nadu Person PERSON-024678,Other,ARIYALUR Area,imported,12fe593e-e883-5cac-9710-f2ba74198299,PERSON-024678,,45,,,,11_person.csv
f148901e-872d-51cf-b275-5a97d2af4828,Tamil Nadu Person PERSON-024684,Female,PUDUKOTTAI Area,imported,12fe593e-e883-5cac-9710-f2ba74198299,PERSON-024684,,72,,,,11_person.csv
9edf5293-a1a7-52aa-bf90-f4609a75d7eb,Tamil Nadu Person PERSON-024695,Male,CHENNAI Area,imported,12fe593e-e883-5cac-9710-f2ba74198299,PERSON-024695,,41,,,,11_person.csv
4904135f-b44c-5a37-84b5-ccb85c942354,Tamil Nadu Person PERSON-024696,Other,TIRUCHIRAPPALLI Area,imported,12fe593e-e883-5cac-9710-f2ba74198299,PERSON-024696,,29,,,,11_person.csv
34b016f2-a255-5a61-9a90-8f0f3b6cdbca,Tamil Nadu Person PERSON-024711,Other,TIRUNELVELI Area,imported,12fe593e-e883-5cac-9710-f2ba74198299,PERSON-024711,,58,,,,11_person.csv
f50f6a59-836c-53d7-83b6-0e26d25ca375,Tamil Nadu Person PERSON-024714,Male,TIRUPPUR Area,imported,12fe593e-e883-5cac-9710-f2ba74198299,PERSON-024714,,29,,,,11_person.csv
7db1f9e5-1a3f-568a-bcf5-afda2ea4bc11,Tamil Nadu Person PERSON-024722,Female,PERAMBALUR Area,imported,12fe593e-e883-5cac-9710-f2ba74198299,PERSON-024722,,61,,,,11_person.csv
0e4be6f0-9fea-5653-9f6e-1b5647005b9f,Tamil Nadu Person PERSON-024733,Female,SALEM Area,imported,12fe593e-e883-5cac-9710-f2ba74198299,PERSON-024733,,51,,,,11_person.csv
d7444611-80de-58cb-aeb1-baed3e07a3e7,Tamil Nadu Person PERSON-024781,Other,THENI Area,imported,12fe593e-e883-5cac-9710-f2ba74198299,PERSON-024781,,40,,,,11_person.csv
8f15928b-b3dc-5610-88cc-eed69089d981,Tamil Nadu Person PERSON-024795,Other,NAMAKKAL Area,imported,12fe593e-e883-5cac-9710-f2ba74198299,PERSON-024795,,37,,,,11_person.csv
612afba9-63df-5001-b439-2306a9f25629,Tamil Nadu Person PERSON-024808,Other,DINDIGUL Area,imported,12fe593e-e883-5cac-9710-f2ba74198299,PERSON-024808,,76,,,,11_person.csv
198ed947-9a77-55ef-af1d-8b0070db56d3,Tamil Nadu Person PERSON-024814,Other,KANYAKUMARI Area,imported,12fe593e-e883-5cac-9710-f2ba74198299,PERSON-024814,,76,,,,11_person.csv
cb840c7a-a7cc-5902-a0db-9ef9756978f3,Tamil Nadu Person PERSON-024820,Other,DHARMAPURI Area,imported,12fe593e-e883-5cac-9710-f2ba74198299,PERSON-024820,,61,,,,11_person.csv
320a04b0-74b7-53be-b4bf-1f40e327566e,Tamil Nadu Person PERSON-024825,Other,DHARMAPURI Area,imported,12fe593e-e883-5cac-9710-f2ba74198299,PERSON-024825,,72,,,,11_person.csv
00246e5e-ca3e-542f-bb84-01fa23fe0e47,Tamil Nadu Person PERSON-024832,Female,VILUPPURAM Area,imported,12fe593e-e883-5cac-9710-f2ba74198299,PERSON-024832,,45,,,,11_person.csv
e15c39ad-74e1-5af1-a18f-6213bacdfd45,Tamil Nadu Person PERSON-024833,Other,TIRUCHIRAPPALLI Area,imported,12fe593e-e883-5cac-9710-f2ba74198299,PERSON-024833,,55,,,,11_person.csv
54ce26c5-4534-5160-b22a-917be04b96f0,Tamil Nadu Person PERSON-024846,Female,KANYAKUMARI Area,imported,12fe593e-e883-5cac-9710-f2ba74198299,PERSON-024846,,28,,,,11_person.csv
5d87847a-ca44-58c6-9617-91e5d83570ae,Tamil Nadu Person PERSON-024852,Male,SIVAGANGA Area,imported,12fe593e-e883-5cac-9710-f2ba74198299,PERSON-024852,,66,,,,11_person.csv
f114e774-cfcd-5a28-8afb-a17f39debac9,Tamil Nadu Person PERSON-024855,Male,TIRUNELVELI Area,imported,12fe593e-e883-5cac-9710-f2ba74198299,PERSON-024855,,65,,,,11_person.csv
2ac99d60-8924-5c1c-bc7e-50915342af1d,Tamil Nadu Person PERSON-024861,Other,KRISHNAGIRI Area,imported,12fe593e-e883-5cac-9710-f2ba74198299,PERSON-024861,,62,,,,11_person.csv
f0812100-f654-571a-a899-6ab630748596,Tamil Nadu Person PERSON-024863,Other,TIRUVANNAMALAI Area,imported,12fe593e-e883-5cac-9710-f2ba74198299,PERSON-024863,,75,,,,11_person.csv
db58c1e9-c0e8-555e-9689-058b84243a23,Tamil Nadu Person PERSON-024865,Male,RAMESWARAM Area,imported,12fe593e-e883-5cac-9710-f2ba74198299,PERSON-024865,,31,,,,11_person.csv
ce947d72-4854-5760-8adc-95d5bc4975ca,Tamil Nadu Person PERSON-024875,Other,MADURAI Area,imported,12fe593e-e883-5cac-9710-f2ba74198299,PERSON-024875,,56,,,,11_person.csv
938ef17d-3d7e-58f8-8b44-3dcd8342c0f5,Tamil Nadu Person PERSON-024876,Female,TENKASI Area,imported,12fe593e-e883-5cac-9710-f2ba74198299,PERSON-024876,,43,,,,11_person.csv
3c248da9-312d-5bd5-87b3-533c29e5cc8b,Tamil Nadu Person PERSON-024880,Male,THOOTHUKUDI Area,imported,12fe593e-e883-5cac-9710-f2ba74198299,PERSON-024880,,34,,,,11_person.csv
eeb1434b-6d1e-50d0-81c9-688a0e6ce5d4,Tamil Nadu Person PERSON-024896,Other,THENI Area,imported,12fe593e-e883-5cac-9710-f2ba74198299,PERSON-024896,,66,,,,11_person.csv
b878c3de-3322-5261-99a2-a7ba2b84d341,Tamil Nadu Person PERSON-024928,Female,COIMBATORE Area,imported,12fe593e-e883-5cac-9710-f2ba74198299,PERSON-024928,,24,,,,11_person.csv
872d3693-0517-5840-a751-743e19770a72,Tamil Nadu Person PERSON-024931,Other,THIRUVARUR Area,imported,12fe593e-e883-5cac-9710-f2ba74198299,PERSON-024931,,33,,,,11_person.csv
e5e8e70d-41ef-54db-8547-283cdb2c4fe6,Tamil Nadu Person PERSON-024943,Other,PUDUKOTTAI Area,imported,12fe593e-e883-5cac-9710-f2ba74198299,PERSON-024943,,24,,,,11_person.csv
2882e384-59b2-5519-b848-96ccd4e7c572,Tamil Nadu Person PERSON-024958,Other,KALLAKURICHI Area,imported,12fe593e-e883-5cac-9710-f2ba74198299,PERSON-024958,,56,,,,11_person.csv
12dd5d94-ed0c-538d-ba89-8a193ddbdb4c,Tamil Nadu Person PERSON-024963,Female,KALLAKURICHI Area,imported,12fe593e-e883-5cac-9710-f2ba74198299,PERSON-024963,,38,,,,11_person.csv
9126495d-b829-5907-b6a7-be9e65d50318,Tamil Nadu Person PERSON-024980,Male,THIRUVARUR Area,imported,12fe593e-e883-5cac-9710-f2ba74198299,PERSON-024980,,41,,,,11_person.csv
e4b2319a-46e5-5149-a6ca-b86b6d03ab73,Tamil Nadu Person PERSON-024989,Other,THIRUVARUR Area,imported,12fe593e-e883-5cac-9710-f2ba74198299,PERSON-024989,,32,,,,11_person.csv
145d3546-0ae0-5716-998e-b54447555c91,Tamil Nadu Person PERSON-025020,Other,TIRUCHIRAPPALLI Area,imported,12fe593e-e883-5cac-9710-f2ba74198299,PERSON-025020,,37,,,,11_person.csv
c88634b3-c0e1-5cdf-9985-da55ff913fc2,Tamil Nadu Person PERSON-025024,Other,ARIYALUR Area,imported,12fe593e-e883-5cac-9710-f2ba74198299,PERSON-025024,,34,,,,11_person.csv
eacd9762-9372-528e-beb0-e040a285078a,Tamil Nadu Person PERSON-025030,Other,KARUR Area,imported,12fe593e-e883-5cac-9710-f2ba74198299,PERSON-025030,,37,,,,11_person.csv
eb5a0605-2550-50b8-8d99-dc0d83434271,Tamil Nadu Person PERSON-025034,Male,TIRUCHIRAPPALLI Area,imported,12fe593e-e883-5cac-9710-f2ba74198299,PERSON-025034,,22,,,,11_person.csv
dab3d5ac-c537-5a58-839f-231b76357fec,Tamil Nadu Person PERSON-025037,Male,THIRUVALLUR Area,imported,12fe593e-e883-5cac-9710-f2ba74198299,PERSON-025037,,22,,,,11_person.csv
442ce03d-c456-58a4-b810-1d19947c8e10,Tamil Nadu Person PERSON-025040,Other,ARIYALUR Area,imported,12fe593e-e883-5cac-9710-f2ba74198299,PERSON-025040,,31,,,,11_person.csv
de230aa8-4dfe-5e45-99bd-ffda440328f3,Tamil Nadu Person PERSON-025045,Female,KARUR Area,imported,12fe593e-e883-5cac-9710-f2ba74198299,PERSON-025045,,62,,,,11_person.csv
2638a1ff-ad5d-5161-96d4-2871536df4b2,Tamil Nadu Person PERSON-025065,Female,CHENGALPATTU Area,imported,12fe593e-e883-5cac-9710-f2ba74198299,PERSON-025065,,56,,,,11_person.csv
54cc6bfc-5fb1-58dc-b447-b7db065174aa,Tamil Nadu Person PERSON-025067,Male,THIRUVALLUR Area,imported,12fe593e-e883-5cac-9710-f2ba74198299,PERSON-025067,,43,,,,11_person.csv
0a38b766-c6f7-5f60-891f-8acb831137ad,Tamil Nadu Person PERSON-025071,Male,COIMBATORE Area,imported,12fe593e-e883-5cac-9710-f2ba74198299,PERSON-025071,,24,,,,11_person.csv
950bcde5-0b6d-5aaf-be1b-452b44da9967,Tamil Nadu Person PERSON-025072,Other,TENKASI Area,imported,12fe593e-e883-5cac-9710-f2ba74198299,PERSON-025072,,71,,,,11_person.csv
b6fea6b3-b089-5c7f-b65e-33a485750928,Tamil Nadu Person PERSON-025076,Other,NAMAKKAL Area,imported,12fe593e-e883-5cac-9710-f2ba74198299,PERSON-025076,,48,,,,11_person.csv
5ccffc91-ee2f-5cf3-9e0f-8d9bfb3822f3,Tamil Nadu Person PERSON-025080,Other,THE_NILGIRIS Area,imported,12fe593e-e883-5cac-9710-f2ba74198299,PERSON-025080,,24,,,,11_person.csv
8ca89c80-1e20-581c-9eae-7c9feb346c74,Tamil Nadu Person PERSON-025085,Male,KRISHNAGIRI Area,imported,12fe593e-e883-5cac-9710-f2ba74198299,PERSON-025085,,25,,,,11_person.csv
6d566f51-9e8c-58e2-9bff-c06531b2480a,Tamil Nadu Person PERSON-025092,Other,ERODE Area,imported,12fe593e-e883-5cac-9710-f2ba74198299,PERSON-025092,,67,,,,11_person.csv
7482d42e-35f8-591f-81a0-a0aa2af187b2,Tamil Nadu Person PERSON-025095,Other,KANYAKUMARI Area,imported,12fe593e-e883-5cac-9710-f2ba74198299,PERSON-025095,,24,,,,11_person.csv
c83d7d21-0211-58b6-9827-7efea3ba5406,Tamil Nadu Person PERSON-025098,Other,THIRUVALLUR Area,imported,12fe593e-e883-5cac-9710-f2ba74198299,PERSON-025098,,25,,,,11_person.csv
62df9629-33a3-52d7-bccb-d2805b5db342,Tamil Nadu Person PERSON-025099,Other,VIRUDHUNAGAR Area,imported,12fe593e-e883-5cac-9710-f2ba74198299,PERSON-025099,,34,,,,11_person.csv
a4eefb88-89bf-5768-ab8d-6d858f4c7c42,Tamil Nadu Person PERSON-025100,Male,SIVAGANGA Area,imported,12fe593e-e883-5cac-9710-f2ba74198299,PERSON-025100,,52,,,,11_person.csv
2689fd88-5122-5b0f-91e1-662693099933,Tamil Nadu Person PERSON-025111,Male,TIRUNELVELI Area,imported,12fe593e-e883-5cac-9710-f2ba74198299,PERSON-025111,,76,,,,11_person.csv
99879001-d1d6-50b9-81f7-1d17a9f59c5a,Tamil Nadu Person PERSON-025113,Female,TIRUPPUR Area,imported,12fe593e-e883-5cac-9710-f2ba74198299,PERSON-025113,,34,,,,11_person.csv
b2eb04ba-c927-503a-a927-e950b555c2d2,Tamil Nadu Person PERSON-025126,Other,MADURAI Area,imported,12fe593e-e883-5cac-9710-f2ba74198299,PERSON-025126,,24,,,,11_person.csv
9bdafaee-ba5d-53cf-9f8a-87fbadf3da10,Tamil Nadu Person PERSON-025150,Other,VIRUDHUNAGAR Area,imported,12fe593e-e883-5cac-9710-f2ba74198299,PERSON-025150,,62,,,,11_person.csv
0de5c172-0190-5f8a-9764-48dfb9c181ca,Tamil Nadu Person PERSON-025156,Other,KALLAKURICHI Area,imported,12fe593e-e883-5cac-9710-f2ba74198299,PERSON-025156,,42,,,,11_person.csv
860c701c-e7a2-5eb7-b2ad-c727d5cd9fc2,Tamil Nadu Person PERSON-025179,Other,ERODE Area,imported,12fe593e-e883-5cac-9710-f2ba74198299,PERSON-025179,,48,,,,11_person.csv
ea59335c-e79d-5b0a-9e6a-8a80e97ce334,Tamil Nadu Person PERSON-025189,Male,CHENNAI Area,imported,12fe593e-e883-5cac-9710-f2ba74198299,PERSON-025189,,51,,,,11_person.csv
16fed9f5-3d92-53d1-9aef-c2377fd2fdd7,Tamil Nadu Person PERSON-025195,Male,THOOTHUKUDI Area,imported,12fe593e-e883-5cac-9710-f2ba74198299,PERSON-025195,,48,,,,11_person.csv
232a0eb9-2f8e-5507-8c57-0bece6bd55bf,Tamil Nadu Person PERSON-025216,Male,MAYILADUTHURAI Area,imported,12fe593e-e883-5cac-9710-f2ba74198299,PERSON-025216,,62,,,,11_person.csv
2fffdadf-5868-581e-9a5d-6793831db940,Tamil Nadu Person PERSON-025218,Female,NAMAKKAL Area,imported,12fe593e-e883-5cac-9710-f2ba74198299,PERSON-025218,,65,,,,11_person.csv
280aae27-29ec-5035-903b-3eba50b15609,Tamil Nadu Person PERSON-025226,Female,TIRUCHIRAPPALLI Area,imported,12fe593e-e883-5cac-9710-f2ba74198299,PERSON-025226,,57,,,,11_person.csv
cec5ed48-12b9-5c22-bb0b-72f9b6244ce0,Tamil Nadu Person PERSON-025239,Female,THIRUVALLUR Area,imported,12fe593e-e883-5cac-9710-f2ba74198299,PERSON-025239,,24,,,,11_person.csv
f3db16bb-091e-5f48-b9e6-1958dcb9ecd4,Tamil Nadu Person PERSON-025240,Other,TIRUPATHUR Area,imported,12fe593e-e883-5cac-9710-f2ba74198299,PERSON-025240,,27,,,,11_person.csv
c5fc855c-d17d-5bb2-806f-f6a363574099,Tamil Nadu Person PERSON-025277,Other,RAMESWARAM Area,imported,12fe593e-e883-5cac-9710-f2ba74198299,PERSON-025277,,59,,,,11_person.csv
0226f468-6ab0-50e6-a719-bc59d41bd3b6,Tamil Nadu Person PERSON-025300,Male,RAMANATHAPURAM Area,imported,12fe593e-e883-5cac-9710-f2ba74198299,PERSON-025300,,53,,,,11_person.csv
5f3a7d91-dccb-5d36-a286-3f4be1e1483a,Tamil Nadu Person PERSON-025303,Female,RANIPET Area,imported,12fe593e-e883-5cac-9710-f2ba74198299,PERSON-025303,,55,,,,11_person.csv
a8f26940-9cf2-5b2d-a959-847974b779eb,Tamil Nadu Person PERSON-025307,Other,NAGAPATTINAM Area,imported,12fe593e-e883-5cac-9710-f2ba74198299,PERSON-025307,,34,,,,11_person.csv
f5210c2d-d507-5140-8672-d16520152f50,Tamil Nadu Person PERSON-025326,Other,CHENGALPATTU Area,imported,12fe593e-e883-5cac-9710-f2ba74198299,PERSON-025326,,44,,,,11_person.csv
15818738-81f6-5aaa-817b-f4986b88652f,Tamil Nadu Person PERSON-025329,Other,COIMBATORE Area,imported,12fe593e-e883-5cac-9710-f2ba74198299,PERSON-025329,,21,,,,11_person.csv
80be4682-9d94-56e0-bec2-37a95b882f3c,Tamil Nadu Person PERSON-025340,Other,CHENNAI Area,imported,12fe593e-e883-5cac-9710-f2ba74198299,PERSON-025340,,24,,,,11_person.csv
a61b2228-9396-58de-bf34-a2cc35b6814b,Tamil Nadu Person PERSON-025359,Male,RAMANATHAPURAM Area,imported,12fe593e-e883-5cac-9710-f2ba74198299,PERSON-025359,,23,,,,11_person.csv
e9925930-4813-551e-9f68-bc0a4927430a,Tamil Nadu Person PERSON-025362,Male,KANCHEEPURAM Area,imported,12fe593e-e883-5cac-9710-f2ba74198299,PERSON-025362,,70,,,,11_person.csv
dbdf5562-2e16-5473-a6eb-bf4997bd7284,Tamil Nadu Person PERSON-025369,Other,THIRUVALLUR Area,imported,12fe593e-e883-5cac-9710-f2ba74198299,PERSON-025369,,68,,,,11_person.csv
3f316a13-c072-566d-927c-6ace7874c55b,Tamil Nadu Person PERSON-025392,Other,RAMESWARAM Area,imported,12fe593e-e883-5cac-9710-f2ba74198299,PERSON-025392,,39,,,,11_person.csv
26c0c0b6-2e98-5bec-b18d-f871f2b3a520,Tamil Nadu Person PERSON-025395,Male,COIMBATORE Area,imported,12fe593e-e883-5cac-9710-f2ba74198299,PERSON-025395,,67,,,,11_person.csv
69e0c064-a486-52ca-b3fd-90d4f1416fb4,Tamil Nadu Person PERSON-025399,Female,KRISHNAGIRI Area,imported,12fe593e-e883-5cac-9710-f2ba74198299,PERSON-025399,,75,,,,11_person.csv
07ca73d3-1d7d-588c-ae8f-3aa485b0d928,Tamil Nadu Person PERSON-025400,Other,THENI Area,imported,12fe593e-e883-5cac-9710-f2ba74198299,PERSON-025400,,44,,,,11_person.csv
727cebe0-5f77-5043-8af0-974ada39da6f,Tamil Nadu Person PERSON-025401,Other,CHENNAI Area,imported,12fe593e-e883-5cac-9710-f2ba74198299,PERSON-025401,,52,,,,11_person.csv
5d333874-bac2-5870-b5b4-4304c21ed222,Tamil Nadu Person PERSON-025403,Other,RAMANATHAPURAM Area,imported,12fe593e-e883-5cac-9710-f2ba74198299,PERSON-025403,,36,,,,11_person.csv
74fba364-39a4-5d03-b5fc-062e2f5504b7,Tamil Nadu Person PERSON-025418,Female,VILUPPURAM Area,imported,12fe593e-e883-5cac-9710-f2ba74198299,PERSON-025418,,68,,,,11_person.csv
4a8a3635-e168-5f99-92d8-2d616c02aab6,Tamil Nadu Person PERSON-025419,Female,DINDIGUL Area,imported,12fe593e-e883-5cac-9710-f2ba74198299,PERSON-025419,,67,,,,11_person.csv
eca2cc48-39bd-5002-acb6-941a2c861ed0,Tamil Nadu Person PERSON-025423,Other,DHARMAPURI Area,imported,12fe593e-e883-5cac-9710-f2ba74198299,PERSON-025423,,67,,,,11_person.csv
5d647fd0-a137-5696-826f-74010224973c,Tamil Nadu Person PERSON-025427,Female,ERODE Area,imported,12fe593e-e883-5cac-9710-f2ba74198299,PERSON-025427,,63,,,,11_person.csv
523145da-b90f-5f40-8cc3-699f917adece,Tamil Nadu Person PERSON-025439,Other,TIRUPPUR Area,imported,12fe593e-e883-5cac-9710-f2ba74198299,PERSON-025439,,55,,,,11_person.csv
618f5c21-2324-5282-927b-024e72eb1b20,Tamil Nadu Person PERSON-025456,Other,VIRUDHUNAGAR Area,imported,12fe593e-e883-5cac-9710-f2ba74198299,PERSON-025456,,74,,,,11_person.csv
40301a47-638c-5dfb-8e3d-99e1961531eb,Tamil Nadu Person PERSON-025466,Other,CUDDALORE Area,imported,12fe593e-e883-5cac-9710-f2ba74198299,PERSON-025466,,35,,,,11_person.csv
dae8a973-2bbf-5baa-a212-e5d55da6e791,Tamil Nadu Person PERSON-025473,Other,CHENGALPATTU Area,imported,12fe593e-e883-5cac-9710-f2ba74198299,PERSON-025473,,42,,,,11_person.csv
a77ccc3f-a405-5a45-89a3-6f04f28816dd,Tamil Nadu Person PERSON-025505,Female,CUDDALORE Area,imported,12fe593e-e883-5cac-9710-f2ba74198299,PERSON-025505,,44,,,,11_person.csv
0153a380-635e-5e84-affc-3a90d857ff73,Tamil Nadu Person PERSON-025532,Other,MAYILADUTHURAI Area,imported,12fe593e-e883-5cac-9710-f2ba74198299,PERSON-025532,,22,,,,11_person.csv
90c2cae8-4667-522f-a28d-e4d9df9e7b50,Tamil Nadu Person PERSON-025533,Other,CUDDALORE Area,imported,12fe593e-e883-5cac-9710-f2ba74198299,PERSON-025533,,72,,,,11_person.csv
97369311-aa7d-5a01-9df3-9ad4542d26d5,Tamil Nadu Person PERSON-025540,Other,COIMBATORE Area,imported,12fe593e-e883-5cac-9710-f2ba74198299,PERSON-025540,,29,,,,11_person.csv
dfe9eb6f-6f56-546b-a2b6-9bd10efda173,Tamil Nadu Person PERSON-025541,Male,TIRUNELVELI Area,imported,12fe593e-e883-5cac-9710-f2ba74198299,PERSON-025541,,72,,,,11_person.csv
a123ff7b-f867-5568-8b6d-6d2dcf0a842e,Tamil Nadu Person PERSON-025557,Other,TIRUCHIRAPPALLI Area,imported,12fe593e-e883-5cac-9710-f2ba74198299,PERSON-025557,,56,,,,11_person.csv
d6d867fc-93cb-5966-a9a2-827f0f491f46,Tamil Nadu Person PERSON-025567,Male,KANCHEEPURAM Area,imported,12fe593e-e883-5cac-9710-f2ba74198299,PERSON-025567,,75,,,,11_person.csv
960899c8-3714-547c-ba33-30b51e58726f,Tamil Nadu Person PERSON-025601,Other,ARIYALUR Area,imported,12fe593e-e883-5cac-9710-f2ba74198299,PERSON-025601,,33,,,,11_person.csv
127070bd-9ed5-54ae-8c7e-e1b08dcbe2ec,Tamil Nadu Person PERSON-025647,Female,CHENNAI Area,imported,12fe593e-e883-5cac-9710-f2ba74198299,PERSON-025647,,74,,,,11_person.csv
32e0376a-1fdb-5bcc-93bf-e58d320bdce7,Tamil Nadu Person PERSON-025649,Other,KUMBAKONAM Area,imported,12fe593e-e883-5cac-9710-f2ba74198299,PERSON-025649,,52,,,,11_person.csv
03b2dd40-e532-5dbd-8a60-0a2651aec6f9,Tamil Nadu Person PERSON-025654,Male,MADURAI Area,imported,12fe593e-e883-5cac-9710-f2ba74198299,PERSON-025654,,33,,,,11_person.csv
f7281dbe-314b-5c23-975b-fd527a4d77a1,Tamil Nadu Person PERSON-025666,Other,KARUR Area,imported,12fe593e-e883-5cac-9710-f2ba74198299,PERSON-025666,,71,,,,11_person.csv
623585cf-efff-5515-b1dd-9144e29211af,Tamil Nadu Person PERSON-025673,Male,KRISHNAGIRI Area,imported,12fe593e-e883-5cac-9710-f2ba74198299,PERSON-025673,,66,,,,11_person.csv
f2123c00-3516-52a8-977e-cc4a6bf39781,Tamil Nadu Person PERSON-025674,Other,VIRUDHUNAGAR Area,imported,12fe593e-e883-5cac-9710-f2ba74198299,PERSON-025674,,26,,,,11_person.csv
b3d2a166-6986-5cf8-a263-81ab9e5fa208,Tamil Nadu Person PERSON-025680,Female,CHENNAI Area,imported,12fe593e-e883-5cac-9710-f2ba74198299,PERSON-025680,,63,,,,11_person.csv
494afa56-72cb-5d3c-8b2d-c50d9bb72b22,Tamil Nadu Person PERSON-025688,Female,KALLAKURICHI Area,imported,12fe593e-e883-5cac-9710-f2ba74198299,PERSON-025688,,74,,,,11_person.csv
9835dcb7-e591-583f-8506-4a7386f90ad6,Tamil Nadu Person PERSON-025713,Other,PERAMBALUR Area,imported,12fe593e-e883-5cac-9710-f2ba74198299,PERSON-025713,,21,,,,11_person.csv
8a2854c2-dcf4-5fc9-b8c1-898141cd09b6,Tamil Nadu Person PERSON-025736,Male,DHARMAPURI Area,imported,12fe593e-e883-5cac-9710-f2ba74198299,PERSON-025736,,70,,,,11_person.csv
39034170-0419-52b1-a9be-3bcbcecc20ed,Tamil Nadu Person PERSON-025781,Female,VIRUDHUNAGAR Area,imported,12fe593e-e883-5cac-9710-f2ba74198299,PERSON-025781,,51,,,,11_person.csv
c3b9aa1a-c504-5780-8f62-ef0072d5864b,Tamil Nadu Person PERSON-025783,Other,PERAMBALUR Area,imported,12fe593e-e883-5cac-9710-f2ba74198299,PERSON-025783,,34,,,,11_person.csv
9524bf74-7d4d-53cd-801d-757fbf7d9298,Tamil Nadu Person PERSON-025784,Other,DINDIGUL Area,imported,12fe593e-e883-5cac-9710-f2ba74198299,PERSON-025784,,58,,,,11_person.csv
fc807bfd-20e0-5a02-b05b-daeb2e594e68,Tamil Nadu Person PERSON-025787,Female,KANCHEEPURAM Area,imported,12fe593e-e883-5cac-9710-f2ba74198299,PERSON-025787,,36,,,,11_person.csv
530b16e7-0ab3-5d29-be68-62b01af10de2,Tamil Nadu Person PERSON-025788,Female,KANYAKUMARI Area,imported,12fe593e-e883-5cac-9710-f2ba74198299,PERSON-025788,,74,,,,11_person.csv
19c004d7-f204-52bc-a1ac-18f037c5471c,Tamil Nadu Person PERSON-025803,Other,RANIPET Area,imported,12fe593e-e883-5cac-9710-f2ba74198299,PERSON-025803,,61,,,,11_person.csv
3d5c3154-ee9b-5705-bede-ec1def5e1e80,Tamil Nadu Person PERSON-025824,Male,KRISHNAGIRI Area,imported,12fe593e-e883-5cac-9710-f2ba74198299,PERSON-025824,,29,,,,11_person.csv
aac61538-5347-5472-8d0e-31e4ad91366c,Tamil Nadu Person PERSON-025830,Other,THENI Area,imported,12fe593e-e883-5cac-9710-f2ba74198299,PERSON-025830,,67,,,,11_person.csv
7f087320-51c1-5ffb-9a8f-78bee0cf7eb8,Tamil Nadu Person PERSON-025850,Female,TIRUPPUR Area,imported,12fe593e-e883-5cac-9710-f2ba74198299,PERSON-025850,,59,,,,11_person.csv
011f9a61-09bf-53a4-8a72-468067d8dba6,Tamil Nadu Person PERSON-025853,Other,DINDIGUL Area,imported,12fe593e-e883-5cac-9710-f2ba74198299,PERSON-025853,,42,,,,11_person.csv
df18ddea-2720-51e3-88a1-83225bd7b1f3,Tamil Nadu Person PERSON-025862,Female,MADURAI Area,imported,12fe593e-e883-5cac-9710-f2ba74198299,PERSON-025862,,51,,,,11_person.csv
0f47b9df-8caf-56e8-afb6-9dae98c58e50,Tamil Nadu Person PERSON-025864,Other,PERAMBALUR Area,imported,12fe593e-e883-5cac-9710-f2ba74198299,PERSON-025864,,45,,,,11_person.csv
5e7318ca-258f-5dfe-b917-c2d31b21cc82,Tamil Nadu Person PERSON-025866,Male,CUDDALORE Area,imported,12fe593e-e883-5cac-9710-f2ba74198299,PERSON-025866,,45,,,,11_person.csv
279132ed-716f-5f48-ad5b-d514e5d21c33,Tamil Nadu Person PERSON-025889,Other,DHARMAPURI Area,imported,12fe593e-e883-5cac-9710-f2ba74198299,PERSON-025889,,54,,,,11_person.csv
feb2bfe5-b323-5b46-bd03-a13369b87bbf,Tamil Nadu Person PERSON-025893,Other,PERAMBALUR Area,imported,12fe593e-e883-5cac-9710-f2ba74198299,PERSON-025893,,63,,,,11_person.csv
5de4b02a-c30b-5731-b414-ec61b2651221,Tamil Nadu Person PERSON-025898,Female,KUMBAKONAM Area,imported,12fe593e-e883-5cac-9710-f2ba74198299,PERSON-025898,,50,,,,11_person.csv
f1f74514-ad70-5b49-84d5-49bc12aeaf2a,Tamil Nadu Person PERSON-025912,Other,CHENNAI Area,imported,12fe593e-e883-5cac-9710-f2ba74198299,PERSON-025912,,68,,,,11_person.csv
c62735c9-1f0a-5ee2-b3d6-c36589f38abc,Tamil Nadu Person PERSON-025917,Male,ARIYALUR Area,imported,12fe593e-e883-5cac-9710-f2ba74198299,PERSON-025917,,49,,,,11_person.csv
7eee405f-291c-593b-b78d-5adc8a50c154,Tamil Nadu Person PERSON-025921,Other,THENI Area,imported,12fe593e-e883-5cac-9710-f2ba74198299,PERSON-025921,,73,,,,11_person.csv
cedb223d-c4cc-5b51-8968-cc9a2732135e,Tamil Nadu Person PERSON-025929,Male,CHENGALPATTU Area,imported,12fe593e-e883-5cac-9710-f2ba74198299,PERSON-025929,,30,,,,11_person.csv
03dac6e9-7c36-55d5-bb36-11c185bd4753,Tamil Nadu Person PERSON-025939,Other,TIRUVANNAMALAI Area,imported,12fe593e-e883-5cac-9710-f2ba74198299,PERSON-025939,,45,,,,11_person.csv
9aceafeb-460a-5dd1-97b9-e1708d4f2fb7,Tamil Nadu Person PERSON-025941,Other,THOOTHUKUDI Area,imported,12fe593e-e883-5cac-9710-f2ba74198299,PERSON-025941,,47,,,,11_person.csv
9b154889-1dc8-51e2-b5ea-845a8ae08a3d,Tamil Nadu Person PERSON-025946,Male,VIRUDHUNAGAR Area,imported,12fe593e-e883-5cac-9710-f2ba74198299,PERSON-025946,,54,,,,11_person.csv
4ef3fb07-b9cc-50a5-bd9b-b87f1e538746,Tamil Nadu Person PERSON-025950,Other,NAMAKKAL Area,imported,12fe593e-e883-5cac-9710-f2ba74198299,PERSON-025950,,35,,,,11_person.csv
4cdffeec-70a7-516a-a17a-61b05e977519,Tamil Nadu Person PERSON-025953,Female,TIRUVANNAMALAI Area,imported,12fe593e-e883-5cac-9710-f2ba74198299,PERSON-025953,,74,,,,11_person.csv
0d018200-06ac-5341-9755-7bfe9efe23aa,Tamil Nadu Person PERSON-025960,Male,RAMANATHAPURAM Area,imported,12fe593e-e883-5cac-9710-f2ba74198299,PERSON-025960,,23,,,,11_person.csv
e1894369-66c6-59cd-82ab-d6d4e4b23a0e,Tamil Nadu Person PERSON-025985,Female,TIRUNELVELI Area,imported,12fe593e-e883-5cac-9710-f2ba74198299,PERSON-025985,,44,,,,11_person.csv
d657ae2f-557d-5dc6-9b96-52978e130c96,Tamil Nadu Person PERSON-025990,Other,TENKASI Area,imported,12fe593e-e883-5cac-9710-f2ba74198299,PERSON-025990,,75,,,,11_person.csv
0a3fc5f3-168d-551a-bf4f-157b71452d2c,Tamil Nadu Person PERSON-025995,Male,TIRUVANNAMALAI Area,imported,12fe593e-e883-5cac-9710-f2ba74198299,PERSON-025995,,65,,,,11_person.csv
56b9cba7-ac5a-5de6-8f29-55ee2f5057ba,Tamil Nadu Person PERSON-025997,Other,KALLAKURICHI Area,imported,12fe593e-e883-5cac-9710-f2ba74198299,PERSON-025997,,73,,,,11_person.csv
d1c7b1f0-1314-5856-9a18-c14a6452ec7a,Tamil Nadu Person PERSON-026010,Female,SALEM Area,imported,12fe593e-e883-5cac-9710-f2ba74198299,PERSON-026010,,74,,,,11_person.csv
6977a2a4-0cfb-5408-be90-6142d9966a3b,Tamil Nadu Person PERSON-026019,Male,PERAMBALUR Area,imported,12fe593e-e883-5cac-9710-f2ba74198299,PERSON-026019,,66,,,,11_person.csv
42567bde-23b7-5681-a9cc-2f7202121397,Tamil Nadu Person PERSON-026020,Female,TIRUNELVELI Area,imported,12fe593e-e883-5cac-9710-f2ba74198299,PERSON-026020,,32,,,,11_person.csv
6104082b-123e-546d-a01c-f50dc9779be8,Tamil Nadu Person PERSON-026023,Male,CHENNAI Area,imported,12fe593e-e883-5cac-9710-f2ba74198299,PERSON-026023,,35,,,,11_person.csv
7a635cf6-2850-5e73-b088-0a1bbb1cf3fe,Tamil Nadu Person PERSON-026029,Other,ERODE Area,imported,12fe593e-e883-5cac-9710-f2ba74198299,PERSON-026029,,20,,,,11_person.csv
8d1fefdd-369c-5f8a-a37b-b029401a0064,Tamil Nadu Person PERSON-026032,Male,SIVAGANGA Area,imported,12fe593e-e883-5cac-9710-f2ba74198299,PERSON-026032,,35,,,,11_person.csv
3c8df5e7-9eeb-52a7-a1f0-a86d93c213b7,Tamil Nadu Person PERSON-026072,Male,TIRUCHIRAPPALLI Area,imported,12fe593e-e883-5cac-9710-f2ba74198299,PERSON-026072,,22,,,,11_person.csv
64e066be-67cf-5db0-9fbe-5d9b63bfbfe1,Tamil Nadu Person PERSON-026075,Other,PUDUKOTTAI Area,imported,12fe593e-e883-5cac-9710-f2ba74198299,PERSON-026075,,29,,,,11_person.csv
6252cf91-46aa-5afa-bdf3-515da4b0d49b,Tamil Nadu Person PERSON-026088,Female,SIVAGANGA Area,imported,12fe593e-e883-5cac-9710-f2ba74198299,PERSON-026088,,65,,,,11_person.csv
db072620-92b8-57cd-a9f8-230b4b255d2f,Tamil Nadu Person PERSON-026110,Other,KANYAKUMARI Area,imported,12fe593e-e883-5cac-9710-f2ba74198299,PERSON-026110,,21,,,,11_person.csv
12f717e7-b224-561d-968f-919d1e0b96a6,Tamil Nadu Person PERSON-026114,Other,CHENNAI Area,imported,12fe593e-e883-5cac-9710-f2ba74198299,PERSON-026114,,28,,,,11_person.csv
d8320379-9c2d-5a93-b29e-7515d3d03476,Tamil Nadu Person PERSON-026118,Other,PUDUKOTTAI Area,imported,12fe593e-e883-5cac-9710-f2ba74198299,PERSON-026118,,55,,,,11_person.csv
6fc20256-a416-57b3-94bd-73a6ee116343,Tamil Nadu Person PERSON-026135,Female,MAYILADUTHURAI Area,imported,12fe593e-e883-5cac-9710-f2ba74198299,PERSON-026135,,34,,,,11_person.csv
2eef8cdc-e1e2-54d0-b8d8-6e65c99c32ec,Tamil Nadu Person PERSON-026140,Other,KANCHEEPURAM Area,imported,12fe593e-e883-5cac-9710-f2ba74198299,PERSON-026140,,69,,,,11_person.csv
c5b4d7e5-7729-55ff-bafb-62ccfb02438f,Tamil Nadu Person PERSON-026148,Male,VIRUDHUNAGAR Area,imported,12fe593e-e883-5cac-9710-f2ba74198299,PERSON-026148,,33,,,,11_person.csv
c725a565-a198-5572-bec1-fb2ee5fbf5f3,Tamil Nadu Person PERSON-026152,Female,TIRUPPUR Area,imported,12fe593e-e883-5cac-9710-f2ba74198299,PERSON-026152,,44,,,,11_person.csv
fe9c98ae-310c-5f1c-aac9-6814d5e9d923,Tamil Nadu Person PERSON-026168,Female,KANYAKUMARI Area,imported,12fe593e-e883-5cac-9710-f2ba74198299,PERSON-026168,,23,,,,11_person.csv
7c727537-9cbb-5e76-8d7b-f37399a83ce0,Tamil Nadu Person PERSON-026188,Other,KARUR Area,imported,12fe593e-e883-5cac-9710-f2ba74198299,PERSON-026188,,29,,,,11_person.csv
5a2703dc-81b1-5cce-83f6-ce1bb6c18717,Tamil Nadu Person PERSON-026203,Male,TIRUNELVELI Area,imported,12fe593e-e883-5cac-9710-f2ba74198299,PERSON-026203,,67,,,,11_person.csv
ca1a47c4-6351-510b-8fb6-b6ee538d7352,Tamil Nadu Person PERSON-026217,Other,COIMBATORE Area,imported,12fe593e-e883-5cac-9710-f2ba74198299,PERSON-026217,,69,,,,11_person.csv
d8a16905-2583-5942-8df6-a5f0ec1c502a,Tamil Nadu Person PERSON-026294,Female,DINDIGUL Area,imported,12fe593e-e883-5cac-9710-f2ba74198299,PERSON-026294,,23,,,,11_person.csv
99fab19c-f5a5-5c08-87e0-4d50316b9241,Tamil Nadu Person PERSON-026300,Other,THENI Area,imported,12fe593e-e883-5cac-9710-f2ba74198299,PERSON-026300,,21,,,,11_person.csv
d0ad1531-77d5-54a9-b197-1a644a3198ec,Tamil Nadu Person PERSON-026310,Other,CHENGALPATTU Area,imported,12fe593e-e883-5cac-9710-f2ba74198299,PERSON-026310,,22,,,,11_person.csv
b6a31696-67fd-597c-81f6-56da7cf9f0cc,Tamil Nadu Person PERSON-026311,Other,THOOTHUKUDI Area,imported,12fe593e-e883-5cac-9710-f2ba74198299,PERSON-026311,,29,,,,11_person.csv
747dd11f-ad64-5368-b0bc-7536d7a7ed6c,Tamil Nadu Person PERSON-026322,Other,KRISHNAGIRI Area,imported,12fe593e-e883-5cac-9710-f2ba74198299,PERSON-026322,,48,,,,11_person.csv
69e33596-881e-5f9e-89ec-a8bf8ea48f2f,Tamil Nadu Person PERSON-026345,Other,KUMBAKONAM Area,imported,12fe593e-e883-5cac-9710-f2ba74198299,PERSON-026345,,29,,,,11_person.csv
e272152a-c2f7-5671-8959-243633c8c152,Tamil Nadu Person PERSON-026355,Other,PUDUKOTTAI Area,imported,12fe593e-e883-5cac-9710-f2ba74198299,PERSON-026355,,39,,,,11_person.csv
aa2d5a94-2f3e-59de-8e40-ebea487851c7,Tamil Nadu Person PERSON-026373,Other,KALLAKURICHI Area,imported,12fe593e-e883-5cac-9710-f2ba74198299,PERSON-026373,,21,,,,11_person.csv
4ba96136-126a-5147-a79b-bcc38f1fc3ec,Tamil Nadu Person PERSON-026379,Female,NAGAPATTINAM Area,imported,12fe593e-e883-5cac-9710-f2ba74198299,PERSON-026379,,24,,,,11_person.csv
ecc49332-a49c-5dc1-8054-886712465a2c,Tamil Nadu Person PERSON-026383,Male,PERAMBALUR Area,imported,12fe593e-e883-5cac-9710-f2ba74198299,PERSON-026383,,33,,,,11_person.csv
8a6bb0df-bc69-52cd-a0d3-3a7d578295a7,Tamil Nadu Person PERSON-026389,Female,NAMAKKAL Area,imported,12fe593e-e883-5cac-9710-f2ba74198299,PERSON-026389,,22,,,,11_person.csv
1c5fb668-49cf-5f1b-9c73-afb7919e9b73,Tamil Nadu Person PERSON-026393,Other,CHENGALPATTU Area,imported,12fe593e-e883-5cac-9710-f2ba74198299,PERSON-026393,,45,,,,11_person.csv
00d616ad-d3ed-5c46-80c6-a74a0b556e7e,Tamil Nadu Person PERSON-026427,Female,VIRUDHUNAGAR Area,imported,12fe593e-e883-5cac-9710-f2ba74198299,PERSON-026427,,61,,,,11_person.csv
3eae2b79-b26d-5dbd-b628-0ddd5a17ef9a,Tamil Nadu Person PERSON-026446,Female,ERODE Area,imported,12fe593e-e883-5cac-9710-f2ba74198299,PERSON-026446,,43,,,,11_person.csv
5d62174c-e120-56a7-8dac-8d0d01569ced,Tamil Nadu Person PERSON-026452,Male,KANCHEEPURAM Area,imported,12fe593e-e883-5cac-9710-f2ba74198299,PERSON-026452,,32,,,,11_person.csv
2b0600d3-bf13-5d60-bebf-422ea23864c2,Tamil Nadu Person PERSON-026462,Other,TIRUPPUR Area,imported,12fe593e-e883-5cac-9710-f2ba74198299,PERSON-026462,,39,,,,11_person.csv
af409cc4-e13a-5306-a8d6-beefcf42d96b,Tamil Nadu Person PERSON-026482,Male,KRISHNAGIRI Area,imported,12fe593e-e883-5cac-9710-f2ba74198299,PERSON-026482,,26,,,,11_person.csv
11d2ac35-2cdd-5c1d-aedf-dfa778178295,Tamil Nadu Person PERSON-026484,Male,COIMBATORE Area,imported,12fe593e-e883-5cac-9710-f2ba74198299,PERSON-026484,,24,,,,11_person.csv
b4b026f9-5781-5b78-933f-fe13bd7dd1a1,Tamil Nadu Person PERSON-026496,Other,THIRUVARUR Area,imported,12fe593e-e883-5cac-9710-f2ba74198299,PERSON-026496,,74,,,,11_person.csv
366b64b2-4b99-5a35-ba25-cb3b59d2ea85,Tamil Nadu Person PERSON-026526,Female,TIRUPPUR Area,imported,12fe593e-e883-5cac-9710-f2ba74198299,PERSON-026526,,67,,,,11_person.csv
5afa8cf1-0082-53b0-8325-b3ece1762b69,Tamil Nadu Person PERSON-026527,Male,THOOTHUKUDI Area,imported,12fe593e-e883-5cac-9710-f2ba74198299,PERSON-026527,,68,,,,11_person.csv
551446ce-7f81-538d-a908-b292fb181735,Tamil Nadu Person PERSON-026528,Other,KANYAKUMARI Area,imported,12fe593e-e883-5cac-9710-f2ba74198299,PERSON-026528,,75,,,,11_person.csv
4a67ad82-2ff7-58d8-8ddd-c752fd734fe0,Tamil Nadu Person PERSON-026553,Male,TENKASI Area,imported,12fe593e-e883-5cac-9710-f2ba74198299,PERSON-026553,,76,,,,11_person.csv
8dd131c1-1fe1-5d6b-836a-f5bfb5903e14,Tamil Nadu Person PERSON-026557,Female,ERODE Area,imported,12fe593e-e883-5cac-9710-f2ba74198299,PERSON-026557,,21,,,,11_person.csv
b34f0093-0810-594e-b885-d9b1d10a1b67,Tamil Nadu Person PERSON-026591,Male,TIRUNELVELI Area,imported,12fe593e-e883-5cac-9710-f2ba74198299,PERSON-026591,,64,,,,11_person.csv
70da61dd-79ae-59b4-b687-1c9951df1dba,Tamil Nadu Person PERSON-026599,Other,VIRUDHUNAGAR Area,imported,12fe593e-e883-5cac-9710-f2ba74198299,PERSON-026599,,38,,,,11_person.csv
5182e970-ac29-57d0-970a-4fbce3633771,Tamil Nadu Person PERSON-026613,Female,KRISHNAGIRI Area,imported,12fe593e-e883-5cac-9710-f2ba74198299,PERSON-026613,,62,,,,11_person.csv
80c81d8d-94af-5ca6-b535-4bd2ce9d0987,Tamil Nadu Person PERSON-026635,Male,THE_NILGIRIS Area,imported,12fe593e-e883-5cac-9710-f2ba74198299,PERSON-026635,,62,,,,11_person.csv
f19ce661-58cf-5eb8-b695-b9d8c31acd4c,Tamil Nadu Person PERSON-026642,Male,CHENGALPATTU Area,imported,12fe593e-e883-5cac-9710-f2ba74198299,PERSON-026642,,38,,,,11_person.csv
448a34d6-16a0-58d7-8c1e-56ff55bb3244,Tamil Nadu Person PERSON-026643,Other,KARUR Area,imported,12fe593e-e883-5cac-9710-f2ba74198299,PERSON-026643,,47,,,,11_person.csv
f2777789-7a42-52b3-8edf-952814dbc3ca,Tamil Nadu Person PERSON-026653,Male,COIMBATORE Area,imported,12fe593e-e883-5cac-9710-f2ba74198299,PERSON-026653,,66,,,,11_person.csv
1859d645-9a69-53eb-88f1-0ac39017c0a2,Tamil Nadu Person PERSON-026657,Other,MAYILADUTHURAI Area,imported,12fe593e-e883-5cac-9710-f2ba74198299,PERSON-026657,,26,,,,11_person.csv
617188a0-51bc-5ded-a43b-54d81056c72a,Tamil Nadu Person PERSON-026679,Other,ERODE Area,imported,12fe593e-e883-5cac-9710-f2ba74198299,PERSON-026679,,64,,,,11_person.csv
83ef94dc-2038-5c5b-b345-fe72c3f8a771,Tamil Nadu Person PERSON-026686,Other,CUDDALORE Area,imported,12fe593e-e883-5cac-9710-f2ba74198299,PERSON-026686,,26,,,,11_person.csv
4e361b73-11b3-52c7-a672-a18c2f0cdfd5,Tamil Nadu Person PERSON-026689,Male,MAYILADUTHURAI Area,imported,12fe593e-e883-5cac-9710-f2ba74198299,PERSON-026689,,71,,,,11_person.csv
57b9e493-c1f9-5581-ae8a-d2b4fb6e1129,Tamil Nadu Person PERSON-026691,Other,TIRUPPUR Area,imported,12fe593e-e883-5cac-9710-f2ba74198299,PERSON-026691,,71,,,,11_person.csv
5b0704f4-ccaa-5ebf-9b06-10d4a8e03b6e,Tamil Nadu Person PERSON-026706,Other,VIRUDHUNAGAR Area,imported,12fe593e-e883-5cac-9710-f2ba74198299,PERSON-026706,,56,,,,11_person.csv
c059e56f-a67f-52af-9eab-572b41e4b586,Tamil Nadu Person PERSON-026716,Other,TIRUPPUR Area,imported,12fe593e-e883-5cac-9710-f2ba74198299,PERSON-026716,,28,,,,11_person.csv
4e314227-e905-5746-82ea-583f5a977215,Tamil Nadu Person PERSON-026719,Other,DINDIGUL Area,imported,12fe593e-e883-5cac-9710-f2ba74198299,PERSON-026719,,36,,,,11_person.csv
05385895-e871-52cb-a956-081502dbbd1c,Tamil Nadu Person PERSON-026723,Female,MADURAI Area,imported,12fe593e-e883-5cac-9710-f2ba74198299,PERSON-026723,,30,,,,11_person.csv
0a1cc1a2-2c80-57c9-8226-9dc0dd4373f0,Tamil Nadu Person PERSON-026734,Other,THIRUVARUR Area,imported,12fe593e-e883-5cac-9710-f2ba74198299,PERSON-026734,,50,,,,11_person.csv
7d1ef6ca-e399-5e6e-94d3-f81ac4eaea1d,Tamil Nadu Person PERSON-026773,Female,ERODE Area,imported,12fe593e-e883-5cac-9710-f2ba74198299,PERSON-026773,,31,,,,11_person.csv
45eabedc-f957-5a60-808f-9374c3f5a6d3,Tamil Nadu Person PERSON-026789,Female,THOOTHUKUDI Area,imported,12fe593e-e883-5cac-9710-f2ba74198299,PERSON-026789,,44,,,,11_person.csv
f47d6d0f-a233-56ae-9253-ef0c4af234c3,Tamil Nadu Person PERSON-026811,Male,THIRUVALLUR Area,imported,12fe593e-e883-5cac-9710-f2ba74198299,PERSON-026811,,52,,,,11_person.csv
75f2877a-400b-52b4-b22a-c6ac15a8c044,Tamil Nadu Person PERSON-026818,Male,RAMANATHAPURAM Area,imported,12fe593e-e883-5cac-9710-f2ba74198299,PERSON-026818,,64,,,,11_person.csv
7a20e4df-798b-5768-a3cb-9e20b1783022,Tamil Nadu Person PERSON-026830,Female,CUDDALORE Area,imported,12fe593e-e883-5cac-9710-f2ba74198299,PERSON-026830,,61,,,,11_person.csv
c952834d-b15e-50d7-a5da-ceab411a4ccb,Tamil Nadu Person PERSON-026834,Female,SALEM Area,imported,12fe593e-e883-5cac-9710-f2ba74198299,PERSON-026834,,60,,,,11_person.csv
df5d5da1-e71f-52cd-8d2f-a6916a17c5ee,Tamil Nadu Person PERSON-026838,Male,KANCHEEPURAM Area,imported,12fe593e-e883-5cac-9710-f2ba74198299,PERSON-026838,,32,,,,11_person.csv
6abcc668-5ac9-5d18-8c74-03596e69fe21,Tamil Nadu Person PERSON-026854,Other,TENKASI Area,imported,12fe593e-e883-5cac-9710-f2ba74198299,PERSON-026854,,44,,,,11_person.csv
b008b4eb-8940-5047-9dc0-b96344a6fe69,Tamil Nadu Person PERSON-026884,Female,CHENNAI Area,imported,12fe593e-e883-5cac-9710-f2ba74198299,PERSON-026884,,49,,,,11_person.csv
e658def1-6300-5991-896d-8e7c20e7b0dc,Tamil Nadu Person PERSON-026893,Female,TIRUCHIRAPPALLI Area,imported,12fe593e-e883-5cac-9710-f2ba74198299,PERSON-026893,,45,,,,11_person.csv
c925538e-467d-537a-a455-938a1ab6ad25,Tamil Nadu Person PERSON-026900,Other,MADURAI Area,imported,12fe593e-e883-5cac-9710-f2ba74198299,PERSON-026900,,70,,,,11_person.csv
c8ec5749-19bf-57ed-b4b6-1db1d110c4e5,Tamil Nadu Person PERSON-026911,Other,KRISHNAGIRI Area,imported,12fe593e-e883-5cac-9710-f2ba74198299,PERSON-026911,,68,,,,11_person.csv
cc08b8e3-7bc8-52cd-820a-3a8942788d3c,Tamil Nadu Person PERSON-026912,Other,ARIYALUR Area,imported,12fe593e-e883-5cac-9710-f2ba74198299,PERSON-026912,,36,,,,11_person.csv
5a1a030e-548c-5378-9109-2b7dfd7fd572,Tamil Nadu Person PERSON-026919,Male,TIRUPPUR Area,imported,12fe593e-e883-5cac-9710-f2ba74198299,PERSON-026919,,55,,,,11_person.csv
5f7353bf-e1ed-5fdd-941f-2e5eda104fe6,Tamil Nadu Person PERSON-026932,Female,KANYAKUMARI Area,imported,12fe593e-e883-5cac-9710-f2ba74198299,PERSON-026932,,72,,,,11_person.csv
0340919f-443f-5360-a290-6e46fabe3d2d,Tamil Nadu Person PERSON-026957,Male,TIRUPATHUR Area,imported,12fe593e-e883-5cac-9710-f2ba74198299,PERSON-026957,,69,,,,11_person.csv
4869b6d4-0ec6-5779-9af6-2982dee86dbd,Tamil Nadu Person PERSON-026965,Other,KUMBAKONAM Area,imported,12fe593e-e883-5cac-9710-f2ba74198299,PERSON-026965,,63,,,,11_person.csv
76d0de1c-affa-58dc-9b9e-21d065347ebe,Tamil Nadu Person PERSON-026972,Male,COIMBATORE Area,imported,12fe593e-e883-5cac-9710-f2ba74198299,PERSON-026972,,70,,,,11_person.csv
08124860-17c9-52ad-b694-7b60b2f39db3,Tamil Nadu Person PERSON-026974,Other,TIRUNELVELI Area,imported,12fe593e-e883-5cac-9710-f2ba74198299,PERSON-026974,,38,,,,11_person.csv
c9ee4500-898e-521b-bf3d-9bf8ba41f723,Tamil Nadu Person PERSON-026976,Female,CHENNAI Area,imported,12fe593e-e883-5cac-9710-f2ba74198299,PERSON-026976,,48,,,,11_person.csv
cb4f00e8-51de-5260-9760-6d7ba1178cfb,Tamil Nadu Person PERSON-026993,Male,MAYILADUTHURAI Area,imported,12fe593e-e883-5cac-9710-f2ba74198299,PERSON-026993,,74,,,,11_person.csv
21c83935-da00-587e-ac3b-6d70bb194ece,Tamil Nadu Person PERSON-026998,Other,VIRUDHUNAGAR Area,imported,12fe593e-e883-5cac-9710-f2ba74198299,PERSON-026998,,33,,,,11_person.csv
d94963e5-30b6-5d94-998c-b5e71009982f,Tamil Nadu Person PERSON-027001,Other,KRISHNAGIRI Area,imported,12fe593e-e883-5cac-9710-f2ba74198299,PERSON-027001,,52,,,,11_person.csv
db1e0e89-7207-5611-a577-60157ca7fefb,Tamil Nadu Person PERSON-027008,Other,DHARMAPURI Area,imported,12fe593e-e883-5cac-9710-f2ba74198299,PERSON-027008,,66,,,,11_person.csv
eb3c266f-c1fb-50de-8f43-73b7a70b63e4,Tamil Nadu Person PERSON-027013,Other,PERAMBALUR Area,imported,12fe593e-e883-5cac-9710-f2ba74198299,PERSON-027013,,38,,,,11_person.csv
4965942c-9f03-5eb7-b3c1-1f7fed280052,Tamil Nadu Person PERSON-027032,Other,RAMESWARAM Area,imported,12fe593e-e883-5cac-9710-f2ba74198299,PERSON-027032,,68,,,,11_person.csv
a9972c25-3017-5550-a12e-bbbf9fd56368,Tamil Nadu Person PERSON-027039,Other,THE_NILGIRIS Area,imported,12fe593e-e883-5cac-9710-f2ba74198299,PERSON-027039,,21,,,,11_person.csv
f767d59e-c310-5e62-8744-5a0cdd4e6b7c,Tamil Nadu Person PERSON-027054,Other,CHENNAI Area,imported,12fe593e-e883-5cac-9710-f2ba74198299,PERSON-027054,,40,,,,11_person.csv
e6addb08-84ea-5318-a548-19aae5266e68,Tamil Nadu Person PERSON-027067,Male,THOOTHUKUDI Area,imported,12fe593e-e883-5cac-9710-f2ba74198299,PERSON-027067,,76,,,,11_person.csv
82522488-0c7a-544b-a9ce-87970e1874b5,Tamil Nadu Person PERSON-027070,Male,ERODE Area,imported,12fe593e-e883-5cac-9710-f2ba74198299,PERSON-027070,,45,,,,11_person.csv
bf7ab6be-33ae-5624-ad0c-3bd2fbccdca3,Tamil Nadu Person PERSON-027092,Other,NAMAKKAL Area,imported,12fe593e-e883-5cac-9710-f2ba74198299,PERSON-027092,,37,,,,11_person.csv
c04904c4-58b7-5c99-b943-71ad31864827,Tamil Nadu Person PERSON-027106,Other,TIRUCHIRAPPALLI Area,imported,12fe593e-e883-5cac-9710-f2ba74198299,PERSON-027106,,43,,,,11_person.csv
71aab5e8-6f6e-5b97-b231-b203ed9a25a4,Tamil Nadu Person PERSON-027109,Other,VILUPPURAM Area,imported,12fe593e-e883-5cac-9710-f2ba74198299,PERSON-027109,,67,,,,11_person.csv
4d4d3fce-a886-52ae-bba7-939eb08bd8e4,Tamil Nadu Person PERSON-027132,Male,THOOTHUKUDI Area,imported,12fe593e-e883-5cac-9710-f2ba74198299,PERSON-027132,,72,,,,11_person.csv
40515fcc-5785-5335-bcd6-865839124e37,Tamil Nadu Person PERSON-027133,Female,DINDIGUL Area,imported,12fe593e-e883-5cac-9710-f2ba74198299,PERSON-027133,,55,,,,11_person.csv
e19d28b3-b2c5-5b5b-98b6-4bfd9dbe0a05,Tamil Nadu Person PERSON-027142,Other,THE_NILGIRIS Area,imported,12fe593e-e883-5cac-9710-f2ba74198299,PERSON-027142,,75,,,,11_person.csv
72747090-1c5a-51e0-98c9-b270fc140136,Tamil Nadu Person PERSON-027177,Male,KALLAKURICHI Area,imported,12fe593e-e883-5cac-9710-f2ba74198299,PERSON-027177,,21,,,,11_person.csv
c5dddf6b-ea3d-5f35-94ec-bfe8c48c22d2,Tamil Nadu Person PERSON-027178,Male,SALEM Area,imported,12fe593e-e883-5cac-9710-f2ba74198299,PERSON-027178,,56,,,,11_person.csv
405f6640-e5f2-5b80-a16d-71141bd3001d,Tamil Nadu Person PERSON-027180,Male,PUDUKOTTAI Area,imported,12fe593e-e883-5cac-9710-f2ba74198299,PERSON-027180,,65,,,,11_person.csv
80449a09-0152-56d0-a53c-205885f2eddd,Tamil Nadu Person PERSON-027190,Other,ERODE Area,imported,12fe593e-e883-5cac-9710-f2ba74198299,PERSON-027190,,29,,,,11_person.csv
06ef2c5e-5ed4-57c4-bc22-13917ccab77c,Tamil Nadu Person PERSON-027206,Other,RAMANATHAPURAM Area,imported,12fe593e-e883-5cac-9710-f2ba74198299,PERSON-027206,,67,,,,11_person.csv
70d6e1b3-78d7-588c-894a-c22c6b895dfd,Tamil Nadu Person PERSON-027246,Female,DHARMAPURI Area,imported,12fe593e-e883-5cac-9710-f2ba74198299,PERSON-027246,,63,,,,11_person.csv
2e799795-fb63-55f1-905c-ed37cc6162fe,Tamil Nadu Person PERSON-027766,Male,DHARMAPURI Area,imported,12fe593e-e883-5cac-9710-f2ba74198299,PERSON-027766,,33,,,,11_person.csv
35c48fb5-b517-59f3-8737-d776d540c0cb,Tamil Nadu Person PERSON-027262,Other,NAMAKKAL Area,imported,12fe593e-e883-5cac-9710-f2ba74198299,PERSON-027262,,55,,,,11_person.csv
05d0a891-3155-5598-8940-8a8816a1a284,Tamil Nadu Person PERSON-027265,Female,RANIPET Area,imported,12fe593e-e883-5cac-9710-f2ba74198299,PERSON-027265,,43,,,,11_person.csv
db368836-f8a8-5757-a827-c156bf908511,Tamil Nadu Person PERSON-027272,Other,THIRUVARUR Area,imported,12fe593e-e883-5cac-9710-f2ba74198299,PERSON-027272,,70,,,,11_person.csv
5dd23f0b-d951-5528-bbbf-3d7e08042203,Tamil Nadu Person PERSON-027286,Other,MADURAI Area,imported,12fe593e-e883-5cac-9710-f2ba74198299,PERSON-027286,,32,,,,11_person.csv
23a72fd3-aff6-5232-8465-9bda69a3fb89,Tamil Nadu Person PERSON-027287,Other,SIVAGANGA Area,imported,12fe593e-e883-5cac-9710-f2ba74198299,PERSON-027287,,40,,,,11_person.csv
08625583-3c49-52cd-b0d5-1b33915fc263,Tamil Nadu Person PERSON-027300,Male,KALLAKURICHI Area,imported,12fe593e-e883-5cac-9710-f2ba74198299,PERSON-027300,,29,,,,11_person.csv
07322a60-19c1-53eb-9aa2-e315d680609f,Tamil Nadu Person PERSON-027346,Male,THIRUVALLUR Area,imported,12fe593e-e883-5cac-9710-f2ba74198299,PERSON-027346,,24,,,,11_person.csv
43e6cd69-d4cf-52a0-9cfd-76091f9e2a2f,Tamil Nadu Person PERSON-027356,Other,CHENNAI Area,imported,12fe593e-e883-5cac-9710-f2ba74198299,PERSON-027356,,50,,,,11_person.csv
abf31e16-90e4-5b8f-86df-1d0a75c9a71e,Tamil Nadu Person PERSON-027357,Male,RANIPET Area,imported,12fe593e-e883-5cac-9710-f2ba74198299,PERSON-027357,,72,,,,11_person.csv
b3640aff-4e1a-5215-a94e-ba2fd645217c,Tamil Nadu Person PERSON-027364,Female,PUDUKOTTAI Area,imported,12fe593e-e883-5cac-9710-f2ba74198299,PERSON-027364,,25,,,,11_person.csv
a931a9f1-f4dd-5ace-ba63-0ad0f1198ada,Tamil Nadu Person PERSON-027379,Male,CHENGALPATTU Area,imported,12fe593e-e883-5cac-9710-f2ba74198299,PERSON-027379,,48,,,,11_person.csv
7cd73b4a-59d0-54c3-b09b-044e4b3131fd,Tamil Nadu Person PERSON-027390,Female,RANIPET Area,imported,12fe593e-e883-5cac-9710-f2ba74198299,PERSON-027390,,66,,,,11_person.csv
5c90a518-de1b-5ec0-bad7-0329e33efd60,Tamil Nadu Person PERSON-027393,Male,SALEM Area,imported,12fe593e-e883-5cac-9710-f2ba74198299,PERSON-027393,,38,,,,11_person.csv
7b86aa33-0bf6-587e-af8f-38187ff0c5be,Tamil Nadu Person PERSON-027400,Other,CHENNAI Area,imported,12fe593e-e883-5cac-9710-f2ba74198299,PERSON-027400,,20,,,,11_person.csv
a5b5f11b-21eb-5f1d-b524-cca4f84cc834,Tamil Nadu Person PERSON-027418,Female,THOOTHUKUDI Area,imported,12fe593e-e883-5cac-9710-f2ba74198299,PERSON-027418,,63,,,,11_person.csv
703a9bb7-a65c-5f6a-b292-e457ecfcc64b,Tamil Nadu Person PERSON-027422,Male,TIRUCHIRAPPALLI Area,imported,12fe593e-e883-5cac-9710-f2ba74198299,PERSON-027422,,26,,,,11_person.csv
a46e765e-51b9-5bd7-a204-3a464194ec5b,Tamil Nadu Person PERSON-027448,Other,DHARMAPURI Area,imported,12fe593e-e883-5cac-9710-f2ba74198299,PERSON-027448,,28,,,,11_person.csv
fd513455-8ca8-5126-848c-0c3bbdb84f49,Tamil Nadu Person PERSON-027466,Male,THIRUVARUR Area,imported,12fe593e-e883-5cac-9710-f2ba74198299,PERSON-027466,,46,,,,11_person.csv
fd309e7e-c7a9-59f6-a450-429c8e1e992a,Tamil Nadu Person PERSON-027476,Female,MADURAI Area,imported,12fe593e-e883-5cac-9710-f2ba74198299,PERSON-027476,,72,,,,11_person.csv
e3a4fca5-fb87-572c-a0fa-a0a6d2d05728,Tamil Nadu Person PERSON-027478,Male,DINDIGUL Area,imported,12fe593e-e883-5cac-9710-f2ba74198299,PERSON-027478,,22,,,,11_person.csv
be076fab-f106-51ba-bed7-31680ea4f345,Tamil Nadu Person PERSON-027485,Male,THENI Area,imported,12fe593e-e883-5cac-9710-f2ba74198299,PERSON-027485,,59,,,,11_person.csv
7e05ab48-a020-54dd-b99c-253e807231a3,Tamil Nadu Person PERSON-027504,Other,VILUPPURAM Area,imported,12fe593e-e883-5cac-9710-f2ba74198299,PERSON-027504,,37,,,,11_person.csv
ec145753-c795-58b8-8d97-8fcbec772d1e,Tamil Nadu Person PERSON-027515,Male,TIRUNELVELI Area,imported,12fe593e-e883-5cac-9710-f2ba74198299,PERSON-027515,,49,,,,11_person.csv
db402303-01cb-5396-a2b5-48e4f8979d03,Tamil Nadu Person PERSON-027525,Female,KRISHNAGIRI Area,imported,12fe593e-e883-5cac-9710-f2ba74198299,PERSON-027525,,33,,,,11_person.csv
c8ea7aa8-4213-5872-ade1-b89742507c85,Tamil Nadu Person PERSON-027528,Other,DHARMAPURI Area,imported,12fe593e-e883-5cac-9710-f2ba74198299,PERSON-027528,,38,,,,11_person.csv
8494e897-9de2-5f7e-ba7b-8c349eeddf16,Tamil Nadu Person PERSON-027563,Other,NAMAKKAL Area,imported,12fe593e-e883-5cac-9710-f2ba74198299,PERSON-027563,,55,,,,11_person.csv
2b06d035-17c5-5c95-ba58-d18f6cd9bc71,Tamil Nadu Person PERSON-027565,Other,NAMAKKAL Area,imported,12fe593e-e883-5cac-9710-f2ba74198299,PERSON-027565,,40,,,,11_person.csv
fd9b0f42-7fd1-53a2-a921-01d8a5d4e041,Tamil Nadu Person PERSON-027566,Other,TIRUPPUR Area,imported,12fe593e-e883-5cac-9710-f2ba74198299,PERSON-027566,,32,,,,11_person.csv
1f7844f9-9e17-506e-8cf1-192deda3955d,Tamil Nadu Person PERSON-027569,Other,ARIYALUR Area,imported,12fe593e-e883-5cac-9710-f2ba74198299,PERSON-027569,,31,,,,11_person.csv
3aff6265-8237-5f82-bf33-abaec17dddfa,Tamil Nadu Person PERSON-027577,Male,KARUR Area,imported,12fe593e-e883-5cac-9710-f2ba74198299,PERSON-027577,,56,,,,11_person.csv
dcc81526-88f2-5b35-96a6-126e59092a1e,Tamil Nadu Person PERSON-027584,Male,TIRUVANNAMALAI Area,imported,12fe593e-e883-5cac-9710-f2ba74198299,PERSON-027584,,64,,,,11_person.csv
3817c61c-9697-525b-b431-cdeae611c2f0,Tamil Nadu Person PERSON-027586,Female,THE_NILGIRIS Area,imported,12fe593e-e883-5cac-9710-f2ba74198299,PERSON-027586,,61,,,,11_person.csv
821c07ad-03c6-5226-9846-6178393a2b04,Tamil Nadu Person PERSON-027594,Other,CHENNAI Area,imported,12fe593e-e883-5cac-9710-f2ba74198299,PERSON-027594,,36,,,,11_person.csv
c23ae2e4-e7a6-5ed7-8684-fb466ce4ce51,Tamil Nadu Person PERSON-027596,Female,KANYAKUMARI Area,imported,12fe593e-e883-5cac-9710-f2ba74198299,PERSON-027596,,43,,,,11_person.csv
55251476-2c2c-525b-90dc-45510be172c6,Tamil Nadu Person PERSON-027597,Other,TIRUNELVELI Area,imported,12fe593e-e883-5cac-9710-f2ba74198299,PERSON-027597,,58,,,,11_person.csv
ee391f6e-31c8-51a7-b9f8-ce86d6f616b9,Tamil Nadu Person PERSON-027600,Other,DINDIGUL Area,imported,12fe593e-e883-5cac-9710-f2ba74198299,PERSON-027600,,25,,,,11_person.csv
3293dfc4-d70b-5766-b22c-77de2aa42626,Tamil Nadu Person PERSON-027606,Female,KALLAKURICHI Area,imported,12fe593e-e883-5cac-9710-f2ba74198299,PERSON-027606,,36,,,,11_person.csv
7adfe975-5f31-5518-bfd7-044474b32599,Tamil Nadu Person PERSON-027607,Male,RAMANATHAPURAM Area,imported,12fe593e-e883-5cac-9710-f2ba74198299,PERSON-027607,,40,,,,11_person.csv
9fe11679-29a6-510b-95c2-f4c6a4c64070,Tamil Nadu Person PERSON-027609,Female,TIRUPPUR Area,imported,12fe593e-e883-5cac-9710-f2ba74198299,PERSON-027609,,71,,,,11_person.csv
4da42afb-27ed-5fa4-bd8d-16787e67522b,Tamil Nadu Person PERSON-027617,Male,VILUPPURAM Area,imported,12fe593e-e883-5cac-9710-f2ba74198299,PERSON-027617,,26,,,,11_person.csv
f4fd9a10-44de-5a90-b946-749691299dcf,Tamil Nadu Person PERSON-027629,Other,CHENGALPATTU Area,imported,12fe593e-e883-5cac-9710-f2ba74198299,PERSON-027629,,28,,,,11_person.csv
1d3154d9-94a1-5f37-9d8a-58e95122b647,Tamil Nadu Person PERSON-027647,Female,TIRUNELVELI Area,imported,12fe593e-e883-5cac-9710-f2ba74198299,PERSON-027647,,25,,,,11_person.csv
e9fe874b-f2b6-5288-94ee-0ee67f251e22,Tamil Nadu Person PERSON-027649,Male,TIRUPATHUR Area,imported,12fe593e-e883-5cac-9710-f2ba74198299,PERSON-027649,,60,,,,11_person.csv
49cb0afb-fd37-5b19-b95c-67defbca3a95,Tamil Nadu Person PERSON-027653,Other,MADURAI Area,imported,12fe593e-e883-5cac-9710-f2ba74198299,PERSON-027653,,50,,,,11_person.csv
852e428a-34ac-5385-ab91-17791e940d36,Tamil Nadu Person PERSON-027661,Other,COIMBATORE Area,imported,12fe593e-e883-5cac-9710-f2ba74198299,PERSON-027661,,23,,,,11_person.csv
7b41674e-0fa1-5bd7-8400-2bccbde10984,Tamil Nadu Person PERSON-027673,Other,KALLAKURICHI Area,imported,12fe593e-e883-5cac-9710-f2ba74198299,PERSON-027673,,54,,,,11_person.csv
e89ffc97-6711-5c3d-ac43-ebf1c442786c,Tamil Nadu Person PERSON-027681,Other,SIVAGANGA Area,imported,12fe593e-e883-5cac-9710-f2ba74198299,PERSON-027681,,47,,,,11_person.csv
f5fe94a0-1e8c-5a16-8f73-ba7722db3513,Tamil Nadu Person PERSON-027693,Other,KARUR Area,imported,12fe593e-e883-5cac-9710-f2ba74198299,PERSON-027693,,30,,,,11_person.csv
24a7e2ae-2ba2-540d-918a-e1ef1b00864f,Tamil Nadu Person PERSON-027697,Female,TIRUPATHUR Area,imported,12fe593e-e883-5cac-9710-f2ba74198299,PERSON-027697,,36,,,,11_person.csv
564bce54-b746-572b-a35b-dc4909e5b4b0,Tamil Nadu Person PERSON-027702,Male,COIMBATORE Area,imported,12fe593e-e883-5cac-9710-f2ba74198299,PERSON-027702,,34,,,,11_person.csv
c81551b6-f55f-5a74-b000-d2bfb1294b75,Tamil Nadu Person PERSON-027736,Other,KANCHEEPURAM Area,imported,12fe593e-e883-5cac-9710-f2ba74198299,PERSON-027736,,49,,,,11_person.csv
6f3187b8-ed41-5b13-8927-9d46425989df,Tamil Nadu Person PERSON-027757,Other,KANYAKUMARI Area,imported,12fe593e-e883-5cac-9710-f2ba74198299,PERSON-027757,,33,,,,11_person.csv
1a0e09c3-e53d-5f54-8346-ac653ac1f28a,Tamil Nadu Person PERSON-027779,Male,TIRUCHIRAPPALLI Area,imported,12fe593e-e883-5cac-9710-f2ba74198299,PERSON-027779,,32,,,,11_person.csv
14832496-801b-5969-b3d4-f44ffdbdcdf4,Tamil Nadu Person PERSON-027791,Male,KRISHNAGIRI Area,imported,12fe593e-e883-5cac-9710-f2ba74198299,PERSON-027791,,73,,,,11_person.csv
83d803fe-abff-5a3d-8726-cc6c767c7ac3,Tamil Nadu Person PERSON-027797,Other,THOOTHUKUDI Area,imported,12fe593e-e883-5cac-9710-f2ba74198299,PERSON-027797,,62,,,,11_person.csv
db9abb84-486f-52cf-ae38-9f0b443502fe,Tamil Nadu Person PERSON-027813,Male,RAMANATHAPURAM Area,imported,12fe593e-e883-5cac-9710-f2ba74198299,PERSON-027813,,21,,,,11_person.csv
e3a895ce-1ff5-5b58-8392-03f246449980,Tamil Nadu Person PERSON-027826,Other,PERAMBALUR Area,imported,12fe593e-e883-5cac-9710-f2ba74198299,PERSON-027826,,61,,,,11_person.csv
907e383b-c4d4-5d5c-8314-ae31319755bd,Tamil Nadu Person PERSON-027827,Other,KANCHEEPURAM Area,imported,12fe593e-e883-5cac-9710-f2ba74198299,PERSON-027827,,50,,,,11_person.csv
a7a8aaf3-8646-586b-8ea5-e830220c5977,Tamil Nadu Person PERSON-027836,Other,KUMBAKONAM Area,imported,12fe593e-e883-5cac-9710-f2ba74198299,PERSON-027836,,53,,,,11_person.csv
d840c49a-fefb-5c47-a22f-4e4d9f3d15e6,Tamil Nadu Person PERSON-027842,Other,KANYAKUMARI Area,imported,12fe593e-e883-5cac-9710-f2ba74198299,PERSON-027842,,64,,,,11_person.csv
8d28fb79-292a-55a5-8b11-3ee521fd18e3,Tamil Nadu Person PERSON-027854,Other,THENI Area,imported,12fe593e-e883-5cac-9710-f2ba74198299,PERSON-027854,,67,,,,11_person.csv
8bd88bb6-0539-5a17-8924-f51d42681e35,Tamil Nadu Person PERSON-027867,Other,MAYILADUTHURAI Area,imported,12fe593e-e883-5cac-9710-f2ba74198299,PERSON-027867,,26,,,,11_person.csv
0eaf75c8-7bc2-5b42-8e33-19467738a974,Tamil Nadu Person PERSON-027874,Other,KANYAKUMARI Area,imported,12fe593e-e883-5cac-9710-f2ba74198299,PERSON-027874,,49,,,,11_person.csv
e1bc2341-2159-58e8-87f1-f8037e12eab8,Tamil Nadu Person PERSON-027885,Female,DHARMAPURI Area,imported,12fe593e-e883-5cac-9710-f2ba74198299,PERSON-027885,,38,,,,11_person.csv
bdb4953a-2d82-591f-9766-e6d993409ce3,Tamil Nadu Person PERSON-027896,Other,SALEM Area,imported,12fe593e-e883-5cac-9710-f2ba74198299,PERSON-027896,,65,,,,11_person.csv
f65855ea-5a9f-5c4d-8bbe-aca322ad232a,Tamil Nadu Person PERSON-027909,Other,DHARMAPURI Area,imported,12fe593e-e883-5cac-9710-f2ba74198299,PERSON-027909,,67,,,,11_person.csv
49fd2c8f-4827-585c-9460-25752cc478f9,Tamil Nadu Person PERSON-027913,Male,TIRUCHIRAPPALLI Area,imported,12fe593e-e883-5cac-9710-f2ba74198299,PERSON-027913,,64,,,,11_person.csv
9c4dcb79-4354-5b20-8a42-cede6d75b1f5,Tamil Nadu Person PERSON-027923,Male,TENKASI Area,imported,12fe593e-e883-5cac-9710-f2ba74198299,PERSON-027923,,46,,,,11_person.csv
49e12db9-6394-594f-9f3c-af53c36e9111,Tamil Nadu Person PERSON-027924,Other,THOOTHUKUDI Area,imported,12fe593e-e883-5cac-9710-f2ba74198299,PERSON-027924,,68,,,,11_person.csv
692769a5-4c63-5020-be29-66872bd9c8b4,Tamil Nadu Person PERSON-027929,Male,TIRUVANNAMALAI Area,imported,12fe593e-e883-5cac-9710-f2ba74198299,PERSON-027929,,71,,,,11_person.csv
187ce977-b263-5118-a759-af9877c015af,Tamil Nadu Person PERSON-027931,Other,COIMBATORE Area,imported,12fe593e-e883-5cac-9710-f2ba74198299,PERSON-027931,,57,,,,11_person.csv
cefa78b4-7fca-5b95-af4a-b5b8b48e6e4c,Tamil Nadu Person PERSON-027932,Other,KUMBAKONAM Area,imported,12fe593e-e883-5cac-9710-f2ba74198299,PERSON-027932,,39,,,,11_person.csv
f733e531-7bbb-5d62-aa4c-54ec94f1085a,Tamil Nadu Person PERSON-027934,Female,KALLAKURICHI Area,imported,12fe593e-e883-5cac-9710-f2ba74198299,PERSON-027934,,53,,,,11_person.csv
ab0b429e-1d84-591b-a0cd-f3cf71f4e80c,Tamil Nadu Person PERSON-027938,Female,NAMAKKAL Area,imported,12fe593e-e883-5cac-9710-f2ba74198299,PERSON-027938,,59,,,,11_person.csv
73018321-798f-5f54-b130-3664945624a1,Tamil Nadu Person PERSON-027940,Other,KALLAKURICHI Area,imported,12fe593e-e883-5cac-9710-f2ba74198299,PERSON-027940,,51,,,,11_person.csv
e1da9103-3e6e-5e05-9283-36a029cf783d,Tamil Nadu Person PERSON-027952,Other,THOOTHUKUDI Area,imported,12fe593e-e883-5cac-9710-f2ba74198299,PERSON-027952,,46,,,,11_person.csv
54bec006-a03c-5518-8c93-3710e0d2b070,Tamil Nadu Person PERSON-027953,Other,ERODE Area,imported,12fe593e-e883-5cac-9710-f2ba74198299,PERSON-027953,,41,,,,11_person.csv
2b2b8f39-1888-5d6d-898a-e248f1aa45dd,Tamil Nadu Person PERSON-027966,Female,CHENNAI Area,imported,12fe593e-e883-5cac-9710-f2ba74198299,PERSON-027966,,44,,,,11_person.csv
c0a85e19-4938-51a3-8468-987cc76797de,Tamil Nadu Person PERSON-027983,Other,MADURAI Area,imported,12fe593e-e883-5cac-9710-f2ba74198299,PERSON-027983,,42,,,,11_person.csv
2da1c3a9-2969-5593-8da6-7d934f435ebf,Tamil Nadu Person PERSON-027985,Male,TIRUVANNAMALAI Area,imported,12fe593e-e883-5cac-9710-f2ba74198299,PERSON-027985,,33,,,,11_person.csv
26661a89-996c-5134-9c7c-63433ff09324,Tamil Nadu Person PERSON-028009,Other,TIRUPPUR Area,imported,12fe593e-e883-5cac-9710-f2ba74198299,PERSON-028009,,22,,,,11_person.csv
0b218349-6486-5cb2-a0bb-877477fa5a5c,Tamil Nadu Person PERSON-028041,Other,THENI Area,imported,12fe593e-e883-5cac-9710-f2ba74198299,PERSON-028041,,49,,,,11_person.csv
186c03bf-9256-5430-8e5a-baead07be8d1,Tamil Nadu Person PERSON-028065,Male,ERODE Area,imported,12fe593e-e883-5cac-9710-f2ba74198299,PERSON-028065,,73,,,,11_person.csv
5bc6762f-1706-5e0e-8e7b-df6668ef714e,Tamil Nadu Person PERSON-028073,Male,KARUR Area,imported,12fe593e-e883-5cac-9710-f2ba74198299,PERSON-028073,,47,,,,11_person.csv
2ff1db05-ac0a-5e8f-aa49-96f2b8b1930e,Tamil Nadu Person PERSON-028080,Female,PUDUKOTTAI Area,imported,12fe593e-e883-5cac-9710-f2ba74198299,PERSON-028080,,48,,,,11_person.csv
e5e8d68c-4c6c-5650-9c7f-c1dc19dc2176,Tamil Nadu Person PERSON-028087,Male,CHENGALPATTU Area,imported,12fe593e-e883-5cac-9710-f2ba74198299,PERSON-028087,,34,,,,11_person.csv
ee2b750f-ceef-5317-8366-73baf7573474,Tamil Nadu Person PERSON-028111,Female,PERAMBALUR Area,imported,12fe593e-e883-5cac-9710-f2ba74198299,PERSON-028111,,52,,,,11_person.csv
9acaa067-af5f-589e-997c-cd1efcfd46a9,Tamil Nadu Person PERSON-028112,Male,DINDIGUL Area,imported,12fe593e-e883-5cac-9710-f2ba74198299,PERSON-028112,,39,,,,11_person.csv
00d490a6-e8db-5899-ac75-b6ab383397f5,Tamil Nadu Person PERSON-028113,Other,TIRUNELVELI Area,imported,12fe593e-e883-5cac-9710-f2ba74198299,PERSON-028113,,27,,,,11_person.csv
85e3644c-ef41-5ef3-b882-47a3d84f19d4,Tamil Nadu Person PERSON-028118,Male,SIVAGANGA Area,imported,12fe593e-e883-5cac-9710-f2ba74198299,PERSON-028118,,46,,,,11_person.csv
4161f59f-3e6a-5b3f-95eb-b81b0366cf0d,Tamil Nadu Person PERSON-028122,Other,THOOTHUKUDI Area,imported,12fe593e-e883-5cac-9710-f2ba74198299,PERSON-028122,,38,,,,11_person.csv
8b9f9ad8-544f-558a-b900-3b1e547650ec,Tamil Nadu Person PERSON-028132,Female,PERAMBALUR Area,imported,12fe593e-e883-5cac-9710-f2ba74198299,PERSON-028132,,50,,,,11_person.csv
57066649-a899-5e35-85ef-cc95e4451349,Tamil Nadu Person PERSON-028133,Male,RANIPET Area,imported,12fe593e-e883-5cac-9710-f2ba74198299,PERSON-028133,,57,,,,11_person.csv
298dedb0-342c-5344-acc1-6a28a8d82746,Tamil Nadu Person PERSON-028150,Male,THENI Area,imported,12fe593e-e883-5cac-9710-f2ba74198299,PERSON-028150,,63,,,,11_person.csv
29fb27ca-9773-5811-ae23-79d01a22a86a,Tamil Nadu Person PERSON-028166,Female,RAMANATHAPURAM Area,imported,12fe593e-e883-5cac-9710-f2ba74198299,PERSON-028166,,34,,,,11_person.csv
2f0566a3-4658-5a65-bddc-e495ffa481c6,Tamil Nadu Person PERSON-028172,Other,COIMBATORE Area,imported,12fe593e-e883-5cac-9710-f2ba74198299,PERSON-028172,,32,,,,11_person.csv
c61bb191-4319-5333-a789-2a3466044803,Tamil Nadu Person PERSON-028179,Female,TIRUVANNAMALAI Area,imported,12fe593e-e883-5cac-9710-f2ba74198299,PERSON-028179,,36,,,,11_person.csv
06d5cca7-b40c-5016-bb00-141a6dfa3408,Tamil Nadu Person PERSON-028182,Other,RAMANATHAPURAM Area,imported,12fe593e-e883-5cac-9710-f2ba74198299,PERSON-028182,,26,,,,11_person.csv
0f585093-ddaa-5ce2-b0a1-05e53eecfd14,Tamil Nadu Person PERSON-028186,Other,RAMANATHAPURAM Area,imported,12fe593e-e883-5cac-9710-f2ba74198299,PERSON-028186,,64,,,,11_person.csv
6e1c3ef8-1a3d-5979-a308-2aa9efd350eb,Tamil Nadu Person PERSON-028206,Female,TENKASI Area,imported,12fe593e-e883-5cac-9710-f2ba74198299,PERSON-028206,,30,,,,11_person.csv
6e47131b-0cf9-555c-ad13-bd1ffe239cb4,Tamil Nadu Person PERSON-028213,Other,KRISHNAGIRI Area,imported,12fe593e-e883-5cac-9710-f2ba74198299,PERSON-028213,,40,,,,11_person.csv
8f1401e7-b4eb-58bd-8247-a6221761a7dd,Tamil Nadu Person PERSON-028235,Other,NAMAKKAL Area,imported,12fe593e-e883-5cac-9710-f2ba74198299,PERSON-028235,,45,,,,11_person.csv
2177701a-bde1-57fc-9e0b-9c7c2df5dcaa,Tamil Nadu Person PERSON-028237,Other,TENKASI Area,imported,12fe593e-e883-5cac-9710-f2ba74198299,PERSON-028237,,23,,,,11_person.csv
273c08ef-a186-55d4-ac99-70824beff86a,Tamil Nadu Person PERSON-028246,Male,KARUR Area,imported,12fe593e-e883-5cac-9710-f2ba74198299,PERSON-028246,,56,,,,11_person.csv
72f5f6cc-f0ca-50a4-a167-1eb1c74347e1,Tamil Nadu Person PERSON-028252,Female,RANIPET Area,imported,12fe593e-e883-5cac-9710-f2ba74198299,PERSON-028252,,46,,,,11_person.csv
ca2b2c25-afe7-5685-b040-55ca828e000d,Tamil Nadu Person PERSON-028258,Male,NAMAKKAL Area,imported,12fe593e-e883-5cac-9710-f2ba74198299,PERSON-028258,,63,,,,11_person.csv
e8eb2459-fdbc-55c3-b1e1-8e8f125ebd84,Tamil Nadu Person PERSON-028295,Other,TENKASI Area,imported,12fe593e-e883-5cac-9710-f2ba74198299,PERSON-028295,,74,,,,11_person.csv
97a2d935-bb8e-5e04-ab8e-c24878834161,Tamil Nadu Person PERSON-028327,Female,DHARMAPURI Area,imported,12fe593e-e883-5cac-9710-f2ba74198299,PERSON-028327,,43,,,,11_person.csv
8bf1a7fd-1d8d-5f94-af64-6dc85ee8c04f,Tamil Nadu Person PERSON-028332,Female,COIMBATORE Area,imported,12fe593e-e883-5cac-9710-f2ba74198299,PERSON-028332,,37,,,,11_person.csv
6ad90b69-d541-5f2a-833d-48eb42113014,Tamil Nadu Person PERSON-028348,Other,THENI Area,imported,12fe593e-e883-5cac-9710-f2ba74198299,PERSON-028348,,53,,,,11_person.csv
1e975c7d-e018-5b98-8766-b88a493d4e14,Tamil Nadu Person PERSON-028362,Other,TENKASI Area,imported,12fe593e-e883-5cac-9710-f2ba74198299,PERSON-028362,,66,,,,11_person.csv
9dda02f5-013a-589e-93bc-ba91332bf8ab,Tamil Nadu Person PERSON-028371,Male,KARUR Area,imported,12fe593e-e883-5cac-9710-f2ba74198299,PERSON-028371,,36,,,,11_person.csv
b01d3594-4015-586d-b0ce-c13fa3bb3b21,Tamil Nadu Person PERSON-028374,Male,MADURAI Area,imported,12fe593e-e883-5cac-9710-f2ba74198299,PERSON-028374,,70,,,,11_person.csv
9d1ad346-46b6-5332-b1e6-18aed099ec3c,Tamil Nadu Person PERSON-028381,Female,PERAMBALUR Area,imported,12fe593e-e883-5cac-9710-f2ba74198299,PERSON-028381,,38,,,,11_person.csv
cd261ca7-951f-59fc-8570-434785c0d4e7,Tamil Nadu Person PERSON-028392,Other,RAMANATHAPURAM Area,imported,12fe593e-e883-5cac-9710-f2ba74198299,PERSON-028392,,26,,,,11_person.csv
58d54d40-8dfe-541e-af62-1defb796fd78,Tamil Nadu Person PERSON-028404,Other,RANIPET Area,imported,12fe593e-e883-5cac-9710-f2ba74198299,PERSON-028404,,24,,,,11_person.csv
503206e8-376b-5bc2-8941-5a8817fd9fe2,Tamil Nadu Person PERSON-028415,Other,KRISHNAGIRI Area,imported,12fe593e-e883-5cac-9710-f2ba74198299,PERSON-028415,,33,,,,11_person.csv
df715f3d-0264-5e72-bbcd-7ddaae79d210,Tamil Nadu Person PERSON-028440,Other,PERAMBALUR Area,imported,12fe593e-e883-5cac-9710-f2ba74198299,PERSON-028440,,40,,,,11_person.csv
23eff40d-087c-50a1-acd0-40f624631a8a,Tamil Nadu Person PERSON-028450,Other,THOOTHUKUDI Area,imported,12fe593e-e883-5cac-9710-f2ba74198299,PERSON-028450,,54,,,,11_person.csv
0c2b1ff3-87e4-52f8-b4a7-f77113e4c713,Tamil Nadu Person PERSON-028463,Other,PUDUKOTTAI Area,imported,12fe593e-e883-5cac-9710-f2ba74198299,PERSON-028463,,61,,,,11_person.csv
a38b3b98-fd3d-5c7c-abda-7c93f512927a,Tamil Nadu Person PERSON-028473,Other,THE_NILGIRIS Area,imported,12fe593e-e883-5cac-9710-f2ba74198299,PERSON-028473,,34,,,,11_person.csv
7493ba1c-4db6-5eb1-b67e-b6497334c845,Tamil Nadu Person PERSON-028516,Other,KUMBAKONAM Area,imported,12fe593e-e883-5cac-9710-f2ba74198299,PERSON-028516,,49,,,,11_person.csv
d8743d3f-c447-52d2-bab6-a6ffb28718f3,Tamil Nadu Person PERSON-028524,Male,THIRUVALLUR Area,imported,12fe593e-e883-5cac-9710-f2ba74198299,PERSON-028524,,58,,,,11_person.csv
dbd9a730-cab9-5900-9407-295a6661c987,Tamil Nadu Person PERSON-028533,Male,TIRUVANNAMALAI Area,imported,12fe593e-e883-5cac-9710-f2ba74198299,PERSON-028533,,21,,,,11_person.csv
23a90902-de98-590a-9737-b26c730ec999,Tamil Nadu Person PERSON-028541,Female,PERAMBALUR Area,imported,12fe593e-e883-5cac-9710-f2ba74198299,PERSON-028541,,38,,,,11_person.csv
0b597497-f111-5415-8351-256f804b1507,Tamil Nadu Person PERSON-028556,Female,VILUPPURAM Area,imported,12fe593e-e883-5cac-9710-f2ba74198299,PERSON-028556,,48,,,,11_person.csv
c8f34b37-4560-54f5-8348-5def405a903f,Tamil Nadu Person PERSON-028570,Female,PUDUKOTTAI Area,imported,12fe593e-e883-5cac-9710-f2ba74198299,PERSON-028570,,33,,,,11_person.csv
e80a5d05-c8c5-5782-ba50-a88f6be19377,Tamil Nadu Person PERSON-028575,Other,MAYILADUTHURAI Area,imported,12fe593e-e883-5cac-9710-f2ba74198299,PERSON-028575,,47,,,,11_person.csv
7d0db17e-8d9e-5884-9dcb-79fc171c9dd9,Tamil Nadu Person PERSON-028580,Other,THIRUVALLUR Area,imported,12fe593e-e883-5cac-9710-f2ba74198299,PERSON-028580,,54,,,,11_person.csv
37740d2f-cfd1-5a00-9069-0b44255dbada,Tamil Nadu Person PERSON-028584,Female,TIRUCHIRAPPALLI Area,imported,12fe593e-e883-5cac-9710-f2ba74198299,PERSON-028584,,43,,,,11_person.csv
3b1bd2a7-46f8-5c8c-aeaf-edf29cb8cdc2,Tamil Nadu Person PERSON-028585,Female,NAGAPATTINAM Area,imported,12fe593e-e883-5cac-9710-f2ba74198299,PERSON-028585,,36,,,,11_person.csv
5106a44e-c256-5ec3-bc44-e0dfb345749f,Tamil Nadu Person PERSON-028593,Male,TIRUPPUR Area,imported,12fe593e-e883-5cac-9710-f2ba74198299,PERSON-028593,,26,,,,11_person.csv
490fc908-2c1b-5079-beb3-f6de1f256810,Tamil Nadu Person PERSON-028606,Other,MADURAI Area,imported,12fe593e-e883-5cac-9710-f2ba74198299,PERSON-028606,,67,,,,11_person.csv
648a441c-a403-58b9-82d5-66eaa3342d65,Tamil Nadu Person PERSON-028620,Female,MADURAI Area,imported,12fe593e-e883-5cac-9710-f2ba74198299,PERSON-028620,,42,,,,11_person.csv
5caa380f-d3be-5fa2-9636-9403a5a3e24b,Tamil Nadu Person PERSON-028643,Other,SIVAGANGA Area,imported,12fe593e-e883-5cac-9710-f2ba74198299,PERSON-028643,,39,,,,11_person.csv
72bdcc43-9179-57eb-b2f2-e0e22a217ff6,Tamil Nadu Person PERSON-028646,Female,KANCHEEPURAM Area,imported,12fe593e-e883-5cac-9710-f2ba74198299,PERSON-028646,,30,,,,11_person.csv
31243b26-a967-5949-91fa-f699c4c8a40a,Tamil Nadu Person PERSON-028672,Other,THENI Area,imported,12fe593e-e883-5cac-9710-f2ba74198299,PERSON-028672,,26,,,,11_person.csv
f2dab6ac-1cbe-5665-8a1f-047a08e67a33,Tamil Nadu Person PERSON-028675,Male,PERAMBALUR Area,imported,12fe593e-e883-5cac-9710-f2ba74198299,PERSON-028675,,36,,,,11_person.csv
841270bb-2683-5334-8012-6367a16c2564,Tamil Nadu Person PERSON-028685,Other,RAMESWARAM Area,imported,12fe593e-e883-5cac-9710-f2ba74198299,PERSON-028685,,30,,,,11_person.csv
263a4d6b-b5f6-5f3b-9546-4625f20ce5c4,Tamil Nadu Person PERSON-028709,Other,CHENGALPATTU Area,imported,12fe593e-e883-5cac-9710-f2ba74198299,PERSON-028709,,67,,,,11_person.csv
56726889-c2a1-5001-bdb3-eed18b45a131,Tamil Nadu Person PERSON-028720,Male,RANIPET Area,imported,12fe593e-e883-5cac-9710-f2ba74198299,PERSON-028720,,55,,,,11_person.csv
f824adf3-b3c4-50c1-894a-40c5381a1ec5,Tamil Nadu Person PERSON-028723,Other,SALEM Area,imported,12fe593e-e883-5cac-9710-f2ba74198299,PERSON-028723,,38,,,,11_person.csv
8a40614e-e104-59bb-bbf0-7912aa1c770a,Tamil Nadu Person PERSON-028732,Male,TIRUCHIRAPPALLI Area,imported,12fe593e-e883-5cac-9710-f2ba74198299,PERSON-028732,,36,,,,11_person.csv
ad50ff5b-95e2-50a7-a09e-de74e297725d,Tamil Nadu Person PERSON-028733,Male,TIRUVANNAMALAI Area,imported,12fe593e-e883-5cac-9710-f2ba74198299,PERSON-028733,,58,,,,11_person.csv
b30523b2-1937-5a00-b83b-b1c19b635c0f,Tamil Nadu Person PERSON-028768,Other,PERAMBALUR Area,imported,12fe593e-e883-5cac-9710-f2ba74198299,PERSON-028768,,61,,,,11_person.csv
8b7feb25-1d7c-50b4-a76e-5b898d22d176,Tamil Nadu Person PERSON-028778,Male,NAGAPATTINAM Area,imported,12fe593e-e883-5cac-9710-f2ba74198299,PERSON-028778,,45,,,,11_person.csv
8b59aad1-ce71-55c8-866a-e98260f15144,Tamil Nadu Person PERSON-028787,Other,RAMANATHAPURAM Area,imported,12fe593e-e883-5cac-9710-f2ba74198299,PERSON-028787,,22,,,,11_person.csv
68187b5a-141b-55d3-b2b8-5122053e3b28,Tamil Nadu Person PERSON-028809,Other,CHENNAI Area,imported,12fe593e-e883-5cac-9710-f2ba74198299,PERSON-028809,,55,,,,11_person.csv
cd6e45f1-710f-549e-9050-df3c8aa1abff,Tamil Nadu Person PERSON-028817,Other,TIRUPPUR Area,imported,12fe593e-e883-5cac-9710-f2ba74198299,PERSON-028817,,33,,,,11_person.csv
6b508010-40e0-531e-9fb9-8d7315c45d82,Tamil Nadu Person PERSON-028829,Female,COIMBATORE Area,imported,12fe593e-e883-5cac-9710-f2ba74198299,PERSON-028829,,26,,,,11_person.csv
0fac5c83-53fb-57c6-91b9-108439fdadc9,Tamil Nadu Person PERSON-028831,Male,THOOTHUKUDI Area,imported,12fe593e-e883-5cac-9710-f2ba74198299,PERSON-028831,,63,,,,11_person.csv
95cce2e3-fd42-5d9d-87f4-5ecbc5c427cb,Tamil Nadu Person PERSON-028870,Male,KANCHEEPURAM Area,imported,12fe593e-e883-5cac-9710-f2ba74198299,PERSON-028870,,38,,,,11_person.csv
08831937-9f90-55f7-b8b6-d18610fddca4,Tamil Nadu Person PERSON-028894,Other,MADURAI Area,imported,12fe593e-e883-5cac-9710-f2ba74198299,PERSON-028894,,72,,,,11_person.csv
b687ac2d-093d-5e3e-91e4-1db436452c87,Tamil Nadu Person PERSON-028902,Male,KRISHNAGIRI Area,imported,12fe593e-e883-5cac-9710-f2ba74198299,PERSON-028902,,70,,,,11_person.csv
c9ab7c4d-2577-50be-a8c2-2b8615633b9a,Tamil Nadu Person PERSON-028913,Female,PERAMBALUR Area,imported,12fe593e-e883-5cac-9710-f2ba74198299,PERSON-028913,,23,,,,11_person.csv
ffeb7d4a-d73c-5188-9614-6800fab09149,Tamil Nadu Person PERSON-028919,Other,THOOTHUKUDI Area,imported,12fe593e-e883-5cac-9710-f2ba74198299,PERSON-028919,,66,,,,11_person.csv
8e80dee4-22b4-5005-8c53-8284dd27c9bc,Tamil Nadu Person PERSON-028935,Other,CUDDALORE Area,imported,12fe593e-e883-5cac-9710-f2ba74198299,PERSON-028935,,61,,,,11_person.csv
57cfb76c-81db-5cee-9743-9a6ee43acaa5,Tamil Nadu Person PERSON-028942,Male,NAGAPATTINAM Area,imported,12fe593e-e883-5cac-9710-f2ba74198299,PERSON-028942,,51,,,,11_person.csv
0402cb4f-415e-565e-b6f2-7b08d8270bc9,Tamil Nadu Person PERSON-028947,Other,TIRUPATHUR Area,imported,12fe593e-e883-5cac-9710-f2ba74198299,PERSON-028947,,67,,,,11_person.csv
933d738f-f7e2-5349-ab51-a98d8c93e737,Tamil Nadu Person PERSON-028967,Other,RAMANATHAPURAM Area,imported,12fe593e-e883-5cac-9710-f2ba74198299,PERSON-028967,,52,,,,11_person.csv
d883e72d-88ce-5d35-97c0-48a11ab4b8c8,Tamil Nadu Person PERSON-028980,Male,TIRUCHIRAPPALLI Area,imported,12fe593e-e883-5cac-9710-f2ba74198299,PERSON-028980,,47,,,,11_person.csv
9ca321d8-d97f-5ead-ae2a-56741b3f9b9b,Tamil Nadu Person PERSON-028995,Male,KRISHNAGIRI Area,imported,12fe593e-e883-5cac-9710-f2ba74198299,PERSON-028995,,43,,,,11_person.csv
52883df7-8d58-5361-a64a-d0934b540802,Tamil Nadu Person PERSON-029012,Other,SIVAGANGA Area,imported,12fe593e-e883-5cac-9710-f2ba74198299,PERSON-029012,,46,,,,11_person.csv
dab50abf-064c-576b-8240-b8ec50fe378f,Tamil Nadu Person PERSON-029013,Other,VILUPPURAM Area,imported,12fe593e-e883-5cac-9710-f2ba74198299,PERSON-029013,,48,,,,11_person.csv
640c867a-ef5c-5caf-82f7-aeef525860a1,Tamil Nadu Person PERSON-029027,Other,TIRUVANNAMALAI Area,imported,12fe593e-e883-5cac-9710-f2ba74198299,PERSON-029027,,49,,,,11_person.csv
98594d7f-fe5a-5bc7-b0a1-6945560354b5,Tamil Nadu Person PERSON-029033,Male,KARUR Area,imported,12fe593e-e883-5cac-9710-f2ba74198299,PERSON-029033,,31,,,,11_person.csv
501e660d-2110-5f7d-a652-0c0c7fa950f7,Tamil Nadu Person PERSON-029045,Other,DINDIGUL Area,imported,12fe593e-e883-5cac-9710-f2ba74198299,PERSON-029045,,75,,,,11_person.csv
7523d972-ea79-5697-8c9b-43cbf56cba54,Tamil Nadu Person PERSON-029059,Other,VIRUDHUNAGAR Area,imported,12fe593e-e883-5cac-9710-f2ba74198299,PERSON-029059,,46,,,,11_person.csv
b26874a6-cc2d-585c-927e-c29630228040,Tamil Nadu Person PERSON-029062,Other,RAMANATHAPURAM Area,imported,12fe593e-e883-5cac-9710-f2ba74198299,PERSON-029062,,75,,,,11_person.csv
254fe652-bca6-5c25-80e0-31a4c61fc937,Tamil Nadu Person PERSON-029095,Other,TIRUCHIRAPPALLI Area,imported,12fe593e-e883-5cac-9710-f2ba74198299,PERSON-029095,,67,,,,11_person.csv
4288fd98-69f3-5ae7-a5ca-bae95417e564,Tamil Nadu Person PERSON-029104,Female,MAYILADUTHURAI Area,imported,12fe593e-e883-5cac-9710-f2ba74198299,PERSON-029104,,26,,,,11_person.csv
a1e4884d-8b3d-5672-be91-8486d9da1460,Tamil Nadu Person PERSON-029108,Female,THIRUVALLUR Area,imported,12fe593e-e883-5cac-9710-f2ba74198299,PERSON-029108,,67,,,,11_person.csv
ac47016e-a5af-57f9-9a87-c27b48b64012,Tamil Nadu Person PERSON-029124,Female,SALEM Area,imported,12fe593e-e883-5cac-9710-f2ba74198299,PERSON-029124,,32,,,,11_person.csv
ff9f682f-2c6c-5dbd-85f6-58e4d4cdbdca,Tamil Nadu Person PERSON-029133,Female,CHENNAI Area,imported,12fe593e-e883-5cac-9710-f2ba74198299,PERSON-029133,,57,,,,11_person.csv
91895d27-ebce-5750-b2c0-ad82f6d4e1c2,Tamil Nadu Person PERSON-029138,Other,TENKASI Area,imported,12fe593e-e883-5cac-9710-f2ba74198299,PERSON-029138,,37,,,,11_person.csv
cf38729f-81a5-5b58-b87a-4d64d2e602b7,Tamil Nadu Person PERSON-029147,Female,RANIPET Area,imported,12fe593e-e883-5cac-9710-f2ba74198299,PERSON-029147,,41,,,,11_person.csv
47929394-e689-5449-b942-3ece605d1c50,Tamil Nadu Person PERSON-029151,Male,THENI Area,imported,12fe593e-e883-5cac-9710-f2ba74198299,PERSON-029151,,41,,,,11_person.csv
6cf87cd3-6287-5240-adbc-836a2d4645b3,Tamil Nadu Person PERSON-029172,Other,MAYILADUTHURAI Area,imported,12fe593e-e883-5cac-9710-f2ba74198299,PERSON-029172,,43,,,,11_person.csv
58a846ff-2c20-5d27-8db3-6850775aabdb,Tamil Nadu Person PERSON-029186,Other,VIRUDHUNAGAR Area,imported,12fe593e-e883-5cac-9710-f2ba74198299,PERSON-029186,,51,,,,11_person.csv
9f8cc605-86ab-59e1-a581-bf81460362ed,Tamil Nadu Person PERSON-029191,Male,KUMBAKONAM Area,imported,12fe593e-e883-5cac-9710-f2ba74198299,PERSON-029191,,24,,,,11_person.csv
dbf4233e-e19a-51c8-b077-9ca59fd78a79,Tamil Nadu Person PERSON-029195,Female,KALLAKURICHI Area,imported,12fe593e-e883-5cac-9710-f2ba74198299,PERSON-029195,,54,,,,11_person.csv
4d2bf53e-dbbe-532f-bcca-0f3da121250b,Tamil Nadu Person PERSON-029200,Female,NAMAKKAL Area,imported,12fe593e-e883-5cac-9710-f2ba74198299,PERSON-029200,,25,,,,11_person.csv
be877cf8-6c84-5f24-ad4b-2848aadee4a5,Tamil Nadu Person PERSON-029223,Other,TIRUPPUR Area,imported,12fe593e-e883-5cac-9710-f2ba74198299,PERSON-029223,,40,,,,11_person.csv
c42a3659-a777-5367-8136-e7995bb70f16,Tamil Nadu Person PERSON-029231,Female,DINDIGUL Area,imported,12fe593e-e883-5cac-9710-f2ba74198299,PERSON-029231,,32,,,,11_person.csv
83975254-da37-5b9f-97ee-a44af43fd6ce,Tamil Nadu Person PERSON-029235,Other,CHENNAI Area,imported,12fe593e-e883-5cac-9710-f2ba74198299,PERSON-029235,,59,,,,11_person.csv
bcdda794-c2ab-50bf-8b26-7d684f6bff1f,Tamil Nadu Person PERSON-029247,Other,NAGAPATTINAM Area,imported,12fe593e-e883-5cac-9710-f2ba74198299,PERSON-029247,,72,,,,11_person.csv
68ab391c-ec04-5a63-a43e-dbb61d169a3d,Tamil Nadu Person PERSON-029255,Other,MAYILADUTHURAI Area,imported,12fe593e-e883-5cac-9710-f2ba74198299,PERSON-029255,,52,,,,11_person.csv
a44cd9cb-af28-53a8-9bdf-385b4654f7ca,Tamil Nadu Person PERSON-029261,Male,SALEM Area,imported,12fe593e-e883-5cac-9710-f2ba74198299,PERSON-029261,,53,,,,11_person.csv
2b160ab4-0bf9-5dbc-864a-7b1005790f69,Tamil Nadu Person PERSON-029266,Female,THOOTHUKUDI Area,imported,12fe593e-e883-5cac-9710-f2ba74198299,PERSON-029266,,46,,,,11_person.csv
d2cb7fe8-b4d6-55eb-8de5-410ada49595e,Tamil Nadu Person PERSON-029267,Other,COIMBATORE Area,imported,12fe593e-e883-5cac-9710-f2ba74198299,PERSON-029267,,39,,,,11_person.csv
e4506301-e487-5fae-9f51-9e4f5df1465c,Tamil Nadu Person PERSON-029272,Male,KANYAKUMARI Area,imported,12fe593e-e883-5cac-9710-f2ba74198299,PERSON-029272,,21,,,,11_person.csv
5a17d5cb-0945-5eed-96b6-bedc72746b60,Tamil Nadu Person PERSON-029275,Male,SALEM Area,imported,12fe593e-e883-5cac-9710-f2ba74198299,PERSON-029275,,36,,,,11_person.csv
80a880e4-28e0-58c0-9c23-2b4644bc6347,Tamil Nadu Person PERSON-029288,Other,MAYILADUTHURAI Area,imported,12fe593e-e883-5cac-9710-f2ba74198299,PERSON-029288,,38,,,,11_person.csv
6dac8f4e-a0e4-5c2f-baa5-8411345b8e90,Tamil Nadu Person PERSON-029315,Female,RAMANATHAPURAM Area,imported,12fe593e-e883-5cac-9710-f2ba74198299,PERSON-029315,,54,,,,11_person.csv
a922c8a8-f433-5ddb-bc50-ea90093020c9,Tamil Nadu Person PERSON-029329,Male,TIRUPATHUR Area,imported,12fe593e-e883-5cac-9710-f2ba74198299,PERSON-029329,,55,,,,11_person.csv
462cc387-9829-5df8-b045-b8ceb6098b2e,Tamil Nadu Person PERSON-029346,Male,ARIYALUR Area,imported,12fe593e-e883-5cac-9710-f2ba74198299,PERSON-029346,,26,,,,11_person.csv
30f3df23-0fe6-553d-aa56-9890edb88d95,Tamil Nadu Person PERSON-029348,Female,RANIPET Area,imported,12fe593e-e883-5cac-9710-f2ba74198299,PERSON-029348,,64,,,,11_person.csv
d16237a3-f43a-5e7b-a889-95edc5e24bc0,Tamil Nadu Person PERSON-029381,Female,DHARMAPURI Area,imported,12fe593e-e883-5cac-9710-f2ba74198299,PERSON-029381,,47,,,,11_person.csv
e2f5d583-c983-5907-8fcc-2703a0dd0f4f,Tamil Nadu Person PERSON-029394,Female,KANCHEEPURAM Area,imported,12fe593e-e883-5cac-9710-f2ba74198299,PERSON-029394,,67,,,,11_person.csv
744c2b4e-ab5b-567f-94a0-4c7606128633,Tamil Nadu Person PERSON-029410,Other,PUDUKOTTAI Area,imported,12fe593e-e883-5cac-9710-f2ba74198299,PERSON-029410,,69,,,,11_person.csv
eb1340d7-4361-59b9-b9b1-97154a13d859,Tamil Nadu Person PERSON-029416,Male,RAMESWARAM Area,imported,12fe593e-e883-5cac-9710-f2ba74198299,PERSON-029416,,75,,,,11_person.csv
6caf7644-7d47-509e-9e5a-6a97f3d0d627,Tamil Nadu Person PERSON-029424,Female,RANIPET Area,imported,12fe593e-e883-5cac-9710-f2ba74198299,PERSON-029424,,69,,,,11_person.csv
0db1f5a2-471e-50cd-90ae-cb10eefcf2cd,Tamil Nadu Person PERSON-029425,Other,DINDIGUL Area,imported,12fe593e-e883-5cac-9710-f2ba74198299,PERSON-029425,,22,,,,11_person.csv
c9af8a19-791c-5cfa-972f-ee2459ae8854,Tamil Nadu Person PERSON-029488,Other,DINDIGUL Area,imported,12fe593e-e883-5cac-9710-f2ba74198299,PERSON-029488,,57,,,,11_person.csv
96acd2a4-b0a7-5111-bb1d-a2b9568c9d0d,Tamil Nadu Person PERSON-029492,Other,KRISHNAGIRI Area,imported,12fe593e-e883-5cac-9710-f2ba74198299,PERSON-029492,,41,,,,11_person.csv
862d8909-7720-5eed-b2fc-fcd0e1878e11,Tamil Nadu Person PERSON-029500,Other,TIRUNELVELI Area,imported,12fe593e-e883-5cac-9710-f2ba74198299,PERSON-029500,,28,,,,11_person.csv
c7cac0a6-47be-5c59-9f28-a0a682cc747d,Tamil Nadu Person PERSON-029502,Other,THE_NILGIRIS Area,imported,12fe593e-e883-5cac-9710-f2ba74198299,PERSON-029502,,41,,,,11_person.csv
2ca11743-d331-5d69-8b7e-7298af08b772,Tamil Nadu Person PERSON-029503,Other,KALLAKURICHI Area,imported,12fe593e-e883-5cac-9710-f2ba74198299,PERSON-029503,,46,,,,11_person.csv
09d3d026-0195-5487-aa6d-3a6b6b48a9cf,Tamil Nadu Person PERSON-029512,Other,VILUPPURAM Area,imported,12fe593e-e883-5cac-9710-f2ba74198299,PERSON-029512,,75,,,,11_person.csv
5802db1e-b20a-5db4-ad77-5bf5cef58dc2,Tamil Nadu Person PERSON-029544,Male,TIRUCHIRAPPALLI Area,imported,12fe593e-e883-5cac-9710-f2ba74198299,PERSON-029544,,26,,,,11_person.csv
1ae034da-b575-553a-84c6-0dfa41ea5fe5,Tamil Nadu Person PERSON-029560,Other,THE_NILGIRIS Area,imported,12fe593e-e883-5cac-9710-f2ba74198299,PERSON-029560,,70,,,,11_person.csv
013696a5-bdeb-5d6e-8f10-d561cd5636a8,Tamil Nadu Person PERSON-029584,Other,RAMESWARAM Area,imported,12fe593e-e883-5cac-9710-f2ba74198299,PERSON-029584,,57,,,,11_person.csv
5a600044-31d3-5128-a89b-2c1c5cd13e7b,Tamil Nadu Person PERSON-029586,Male,VILUPPURAM Area,imported,12fe593e-e883-5cac-9710-f2ba74198299,PERSON-029586,,22,,,,11_person.csv
22c367b3-04b5-5bae-aee9-e7fc4617a044,Tamil Nadu Person PERSON-029589,Other,TENKASI Area,imported,12fe593e-e883-5cac-9710-f2ba74198299,PERSON-029589,,33,,,,11_person.csv
6dda0b34-8db0-5f47-9bf6-69e81241cb25,Tamil Nadu Person PERSON-029591,Female,TIRUNELVELI Area,imported,12fe593e-e883-5cac-9710-f2ba74198299,PERSON-029591,,25,,,,11_person.csv
48a5c742-98f4-563f-9be6-e3b12382b6f0,Tamil Nadu Person PERSON-029601,Other,KANCHEEPURAM Area,imported,12fe593e-e883-5cac-9710-f2ba74198299,PERSON-029601,,59,,,,11_person.csv
3d76bffd-7341-5ce3-b590-da0a61a3aa43,Tamil Nadu Person PERSON-029641,Other,KALLAKURICHI Area,imported,12fe593e-e883-5cac-9710-f2ba74198299,PERSON-029641,,50,,,,11_person.csv
b977a772-f578-5f54-8ded-5805c505177e,Tamil Nadu Person PERSON-029651,Other,TENKASI Area,imported,12fe593e-e883-5cac-9710-f2ba74198299,PERSON-029651,,38,,,,11_person.csv
669504df-a7f4-51f4-af0c-69a9a572d95c,Tamil Nadu Person PERSON-029665,Male,THIRUVARUR Area,imported,12fe593e-e883-5cac-9710-f2ba74198299,PERSON-029665,,40,,,,11_person.csv
5738835e-32ae-5214-8384-6c1fdb1ede77,Tamil Nadu Person PERSON-029683,Other,KARUR Area,imported,12fe593e-e883-5cac-9710-f2ba74198299,PERSON-029683,,39,,,,11_person.csv
89767efb-34b8-5934-99d9-24242421e926,Tamil Nadu Person PERSON-029688,Other,TIRUVANNAMALAI Area,imported,12fe593e-e883-5cac-9710-f2ba74198299,PERSON-029688,,31,,,,11_person.csv
c09ccc27-4543-541a-892c-fa35d7fbefdb,Tamil Nadu Person PERSON-029700,Male,KRISHNAGIRI Area,imported,12fe593e-e883-5cac-9710-f2ba74198299,PERSON-029700,,22,,,,11_person.csv
46ed2317-7a38-5306-93fb-36ee69c31746,Tamil Nadu Person PERSON-029742,Female,KANYAKUMARI Area,imported,12fe593e-e883-5cac-9710-f2ba74198299,PERSON-029742,,59,,,,11_person.csv
0c522614-bff1-59f1-a97b-597e63c10347,Tamil Nadu Person PERSON-029744,Other,MADURAI Area,imported,12fe593e-e883-5cac-9710-f2ba74198299,PERSON-029744,,57,,,,11_person.csv
8c70cb36-4834-551b-be78-24f9828c09f5,Tamil Nadu Person PERSON-029747,Female,COIMBATORE Area,imported,12fe593e-e883-5cac-9710-f2ba74198299,PERSON-029747,,64,,,,11_person.csv
c1b77cfe-8d20-5c52-8c7a-7b2f5a194cf2,Tamil Nadu Person PERSON-029773,Female,THIRUVARUR Area,imported,12fe593e-e883-5cac-9710-f2ba74198299,PERSON-029773,,48,,,,11_person.csv
2472e8e6-7635-57b0-8b1b-cf25eaa69136,Tamil Nadu Person PERSON-029777,Other,TIRUVANNAMALAI Area,imported,12fe593e-e883-5cac-9710-f2ba74198299,PERSON-029777,,43,,,,11_person.csv
b5b58afe-7a4f-56b3-93bf-95205b555728,Tamil Nadu Person PERSON-029785,Other,TIRUVANNAMALAI Area,imported,12fe593e-e883-5cac-9710-f2ba74198299,PERSON-029785,,65,,,,11_person.csv
40646dde-70c8-5ede-91b0-f1d9bf6fa951,Tamil Nadu Person PERSON-029792,Female,THOOTHUKUDI Area,imported,12fe593e-e883-5cac-9710-f2ba74198299,PERSON-029792,,23,,,,11_person.csv
d283797f-33c0-55a4-b0c4-45c14966c516,Tamil Nadu Person PERSON-029829,Male,TIRUCHIRAPPALLI Area,imported,12fe593e-e883-5cac-9710-f2ba74198299,PERSON-029829,,37,,,,11_person.csv
2294fdd2-bd1b-5afd-8d6a-2e85bdb7ecaa,Tamil Nadu Person PERSON-029831,Male,MAYILADUTHURAI Area,imported,12fe593e-e883-5cac-9710-f2ba74198299,PERSON-029831,,34,,,,11_person.csv
97c0d47c-aded-5d78-ab9c-10cb1c982e4f,Tamil Nadu Person PERSON-029837,Other,SALEM Area,imported,12fe593e-e883-5cac-9710-f2ba74198299,PERSON-029837,,37,,,,11_person.csv
46645e39-cc01-50de-ac51-2ef9a068c502,Tamil Nadu Person PERSON-029842,Other,TIRUCHIRAPPALLI Area,imported,12fe593e-e883-5cac-9710-f2ba74198299,PERSON-029842,,28,,,,11_person.csv
b2ed4375-cc16-5084-a56b-3b716216a8cb,Tamil Nadu Person PERSON-029843,Male,THOOTHUKUDI Area,imported,12fe593e-e883-5cac-9710-f2ba74198299,PERSON-029843,,60,,,,11_person.csv
66c7a58b-5132-56cc-8eba-32cbf28776b7,Tamil Nadu Person PERSON-029869,Other,DHARMAPURI Area,imported,12fe593e-e883-5cac-9710-f2ba74198299,PERSON-029869,,38,,,,11_person.csv
2dadd6f6-03f3-52f6-affe-265fe4010b1f,Tamil Nadu Person PERSON-029901,Other,THENI Area,imported,12fe593e-e883-5cac-9710-f2ba74198299,PERSON-029901,,51,,,,11_person.csv
1b0083e3-bfe6-5d78-80e4-b994d0254391,Tamil Nadu Person PERSON-029926,Other,THIRUVALLUR Area,imported,12fe593e-e883-5cac-9710-f2ba74198299,PERSON-029926,,57,,,,11_person.csv
b32a2dee-04e4-5a2d-aa36-479d03dad0a6,Tamil Nadu Person PERSON-029939,Other,CHENGALPATTU Area,imported,12fe593e-e883-5cac-9710-f2ba74198299,PERSON-029939,,37,,,,11_person.csv
40ac86eb-e057-5273-a29e-ece5021940d0,Tamil Nadu Person PERSON-029951,Other,THE_NILGIRIS Area,imported,12fe593e-e883-5cac-9710-f2ba74198299,PERSON-029951,,37,,,,11_person.csv
41d82c87-2f2e-5178-9fd0-392f35b56eff,Tamil Nadu Person PERSON-029956,Other,MADURAI Area,imported,12fe593e-e883-5cac-9710-f2ba74198299,PERSON-029956,,47,,,,11_person.csv
b3ff5b19-b930-5145-a02f-9d2fad4eec1b,Tamil Nadu Person PERSON-029960,Other,ERODE Area,imported,12fe593e-e883-5cac-9710-f2ba74198299,PERSON-029960,,31,,,,11_person.csv
2911195d-82db-5c08-a3e6-f3d4be055eba,Tamil Nadu Person PERSON-029976,Other,VILUPPURAM Area,imported,12fe593e-e883-5cac-9710-f2ba74198299,PERSON-029976,,45,,,,11_person.csv
10fdb7ff-8661-57de-b9d3-e55f1f7ca98b,Tamil Nadu Person PERSON-029980,Male,TIRUCHIRAPPALLI Area,imported,12fe593e-e883-5cac-9710-f2ba74198299,PERSON-029980,,39,,,,11_person.csv
cb8b7a5a-0c05-5643-a932-9baf6c676173,Tamil Nadu Person PERSON-029982,Male,THIRUVALLUR Area,imported,12fe593e-e883-5cac-9710-f2ba74198299,PERSON-029982,,51,,,,11_person.csv
114237c5-e7b1-51be-9f28-df489fecb39c,Tamil Nadu Person PERSON-029990,Other,THIRUVALLUR Area,imported,12fe593e-e883-5cac-9710-f2ba74198299,PERSON-029990,,74,,,,11_person.csv
424d0f49-ff73-5a24-b2d8-41de7fb494d2,Tamil Nadu Person PERSON-029998,Female,TIRUPATHUR Area,imported,12fe593e-e883-5cac-9710-f2ba74198299,PERSON-029998,,70,,,,11_person.csv
db384e40-b6f5-549d-a0fd-35e1a922b174,Tamil Nadu Person PERSON-030010,Female,CHENNAI Area,imported,12fe593e-e883-5cac-9710-f2ba74198299,PERSON-030010,,26,,,,11_person.csv
ea3b0302-55e0-5d8b-a3a2-cd963d0f2a97,Tamil Nadu Person PERSON-030022,Male,THE_NILGIRIS Area,imported,12fe593e-e883-5cac-9710-f2ba74198299,PERSON-030022,,71,,,,11_person.csv
7f75968a-3521-5320-850a-ea0d8fe46bda,Tamil Nadu Person PERSON-030024,Female,DINDIGUL Area,imported,12fe593e-e883-5cac-9710-f2ba74198299,PERSON-030024,,23,,,,11_person.csv
d0817606-429d-5c42-9a09-5e9485d25a31,Tamil Nadu Person PERSON-030047,Male,TIRUNELVELI Area,imported,12fe593e-e883-5cac-9710-f2ba74198299,PERSON-030047,,33,,,,11_person.csv
f4836b2c-b067-5e7e-9924-963282dfc544,Tamil Nadu Person PERSON-030057,Female,KANCHEEPURAM Area,imported,12fe593e-e883-5cac-9710-f2ba74198299,PERSON-030057,,38,,,,11_person.csv
93b0b97a-3f81-5828-b9be-954d51755621,Tamil Nadu Person PERSON-030067,Other,TIRUPPUR Area,imported,12fe593e-e883-5cac-9710-f2ba74198299,PERSON-030067,,47,,,,11_person.csv
813f1c7f-ae0a-54e1-b650-38d2b6071c25,Tamil Nadu Person PERSON-030085,Other,DINDIGUL Area,imported,12fe593e-e883-5cac-9710-f2ba74198299,PERSON-030085,,73,,,,11_person.csv
4e013f45-bb19-5171-a6aa-f073fe9a54b9,Tamil Nadu Person PERSON-030088,Other,TIRUNELVELI Area,imported,12fe593e-e883-5cac-9710-f2ba74198299,PERSON-030088,,45,,,,11_person.csv
1d653f52-f983-5108-97a9-d91f1d80b2b7,Tamil Nadu Person PERSON-030103,Male,TIRUPPUR Area,imported,12fe593e-e883-5cac-9710-f2ba74198299,PERSON-030103,,51,,,,11_person.csv
50d5d67e-8fab-5ce9-93fe-eed3fbd3227c,Tamil Nadu Person PERSON-030104,Male,THIRUVALLUR Area,imported,12fe593e-e883-5cac-9710-f2ba74198299,PERSON-030104,,64,,,,11_person.csv
efcd5d1d-85dc-50b7-a4e6-991c662d2a66,Tamil Nadu Person PERSON-030109,Other,TIRUPATHUR Area,imported,12fe593e-e883-5cac-9710-f2ba74198299,PERSON-030109,,69,,,,11_person.csv
dad0c8ba-de85-50c0-a742-99ddbda6797c,Tamil Nadu Person PERSON-030134,Other,NAGAPATTINAM Area,imported,12fe593e-e883-5cac-9710-f2ba74198299,PERSON-030134,,63,,,,11_person.csv
f8bfef13-cbdf-57ba-b5b0-3ee18ca35849,Tamil Nadu Person PERSON-030135,Other,THENI Area,imported,12fe593e-e883-5cac-9710-f2ba74198299,PERSON-030135,,67,,,,11_person.csv
3325a288-462e-5ff7-a04b-7c40dd3c9da0,Tamil Nadu Person PERSON-030137,Female,TIRUCHIRAPPALLI Area,imported,12fe593e-e883-5cac-9710-f2ba74198299,PERSON-030137,,38,,,,11_person.csv
2fc8edb9-c5a2-5ecf-a315-751ab8307848,Tamil Nadu Person PERSON-030154,Male,KANYAKUMARI Area,imported,12fe593e-e883-5cac-9710-f2ba74198299,PERSON-030154,,40,,,,11_person.csv
e757c418-40b4-5340-8c8e-e9cf7a5220d8,Tamil Nadu Person PERSON-030155,Other,TIRUPATHUR Area,imported,12fe593e-e883-5cac-9710-f2ba74198299,PERSON-030155,,27,,,,11_person.csv
56d0b77a-b35d-58fc-b9d1-cb1545ab47dd,Tamil Nadu Person PERSON-030158,Other,DHARMAPURI Area,imported,12fe593e-e883-5cac-9710-f2ba74198299,PERSON-030158,,25,,,,11_person.csv
3882f5aa-abaf-5a60-af74-40443f5db996,Tamil Nadu Person PERSON-030159,Other,TIRUVANNAMALAI Area,imported,12fe593e-e883-5cac-9710-f2ba74198299,PERSON-030159,,54,,,,11_person.csv
39257dc6-5590-577b-9d35-e216bea149cd,Tamil Nadu Person PERSON-030160,Other,RAMANATHAPURAM Area,imported,12fe593e-e883-5cac-9710-f2ba74198299,PERSON-030160,,24,,,,11_person.csv
8de643c0-b3dd-5d26-830d-277f23c1747d,Tamil Nadu Person PERSON-030161,Other,KARUR Area,imported,12fe593e-e883-5cac-9710-f2ba74198299,PERSON-030161,,49,,,,11_person.csv
a07c8099-b58d-5182-9a6c-a303da2029bd,Tamil Nadu Person PERSON-030203,Female,TIRUCHIRAPPALLI Area,imported,12fe593e-e883-5cac-9710-f2ba74198299,PERSON-030203,,32,,,,11_person.csv
db16c92d-ec3c-5c94-974e-73b3c5e1c32f,Tamil Nadu Person PERSON-030204,Male,THOOTHUKUDI Area,imported,12fe593e-e883-5cac-9710-f2ba74198299,PERSON-030204,,72,,,,11_person.csv
5ca57d40-2f9e-5652-afc1-8e5c24b2f8c4,Tamil Nadu Person PERSON-030209,Male,TIRUPATHUR Area,imported,12fe593e-e883-5cac-9710-f2ba74198299,PERSON-030209,,45,,,,11_person.csv
938152b5-cda0-5a76-a41c-a96244655097,Tamil Nadu Person PERSON-030236,Female,ERODE Area,imported,12fe593e-e883-5cac-9710-f2ba74198299,PERSON-030236,,40,,,,11_person.csv
0b935e21-16a7-517a-bc14-defb41f5c6ff,Tamil Nadu Person PERSON-030243,Other,DINDIGUL Area,imported,12fe593e-e883-5cac-9710-f2ba74198299,PERSON-030243,,21,,,,11_person.csv
e5655bc4-eafd-5992-bf34-2e267902a8c0,Tamil Nadu Person PERSON-030253,Female,THIRUVARUR Area,imported,12fe593e-e883-5cac-9710-f2ba74198299,PERSON-030253,,69,,,,11_person.csv
d6d9c694-9f5f-5b2b-a11e-cb34325935b8,Tamil Nadu Person PERSON-030261,Other,DINDIGUL Area,imported,12fe593e-e883-5cac-9710-f2ba74198299,PERSON-030261,,59,,,,11_person.csv
9318b2c2-f6c6-50e4-be1d-8fbaa0955a53,Tamil Nadu Person PERSON-030263,Female,CHENNAI Area,imported,12fe593e-e883-5cac-9710-f2ba74198299,PERSON-030263,,64,,,,11_person.csv
df2d701b-85d3-5b48-884b-739cf12943da,Tamil Nadu Person PERSON-030275,Other,ERODE Area,imported,12fe593e-e883-5cac-9710-f2ba74198299,PERSON-030275,,54,,,,11_person.csv
c4e194f4-b40c-562e-b79c-7eca883cfde3,Tamil Nadu Person PERSON-030280,Female,MADURAI Area,imported,12fe593e-e883-5cac-9710-f2ba74198299,PERSON-030280,,71,,,,11_person.csv
aec88b1d-8210-5d9e-947e-caff1de3325b,Tamil Nadu Person PERSON-030282,Other,VILUPPURAM Area,imported,12fe593e-e883-5cac-9710-f2ba74198299,PERSON-030282,,69,,,,11_person.csv
6bc6aa88-ce3a-528e-9011-b1ea8cd90b5d,Tamil Nadu Person PERSON-030284,Other,NAMAKKAL Area,imported,12fe593e-e883-5cac-9710-f2ba74198299,PERSON-030284,,36,,,,11_person.csv
b8e5abcb-b45a-56ef-a8a6-a0af02e616b0,Tamil Nadu Person PERSON-030285,Male,THENI Area,imported,12fe593e-e883-5cac-9710-f2ba74198299,PERSON-030285,,65,,,,11_person.csv
c2bc5eb3-7835-57bd-ab16-12b85f28fac4,Tamil Nadu Person PERSON-030297,Other,PUDUKOTTAI Area,imported,12fe593e-e883-5cac-9710-f2ba74198299,PERSON-030297,,65,,,,11_person.csv
1dc01428-a6bf-5d60-b375-4ce279cdf23f,Tamil Nadu Person PERSON-030316,Male,TENKASI Area,imported,12fe593e-e883-5cac-9710-f2ba74198299,PERSON-030316,,58,,,,11_person.csv
b8e1667e-36ec-542e-9fe3-4c4e005a6de0,Tamil Nadu Person PERSON-030327,Male,RAMANATHAPURAM Area,imported,12fe593e-e883-5cac-9710-f2ba74198299,PERSON-030327,,54,,,,11_person.csv
551c41be-f260-53ea-941a-123a73dc1d18,Tamil Nadu Person PERSON-030330,Male,MADURAI Area,imported,12fe593e-e883-5cac-9710-f2ba74198299,PERSON-030330,,70,,,,11_person.csv
8081e750-a29a-5f62-82f3-5acbcecb2e02,Tamil Nadu Person PERSON-030337,Male,VIRUDHUNAGAR Area,imported,12fe593e-e883-5cac-9710-f2ba74198299,PERSON-030337,,57,,,,11_person.csv
d09e7691-201a-5e38-80a3-61fe8d89dcfe,Tamil Nadu Person PERSON-030340,Other,NAMAKKAL Area,imported,12fe593e-e883-5cac-9710-f2ba74198299,PERSON-030340,,63,,,,11_person.csv
1bc9f269-e0c1-509b-9447-95ca34ca9cf7,Tamil Nadu Person PERSON-030364,Male,KALLAKURICHI Area,imported,12fe593e-e883-5cac-9710-f2ba74198299,PERSON-030364,,74,,,,11_person.csv
88af3019-04f3-5a00-abce-c0714b15c411,Tamil Nadu Person PERSON-030395,Other,KANYAKUMARI Area,imported,12fe593e-e883-5cac-9710-f2ba74198299,PERSON-030395,,67,,,,11_person.csv
3d6852c7-0ce4-553c-bad8-047edd2cacda,Tamil Nadu Person PERSON-030397,Other,TIRUCHIRAPPALLI Area,imported,12fe593e-e883-5cac-9710-f2ba74198299,PERSON-030397,,49,,,,11_person.csv
9d9b8405-7173-59c4-89e9-d4086c36ffb0,Tamil Nadu Person PERSON-030406,Other,MADURAI Area,imported,12fe593e-e883-5cac-9710-f2ba74198299,PERSON-030406,,38,,,,11_person.csv
d5d0a75e-87e9-56d9-bf88-2be5a55fe417,Tamil Nadu Person PERSON-030429,Other,MAYILADUTHURAI Area,imported,12fe593e-e883-5cac-9710-f2ba74198299,PERSON-030429,,33,,,,11_person.csv
42499ad0-74a9-5eb5-a890-89cc7108a2c6,Tamil Nadu Person PERSON-030443,Female,VIRUDHUNAGAR Area,imported,12fe593e-e883-5cac-9710-f2ba74198299,PERSON-030443,,69,,,,11_person.csv
b8b0992f-b38f-5f10-b7e3-4f5060a92450,Tamil Nadu Person PERSON-030452,Female,VIRUDHUNAGAR Area,imported,12fe593e-e883-5cac-9710-f2ba74198299,PERSON-030452,,60,,,,11_person.csv
5a4381d8-0898-5e07-85f9-191e1c08100c,Tamil Nadu Person PERSON-030457,Male,THOOTHUKUDI Area,imported,12fe593e-e883-5cac-9710-f2ba74198299,PERSON-030457,,64,,,,11_person.csv
f36b27eb-222c-559e-b19b-1fd997c3210a,Tamil Nadu Person PERSON-030459,Other,CHENNAI Area,imported,12fe593e-e883-5cac-9710-f2ba74198299,PERSON-030459,,60,,,,11_person.csv
6e5bf639-408e-515b-9928-0ba2a8a2646d,Tamil Nadu Person PERSON-030464,Female,NAMAKKAL Area,imported,12fe593e-e883-5cac-9710-f2ba74198299,PERSON-030464,,27,,,,11_person.csv
dece6129-3d23-5e93-b022-7b6a43c915fb,Tamil Nadu Person PERSON-030476,Female,PERAMBALUR Area,imported,12fe593e-e883-5cac-9710-f2ba74198299,PERSON-030476,,53,,,,11_person.csv
b17d2331-a8f3-5800-902a-eadf68ac923a,Tamil Nadu Person PERSON-030486,Male,RAMANATHAPURAM Area,imported,12fe593e-e883-5cac-9710-f2ba74198299,PERSON-030486,,59,,,,11_person.csv
ead860e9-a237-5cde-a99e-73d7a9f517cd,Tamil Nadu Person PERSON-030488,Other,KALLAKURICHI Area,imported,12fe593e-e883-5cac-9710-f2ba74198299,PERSON-030488,,69,,,,11_person.csv
d2a87bfc-9757-57ef-b21d-b16e0f96b713,Tamil Nadu Person PERSON-030492,Other,TIRUNELVELI Area,imported,12fe593e-e883-5cac-9710-f2ba74198299,PERSON-030492,,76,,,,11_person.csv
f748673e-63a7-5ad8-8956-234d6f7f5d00,Tamil Nadu Person PERSON-030501,Other,TENKASI Area,imported,12fe593e-e883-5cac-9710-f2ba74198299,PERSON-030501,,37,,,,11_person.csv
bcd7dd70-f933-5de8-b974-01d9fdeae356,Tamil Nadu Person PERSON-030528,Other,KRISHNAGIRI Area,imported,12fe593e-e883-5cac-9710-f2ba74198299,PERSON-030528,,73,,,,11_person.csv
8b9978c6-b797-5ffc-a942-bee51b322155,Tamil Nadu Person PERSON-030544,Male,CHENNAI Area,imported,12fe593e-e883-5cac-9710-f2ba74198299,PERSON-030544,,62,,,,11_person.csv
58c7b6e1-3280-5615-ab16-e5b6d75399f2,Tamil Nadu Person PERSON-030555,Female,TIRUNELVELI Area,imported,12fe593e-e883-5cac-9710-f2ba74198299,PERSON-030555,,40,,,,11_person.csv
baaa6020-753d-5f9f-a960-ba9a191dd743,Tamil Nadu Person PERSON-030565,Other,TIRUCHIRAPPALLI Area,imported,12fe593e-e883-5cac-9710-f2ba74198299,PERSON-030565,,23,,,,11_person.csv
0fc9f8c6-f61d-5093-9727-ac50abc08981,Tamil Nadu Person PERSON-030569,Other,TIRUPATHUR Area,imported,12fe593e-e883-5cac-9710-f2ba74198299,PERSON-030569,,50,,,,11_person.csv
eecb33c8-6587-52d0-bb6e-e3e4fd661842,Tamil Nadu Person PERSON-030577,Female,CHENNAI Area,imported,12fe593e-e883-5cac-9710-f2ba74198299,PERSON-030577,,75,,,,11_person.csv
f91b6ea7-765f-5cba-97c8-15ad7eb567e8,Tamil Nadu Person PERSON-030586,Other,RAMESWARAM Area,imported,12fe593e-e883-5cac-9710-f2ba74198299,PERSON-030586,,57,,,,11_person.csv
a1f1eac9-7ff9-5319-b905-b9d5d57bc897,Tamil Nadu Person PERSON-030637,Other,ARIYALUR Area,imported,12fe593e-e883-5cac-9710-f2ba74198299,PERSON-030637,,65,,,,11_person.csv
0a06dc04-af47-56ce-b763-c822b75717ca,Tamil Nadu Person PERSON-030646,Other,RANIPET Area,imported,12fe593e-e883-5cac-9710-f2ba74198299,PERSON-030646,,53,,,,11_person.csv
d6a030de-cd3f-5cea-a00b-b116b8bde0a1,Tamil Nadu Person PERSON-030654,Male,TENKASI Area,imported,12fe593e-e883-5cac-9710-f2ba74198299,PERSON-030654,,55,,,,11_person.csv
d23e110e-f9cb-587d-9212-16c04e32d1cf,Tamil Nadu Person PERSON-030655,Female,TIRUCHIRAPPALLI Area,imported,12fe593e-e883-5cac-9710-f2ba74198299,PERSON-030655,,21,,,,11_person.csv
5ddc51ac-8872-5f09-b8e0-fd1017d88545,Tamil Nadu Person PERSON-030667,Other,COIMBATORE Area,imported,12fe593e-e883-5cac-9710-f2ba74198299,PERSON-030667,,37,,,,11_person.csv
5ed97a1b-fdac-5987-b983-74d8f3b26a0c,Tamil Nadu Person PERSON-030678,Male,CHENGALPATTU Area,imported,12fe593e-e883-5cac-9710-f2ba74198299,PERSON-030678,,69,,,,11_person.csv
7da734dd-00d4-5d72-a37c-39d96e11e2c7,Tamil Nadu Person PERSON-030681,Male,ARIYALUR Area,imported,12fe593e-e883-5cac-9710-f2ba74198299,PERSON-030681,,57,,,,11_person.csv
be358421-5032-5b82-bc76-84a7a9bc8660,Tamil Nadu Person PERSON-030691,Other,DINDIGUL Area,imported,12fe593e-e883-5cac-9710-f2ba74198299,PERSON-030691,,74,,,,11_person.csv
8f76f2f0-8dcb-5509-9e93-8e5504217cfd,Tamil Nadu Person PERSON-030709,Male,KARUR Area,imported,12fe593e-e883-5cac-9710-f2ba74198299,PERSON-030709,,28,,,,11_person.csv
b52b45dd-4f1c-5bc5-acc7-4da5b879ea8d,Tamil Nadu Person PERSON-030717,Other,PUDUKOTTAI Area,imported,12fe593e-e883-5cac-9710-f2ba74198299,PERSON-030717,,68,,,,11_person.csv
e37a8143-ad9b-559f-889a-aa95a5914c26,Tamil Nadu Person PERSON-030718,Female,KANCHEEPURAM Area,imported,12fe593e-e883-5cac-9710-f2ba74198299,PERSON-030718,,29,,,,11_person.csv
97c15203-26cf-5b0f-b266-26da4d193fd5,Tamil Nadu Person PERSON-030724,Other,RAMANATHAPURAM Area,imported,12fe593e-e883-5cac-9710-f2ba74198299,PERSON-030724,,57,,,,11_person.csv
9ccfa8ea-7cf5-5a21-91ad-5054734dc64b,Tamil Nadu Person PERSON-030725,Other,ARIYALUR Area,imported,12fe593e-e883-5cac-9710-f2ba74198299,PERSON-030725,,56,,,,11_person.csv
4954d2bc-469f-5c09-af87-457a37b2e7d5,Tamil Nadu Person PERSON-030728,Male,TIRUPATHUR Area,imported,12fe593e-e883-5cac-9710-f2ba74198299,PERSON-030728,,53,,,,11_person.csv
8dc5d50b-af5d-532e-92b8-875a3aaa69b3,Tamil Nadu Person PERSON-030736,Other,CUDDALORE Area,imported,12fe593e-e883-5cac-9710-f2ba74198299,PERSON-030736,,26,,,,11_person.csv
ffe58668-971d-5fe8-aeac-fcf5ee5c7cbd,Tamil Nadu Person PERSON-030744,Male,SALEM Area,imported,12fe593e-e883-5cac-9710-f2ba74198299,PERSON-030744,,72,,,,11_person.csv
221d72a5-a5de-5351-ba55-78596e375a9a,Tamil Nadu Person PERSON-030755,Male,ERODE Area,imported,12fe593e-e883-5cac-9710-f2ba74198299,PERSON-030755,,45,,,,11_person.csv
5d4b4845-5aca-5631-a7c6-eb48e40c6ca8,Tamil Nadu Person PERSON-030783,Other,TIRUPPUR Area,imported,12fe593e-e883-5cac-9710-f2ba74198299,PERSON-030783,,48,,,,11_person.csv
ab82f29a-0e3b-5f7b-9f70-84140a944683,Tamil Nadu Person PERSON-030784,Male,DHARMAPURI Area,imported,12fe593e-e883-5cac-9710-f2ba74198299,PERSON-030784,,28,,,,11_person.csv
9fa7f246-d3d7-5495-8982-1405a73b86ba,Tamil Nadu Person PERSON-030787,Male,RAMANATHAPURAM Area,imported,12fe593e-e883-5cac-9710-f2ba74198299,PERSON-030787,,54,,,,11_person.csv
95ab313f-741c-5f3a-8ee9-b1e2b4109055,Tamil Nadu Person PERSON-030790,Other,KARUR Area,imported,12fe593e-e883-5cac-9710-f2ba74198299,PERSON-030790,,71,,,,11_person.csv
3e67de96-1fe0-580b-a509-c8c71a0f5b98,Tamil Nadu Person PERSON-030832,Other,THOOTHUKUDI Area,imported,12fe593e-e883-5cac-9710-f2ba74198299,PERSON-030832,,55,,,,11_person.csv
ad9e4a97-dec5-52fb-be3b-67f8bce5c98a,Tamil Nadu Person PERSON-030844,Female,COIMBATORE Area,imported,12fe593e-e883-5cac-9710-f2ba74198299,PERSON-030844,,31,,,,11_person.csv
7b71899b-7561-5bfc-84f4-bda3e54a327c,Tamil Nadu Person PERSON-030862,Other,MAYILADUTHURAI Area,imported,12fe593e-e883-5cac-9710-f2ba74198299,PERSON-030862,,32,,,,11_person.csv
ed2f357d-c3b7-561c-99d2-d4c57663d465,Tamil Nadu Person PERSON-030869,Male,CHENGALPATTU Area,imported,12fe593e-e883-5cac-9710-f2ba74198299,PERSON-030869,,52,,,,11_person.csv
fdae0012-919a-52c5-a9b7-8b646e1c28c2,Tamil Nadu Person PERSON-030870,Male,RANIPET Area,imported,12fe593e-e883-5cac-9710-f2ba74198299,PERSON-030870,,37,,,,11_person.csv
60864a88-4609-57c4-a68d-4650e1b14388,Tamil Nadu Person PERSON-030883,Other,KRISHNAGIRI Area,imported,12fe593e-e883-5cac-9710-f2ba74198299,PERSON-030883,,36,,,,11_person.csv
ed85ba83-9a4f-5a0c-9130-623d7aaefeb2,Tamil Nadu Person PERSON-030905,Other,KRISHNAGIRI Area,imported,12fe593e-e883-5cac-9710-f2ba74198299,PERSON-030905,,55,,,,11_person.csv
fb585a13-bab2-584f-b245-ff60664cdb6a,Tamil Nadu Person PERSON-030906,Other,MADURAI Area,imported,12fe593e-e883-5cac-9710-f2ba74198299,PERSON-030906,,21,,,,11_person.csv
1faed34b-d387-5699-bb71-4eb24ce1eda6,Tamil Nadu Person PERSON-030910,Other,VIRUDHUNAGAR Area,imported,12fe593e-e883-5cac-9710-f2ba74198299,PERSON-030910,,73,,,,11_person.csv
5dfa108e-8c3a-56ec-b806-adea76280d54,Tamil Nadu Person PERSON-030919,Female,MAYILADUTHURAI Area,imported,12fe593e-e883-5cac-9710-f2ba74198299,PERSON-030919,,63,,,,11_person.csv
9705dbd6-a1ad-56cc-809f-90dea83382a6,Tamil Nadu Person PERSON-030925,Male,CHENNAI Area,imported,12fe593e-e883-5cac-9710-f2ba74198299,PERSON-030925,,73,,,,11_person.csv
91686d51-c6ca-512d-9ffa-6e643bf513ff,Tamil Nadu Person PERSON-030931,Other,THOOTHUKUDI Area,imported,12fe593e-e883-5cac-9710-f2ba74198299,PERSON-030931,,68,,,,11_person.csv
7a0e8b36-d0bb-5a7e-bd07-a6e5552f7347,Tamil Nadu Person PERSON-030945,Other,KANCHEEPURAM Area,imported,12fe593e-e883-5cac-9710-f2ba74198299,PERSON-030945,,27,,,,11_person.csv
671389a1-a64d-5975-b02b-466ad42db0a3,Tamil Nadu Person PERSON-030960,Other,KALLAKURICHI Area,imported,12fe593e-e883-5cac-9710-f2ba74198299,PERSON-030960,,58,,,,11_person.csv
342e4a86-d2cd-5598-bab8-dfcbae201b3a,Tamil Nadu Person PERSON-030972,Other,THIRUVALLUR Area,imported,12fe593e-e883-5cac-9710-f2ba74198299,PERSON-030972,,53,,,,11_person.csv
e122520c-03ea-5d1e-8fd1-221165d0653c,Tamil Nadu Person PERSON-030993,Female,DHARMAPURI Area,imported,12fe593e-e883-5cac-9710-f2ba74198299,PERSON-030993,,76,,,,11_person.csv
cc951a09-00b0-530d-815c-df6e34cac71d,Tamil Nadu Person PERSON-031006,Other,KUMBAKONAM Area,imported,12fe593e-e883-5cac-9710-f2ba74198299,PERSON-031006,,73,,,,11_person.csv
011bd6d4-1f98-5443-a008-101599be1157,Tamil Nadu Person PERSON-031008,Male,PERAMBALUR Area,imported,12fe593e-e883-5cac-9710-f2ba74198299,PERSON-031008,,72,,,,11_person.csv
02f26dd4-1503-5d3f-a150-a8bc5a0c1577,Tamil Nadu Person PERSON-031031,Male,THIRUVARUR Area,imported,12fe593e-e883-5cac-9710-f2ba74198299,PERSON-031031,,63,,,,11_person.csv
b2778885-1705-5912-bbb0-94e6091d35c8,Tamil Nadu Person PERSON-031036,Female,PUDUKOTTAI Area,imported,12fe593e-e883-5cac-9710-f2ba74198299,PERSON-031036,,69,,,,11_person.csv
dbed372b-2201-55dc-a588-067f57106956,Tamil Nadu Person PERSON-031046,Other,KRISHNAGIRI Area,imported,12fe593e-e883-5cac-9710-f2ba74198299,PERSON-031046,,51,,,,11_person.csv
58b1ba6f-50eb-5bde-9065-70e62aeb644b,Tamil Nadu Person PERSON-031047,Male,THENI Area,imported,12fe593e-e883-5cac-9710-f2ba74198299,PERSON-031047,,72,,,,11_person.csv
df7fe482-caa7-5cb6-8f6c-daffe9861802,Tamil Nadu Person PERSON-031056,Other,TIRUPATHUR Area,imported,12fe593e-e883-5cac-9710-f2ba74198299,PERSON-031056,,67,,,,11_person.csv
16808b1f-3068-57cf-99b0-147995fce5e7,Tamil Nadu Person PERSON-031086,Male,KALLAKURICHI Area,imported,12fe593e-e883-5cac-9710-f2ba74198299,PERSON-031086,,65,,,,11_person.csv
23d7a426-89f9-5092-abbb-f17a81f92f1e,Tamil Nadu Person PERSON-031094,Other,CHENGALPATTU Area,imported,12fe593e-e883-5cac-9710-f2ba74198299,PERSON-031094,,60,,,,11_person.csv
6f14571b-4b63-5681-931c-8c7a8221dd48,Tamil Nadu Person PERSON-031105,Female,NAMAKKAL Area,imported,12fe593e-e883-5cac-9710-f2ba74198299,PERSON-031105,,24,,,,11_person.csv
06765baa-69a9-5116-be29-a05192c6708d,Tamil Nadu Person PERSON-031110,Male,DINDIGUL Area,imported,12fe593e-e883-5cac-9710-f2ba74198299,PERSON-031110,,64,,,,11_person.csv
37cc5ea2-8747-500b-aec3-7f700d3f6692,Tamil Nadu Person PERSON-031122,Other,RAMESWARAM Area,imported,12fe593e-e883-5cac-9710-f2ba74198299,PERSON-031122,,36,,,,11_person.csv
91e266ab-a1a4-511b-877a-a9f5006a4f6a,Tamil Nadu Person PERSON-031133,Female,CUDDALORE Area,imported,12fe593e-e883-5cac-9710-f2ba74198299,PERSON-031133,,23,,,,11_person.csv
4d32b953-8378-52d6-9df4-776e1dd8157f,Tamil Nadu Person PERSON-031146,Male,NAGAPATTINAM Area,imported,12fe593e-e883-5cac-9710-f2ba74198299,PERSON-031146,,31,,,,11_person.csv
b4ab419f-83e3-5adc-8f49-91e8f3a10b08,Tamil Nadu Person PERSON-031176,Other,TIRUPPUR Area,imported,12fe593e-e883-5cac-9710-f2ba74198299,PERSON-031176,,54,,,,11_person.csv
38c9b4bd-54a8-52b0-ade0-26e8c294133f,Tamil Nadu Person PERSON-031197,Female,VIRUDHUNAGAR Area,imported,12fe593e-e883-5cac-9710-f2ba74198299,PERSON-031197,,60,,,,11_person.csv
34f8600f-286b-58f0-9bf0-3fe3de21abfc,Tamil Nadu Person PERSON-031235,Other,TIRUPPUR Area,imported,12fe593e-e883-5cac-9710-f2ba74198299,PERSON-031235,,56,,,,11_person.csv
ad214ba2-da0c-5107-bb55-2eb3b82d0c3e,Tamil Nadu Person PERSON-031267,Male,MADURAI Area,imported,12fe593e-e883-5cac-9710-f2ba74198299,PERSON-031267,,37,,,,11_person.csv
b6e06d81-75ac-5ba3-bee1-c48e157d63fa,Tamil Nadu Person PERSON-031275,Male,PUDUKOTTAI Area,imported,12fe593e-e883-5cac-9710-f2ba74198299,PERSON-031275,,49,,,,11_person.csv
e186ca52-e45f-5d66-8f49-da8597fcc65f,Tamil Nadu Person PERSON-031293,Female,SIVAGANGA Area,imported,12fe593e-e883-5cac-9710-f2ba74198299,PERSON-031293,,68,,,,11_person.csv
5753202d-0552-5c56-bf66-1f458fc71f1d,Tamil Nadu Person PERSON-031304,Other,SALEM Area,imported,12fe593e-e883-5cac-9710-f2ba74198299,PERSON-031304,,35,,,,11_person.csv
84ae9130-2eaa-5393-bb0d-af27a67f9bfb,Tamil Nadu Person PERSON-031306,Other,SALEM Area,imported,12fe593e-e883-5cac-9710-f2ba74198299,PERSON-031306,,74,,,,11_person.csv
e1392a3f-aa3c-5521-bbf1-38a66d21d5ea,Tamil Nadu Person PERSON-031312,Male,TIRUCHIRAPPALLI Area,imported,12fe593e-e883-5cac-9710-f2ba74198299,PERSON-031312,,31,,,,11_person.csv
11784a27-a367-5fe3-813d-ecb82e828184,Tamil Nadu Person PERSON-031319,Other,KUMBAKONAM Area,imported,12fe593e-e883-5cac-9710-f2ba74198299,PERSON-031319,,31,,,,11_person.csv
60bea213-aa8b-5e8a-bbd6-9b2f2f32b652,Tamil Nadu Person PERSON-031321,Other,PERAMBALUR Area,imported,12fe593e-e883-5cac-9710-f2ba74198299,PERSON-031321,,41,,,,11_person.csv
b4109f16-2378-5796-ad43-a1c5bd7a0576,Tamil Nadu Person PERSON-031325,Male,CHENNAI Area,imported,12fe593e-e883-5cac-9710-f2ba74198299,PERSON-031325,,32,,,,11_person.csv
cfe5b9c4-05ab-5c25-b14b-584ffbe8ed03,Tamil Nadu Person PERSON-031328,Female,COIMBATORE Area,imported,12fe593e-e883-5cac-9710-f2ba74198299,PERSON-031328,,61,,,,11_person.csv
825ccd16-a08e-5523-8b2f-2d689c907312,Tamil Nadu Person PERSON-031330,Other,THIRUVALLUR Area,imported,12fe593e-e883-5cac-9710-f2ba74198299,PERSON-031330,,63,,,,11_person.csv
c30ced36-3dad-5993-a2a3-81f9ed8bcc50,Tamil Nadu Person PERSON-031349,Female,THIRUVARUR Area,imported,12fe593e-e883-5cac-9710-f2ba74198299,PERSON-031349,,66,,,,11_person.csv
c85e5ba5-f802-5a6a-b613-08bff281b820,Tamil Nadu Person PERSON-031353,Other,NAMAKKAL Area,imported,12fe593e-e883-5cac-9710-f2ba74198299,PERSON-031353,,74,,,,11_person.csv
fb11c4de-de15-5257-a618-a726a2930f40,Tamil Nadu Person PERSON-031358,Other,KUMBAKONAM Area,imported,12fe593e-e883-5cac-9710-f2ba74198299,PERSON-031358,,73,,,,11_person.csv
99302afe-46e3-5b51-803a-b2ef59712e6f,Tamil Nadu Person PERSON-031371,Male,KARUR Area,imported,12fe593e-e883-5cac-9710-f2ba74198299,PERSON-031371,,43,,,,11_person.csv
0709b704-805c-51c1-9cf3-17676d801365,Tamil Nadu Person PERSON-031374,Other,TIRUVANNAMALAI Area,imported,12fe593e-e883-5cac-9710-f2ba74198299,PERSON-031374,,60,,,,11_person.csv
40077499-4d56-577e-b64b-244697db4b8e,Tamil Nadu Person PERSON-031383,Other,NAMAKKAL Area,imported,12fe593e-e883-5cac-9710-f2ba74198299,PERSON-031383,,40,,,,11_person.csv
af489c35-93f4-59f8-bd6a-3f40b1fb4cf7,Tamil Nadu Person PERSON-031384,Male,RAMESWARAM Area,imported,12fe593e-e883-5cac-9710-f2ba74198299,PERSON-031384,,26,,,,11_person.csv
47bdbfa8-42c5-5f96-840c-61ba7408cf6d,Tamil Nadu Person PERSON-031393,Female,ERODE Area,imported,12fe593e-e883-5cac-9710-f2ba74198299,PERSON-031393,,70,,,,11_person.csv
ef6718ba-2d99-5967-8f84-251cb3798fec,Tamil Nadu Person PERSON-031398,Female,TIRUPPUR Area,imported,12fe593e-e883-5cac-9710-f2ba74198299,PERSON-031398,,28,,,,11_person.csv
6b7e5584-26f9-5a29-a582-015180f66094,Tamil Nadu Person PERSON-031406,Male,CUDDALORE Area,imported,12fe593e-e883-5cac-9710-f2ba74198299,PERSON-031406,,41,,,,11_person.csv
a207c22e-2bd8-548b-ad20-0e8f5f9658d3,Tamil Nadu Person PERSON-031413,Other,DINDIGUL Area,imported,12fe593e-e883-5cac-9710-f2ba74198299,PERSON-031413,,44,,,,11_person.csv
7e508bcf-bbf7-591d-ba5d-527f0d0d223d,Tamil Nadu Person PERSON-031423,Male,PERAMBALUR Area,imported,12fe593e-e883-5cac-9710-f2ba74198299,PERSON-031423,,62,,,,11_person.csv
a022aee4-93d6-5c97-a6c8-727e3cd327e6,Tamil Nadu Person PERSON-031424,Other,PERAMBALUR Area,imported,12fe593e-e883-5cac-9710-f2ba74198299,PERSON-031424,,55,,,,11_person.csv
f1a44a1f-1717-5cb0-b24d-5b3f33fb6d8b,Tamil Nadu Person PERSON-031425,Other,THIRUVARUR Area,imported,12fe593e-e883-5cac-9710-f2ba74198299,PERSON-031425,,32,,,,11_person.csv
f26b3cc9-504d-56a5-9f50-578778ea06fe,Tamil Nadu Person PERSON-031430,Other,NAGAPATTINAM Area,imported,12fe593e-e883-5cac-9710-f2ba74198299,PERSON-031430,,31,,,,11_person.csv
ff91be84-2f83-5005-9b4f-8a794bcd3de9,Tamil Nadu Person PERSON-031463,Other,THIRUVALLUR Area,imported,12fe593e-e883-5cac-9710-f2ba74198299,PERSON-031463,,42,,,,11_person.csv
759f38b4-2c58-573d-924b-c4747f6b2276,Tamil Nadu Person PERSON-031468,Female,KUMBAKONAM Area,imported,12fe593e-e883-5cac-9710-f2ba74198299,PERSON-031468,,59,,,,11_person.csv
433d89ff-391a-50f9-a8a8-4432cda3774c,Tamil Nadu Person PERSON-031472,Other,THE_NILGIRIS Area,imported,12fe593e-e883-5cac-9710-f2ba74198299,PERSON-031472,,47,,,,11_person.csv
a74d132e-4dc6-5cd6-86fb-689e0e34e72e,Tamil Nadu Person PERSON-031473,Male,NAGAPATTINAM Area,imported,12fe593e-e883-5cac-9710-f2ba74198299,PERSON-031473,,73,,,,11_person.csv
96e2fa10-be06-57b8-9d3b-44c3db5fde7c,Tamil Nadu Person PERSON-031475,Other,DINDIGUL Area,imported,12fe593e-e883-5cac-9710-f2ba74198299,PERSON-031475,,40,,,,11_person.csv
6afdbbab-c064-5e77-9d64-7e836b8f0494,Tamil Nadu Person PERSON-031488,Other,SIVAGANGA Area,imported,12fe593e-e883-5cac-9710-f2ba74198299,PERSON-031488,,43,,,,11_person.csv
1a37100a-d6ec-592f-af45-69e0e8c5c389,Tamil Nadu Person PERSON-031492,Female,TIRUCHIRAPPALLI Area,imported,12fe593e-e883-5cac-9710-f2ba74198299,PERSON-031492,,68,,,,11_person.csv
12515108-eebf-5b61-90cd-14e1dc5e5c1c,Tamil Nadu Person PERSON-031503,Other,KUMBAKONAM Area,imported,12fe593e-e883-5cac-9710-f2ba74198299,PERSON-031503,,36,,,,11_person.csv
81ae3606-52a9-596f-821d-0d53c7441259,Tamil Nadu Person PERSON-031507,Male,TIRUVANNAMALAI Area,imported,12fe593e-e883-5cac-9710-f2ba74198299,PERSON-031507,,49,,,,11_person.csv
f53596cf-6a28-5abf-811b-ff4d4acff48d,Tamil Nadu Person PERSON-031510,Other,DHARMAPURI Area,imported,12fe593e-e883-5cac-9710-f2ba74198299,PERSON-031510,,48,,,,11_person.csv
d447aef7-4d35-551c-b001-dd47d6a2eab4,Tamil Nadu Person PERSON-031559,Male,TIRUNELVELI Area,imported,12fe593e-e883-5cac-9710-f2ba74198299,PERSON-031559,,56,,,,11_person.csv
dbfaa552-5e95-55d4-b9ea-4a0285e5017e,Tamil Nadu Person PERSON-031560,Other,ARIYALUR Area,imported,12fe593e-e883-5cac-9710-f2ba74198299,PERSON-031560,,55,,,,11_person.csv
74c28a7b-e774-5d86-9673-d295fff599a5,Tamil Nadu Person PERSON-031614,Other,CUDDALORE Area,imported,12fe593e-e883-5cac-9710-f2ba74198299,PERSON-031614,,35,,,,11_person.csv
1d8cba79-71f2-55a2-a93d-ea8ce528258a,Tamil Nadu Person PERSON-031628,Other,DINDIGUL Area,imported,12fe593e-e883-5cac-9710-f2ba74198299,PERSON-031628,,35,,,,11_person.csv
660c512f-69e2-52a6-944f-9446661265a9,Tamil Nadu Person PERSON-031635,Other,THENI Area,imported,12fe593e-e883-5cac-9710-f2ba74198299,PERSON-031635,,31,,,,11_person.csv
5ae11aae-da10-5bef-b37b-b31d41f84206,Tamil Nadu Person PERSON-031638,Other,TIRUVANNAMALAI Area,imported,12fe593e-e883-5cac-9710-f2ba74198299,PERSON-031638,,25,,,,11_person.csv
7864acf1-5513-56d4-bf58-7366037e9e78,Tamil Nadu Person PERSON-031653,Male,CHENNAI Area,imported,12fe593e-e883-5cac-9710-f2ba74198299,PERSON-031653,,75,,,,11_person.csv
c3ba50de-9dac-5b99-8d62-20bfd71d185f,Tamil Nadu Person PERSON-031659,Male,KALLAKURICHI Area,imported,12fe593e-e883-5cac-9710-f2ba74198299,PERSON-031659,,45,,,,11_person.csv
2f7eec86-7936-546a-aa1a-f481080a0ea4,Tamil Nadu Person PERSON-031706,Male,PERAMBALUR Area,imported,12fe593e-e883-5cac-9710-f2ba74198299,PERSON-031706,,73,,,,11_person.csv
d8235da9-0e94-5686-9a20-9a754bb3cc41,Tamil Nadu Person PERSON-031712,Female,RANIPET Area,imported,12fe593e-e883-5cac-9710-f2ba74198299,PERSON-031712,,26,,,,11_person.csv
ca05f8dd-6fea-5dd8-a84c-8354ad0d879b,Tamil Nadu Person PERSON-031736,Male,KALLAKURICHI Area,imported,12fe593e-e883-5cac-9710-f2ba74198299,PERSON-031736,,27,,,,11_person.csv
23c63dff-72e6-5b41-98b3-fdc5a03321f9,Tamil Nadu Person PERSON-031747,Other,NAMAKKAL Area,imported,12fe593e-e883-5cac-9710-f2ba74198299,PERSON-031747,,27,,,,11_person.csv
c0e5f848-7dcb-5895-b9f8-9301c0ada8fe,Tamil Nadu Person PERSON-031748,Other,NAGAPATTINAM Area,imported,12fe593e-e883-5cac-9710-f2ba74198299,PERSON-031748,,22,,,,11_person.csv
d299b96d-e6f8-590e-98d5-e2c0cd1c760c,Tamil Nadu Person PERSON-031787,Female,SIVAGANGA Area,imported,12fe593e-e883-5cac-9710-f2ba74198299,PERSON-031787,,21,,,,11_person.csv
971d79ce-f2a6-567d-b861-b7b86ec606bb,Tamil Nadu Person PERSON-031796,Other,TENKASI Area,imported,12fe593e-e883-5cac-9710-f2ba74198299,PERSON-031796,,26,,,,11_person.csv
e75f4f81-3e4f-5ce0-94b9-6faee0cc5a33,Tamil Nadu Person PERSON-031804,Other,DHARMAPURI Area,imported,12fe593e-e883-5cac-9710-f2ba74198299,PERSON-031804,,24,,,,11_person.csv
2cf6994a-0f21-597b-825d-65e5d87fccad,Tamil Nadu Person PERSON-031845,Other,VIRUDHUNAGAR Area,imported,12fe593e-e883-5cac-9710-f2ba74198299,PERSON-031845,,60,,,,11_person.csv
f7aeea92-618d-5789-909e-10d1bd82be31,Tamil Nadu Person PERSON-031852,Other,CHENGALPATTU Area,imported,12fe593e-e883-5cac-9710-f2ba74198299,PERSON-031852,,38,,,,11_person.csv
e88b499e-64f1-5a29-bcb9-d6a89ed517fa,Tamil Nadu Person PERSON-031855,Other,THIRUVALLUR Area,imported,12fe593e-e883-5cac-9710-f2ba74198299,PERSON-031855,,63,,,,11_person.csv
5cdc1b04-1699-5d46-b098-e2a80222f32c,Tamil Nadu Person PERSON-031863,Female,RAMESWARAM Area,imported,12fe593e-e883-5cac-9710-f2ba74198299,PERSON-031863,,48,,,,11_person.csv
ba45dd2e-af5e-55b5-a925-21dbb5a3f260,Tamil Nadu Person PERSON-031874,Other,KUMBAKONAM Area,imported,12fe593e-e883-5cac-9710-f2ba74198299,PERSON-031874,,46,,,,11_person.csv
7721e473-54a1-50f1-b6b8-742d63899b73,Tamil Nadu Person PERSON-031880,Other,KANYAKUMARI Area,imported,12fe593e-e883-5cac-9710-f2ba74198299,PERSON-031880,,59,,,,11_person.csv
e35c9fd0-111f-5815-ba9d-913f662fbc61,Tamil Nadu Person PERSON-031887,Male,KRISHNAGIRI Area,imported,12fe593e-e883-5cac-9710-f2ba74198299,PERSON-031887,,72,,,,11_person.csv
98382690-7b85-5c47-ba03-dca459d5e601,Tamil Nadu Person PERSON-031934,Other,TIRUNELVELI Area,imported,12fe593e-e883-5cac-9710-f2ba74198299,PERSON-031934,,22,,,,11_person.csv
9f384491-19f7-5126-af08-5a280e3eafed,Tamil Nadu Person PERSON-031937,Male,RANIPET Area,imported,12fe593e-e883-5cac-9710-f2ba74198299,PERSON-031937,,37,,,,11_person.csv
088a667a-3a9e-5528-a84f-09387fa1e30c,Tamil Nadu Person PERSON-031938,Other,DHARMAPURI Area,imported,12fe593e-e883-5cac-9710-f2ba74198299,PERSON-031938,,34,,,,11_person.csv
cc32efb3-1ec4-5728-b14d-2a626cd375c5,Tamil Nadu Person PERSON-031967,Other,TIRUCHIRAPPALLI Area,imported,12fe593e-e883-5cac-9710-f2ba74198299,PERSON-031967,,58,,,,11_person.csv
053fa476-cd81-59a3-a938-460ee5190d7a,Tamil Nadu Person PERSON-031980,Other,COIMBATORE Area,imported,12fe593e-e883-5cac-9710-f2ba74198299,PERSON-031980,,74,,,,11_person.csv
eabc1552-c7bf-577f-9124-be2ece81f63c,Tamil Nadu Person PERSON-031981,Male,RANIPET Area,imported,12fe593e-e883-5cac-9710-f2ba74198299,PERSON-031981,,76,,,,11_person.csv
485b8cef-bafb-5554-bccc-229e087b950b,Tamil Nadu Person PERSON-032004,Male,TIRUNELVELI Area,imported,12fe593e-e883-5cac-9710-f2ba74198299,PERSON-032004,,49,,,,11_person.csv
bf4ec1d9-11c6-5619-8408-3ee76f9ebb8f,Tamil Nadu Person PERSON-032006,Female,VILUPPURAM Area,imported,12fe593e-e883-5cac-9710-f2ba74198299,PERSON-032006,,37,,,,11_person.csv
d5505c0f-054c-5864-88ea-d395929b17e8,Tamil Nadu Person PERSON-032021,Male,MADURAI Area,imported,12fe593e-e883-5cac-9710-f2ba74198299,PERSON-032021,,53,,,,11_person.csv
5e662558-3420-5126-85da-eb895da83e79,Tamil Nadu Person PERSON-032040,Male,THENI Area,imported,12fe593e-e883-5cac-9710-f2ba74198299,PERSON-032040,,68,,,,11_person.csv
4b89b773-6633-5691-8c5e-c1a24328365f,Tamil Nadu Person PERSON-032049,Female,DINDIGUL Area,imported,12fe593e-e883-5cac-9710-f2ba74198299,PERSON-032049,,35,,,,11_person.csv
38e9cfcb-03e4-5e1c-8333-ca63e149fe15,Tamil Nadu Person PERSON-032071,Male,KARUR Area,imported,12fe593e-e883-5cac-9710-f2ba74198299,PERSON-032071,,46,,,,11_person.csv
140c347f-aa9f-524d-8b68-ad2aea6fc6f0,Tamil Nadu Person PERSON-032083,Female,THIRUVARUR Area,imported,12fe593e-e883-5cac-9710-f2ba74198299,PERSON-032083,,65,,,,11_person.csv
b84dba85-6e9f-566f-8d62-fbc7d3b41dd1,Tamil Nadu Person PERSON-032094,Other,CUDDALORE Area,imported,12fe593e-e883-5cac-9710-f2ba74198299,PERSON-032094,,41,,,,11_person.csv
32c503d9-93c1-5e46-b5bc-2e2c65dc5f4f,Tamil Nadu Person PERSON-032095,Male,TIRUNELVELI Area,imported,12fe593e-e883-5cac-9710-f2ba74198299,PERSON-032095,,49,,,,11_person.csv
4af47bc1-ae8d-5186-a6a4-d5f50bc83463,Tamil Nadu Person PERSON-032105,Other,THOOTHUKUDI Area,imported,12fe593e-e883-5cac-9710-f2ba74198299,PERSON-032105,,24,,,,11_person.csv
e477463e-873c-52f8-9f9e-661514cdbce9,Tamil Nadu Person PERSON-032110,Other,NAMAKKAL Area,imported,12fe593e-e883-5cac-9710-f2ba74198299,PERSON-032110,,38,,,,11_person.csv
f05e0e76-9ada-567f-a4d6-d5efcdd596a1,Tamil Nadu Person PERSON-032111,Other,PERAMBALUR Area,imported,12fe593e-e883-5cac-9710-f2ba74198299,PERSON-032111,,50,,,,11_person.csv
b19b2654-9515-5e61-91d6-4874ce888f2c,Tamil Nadu Person PERSON-032115,Other,TIRUNELVELI Area,imported,12fe593e-e883-5cac-9710-f2ba74198299,PERSON-032115,,27,,,,11_person.csv
d8dd3105-5d04-56c3-b8e6-e18e83fa7b00,Tamil Nadu Person PERSON-032117,Other,CHENGALPATTU Area,imported,12fe593e-e883-5cac-9710-f2ba74198299,PERSON-032117,,69,,,,11_person.csv
b0475cdb-f51b-5a24-bd8c-1b14034ca892,Tamil Nadu Person PERSON-032132,Other,TIRUPATHUR Area,imported,12fe593e-e883-5cac-9710-f2ba74198299,PERSON-032132,,26,,,,11_person.csv
107bc04d-e78e-5962-8886-4bfd211b9b72,Tamil Nadu Person PERSON-032133,Female,PUDUKOTTAI Area,imported,12fe593e-e883-5cac-9710-f2ba74198299,PERSON-032133,,28,,,,11_person.csv
6a8b5a2d-913d-5e80-b387-e0ace262ebd2,Tamil Nadu Person PERSON-032134,Male,SIVAGANGA Area,imported,12fe593e-e883-5cac-9710-f2ba74198299,PERSON-032134,,51,,,,11_person.csv
7a610125-6326-5f2e-9062-bad71356eecb,Tamil Nadu Person PERSON-032147,Other,NAMAKKAL Area,imported,12fe593e-e883-5cac-9710-f2ba74198299,PERSON-032147,,58,,,,11_person.csv
1b0425a1-4f0d-5ff1-945f-66776811dee1,Tamil Nadu Person PERSON-032151,Male,VIRUDHUNAGAR Area,imported,12fe593e-e883-5cac-9710-f2ba74198299,PERSON-032151,,67,,,,11_person.csv
0bfa7d4d-2b56-5f6f-8c10-0a72d463bb2a,Tamil Nadu Person PERSON-032156,Other,KANYAKUMARI Area,imported,12fe593e-e883-5cac-9710-f2ba74198299,PERSON-032156,,31,,,,11_person.csv
fff8b911-5cd4-59d3-b828-9cbb7a7f8627,Tamil Nadu Person PERSON-032173,Male,CUDDALORE Area,imported,12fe593e-e883-5cac-9710-f2ba74198299,PERSON-032173,,23,,,,11_person.csv
9dd1dfab-2627-50a7-9f78-80712389da8e,Tamil Nadu Person PERSON-032175,Male,SALEM Area,imported,12fe593e-e883-5cac-9710-f2ba74198299,PERSON-032175,,22,,,,11_person.csv
b333443c-5e08-503a-8863-8ac05d32031d,Tamil Nadu Person PERSON-032177,Other,ERODE Area,imported,12fe593e-e883-5cac-9710-f2ba74198299,PERSON-032177,,43,,,,11_person.csv
0d771650-077a-5022-911e-8783868b1986,Tamil Nadu Person PERSON-032202,Other,CUDDALORE Area,imported,12fe593e-e883-5cac-9710-f2ba74198299,PERSON-032202,,57,,,,11_person.csv
21569fce-4b61-5f6f-b92d-6218f82c951b,Tamil Nadu Person PERSON-032219,Female,MADURAI Area,imported,12fe593e-e883-5cac-9710-f2ba74198299,PERSON-032219,,21,,,,11_person.csv
33fc1691-3bb9-5330-8e3d-dbb6de1be5d1,Tamil Nadu Person PERSON-032238,Other,KANCHEEPURAM Area,imported,12fe593e-e883-5cac-9710-f2ba74198299,PERSON-032238,,39,,,,11_person.csv
0c7f93ff-9044-5f12-b301-ce9dacf680e7,Tamil Nadu Person PERSON-032239,Other,VIRUDHUNAGAR Area,imported,12fe593e-e883-5cac-9710-f2ba74198299,PERSON-032239,,57,,,,11_person.csv
c46da0ae-af4d-5006-94cb-d0b6afbe856d,Tamil Nadu Person PERSON-032247,Other,THIRUVALLUR Area,imported,12fe593e-e883-5cac-9710-f2ba74198299,PERSON-032247,,66,,,,11_person.csv
40140038-2a9f-580c-a215-7d398c6a9051,Tamil Nadu Person PERSON-032254,Other,TIRUPATHUR Area,imported,12fe593e-e883-5cac-9710-f2ba74198299,PERSON-032254,,70,,,,11_person.csv
d03fee29-827c-5cf9-b82f-d1e8e2623eb6,Tamil Nadu Person PERSON-032276,Male,MAYILADUTHURAI Area,imported,12fe593e-e883-5cac-9710-f2ba74198299,PERSON-032276,,30,,,,11_person.csv
63087254-d33e-5c4f-88e9-4ff119182b24,Tamil Nadu Person PERSON-032282,Other,NAGAPATTINAM Area,imported,12fe593e-e883-5cac-9710-f2ba74198299,PERSON-032282,,21,,,,11_person.csv
bee4c918-6173-5013-b510-317c0b019a6e,Tamil Nadu Person PERSON-032284,Female,ARIYALUR Area,imported,12fe593e-e883-5cac-9710-f2ba74198299,PERSON-032284,,74,,,,11_person.csv
45e82e9a-87bb-5e98-b256-694b3a62424d,Tamil Nadu Person PERSON-032285,Female,VILUPPURAM Area,imported,12fe593e-e883-5cac-9710-f2ba74198299,PERSON-032285,,52,,,,11_person.csv
f188c077-8015-5ab3-9115-680523111ad2,Tamil Nadu Person PERSON-032286,Other,ARIYALUR Area,imported,12fe593e-e883-5cac-9710-f2ba74198299,PERSON-032286,,52,,,,11_person.csv
191d1c88-94b9-5eb6-8a23-6048e0a40548,Tamil Nadu Person PERSON-032299,Other,COIMBATORE Area,imported,12fe593e-e883-5cac-9710-f2ba74198299,PERSON-032299,,57,,,,11_person.csv
6d29411c-eca6-533a-a21d-7ab96e0ee3df,Tamil Nadu Person PERSON-032320,Other,DHARMAPURI Area,imported,12fe593e-e883-5cac-9710-f2ba74198299,PERSON-032320,,59,,,,11_person.csv
bf047442-2b18-5779-a619-e0e0d143855d,Tamil Nadu Person PERSON-032334,Other,KANYAKUMARI Area,imported,12fe593e-e883-5cac-9710-f2ba74198299,PERSON-032334,,65,,,,11_person.csv
b72bd544-7499-5bd1-ad65-9ed8b0fe5a08,Tamil Nadu Person PERSON-032363,Male,KUMBAKONAM Area,imported,12fe593e-e883-5cac-9710-f2ba74198299,PERSON-032363,,22,,,,11_person.csv
c967d3cc-5015-5989-b635-82e4fb639ad7,Tamil Nadu Person PERSON-032370,Other,THENI Area,imported,12fe593e-e883-5cac-9710-f2ba74198299,PERSON-032370,,60,,,,11_person.csv
5d0d00c5-1388-579e-a9a8-2b169dbeec10,Tamil Nadu Person PERSON-032389,Female,KRISHNAGIRI Area,imported,12fe593e-e883-5cac-9710-f2ba74198299,PERSON-032389,,51,,,,11_person.csv
41d11969-dd92-575e-bb41-09640e989b1e,Tamil Nadu Person PERSON-032391,Male,ERODE Area,imported,12fe593e-e883-5cac-9710-f2ba74198299,PERSON-032391,,41,,,,11_person.csv
36404175-d655-5650-87a3-df558ef38d73,Tamil Nadu Person PERSON-032397,Male,TIRUVANNAMALAI Area,imported,12fe593e-e883-5cac-9710-f2ba74198299,PERSON-032397,,75,,,,11_person.csv
8bbbb743-2d14-535a-b686-66bdb1d3b84c,Tamil Nadu Person PERSON-032484,Female,TENKASI Area,imported,12fe593e-e883-5cac-9710-f2ba74198299,PERSON-032484,,49,,,,11_person.csv
2a4b8246-7cb1-5a37-b120-93a162c0fb5c,Tamil Nadu Person PERSON-032492,Other,CUDDALORE Area,imported,12fe593e-e883-5cac-9710-f2ba74198299,PERSON-032492,,26,,,,11_person.csv
3710730d-5ef0-56a0-bb34-7cf73b579dbf,Tamil Nadu Person PERSON-032499,Other,KARUR Area,imported,12fe593e-e883-5cac-9710-f2ba74198299,PERSON-032499,,75,,,,11_person.csv
112b2fc8-d68e-5450-b998-c37df5811f71,Tamil Nadu Person PERSON-032510,Other,PERAMBALUR Area,imported,12fe593e-e883-5cac-9710-f2ba74198299,PERSON-032510,,31,,,,11_person.csv
3c7a111a-0c52-57fa-825a-8845d2e0c630,Tamil Nadu Person PERSON-032513,Female,KARUR Area,imported,12fe593e-e883-5cac-9710-f2ba74198299,PERSON-032513,,52,,,,11_person.csv
3ce70166-e433-54cf-a828-f96a5ff6df05,Tamil Nadu Person PERSON-032515,Other,KUMBAKONAM Area,imported,12fe593e-e883-5cac-9710-f2ba74198299,PERSON-032515,,36,,,,11_person.csv
9efec4de-8c76-51b3-aba8-1ba6a1432136,Tamil Nadu Person PERSON-032517,Other,NAMAKKAL Area,imported,12fe593e-e883-5cac-9710-f2ba74198299,PERSON-032517,,63,,,,11_person.csv
bc787320-86ca-5f61-a1b2-01ca20f4c4c0,Tamil Nadu Person PERSON-032522,Female,SALEM Area,imported,12fe593e-e883-5cac-9710-f2ba74198299,PERSON-032522,,69,,,,11_person.csv
965bd58a-f216-556e-b3ca-818378afcb2c,Tamil Nadu Person PERSON-032527,Other,MADURAI Area,imported,12fe593e-e883-5cac-9710-f2ba74198299,PERSON-032527,,58,,,,11_person.csv
3371ab8a-5c70-50c7-90b8-c356036fe6c4,Tamil Nadu Person PERSON-032528,Male,THIRUVARUR Area,imported,12fe593e-e883-5cac-9710-f2ba74198299,PERSON-032528,,53,,,,11_person.csv
46ea6215-bbe5-5392-9d10-1d0b55741a97,Tamil Nadu Person PERSON-032563,Other,KUMBAKONAM Area,imported,12fe593e-e883-5cac-9710-f2ba74198299,PERSON-032563,,75,,,,11_person.csv
1c012d82-3d3d-5f3a-8e06-1b00bcd4324b,Tamil Nadu Person PERSON-032564,Male,CUDDALORE Area,imported,12fe593e-e883-5cac-9710-f2ba74198299,PERSON-032564,,49,,,,11_person.csv
2230e2d9-b7cc-5486-805f-deef9c590d6c,Tamil Nadu Person PERSON-032573,Other,ARIYALUR Area,imported,12fe593e-e883-5cac-9710-f2ba74198299,PERSON-032573,,69,,,,11_person.csv
21cb7460-7e29-5a07-8bda-a872d3098672,Tamil Nadu Person PERSON-032618,Female,MADURAI Area,imported,12fe593e-e883-5cac-9710-f2ba74198299,PERSON-032618,,63,,,,11_person.csv
436b371a-6b62-517b-85c6-6371940fda31,Tamil Nadu Person PERSON-032620,Female,SALEM Area,imported,12fe593e-e883-5cac-9710-f2ba74198299,PERSON-032620,,74,,,,11_person.csv
93b7b137-dbce-52c3-9c76-47dcc28fd536,Tamil Nadu Person PERSON-032627,Male,KRISHNAGIRI Area,imported,12fe593e-e883-5cac-9710-f2ba74198299,PERSON-032627,,35,,,,11_person.csv
e388819a-1217-5075-afd3-e1ec284ccffc,Tamil Nadu Person PERSON-032632,Female,PERAMBALUR Area,imported,12fe593e-e883-5cac-9710-f2ba74198299,PERSON-032632,,21,,,,11_person.csv
46cd3ad6-3e8c-576e-a2f6-d8e6213aa7a4,Tamil Nadu Person PERSON-032655,Male,MADURAI Area,imported,12fe593e-e883-5cac-9710-f2ba74198299,PERSON-032655,,45,,,,11_person.csv
a85a1822-f63c-5af3-adee-d23c172f4a8d,Tamil Nadu Person PERSON-032685,Female,KANCHEEPURAM Area,imported,12fe593e-e883-5cac-9710-f2ba74198299,PERSON-032685,,23,,,,11_person.csv
46513733-e344-5e8b-b7d1-ff0d282cda13,Tamil Nadu Person PERSON-032699,Other,TIRUCHIRAPPALLI Area,imported,12fe593e-e883-5cac-9710-f2ba74198299,PERSON-032699,,33,,,,11_person.csv
b6b3bb02-6044-5d95-ba32-d1e1cdc1d053,Tamil Nadu Person PERSON-032713,Male,TIRUPATHUR Area,imported,12fe593e-e883-5cac-9710-f2ba74198299,PERSON-032713,,28,,,,11_person.csv
931ad138-106d-5549-87a7-93cdd701df09,Tamil Nadu Person PERSON-032716,Other,RAMANATHAPURAM Area,imported,12fe593e-e883-5cac-9710-f2ba74198299,PERSON-032716,,39,,,,11_person.csv
dbb68faa-8c88-566e-82d5-b84d8c911c4a,Tamil Nadu Person PERSON-032731,Other,KANYAKUMARI Area,imported,12fe593e-e883-5cac-9710-f2ba74198299,PERSON-032731,,74,,,,11_person.csv
65b8f7a2-2e37-5355-b4e8-1921657fe211,Tamil Nadu Person PERSON-032745,Male,KANCHEEPURAM Area,imported,12fe593e-e883-5cac-9710-f2ba74198299,PERSON-032745,,61,,,,11_person.csv
e37120e5-6e0f-587b-8e3b-57a08f0617e7,Tamil Nadu Person PERSON-032748,Male,RAMANATHAPURAM Area,imported,12fe593e-e883-5cac-9710-f2ba74198299,PERSON-032748,,21,,,,11_person.csv
213469a2-d62c-5ee6-ac33-68923ede2a1a,Tamil Nadu Person PERSON-032779,Male,THIRUVALLUR Area,imported,12fe593e-e883-5cac-9710-f2ba74198299,PERSON-032779,,58,,,,11_person.csv
9dc7f4e8-f949-5f7b-8e8e-9bc3691d2694,Tamil Nadu Person PERSON-032811,Male,TIRUNELVELI Area,imported,12fe593e-e883-5cac-9710-f2ba74198299,PERSON-032811,,51,,,,11_person.csv
11ef2a44-82a3-56d4-a6ed-23cd55adbe2d,Tamil Nadu Person PERSON-032840,Other,KALLAKURICHI Area,imported,12fe593e-e883-5cac-9710-f2ba74198299,PERSON-032840,,69,,,,11_person.csv
28c554b8-3524-5db1-b93a-a2276f476410,Tamil Nadu Person PERSON-032846,Other,KALLAKURICHI Area,imported,12fe593e-e883-5cac-9710-f2ba74198299,PERSON-032846,,43,,,,11_person.csv
e5596a26-72a3-5461-ab2e-02f1f1c598da,Tamil Nadu Person PERSON-032865,Female,KANCHEEPURAM Area,imported,12fe593e-e883-5cac-9710-f2ba74198299,PERSON-032865,,40,,,,11_person.csv
710bf023-e729-5262-82b4-2aa43db7419e,Tamil Nadu Person PERSON-032876,Other,RANIPET Area,imported,12fe593e-e883-5cac-9710-f2ba74198299,PERSON-032876,,47,,,,11_person.csv
f58004ac-ce0d-5a4e-b455-211f9cfcbfab,Tamil Nadu Person PERSON-032881,Male,PUDUKOTTAI Area,imported,12fe593e-e883-5cac-9710-f2ba74198299,PERSON-032881,,46,,,,11_person.csv
f373d3f3-c777-5583-9116-8b9cc2fb74ea,Tamil Nadu Person PERSON-032882,Male,VILUPPURAM Area,imported,12fe593e-e883-5cac-9710-f2ba74198299,PERSON-032882,,38,,,,11_person.csv
ee05ed20-a541-55f6-9328-d3aa2e52668e,Tamil Nadu Person PERSON-032888,Other,ARIYALUR Area,imported,12fe593e-e883-5cac-9710-f2ba74198299,PERSON-032888,,55,,,,11_person.csv
b40c3a73-de67-5e84-a3f4-015746082293,Tamil Nadu Person PERSON-032905,Male,RAMESWARAM Area,imported,12fe593e-e883-5cac-9710-f2ba74198299,PERSON-032905,,67,,,,11_person.csv
7045b580-fea6-5e29-86ba-16f5f3604bb9,Tamil Nadu Person PERSON-032913,Female,TIRUVANNAMALAI Area,imported,12fe593e-e883-5cac-9710-f2ba74198299,PERSON-032913,,24,,,,11_person.csv
661fb770-492b-5b08-a55e-e34ad61e0e66,Tamil Nadu Person PERSON-032932,Female,TIRUVANNAMALAI Area,imported,12fe593e-e883-5cac-9710-f2ba74198299,PERSON-032932,,23,,,,11_person.csv
250b91d9-914c-5982-8d99-c3dc4181fa18,Tamil Nadu Person PERSON-032944,Other,TIRUPATHUR Area,imported,12fe593e-e883-5cac-9710-f2ba74198299,PERSON-032944,,63,,,,11_person.csv
b80770bb-c605-5534-bba9-1227363b943c,Tamil Nadu Person PERSON-032947,Other,TIRUNELVELI Area,imported,12fe593e-e883-5cac-9710-f2ba74198299,PERSON-032947,,65,,,,11_person.csv
357d042d-a270-5f8d-93fe-4b3b0af5f38e,Tamil Nadu Person PERSON-032969,Other,DHARMAPURI Area,imported,12fe593e-e883-5cac-9710-f2ba74198299,PERSON-032969,,55,,,,11_person.csv
ff0bd427-bab3-5569-8cb6-05803c486f80,Tamil Nadu Person PERSON-032988,Female,TIRUCHIRAPPALLI Area,imported,12fe593e-e883-5cac-9710-f2ba74198299,PERSON-032988,,58,,,,11_person.csv
5e23b2fb-7431-572a-b9ae-25d8325b0851,Tamil Nadu Person PERSON-033004,Other,THENI Area,imported,12fe593e-e883-5cac-9710-f2ba74198299,PERSON-033004,,68,,,,11_person.csv
fedcc489-86c8-50fd-928b-47cdaa3411c8,Tamil Nadu Person PERSON-033005,Other,CHENGALPATTU Area,imported,12fe593e-e883-5cac-9710-f2ba74198299,PERSON-033005,,44,,,,11_person.csv
5ba1b322-87f5-5cda-97fa-40417f8a9391,Tamil Nadu Person PERSON-033015,Female,TIRUPPUR Area,imported,12fe593e-e883-5cac-9710-f2ba74198299,PERSON-033015,,32,,,,11_person.csv
82eb834f-28d6-5470-af42-327d0a215193,Tamil Nadu Person PERSON-033028,Female,KANCHEEPURAM Area,imported,12fe593e-e883-5cac-9710-f2ba74198299,PERSON-033028,,64,,,,11_person.csv
665c78ef-c50f-5690-b89a-e74a8dcc4186,Tamil Nadu Person PERSON-033038,Male,TIRUPPUR Area,imported,12fe593e-e883-5cac-9710-f2ba74198299,PERSON-033038,,42,,,,11_person.csv
a401265d-55ef-5d9e-a4c4-d51e675c6284,Tamil Nadu Person PERSON-033063,Other,VIRUDHUNAGAR Area,imported,12fe593e-e883-5cac-9710-f2ba74198299,PERSON-033063,,41,,,,11_person.csv
fefc3ee0-4b56-5520-90b5-4b5e148c12d6,Tamil Nadu Person PERSON-033066,Other,THE_NILGIRIS Area,imported,12fe593e-e883-5cac-9710-f2ba74198299,PERSON-033066,,73,,,,11_person.csv
3d1d6253-fdbc-5367-9719-4bc87a77b353,Tamil Nadu Person PERSON-033077,Male,RAMESWARAM Area,imported,12fe593e-e883-5cac-9710-f2ba74198299,PERSON-033077,,43,,,,11_person.csv
dc049225-6ee6-5db1-9cf2-445312021d36,Tamil Nadu Person PERSON-033080,Female,THE_NILGIRIS Area,imported,12fe593e-e883-5cac-9710-f2ba74198299,PERSON-033080,,52,,,,11_person.csv
447224b2-45b8-5ad2-a98d-1dc33a0c13a5,Tamil Nadu Person PERSON-033091,Other,ERODE Area,imported,12fe593e-e883-5cac-9710-f2ba74198299,PERSON-033091,,43,,,,11_person.csv
e1727764-6162-5b2b-bdca-989b15470e2d,Tamil Nadu Person PERSON-033095,Other,THENI Area,imported,12fe593e-e883-5cac-9710-f2ba74198299,PERSON-033095,,39,,,,11_person.csv
be5cc959-ed14-5e91-abd9-83249045dad8,Tamil Nadu Person PERSON-033119,Other,CHENGALPATTU Area,imported,12fe593e-e883-5cac-9710-f2ba74198299,PERSON-033119,,26,,,,11_person.csv
ad47c5bb-1618-5c65-ae42-2afde765fd10,Tamil Nadu Person PERSON-033120,Female,THIRUVARUR Area,imported,12fe593e-e883-5cac-9710-f2ba74198299,PERSON-033120,,57,,,,11_person.csv
9b7369c2-f005-5539-adec-21f341d76ff9,Tamil Nadu Person PERSON-033127,Other,KALLAKURICHI Area,imported,12fe593e-e883-5cac-9710-f2ba74198299,PERSON-033127,,75,,,,11_person.csv
4b77d845-96d3-5580-86ad-8ddd7d11d57b,Tamil Nadu Person PERSON-033138,Male,CUDDALORE Area,imported,12fe593e-e883-5cac-9710-f2ba74198299,PERSON-033138,,30,,,,11_person.csv
4437759f-d036-5009-8d52-19382cd2c583,Tamil Nadu Person PERSON-033139,Female,THIRUVARUR Area,imported,12fe593e-e883-5cac-9710-f2ba74198299,PERSON-033139,,23,,,,11_person.csv
85e795cf-1098-553a-a53d-f3e93d3b2df6,Tamil Nadu Person PERSON-033164,Male,THENI Area,imported,12fe593e-e883-5cac-9710-f2ba74198299,PERSON-033164,,37,,,,11_person.csv
4cab09cb-b876-5c09-811d-24484568cb8a,Tamil Nadu Person PERSON-033176,Female,RANIPET Area,imported,12fe593e-e883-5cac-9710-f2ba74198299,PERSON-033176,,33,,,,11_person.csv
8df925a3-7d6a-5375-b035-3db42e1b0e7a,Tamil Nadu Person PERSON-033182,Other,THIRUVARUR Area,imported,12fe593e-e883-5cac-9710-f2ba74198299,PERSON-033182,,29,,,,11_person.csv
36388fff-62bd-5cb9-acae-086ee4b5f22c,Tamil Nadu Person PERSON-033185,Male,CHENNAI Area,imported,12fe593e-e883-5cac-9710-f2ba74198299,PERSON-033185,,52,,,,11_person.csv
33182a6a-46e0-5330-89bf-a4b6c7eef5dd,Tamil Nadu Person PERSON-033186,Other,THENI Area,imported,12fe593e-e883-5cac-9710-f2ba74198299,PERSON-033186,,61,,,,11_person.csv
23dfcd38-406c-599a-a348-f11669424386,Tamil Nadu Person PERSON-033193,Other,CUDDALORE Area,imported,12fe593e-e883-5cac-9710-f2ba74198299,PERSON-033193,,50,,,,11_person.csv
95cf2183-3035-58b4-8b97-5cfdeaa72763,Tamil Nadu Person PERSON-033197,Other,KUMBAKONAM Area,imported,12fe593e-e883-5cac-9710-f2ba74198299,PERSON-033197,,34,,,,11_person.csv
95c69eb6-e555-51dd-a21b-9ab8feefddb9,Tamil Nadu Person PERSON-033211,Other,ERODE Area,imported,12fe593e-e883-5cac-9710-f2ba74198299,PERSON-033211,,31,,,,11_person.csv
544cb310-33e4-5728-88ae-0e5464c8af56,Tamil Nadu Person PERSON-033216,Female,NAGAPATTINAM Area,imported,12fe593e-e883-5cac-9710-f2ba74198299,PERSON-033216,,37,,,,11_person.csv
722953f5-65ea-57a7-9ae2-6b0d9c453d0f,Tamil Nadu Person PERSON-033245,Other,TENKASI Area,imported,12fe593e-e883-5cac-9710-f2ba74198299,PERSON-033245,,32,,,,11_person.csv
6310b6a5-8684-549a-8ba7-a29334715cf2,Tamil Nadu Person PERSON-033262,Other,TIRUNELVELI Area,imported,12fe593e-e883-5cac-9710-f2ba74198299,PERSON-033262,,42,,,,11_person.csv
28daacd6-56a2-559b-b30d-a7e449920553,Tamil Nadu Person PERSON-033279,Male,TIRUCHIRAPPALLI Area,imported,12fe593e-e883-5cac-9710-f2ba74198299,PERSON-033279,,21,,,,11_person.csv
b4522917-d793-561f-a3c3-04308d3377a9,Tamil Nadu Person PERSON-033284,Other,TENKASI Area,imported,12fe593e-e883-5cac-9710-f2ba74198299,PERSON-033284,,22,,,,11_person.csv
d8b77125-70a9-5651-a5b9-3acba67d3fd8,Tamil Nadu Person PERSON-033293,Other,TIRUPPUR Area,imported,12fe593e-e883-5cac-9710-f2ba74198299,PERSON-033293,,57,,,,11_person.csv
fa54e393-6964-52a0-a241-0c4ac1ba8c19,Tamil Nadu Person PERSON-033326,Other,KRISHNAGIRI Area,imported,12fe593e-e883-5cac-9710-f2ba74198299,PERSON-033326,,59,,,,11_person.csv
b2c37952-69c9-50ae-8c57-aa1a38fdcabd,Tamil Nadu Person PERSON-033328,Female,KALLAKURICHI Area,imported,12fe593e-e883-5cac-9710-f2ba74198299,PERSON-033328,,68,,,,11_person.csv
03900df7-a8be-54bf-adcc-05a564d9d7f6,Tamil Nadu Person PERSON-033353,Female,ARIYALUR Area,imported,12fe593e-e883-5cac-9710-f2ba74198299,PERSON-033353,,57,,,,11_person.csv
d29075d1-1390-5eb0-a8f3-07de07ddef7e,Tamil Nadu Person PERSON-033366,Other,TIRUNELVELI Area,imported,12fe593e-e883-5cac-9710-f2ba74198299,PERSON-033366,,70,,,,11_person.csv
9b12dd79-33c7-5a2d-97ea-6ba443a741be,Tamil Nadu Person PERSON-033384,Other,TENKASI Area,imported,12fe593e-e883-5cac-9710-f2ba74198299,PERSON-033384,,70,,,,11_person.csv
3f72e202-70a9-538c-8d62-efb7d73d0491,Tamil Nadu Person PERSON-033391,Female,KALLAKURICHI Area,imported,12fe593e-e883-5cac-9710-f2ba74198299,PERSON-033391,,53,,,,11_person.csv
53e5b54e-7370-5b5b-abab-6db79a6428f5,Tamil Nadu Person PERSON-033410,Other,KARUR Area,imported,12fe593e-e883-5cac-9710-f2ba74198299,PERSON-033410,,41,,,,11_person.csv
4224c390-c14d-5eef-bf4b-943dfee2111b,Tamil Nadu Person PERSON-033418,Other,KALLAKURICHI Area,imported,12fe593e-e883-5cac-9710-f2ba74198299,PERSON-033418,,29,,,,11_person.csv
ead677d8-8306-598b-9187-6e2e51e57357,Tamil Nadu Person PERSON-033422,Female,SIVAGANGA Area,imported,12fe593e-e883-5cac-9710-f2ba74198299,PERSON-033422,,53,,,,11_person.csv
70674898-3f1d-5bb0-bdff-71d45b579635,Tamil Nadu Person PERSON-033456,Male,TENKASI Area,imported,12fe593e-e883-5cac-9710-f2ba74198299,PERSON-033456,,24,,,,11_person.csv
80ea08f8-3de3-5709-b7be-5a16b23317c2,Tamil Nadu Person PERSON-033460,Other,TIRUPATHUR Area,imported,12fe593e-e883-5cac-9710-f2ba74198299,PERSON-033460,,55,,,,11_person.csv
bcd3080f-b1c4-5fbb-aa4e-77a5b28bb879,Tamil Nadu Person PERSON-033461,Other,PUDUKOTTAI Area,imported,12fe593e-e883-5cac-9710-f2ba74198299,PERSON-033461,,44,,,,11_person.csv
6cd3889b-1b46-527a-bb27-36b66151e687,Tamil Nadu Person PERSON-033467,Male,THOOTHUKUDI Area,imported,12fe593e-e883-5cac-9710-f2ba74198299,PERSON-033467,,49,,,,11_person.csv
23467837-9dd3-5574-8afa-a22298cc8232,Tamil Nadu Person PERSON-033479,Female,KARUR Area,imported,12fe593e-e883-5cac-9710-f2ba74198299,PERSON-033479,,37,,,,11_person.csv
50ac0a62-2050-5179-9024-101d06dd51a5,Tamil Nadu Person PERSON-033510,Other,KRISHNAGIRI Area,imported,12fe593e-e883-5cac-9710-f2ba74198299,PERSON-033510,,31,,,,11_person.csv
6a2dcd19-90b0-5561-bdf5-9f036bbd699b,Tamil Nadu Person PERSON-033519,Female,THOOTHUKUDI Area,imported,12fe593e-e883-5cac-9710-f2ba74198299,PERSON-033519,,54,,,,11_person.csv
5565c8e3-1a5f-53cb-974a-9ae5fceeb182,Tamil Nadu Person PERSON-033525,Other,KARUR Area,imported,12fe593e-e883-5cac-9710-f2ba74198299,PERSON-033525,,31,,,,11_person.csv
a88c7616-5010-5f24-80eb-56261fab04f7,Tamil Nadu Person PERSON-033528,Other,THIRUVARUR Area,imported,12fe593e-e883-5cac-9710-f2ba74198299,PERSON-033528,,47,,,,11_person.csv
0982749e-2cb5-580b-917d-caecbc24a441,Tamil Nadu Person PERSON-033539,Male,PERAMBALUR Area,imported,12fe593e-e883-5cac-9710-f2ba74198299,PERSON-033539,,37,,,,11_person.csv
26bcd465-d12e-5ad4-9670-794f33fab8e5,Tamil Nadu Person PERSON-033546,Other,MADURAI Area,imported,12fe593e-e883-5cac-9710-f2ba74198299,PERSON-033546,,32,,,,11_person.csv
45757108-ecd0-54ad-998b-a2ca5a81815b,Tamil Nadu Person PERSON-033554,Other,ARIYALUR Area,imported,12fe593e-e883-5cac-9710-f2ba74198299,PERSON-033554,,26,,,,11_person.csv
a1631e08-160b-5ed7-898b-0dc7bc5ca536,Tamil Nadu Person PERSON-033559,Male,THENI Area,imported,12fe593e-e883-5cac-9710-f2ba74198299,PERSON-033559,,34,,,,11_person.csv
0af77c2b-df0d-50b6-b617-eaada85c778d,Tamil Nadu Person PERSON-033581,Other,TIRUNELVELI Area,imported,12fe593e-e883-5cac-9710-f2ba74198299,PERSON-033581,,34,,,,11_person.csv
9c76932e-e067-50c8-aba4-7f3ee6b5de91,Tamil Nadu Person PERSON-033595,Male,THOOTHUKUDI Area,imported,12fe593e-e883-5cac-9710-f2ba74198299,PERSON-033595,,28,,,,11_person.csv
7922fd35-29f5-54b9-8a42-d347075a3672,Tamil Nadu Person PERSON-033602,Male,KANCHEEPURAM Area,imported,12fe593e-e883-5cac-9710-f2ba74198299,PERSON-033602,,28,,,,11_person.csv
f5eb1ade-f3ab-5075-93cc-964e679ce6ba,Tamil Nadu Person PERSON-033618,Other,MADURAI Area,imported,12fe593e-e883-5cac-9710-f2ba74198299,PERSON-033618,,20,,,,11_person.csv
f027b84c-362d-50a4-975e-69fa8ad35cd0,Tamil Nadu Person PERSON-033621,Other,VIRUDHUNAGAR Area,imported,12fe593e-e883-5cac-9710-f2ba74198299,PERSON-033621,,21,,,,11_person.csv
edd1ca94-3d03-567c-a934-7b984f562696,Tamil Nadu Person PERSON-033637,Male,THENI Area,imported,12fe593e-e883-5cac-9710-f2ba74198299,PERSON-033637,,50,,,,11_person.csv
ea53935a-ea41-5680-a01f-a63592660032,Tamil Nadu Person PERSON-033667,Male,COIMBATORE Area,imported,12fe593e-e883-5cac-9710-f2ba74198299,PERSON-033667,,52,,,,11_person.csv
c1fff7d4-f7fd-585b-8455-3e908bd5bc58,Tamil Nadu Person PERSON-033668,Male,NAMAKKAL Area,imported,12fe593e-e883-5cac-9710-f2ba74198299,PERSON-033668,,68,,,,11_person.csv
0b307080-966c-5842-9105-8da4cdb7b8c7,Tamil Nadu Person PERSON-033699,Male,KARUR Area,imported,12fe593e-e883-5cac-9710-f2ba74198299,PERSON-033699,,24,,,,11_person.csv
2f66d6f4-25ef-5ea0-9e2c-30202f7246bd,Tamil Nadu Person PERSON-033708,Other,RANIPET Area,imported,12fe593e-e883-5cac-9710-f2ba74198299,PERSON-033708,,59,,,,11_person.csv
9bba7b08-d4eb-5014-9877-28d4330558d8,Tamil Nadu Person PERSON-033725,Other,CHENGALPATTU Area,imported,12fe593e-e883-5cac-9710-f2ba74198299,PERSON-033725,,24,,,,11_person.csv
b7f31879-c2ee-5276-914a-dad30851fde6,Tamil Nadu Person PERSON-033728,Female,RAMANATHAPURAM Area,imported,12fe593e-e883-5cac-9710-f2ba74198299,PERSON-033728,,45,,,,11_person.csv
d5a0065a-b907-5bb6-9676-78783b8773ce,Tamil Nadu Person PERSON-033731,Other,ARIYALUR Area,imported,12fe593e-e883-5cac-9710-f2ba74198299,PERSON-033731,,41,,,,11_person.csv
ba066335-59d3-55d2-9b3e-ddb73a3757b5,Tamil Nadu Person PERSON-033733,Other,TIRUPATHUR Area,imported,12fe593e-e883-5cac-9710-f2ba74198299,PERSON-033733,,58,,,,11_person.csv
fdec00d1-d0b9-568c-9cd2-775a0010a4ce,Tamil Nadu Person PERSON-033736,Other,SALEM Area,imported,12fe593e-e883-5cac-9710-f2ba74198299,PERSON-033736,,38,,,,11_person.csv
ab2b6dec-9739-5850-8084-eefcbb6241cf,Tamil Nadu Person PERSON-033738,Other,DHARMAPURI Area,imported,12fe593e-e883-5cac-9710-f2ba74198299,PERSON-033738,,32,,,,11_person.csv
1a960e6f-43e8-5136-8f6f-d8da91fd2b4a,Tamil Nadu Person PERSON-033751,Male,THIRUVARUR Area,imported,12fe593e-e883-5cac-9710-f2ba74198299,PERSON-033751,,48,,,,11_person.csv
bbf43fa2-c9e6-51cd-9ae6-3a9d04e2abbf,Tamil Nadu Person PERSON-033757,Other,CHENGALPATTU Area,imported,12fe593e-e883-5cac-9710-f2ba74198299,PERSON-033757,,40,,,,11_person.csv
45092823-0d94-5d5e-9376-0ba58094180c,Tamil Nadu Person PERSON-033790,Other,TIRUNELVELI Area,imported,12fe593e-e883-5cac-9710-f2ba74198299,PERSON-033790,,65,,,,11_person.csv
75542d9c-a37b-593c-9358-266d8426439b,Tamil Nadu Person PERSON-033818,Other,TIRUVANNAMALAI Area,imported,12fe593e-e883-5cac-9710-f2ba74198299,PERSON-033818,,59,,,,11_person.csv
db6b378f-3568-58d0-bafd-d5d5b70fb27f,Tamil Nadu Person PERSON-033825,Female,DINDIGUL Area,imported,12fe593e-e883-5cac-9710-f2ba74198299,PERSON-033825,,59,,,,11_person.csv
5c1c3aac-eeab-5390-88a8-7479b850d415,Tamil Nadu Person PERSON-033835,Female,PERAMBALUR Area,imported,12fe593e-e883-5cac-9710-f2ba74198299,PERSON-033835,,47,,,,11_person.csv
26c26e2b-f05d-59cd-908a-cdfedfa6419c,Tamil Nadu Person PERSON-033839,Other,KANCHEEPURAM Area,imported,12fe593e-e883-5cac-9710-f2ba74198299,PERSON-033839,,39,,,,11_person.csv
fc73f8b8-ca51-5142-a24f-57d453ecd884,Tamil Nadu Person PERSON-033845,Male,TIRUCHIRAPPALLI Area,imported,12fe593e-e883-5cac-9710-f2ba74198299,PERSON-033845,,41,,,,11_person.csv
46cadaef-2d61-525d-a257-73f3eef7d1af,Tamil Nadu Person PERSON-033871,Male,DINDIGUL Area,imported,12fe593e-e883-5cac-9710-f2ba74198299,PERSON-033871,,41,,,,11_person.csv
62831ebc-2cc7-5dac-864b-cc8e515028d6,Tamil Nadu Person PERSON-033881,Other,THIRUVARUR Area,imported,12fe593e-e883-5cac-9710-f2ba74198299,PERSON-033881,,29,,,,11_person.csv
6a348166-40e3-5113-b0ee-672e1beae2e5,Tamil Nadu Person PERSON-033882,Female,CHENGALPATTU Area,imported,12fe593e-e883-5cac-9710-f2ba74198299,PERSON-033882,,51,,,,11_person.csv
34404d5e-0f69-5e8a-b20d-a0fe96e5d0fb,Tamil Nadu Person PERSON-033885,Other,MAYILADUTHURAI Area,imported,12fe593e-e883-5cac-9710-f2ba74198299,PERSON-033885,,28,,,,11_person.csv
780621e4-927f-5503-9cbb-cb1420206e12,Tamil Nadu Person PERSON-033893,Female,KUMBAKONAM Area,imported,12fe593e-e883-5cac-9710-f2ba74198299,PERSON-033893,,32,,,,11_person.csv
a1e0f63f-cac9-5a4a-a1f9-f679a6d336be,Tamil Nadu Person PERSON-033932,Other,KANYAKUMARI Area,imported,12fe593e-e883-5cac-9710-f2ba74198299,PERSON-033932,,63,,,,11_person.csv
203b5126-36f7-5b03-b397-b1fcacf813b9,Tamil Nadu Person PERSON-033951,Other,TIRUVANNAMALAI Area,imported,12fe593e-e883-5cac-9710-f2ba74198299,PERSON-033951,,57,,,,11_person.csv
0074676a-a005-571a-8e69-bac51518a1fd,Tamil Nadu Person PERSON-033967,Other,TIRUVANNAMALAI Area,imported,12fe593e-e883-5cac-9710-f2ba74198299,PERSON-033967,,29,,,,11_person.csv
380968bf-ae6c-533c-b8c4-8acc5e421774,Tamil Nadu Person PERSON-033973,Other,THIRUVARUR Area,imported,12fe593e-e883-5cac-9710-f2ba74198299,PERSON-033973,,50,,,,11_person.csv
1ece6ff5-d406-54ac-b953-986fe7b80b8a,Tamil Nadu Person PERSON-033983,Female,VILUPPURAM Area,imported,12fe593e-e883-5cac-9710-f2ba74198299,PERSON-033983,,29,,,,11_person.csv
7d1472c7-b4f8-52f0-b04c-7fcbbc69447a,Tamil Nadu Person PERSON-033984,Other,KANYAKUMARI Area,imported,12fe593e-e883-5cac-9710-f2ba74198299,PERSON-033984,,33,,,,11_person.csv
cf7f6208-8f68-5108-9060-f72aff73ec2c,Tamil Nadu Person PERSON-033989,Female,ERODE Area,imported,12fe593e-e883-5cac-9710-f2ba74198299,PERSON-033989,,27,,,,11_person.csv
e8af9500-21de-5d21-b10c-8213cd6766e0,Tamil Nadu Person PERSON-033992,Female,SALEM Area,imported,12fe593e-e883-5cac-9710-f2ba74198299,PERSON-033992,,31,,,,11_person.csv
9b7a4b26-a78c-53fc-9926-ce2764877d9e,Tamil Nadu Person PERSON-034015,Male,KRISHNAGIRI Area,imported,12fe593e-e883-5cac-9710-f2ba74198299,PERSON-034015,,25,,,,11_person.csv
ea5a9836-43f7-58f5-97a5-205e136fcfee,Tamil Nadu Person PERSON-034020,Other,RAMANATHAPURAM Area,imported,12fe593e-e883-5cac-9710-f2ba74198299,PERSON-034020,,38,,,,11_person.csv
ce9d34b8-2b4d-59e6-aefe-694d9ea29f62,Tamil Nadu Person PERSON-034049,Male,RANIPET Area,imported,12fe593e-e883-5cac-9710-f2ba74198299,PERSON-034049,,54,,,,11_person.csv
e3738ba1-08a4-5e3d-81bc-98eca10ec9a4,Tamil Nadu Person PERSON-034060,Male,KANCHEEPURAM Area,imported,12fe593e-e883-5cac-9710-f2ba74198299,PERSON-034060,,27,,,,11_person.csv
d3d5a36d-7081-597c-9671-3ba8413f585a,Tamil Nadu Person PERSON-034063,Female,COIMBATORE Area,imported,12fe593e-e883-5cac-9710-f2ba74198299,PERSON-034063,,40,,,,11_person.csv
2ece0a71-5cca-5a09-ad0c-22fd8b2c2d12,Tamil Nadu Person PERSON-034064,Male,VILUPPURAM Area,imported,12fe593e-e883-5cac-9710-f2ba74198299,PERSON-034064,,36,,,,11_person.csv
899177b5-471f-58de-a858-a2b267bf658f,Tamil Nadu Person PERSON-034078,Other,MAYILADUTHURAI Area,imported,12fe593e-e883-5cac-9710-f2ba74198299,PERSON-034078,,30,,,,11_person.csv
4c5a72c1-9d0e-561e-af6b-47495a45cf11,Tamil Nadu Person PERSON-034089,Other,VILUPPURAM Area,imported,12fe593e-e883-5cac-9710-f2ba74198299,PERSON-034089,,49,,,,11_person.csv
d65b78e8-5643-53a6-b780-c628e055b074,Tamil Nadu Person PERSON-034096,Other,TIRUVANNAMALAI Area,imported,12fe593e-e883-5cac-9710-f2ba74198299,PERSON-034096,,34,,,,11_person.csv
0a4cc4d3-fbba-55f2-85e7-bddc2c76086c,Tamil Nadu Person PERSON-034111,Other,DHARMAPURI Area,imported,12fe593e-e883-5cac-9710-f2ba74198299,PERSON-034111,,37,,,,11_person.csv
830e1527-6322-5def-a82b-23a02cbda8da,Tamil Nadu Person PERSON-034133,Other,CHENGALPATTU Area,imported,12fe593e-e883-5cac-9710-f2ba74198299,PERSON-034133,,22,,,,11_person.csv
1bf47e2d-6c5c-5df0-b9b2-c2e0ba6a42ac,Tamil Nadu Person PERSON-034141,Female,SIVAGANGA Area,imported,12fe593e-e883-5cac-9710-f2ba74198299,PERSON-034141,,29,,,,11_person.csv
49e8a0df-d7ca-54e0-8243-8ce108bda62f,Tamil Nadu Person PERSON-034143,Male,CUDDALORE Area,imported,12fe593e-e883-5cac-9710-f2ba74198299,PERSON-034143,,59,,,,11_person.csv
70a5df4a-f549-5d56-8500-a1081521678b,Tamil Nadu Person PERSON-034148,Female,VILUPPURAM Area,imported,12fe593e-e883-5cac-9710-f2ba74198299,PERSON-034148,,58,,,,11_person.csv
d409f45b-18de-5c61-b1c4-39b0afdb9857,Tamil Nadu Person PERSON-034153,Other,THENI Area,imported,12fe593e-e883-5cac-9710-f2ba74198299,PERSON-034153,,65,,,,11_person.csv
23b091b0-d2ad-5e41-b332-d87c77227987,Tamil Nadu Person PERSON-034171,Male,THOOTHUKUDI Area,imported,12fe593e-e883-5cac-9710-f2ba74198299,PERSON-034171,,66,,,,11_person.csv
037e65a2-5555-5f57-a288-0e1727a0211a,Tamil Nadu Person PERSON-034184,Female,RANIPET Area,imported,12fe593e-e883-5cac-9710-f2ba74198299,PERSON-034184,,69,,,,11_person.csv
7e889ec8-a7b1-56ea-b3a6-42b7e33fe8b2,Tamil Nadu Person PERSON-034185,Male,MADURAI Area,imported,12fe593e-e883-5cac-9710-f2ba74198299,PERSON-034185,,72,,,,11_person.csv
408298a7-c35b-5b5d-b810-25629b305cff,Tamil Nadu Person PERSON-034188,Female,TIRUCHIRAPPALLI Area,imported,12fe593e-e883-5cac-9710-f2ba74198299,PERSON-034188,,75,,,,11_person.csv
2f72b033-356d-55ff-a172-22d1f5689e33,Tamil Nadu Person PERSON-034226,Male,VILUPPURAM Area,imported,12fe593e-e883-5cac-9710-f2ba74198299,PERSON-034226,,49,,,,11_person.csv
265461ce-a32e-5031-b2bb-7e3f494f12f8,Tamil Nadu Person PERSON-034259,Female,NAMAKKAL Area,imported,12fe593e-e883-5cac-9710-f2ba74198299,PERSON-034259,,43,,,,11_person.csv
3c6cfc8e-0d28-51bc-a30d-ec36b082b343,Tamil Nadu Person PERSON-034267,Other,DINDIGUL Area,imported,12fe593e-e883-5cac-9710-f2ba74198299,PERSON-034267,,26,,,,11_person.csv
3a9a5661-8b95-5e07-aa00-99df4160c770,Tamil Nadu Person PERSON-034268,Other,VILUPPURAM Area,imported,12fe593e-e883-5cac-9710-f2ba74198299,PERSON-034268,,66,,,,11_person.csv
85ab40f9-0118-57a7-a7cb-4dfc248d22d3,Tamil Nadu Person PERSON-034288,Other,KALLAKURICHI Area,imported,12fe593e-e883-5cac-9710-f2ba74198299,PERSON-034288,,57,,,,11_person.csv
704d7d0b-51ed-5087-b2c5-f141a15aca51,Tamil Nadu Person PERSON-034299,Male,DINDIGUL Area,imported,12fe593e-e883-5cac-9710-f2ba74198299,PERSON-034299,,49,,,,11_person.csv
65628d3d-d232-56cd-87e7-288043788713,Tamil Nadu Person PERSON-034300,Female,VILUPPURAM Area,imported,12fe593e-e883-5cac-9710-f2ba74198299,PERSON-034300,,35,,,,11_person.csv
5a2e3ea3-183d-5715-a9d4-5b7215e06f8c,Tamil Nadu Person PERSON-034302,Female,THOOTHUKUDI Area,imported,12fe593e-e883-5cac-9710-f2ba74198299,PERSON-034302,,46,,,,11_person.csv
87a1884a-ce0e-5470-90c7-85ea35f6aaa2,Tamil Nadu Person PERSON-034325,Other,NAGAPATTINAM Area,imported,12fe593e-e883-5cac-9710-f2ba74198299,PERSON-034325,,57,,,,11_person.csv
c31b4a12-c4ca-51f5-b783-83be907f153f,Tamil Nadu Person PERSON-034326,Male,TIRUPATHUR Area,imported,12fe593e-e883-5cac-9710-f2ba74198299,PERSON-034326,,26,,,,11_person.csv
b0ddb94f-b1f3-52a0-bd27-cfe8295f3f24,Tamil Nadu Person PERSON-034331,Other,TIRUVANNAMALAI Area,imported,12fe593e-e883-5cac-9710-f2ba74198299,PERSON-034331,,58,,,,11_person.csv
bb3627d9-45ec-56b6-84af-bc958dc275e8,Tamil Nadu Person PERSON-034333,Other,SIVAGANGA Area,imported,12fe593e-e883-5cac-9710-f2ba74198299,PERSON-034333,,29,,,,11_person.csv
398382c1-abe9-5733-afab-2c53515222f7,Tamil Nadu Person PERSON-034339,Other,TIRUVANNAMALAI Area,imported,12fe593e-e883-5cac-9710-f2ba74198299,PERSON-034339,,37,,,,11_person.csv
3fd752c4-7ec9-5797-8dd5-ec730c85231c,Tamil Nadu Person PERSON-034343,Other,TIRUCHIRAPPALLI Area,imported,12fe593e-e883-5cac-9710-f2ba74198299,PERSON-034343,,39,,,,11_person.csv
968b1a3f-78ef-560d-8d70-0f17552e45ad,Tamil Nadu Person PERSON-034353,Other,PERAMBALUR Area,imported,12fe593e-e883-5cac-9710-f2ba74198299,PERSON-034353,,55,,,,11_person.csv
2be26818-4de4-5f93-b97d-ddf5c6931cd9,Tamil Nadu Person PERSON-034359,Male,TIRUNELVELI Area,imported,12fe593e-e883-5cac-9710-f2ba74198299,PERSON-034359,,42,,,,11_person.csv
8c8b7b8b-6847-5ac4-ae34-f6e31d92716d,Tamil Nadu Person PERSON-034373,Female,KANCHEEPURAM Area,imported,12fe593e-e883-5cac-9710-f2ba74198299,PERSON-034373,,76,,,,11_person.csv
3b46a40f-d45b-5dd5-97bb-1de2b58bf849,Tamil Nadu Person PERSON-034375,Male,COIMBATORE Area,imported,12fe593e-e883-5cac-9710-f2ba74198299,PERSON-034375,,35,,,,11_person.csv
4f21e5b9-fd4b-5c78-a3f9-f205ba15e6dd,Tamil Nadu Person PERSON-034384,Other,TIRUPATHUR Area,imported,12fe593e-e883-5cac-9710-f2ba74198299,PERSON-034384,,51,,,,11_person.csv
f303ff71-696b-5ef7-aa10-22cab3bd7678,Tamil Nadu Person PERSON-034416,Male,TIRUCHIRAPPALLI Area,imported,12fe593e-e883-5cac-9710-f2ba74198299,PERSON-034416,,51,,,,11_person.csv
2655b15d-f7b6-50a2-b28f-b5e43dcf1a59,Tamil Nadu Person PERSON-034427,Other,TENKASI Area,imported,12fe593e-e883-5cac-9710-f2ba74198299,PERSON-034427,,41,,,,11_person.csv
9689e198-4b3b-597b-9103-2efb53dac08c,Tamil Nadu Person PERSON-034438,Other,ARIYALUR Area,imported,12fe593e-e883-5cac-9710-f2ba74198299,PERSON-034438,,42,,,,11_person.csv
c5c5f038-aa25-5af1-a8ff-be791ef361ed,Tamil Nadu Person PERSON-034461,Other,THIRUVALLUR Area,imported,12fe593e-e883-5cac-9710-f2ba74198299,PERSON-034461,,61,,,,11_person.csv
095508d0-cb52-5500-b4a1-cd7baed8abdf,Tamil Nadu Person PERSON-034468,Male,TIRUCHIRAPPALLI Area,imported,12fe593e-e883-5cac-9710-f2ba74198299,PERSON-034468,,46,,,,11_person.csv
808564ae-8a29-5db1-92b9-69d4d720ed76,Tamil Nadu Person PERSON-034471,Female,MADURAI Area,imported,12fe593e-e883-5cac-9710-f2ba74198299,PERSON-034471,,70,,,,11_person.csv
b586c9e3-1ab5-5ab4-9f18-ac256c0469a2,Tamil Nadu Person PERSON-034490,Other,CUDDALORE Area,imported,12fe593e-e883-5cac-9710-f2ba74198299,PERSON-034490,,34,,,,11_person.csv
4eb962e8-6fa0-527c-8882-584723c031b2,Tamil Nadu Person PERSON-034519,Other,THIRUVALLUR Area,imported,12fe593e-e883-5cac-9710-f2ba74198299,PERSON-034519,,44,,,,11_person.csv
45dfa346-e7fd-59bb-a2dd-ad787ffef0e0,Tamil Nadu Person PERSON-034521,Other,THE_NILGIRIS Area,imported,12fe593e-e883-5cac-9710-f2ba74198299,PERSON-034521,,44,,,,11_person.csv
df1a75ee-8707-52d3-934f-716d03fc7046,Tamil Nadu Person PERSON-034542,Female,MAYILADUTHURAI Area,imported,12fe593e-e883-5cac-9710-f2ba74198299,PERSON-034542,,72,,,,11_person.csv
04c9fd5c-d75d-595a-b549-cea6d2252e39,Tamil Nadu Person PERSON-034566,Other,KALLAKURICHI Area,imported,12fe593e-e883-5cac-9710-f2ba74198299,PERSON-034566,,25,,,,11_person.csv
b0def4b4-25c7-5f13-87b9-d868289b90db,Tamil Nadu Person PERSON-034575,Other,THENI Area,imported,12fe593e-e883-5cac-9710-f2ba74198299,PERSON-034575,,59,,,,11_person.csv
1d4fb08c-0bcc-54d5-8046-6b81a89b4b21,Tamil Nadu Person PERSON-034580,Male,DINDIGUL Area,imported,12fe593e-e883-5cac-9710-f2ba74198299,PERSON-034580,,37,,,,11_person.csv
154af5af-2363-52d2-aa50-4f2f27ea7597,Tamil Nadu Person PERSON-034582,Other,THE_NILGIRIS Area,imported,12fe593e-e883-5cac-9710-f2ba74198299,PERSON-034582,,36,,,,11_person.csv
86e8db8b-bdaf-5b92-9530-16c370b4cc1b,Tamil Nadu Person PERSON-034602,Other,TIRUVANNAMALAI Area,imported,12fe593e-e883-5cac-9710-f2ba74198299,PERSON-034602,,73,,,,11_person.csv
21594e72-f0ee-57ad-bde4-0b293d65fec6,Tamil Nadu Person PERSON-034618,Other,ERODE Area,imported,12fe593e-e883-5cac-9710-f2ba74198299,PERSON-034618,,22,,,,11_person.csv
4d3f4bf8-0b20-5a69-b570-79fd44c952d9,Tamil Nadu Person PERSON-034624,Other,KUMBAKONAM Area,imported,12fe593e-e883-5cac-9710-f2ba74198299,PERSON-034624,,41,,,,11_person.csv
6bcf0aca-13c9-5b6e-9c09-918a54300922,Tamil Nadu Person PERSON-034635,Other,THE_NILGIRIS Area,imported,12fe593e-e883-5cac-9710-f2ba74198299,PERSON-034635,,34,,,,11_person.csv
7b744322-a02c-5e75-adf6-08a7f3e69511,Tamil Nadu Person PERSON-034638,Female,TENKASI Area,imported,12fe593e-e883-5cac-9710-f2ba74198299,PERSON-034638,,67,,,,11_person.csv
a5ac62ef-8a9f-5f33-8247-b39f64ba1d51,Tamil Nadu Person PERSON-034642,Other,ERODE Area,imported,12fe593e-e883-5cac-9710-f2ba74198299,PERSON-034642,,64,,,,11_person.csv
4b12b482-596c-52c0-9b91-59c19a348f4e,Tamil Nadu Person PERSON-034658,Male,KANCHEEPURAM Area,imported,12fe593e-e883-5cac-9710-f2ba74198299,PERSON-034658,,26,,,,11_person.csv
b8caf9aa-212a-5b90-a9dc-534e49fa370e,Tamil Nadu Person PERSON-034662,Other,MAYILADUTHURAI Area,imported,12fe593e-e883-5cac-9710-f2ba74198299,PERSON-034662,,62,,,,11_person.csv
4edd0bdf-7837-5797-8335-d6dffd80349c,Tamil Nadu Person PERSON-034663,Male,NAMAKKAL Area,imported,12fe593e-e883-5cac-9710-f2ba74198299,PERSON-034663,,65,,,,11_person.csv
96cde397-e9b9-536a-a387-5305e8ed8df9,Tamil Nadu Person PERSON-034669,Other,VIRUDHUNAGAR Area,imported,12fe593e-e883-5cac-9710-f2ba74198299,PERSON-034669,,54,,,,11_person.csv
ee9db0a7-f889-5271-b86b-4dee91dae29c,Tamil Nadu Person PERSON-034674,Other,CUDDALORE Area,imported,12fe593e-e883-5cac-9710-f2ba74198299,PERSON-034674,,21,,,,11_person.csv
ea45f76f-7e5a-551d-87d3-4a86ad9e1504,Tamil Nadu Person PERSON-034677,Other,COIMBATORE Area,imported,12fe593e-e883-5cac-9710-f2ba74198299,PERSON-034677,,23,,,,11_person.csv
a925ac97-ebab-5c3f-8d00-31603bed4d62,Tamil Nadu Person PERSON-034679,Other,ERODE Area,imported,12fe593e-e883-5cac-9710-f2ba74198299,PERSON-034679,,75,,,,11_person.csv
4ffa008e-d428-5d3e-bdab-8e31ef55814a,Tamil Nadu Person PERSON-034681,Male,RAMESWARAM Area,imported,12fe593e-e883-5cac-9710-f2ba74198299,PERSON-034681,,74,,,,11_person.csv
f455adf1-6b26-5862-916d-251d68380a23,Tamil Nadu Person PERSON-034688,Male,VIRUDHUNAGAR Area,imported,12fe593e-e883-5cac-9710-f2ba74198299,PERSON-034688,,71,,,,11_person.csv
5f972525-8d6c-560a-80e0-5f5d269a0576,Tamil Nadu Person PERSON-034693,Male,TIRUPPUR Area,imported,12fe593e-e883-5cac-9710-f2ba74198299,PERSON-034693,,30,,,,11_person.csv
cf640003-0825-59bb-858b-6fec63a055bf,Tamil Nadu Person PERSON-034701,Male,KUMBAKONAM Area,imported,12fe593e-e883-5cac-9710-f2ba74198299,PERSON-034701,,75,,,,11_person.csv
3ee47db1-becd-595a-9607-758170b23cd3,Tamil Nadu Person PERSON-034702,Male,KARUR Area,imported,12fe593e-e883-5cac-9710-f2ba74198299,PERSON-034702,,35,,,,11_person.csv
7aed022f-e65f-5e61-b9a5-a532290b3f40,Tamil Nadu Person PERSON-034712,Other,PERAMBALUR Area,imported,12fe593e-e883-5cac-9710-f2ba74198299,PERSON-034712,,26,,,,11_person.csv
51e50e57-1a10-51c2-a684-5ad479318fd7,Tamil Nadu Person PERSON-034716,Female,CUDDALORE Area,imported,12fe593e-e883-5cac-9710-f2ba74198299,PERSON-034716,,52,,,,11_person.csv
552c0158-5361-53a9-a122-122e3371e66f,Tamil Nadu Person PERSON-034745,Female,KUMBAKONAM Area,imported,12fe593e-e883-5cac-9710-f2ba74198299,PERSON-034745,,31,,,,11_person.csv
e7d4c77e-c16a-59a9-be3e-c4c1a8dc6968,Tamil Nadu Person PERSON-034767,Other,TIRUCHIRAPPALLI Area,imported,12fe593e-e883-5cac-9710-f2ba74198299,PERSON-034767,,74,,,,11_person.csv
55d9176f-3a48-5034-abb9-fa2cc0583176,Tamil Nadu Person PERSON-034810,Other,KRISHNAGIRI Area,imported,12fe593e-e883-5cac-9710-f2ba74198299,PERSON-034810,,63,,,,11_person.csv
73790c90-d480-54df-a82f-eeb5ccb5f02a,Tamil Nadu Person PERSON-034820,Other,KARUR Area,imported,12fe593e-e883-5cac-9710-f2ba74198299,PERSON-034820,,46,,,,11_person.csv
dad2a7ad-8d93-5eaf-8801-e9b59b375b15,Tamil Nadu Person PERSON-034821,Other,VIRUDHUNAGAR Area,imported,12fe593e-e883-5cac-9710-f2ba74198299,PERSON-034821,,21,,,,11_person.csv
e93ff847-20b4-5d3d-9d21-3e10ea9fc8ed,Tamil Nadu Person PERSON-034831,Female,ERODE Area,imported,12fe593e-e883-5cac-9710-f2ba74198299,PERSON-034831,,47,,,,11_person.csv
c4194c39-860a-5331-961f-ac19def2a58b,Tamil Nadu Person PERSON-034855,Other,TIRUPATHUR Area,imported,12fe593e-e883-5cac-9710-f2ba74198299,PERSON-034855,,56,,,,11_person.csv
2e52755f-3982-55d8-abe9-baf1d9f55f95,Tamil Nadu Person PERSON-034869,Female,TENKASI Area,imported,12fe593e-e883-5cac-9710-f2ba74198299,PERSON-034869,,71,,,,11_person.csv
a0d44437-04ee-5dea-b1d3-61f287540130,Tamil Nadu Person PERSON-034870,Male,DHARMAPURI Area,imported,12fe593e-e883-5cac-9710-f2ba74198299,PERSON-034870,,57,,,,11_person.csv
d456112a-e10e-5c25-905b-b11823ff4743,Tamil Nadu Person PERSON-034873,Male,THE_NILGIRIS Area,imported,12fe593e-e883-5cac-9710-f2ba74198299,PERSON-034873,,32,,,,11_person.csv
fc1d3ff5-b45d-5d59-9f35-029907cb2dc3,Tamil Nadu Person PERSON-034874,Other,CHENGALPATTU Area,imported,12fe593e-e883-5cac-9710-f2ba74198299,PERSON-034874,,44,,,,11_person.csv
3015bf11-8d41-5641-910c-f42dc3aa6cca,Tamil Nadu Person PERSON-034883,Male,NAGAPATTINAM Area,imported,12fe593e-e883-5cac-9710-f2ba74198299,PERSON-034883,,23,,,,11_person.csv
c1dc655b-e053-5ba1-bd7f-6da9e9f97ef0,Tamil Nadu Person PERSON-034909,Male,THOOTHUKUDI Area,imported,12fe593e-e883-5cac-9710-f2ba74198299,PERSON-034909,,57,,,,11_person.csv
b27e550c-0dfc-5898-8740-871127e25eaf,Tamil Nadu Person PERSON-034911,Other,SIVAGANGA Area,imported,12fe593e-e883-5cac-9710-f2ba74198299,PERSON-034911,,38,,,,11_person.csv
56c64af8-d86e-581a-bed7-bcd3ae3440b1,Tamil Nadu Person PERSON-034923,Male,THIRUVALLUR Area,imported,12fe593e-e883-5cac-9710-f2ba74198299,PERSON-034923,,42,,,,11_person.csv
02c7b8aa-043a-5cf4-9c87-36b0041b47aa,Tamil Nadu Person PERSON-034932,Other,TENKASI Area,imported,12fe593e-e883-5cac-9710-f2ba74198299,PERSON-034932,,26,,,,11_person.csv
66ccb488-52c2-52a9-87e2-aa3e661ee81d,Tamil Nadu Person PERSON-034947,Other,THIRUVARUR Area,imported,12fe593e-e883-5cac-9710-f2ba74198299,PERSON-034947,,63,,,,11_person.csv
5688622e-a49b-5352-9635-597d7e0785f0,Tamil Nadu Person PERSON-034952,Other,TIRUNELVELI Area,imported,12fe593e-e883-5cac-9710-f2ba74198299,PERSON-034952,,61,,,,11_person.csv
36df1609-7db0-5b98-916e-cd01a8930ba7,Tamil Nadu Person PERSON-034963,Male,PERAMBALUR Area,imported,12fe593e-e883-5cac-9710-f2ba74198299,PERSON-034963,,20,,,,11_person.csv
83b99b89-120b-5f5c-a04e-66d5b927efdb,Tamil Nadu Person PERSON-035003,Male,DHARMAPURI Area,imported,12fe593e-e883-5cac-9710-f2ba74198299,PERSON-035003,,22,,,,11_person.csv
40c67c94-9ea7-5cc4-b670-abdc2c78595a,Tamil Nadu Person PERSON-035021,Female,TIRUCHIRAPPALLI Area,imported,12fe593e-e883-5cac-9710-f2ba74198299,PERSON-035021,,57,,,,11_person.csv
e59fef60-24b2-5f47-a46c-0080f83726aa,Tamil Nadu Person PERSON-035027,Other,THOOTHUKUDI Area,imported,12fe593e-e883-5cac-9710-f2ba74198299,PERSON-035027,,43,,,,11_person.csv
f2a66966-f0c8-5db6-8e5e-cd4c1d0ac993,Tamil Nadu Person PERSON-035028,Other,THIRUVALLUR Area,imported,12fe593e-e883-5cac-9710-f2ba74198299,PERSON-035028,,30,,,,11_person.csv
b4fb3f07-d527-59b7-bf21-02793042071c,Tamil Nadu Person PERSON-035032,Other,KRISHNAGIRI Area,imported,12fe593e-e883-5cac-9710-f2ba74198299,PERSON-035032,,51,,,,11_person.csv
33515c17-48e3-5f7f-856b-3d2204aab227,Tamil Nadu Person PERSON-035041,Female,THIRUVARUR Area,imported,12fe593e-e883-5cac-9710-f2ba74198299,PERSON-035041,,58,,,,11_person.csv
c11dba30-b920-5e53-9994-1d235eac49d3,Tamil Nadu Person PERSON-035043,Other,NAMAKKAL Area,imported,12fe593e-e883-5cac-9710-f2ba74198299,PERSON-035043,,23,,,,11_person.csv
a1b44ec3-88dc-5263-b667-52281f3a2f67,Tamil Nadu Person PERSON-035070,Other,KALLAKURICHI Area,imported,12fe593e-e883-5cac-9710-f2ba74198299,PERSON-035070,,24,,,,11_person.csv
e388541a-7ffe-5c1d-bc49-a01184b3347e,Tamil Nadu Person PERSON-035081,Male,PERAMBALUR Area,imported,12fe593e-e883-5cac-9710-f2ba74198299,PERSON-035081,,31,,,,11_person.csv
0b1f248b-c98e-5a06-a38f-f2647c5bcbd9,Tamil Nadu Person PERSON-035103,Other,TIRUPATHUR Area,imported,12fe593e-e883-5cac-9710-f2ba74198299,PERSON-035103,,57,,,,11_person.csv
1be8a461-bf94-541d-a55a-4a1e563c768f,Tamil Nadu Person PERSON-035115,Female,DINDIGUL Area,imported,12fe593e-e883-5cac-9710-f2ba74198299,PERSON-035115,,26,,,,11_person.csv
55278c96-d124-55a1-a3e6-e11c7865c1ff,Tamil Nadu Person PERSON-035116,Other,RANIPET Area,imported,12fe593e-e883-5cac-9710-f2ba74198299,PERSON-035116,,57,,,,11_person.csv
71a1ae69-d824-5609-8468-20baecb7e48b,Tamil Nadu Person PERSON-035121,Other,TIRUNELVELI Area,imported,12fe593e-e883-5cac-9710-f2ba74198299,PERSON-035121,,40,,,,11_person.csv
34ca84b6-ca4f-5690-b411-1db498ed4ea3,Tamil Nadu Person PERSON-035127,Other,SALEM Area,imported,12fe593e-e883-5cac-9710-f2ba74198299,PERSON-035127,,70,,,,11_person.csv
32310e8e-ca06-564e-86ae-fb7b58d001bc,Tamil Nadu Person PERSON-035161,Male,THE_NILGIRIS Area,imported,12fe593e-e883-5cac-9710-f2ba74198299,PERSON-035161,,21,,,,11_person.csv
81863909-8331-5bb6-99af-671da7e56ad3,Tamil Nadu Person PERSON-035165,Female,VILUPPURAM Area,imported,12fe593e-e883-5cac-9710-f2ba74198299,PERSON-035165,,39,,,,11_person.csv
f02a57c8-81d7-5830-bbd0-b66b87913440,Tamil Nadu Person PERSON-035174,Female,THIRUVARUR Area,imported,12fe593e-e883-5cac-9710-f2ba74198299,PERSON-035174,,51,,,,11_person.csv
6019af27-7a30-5301-9e1f-648b77b153f9,Tamil Nadu Person PERSON-035180,Other,KRISHNAGIRI Area,imported,12fe593e-e883-5cac-9710-f2ba74198299,PERSON-035180,,62,,,,11_person.csv
f8d45316-6f2d-50c0-a227-85c358c4cc9a,Tamil Nadu Person PERSON-035949,Male,MADURAI Area,imported,12fe593e-e883-5cac-9710-f2ba74198299,PERSON-035949,,56,,,,11_person.csv
499f2e04-9b86-57a9-b588-9033f1f8ccf9,Tamil Nadu Person PERSON-035222,Other,DINDIGUL Area,imported,12fe593e-e883-5cac-9710-f2ba74198299,PERSON-035222,,69,,,,11_person.csv
058447aa-6e82-5efb-9744-3fdead13bb65,Tamil Nadu Person PERSON-035236,Other,MAYILADUTHURAI Area,imported,12fe593e-e883-5cac-9710-f2ba74198299,PERSON-035236,,36,,,,11_person.csv
5fa21178-5dc1-5f6d-beed-367b5c99e5e6,Tamil Nadu Person PERSON-035245,Male,NAMAKKAL Area,imported,12fe593e-e883-5cac-9710-f2ba74198299,PERSON-035245,,64,,,,11_person.csv
d754bcea-763e-5e6a-a443-9bae65894b36,Tamil Nadu Person PERSON-035251,Female,TIRUPATHUR Area,imported,12fe593e-e883-5cac-9710-f2ba74198299,PERSON-035251,,67,,,,11_person.csv
a4dfa692-f6cd-5ce9-984e-e0d8f1b39e6e,Tamil Nadu Person PERSON-035260,Other,DINDIGUL Area,imported,12fe593e-e883-5cac-9710-f2ba74198299,PERSON-035260,,64,,,,11_person.csv
75e87691-40fb-5e88-8e3a-da9ea62e72e5,Tamil Nadu Person PERSON-035263,Male,NAMAKKAL Area,imported,12fe593e-e883-5cac-9710-f2ba74198299,PERSON-035263,,48,,,,11_person.csv
62616879-20d6-540f-808d-8a1c8a9f7029,Tamil Nadu Person PERSON-035291,Other,CHENNAI Area,imported,12fe593e-e883-5cac-9710-f2ba74198299,PERSON-035291,,32,,,,11_person.csv
b4f7c9c1-f18d-5813-b63f-4c0eb31f26fb,Tamil Nadu Person PERSON-035293,Male,THENI Area,imported,12fe593e-e883-5cac-9710-f2ba74198299,PERSON-035293,,39,,,,11_person.csv
9a017383-c201-5523-ab05-72ebe713de36,Tamil Nadu Person PERSON-035294,Male,COIMBATORE Area,imported,12fe593e-e883-5cac-9710-f2ba74198299,PERSON-035294,,29,,,,11_person.csv
c9ead55b-5ab2-5bf5-9c49-2aad17ff81f4,Tamil Nadu Person PERSON-035322,Other,COIMBATORE Area,imported,12fe593e-e883-5cac-9710-f2ba74198299,PERSON-035322,,62,,,,11_person.csv
e060dcd0-49b7-5d6d-afe1-319f93d5b7ed,Tamil Nadu Person PERSON-035351,Male,VILUPPURAM Area,imported,12fe593e-e883-5cac-9710-f2ba74198299,PERSON-035351,,73,,,,11_person.csv
b8bd1bfa-b4e5-5717-8cc8-07ea504eff90,Tamil Nadu Person PERSON-035363,Female,KRISHNAGIRI Area,imported,12fe593e-e883-5cac-9710-f2ba74198299,PERSON-035363,,41,,,,11_person.csv
bd16b38a-50af-58c6-a6b5-c98280b7957c,Tamil Nadu Person PERSON-035367,Male,VILUPPURAM Area,imported,12fe593e-e883-5cac-9710-f2ba74198299,PERSON-035367,,56,,,,11_person.csv
94900d72-6a13-5781-bff9-e242399b16ed,Tamil Nadu Person PERSON-035368,Male,ERODE Area,imported,12fe593e-e883-5cac-9710-f2ba74198299,PERSON-035368,,72,,,,11_person.csv
03f45a5e-85ab-57c4-86f8-d2b15ea3f823,Tamil Nadu Person PERSON-035370,Other,KANCHEEPURAM Area,imported,12fe593e-e883-5cac-9710-f2ba74198299,PERSON-035370,,73,,,,11_person.csv
40384616-47c6-5856-b915-5ac4d8048cf0,Tamil Nadu Person PERSON-035371,Other,KALLAKURICHI Area,imported,12fe593e-e883-5cac-9710-f2ba74198299,PERSON-035371,,26,,,,11_person.csv
6f0b60fd-bc8d-5388-a582-ca879c523be8,Tamil Nadu Person PERSON-035388,Other,CHENNAI Area,imported,12fe593e-e883-5cac-9710-f2ba74198299,PERSON-035388,,45,,,,11_person.csv
5bc56d6c-3a1b-5877-a0d1-b6e7fa803e67,Tamil Nadu Person PERSON-035404,Other,KANCHEEPURAM Area,imported,12fe593e-e883-5cac-9710-f2ba74198299,PERSON-035404,,49,,,,11_person.csv
201c23f7-725b-54d7-9795-69ccb283b293,Tamil Nadu Person PERSON-035413,Other,KALLAKURICHI Area,imported,12fe593e-e883-5cac-9710-f2ba74198299,PERSON-035413,,60,,,,11_person.csv
d16ff90d-3a2f-550f-a960-688490907cd3,Tamil Nadu Person PERSON-035417,Male,NAGAPATTINAM Area,imported,12fe593e-e883-5cac-9710-f2ba74198299,PERSON-035417,,48,,,,11_person.csv
e1d9965c-06fe-5685-b8a1-41388f3f70ee,Tamil Nadu Person PERSON-035422,Female,TIRUCHIRAPPALLI Area,imported,12fe593e-e883-5cac-9710-f2ba74198299,PERSON-035422,,23,,,,11_person.csv
cc8e1aa9-aeea-533e-9baf-9b17881de2bb,Tamil Nadu Person PERSON-035431,Other,RANIPET Area,imported,12fe593e-e883-5cac-9710-f2ba74198299,PERSON-035431,,35,,,,11_person.csv
54659d23-e497-5697-9546-ba932370624e,Tamil Nadu Person PERSON-035437,Other,THIRUVALLUR Area,imported,12fe593e-e883-5cac-9710-f2ba74198299,PERSON-035437,,32,,,,11_person.csv
02aeafad-abf9-54c7-8e3c-c9b9b2573694,Tamil Nadu Person PERSON-035449,Male,SALEM Area,imported,12fe593e-e883-5cac-9710-f2ba74198299,PERSON-035449,,72,,,,11_person.csv
a1697815-c649-563e-a964-52273e0bc964,Tamil Nadu Person PERSON-035450,Other,RAMANATHAPURAM Area,imported,12fe593e-e883-5cac-9710-f2ba74198299,PERSON-035450,,51,,,,11_person.csv
d8586803-12fb-504d-991f-cf6cf715a39b,Tamil Nadu Person PERSON-035454,Other,SALEM Area,imported,12fe593e-e883-5cac-9710-f2ba74198299,PERSON-035454,,68,,,,11_person.csv
46d66f17-052e-5356-85de-e51fb97d1044,Tamil Nadu Person PERSON-035465,Male,TIRUNELVELI Area,imported,12fe593e-e883-5cac-9710-f2ba74198299,PERSON-035465,,68,,,,11_person.csv
ba29cd40-3ebe-5387-93fe-ab35cf432851,Tamil Nadu Person PERSON-035503,Other,THIRUVALLUR Area,imported,12fe593e-e883-5cac-9710-f2ba74198299,PERSON-035503,,53,,,,11_person.csv
eed51daa-14a5-5d3d-aebc-5099785e566e,Tamil Nadu Person PERSON-035505,Other,RAMANATHAPURAM Area,imported,12fe593e-e883-5cac-9710-f2ba74198299,PERSON-035505,,60,,,,11_person.csv
ed0898d4-400d-50da-9cc3-df447d2ab9f4,Tamil Nadu Person PERSON-035509,Other,THIRUVARUR Area,imported,12fe593e-e883-5cac-9710-f2ba74198299,PERSON-035509,,51,,,,11_person.csv
3a6b0bdb-0ef3-5bc7-abf1-c993b3e52f28,Tamil Nadu Person PERSON-035531,Other,KUMBAKONAM Area,imported,12fe593e-e883-5cac-9710-f2ba74198299,PERSON-035531,,56,,,,11_person.csv
5e070cae-e69a-53b4-97d6-6c423072f692,Tamil Nadu Person PERSON-035556,Other,KRISHNAGIRI Area,imported,12fe593e-e883-5cac-9710-f2ba74198299,PERSON-035556,,75,,,,11_person.csv
400ee9e6-27ff-5f11-b49d-521588d82c4f,Tamil Nadu Person PERSON-035559,Other,THIRUVALLUR Area,imported,12fe593e-e883-5cac-9710-f2ba74198299,PERSON-035559,,64,,,,11_person.csv
488b1b23-7dbc-5f85-ac2b-6fad66970bd4,Tamil Nadu Person PERSON-035566,Male,THENI Area,imported,12fe593e-e883-5cac-9710-f2ba74198299,PERSON-035566,,70,,,,11_person.csv
3e760694-a1d8-5854-afce-df195f26d7a9,Tamil Nadu Person PERSON-035590,Other,VILUPPURAM Area,imported,12fe593e-e883-5cac-9710-f2ba74198299,PERSON-035590,,54,,,,11_person.csv
54a9ea95-910b-575d-a576-948fe3213858,Tamil Nadu Person PERSON-035603,Other,KARUR Area,imported,12fe593e-e883-5cac-9710-f2ba74198299,PERSON-035603,,46,,,,11_person.csv
b8fd82ac-b1ce-5630-80a6-c066331acf0f,Tamil Nadu Person PERSON-035606,Male,PERAMBALUR Area,imported,12fe593e-e883-5cac-9710-f2ba74198299,PERSON-035606,,21,,,,11_person.csv
6d67c58f-faa3-5af0-939b-160ff4c9df7b,Tamil Nadu Person PERSON-035611,Other,TENKASI Area,imported,12fe593e-e883-5cac-9710-f2ba74198299,PERSON-035611,,30,,,,11_person.csv
c4d400e4-e3ff-5611-8324-f4da01a2b1a3,Tamil Nadu Person PERSON-035623,Male,MAYILADUTHURAI Area,imported,12fe593e-e883-5cac-9710-f2ba74198299,PERSON-035623,,22,,,,11_person.csv
15b3dc45-fe79-51c2-b313-e2f8aa667b91,Tamil Nadu Person PERSON-035627,Male,TIRUPPUR Area,imported,12fe593e-e883-5cac-9710-f2ba74198299,PERSON-035627,,49,,,,11_person.csv
2a84110b-e74e-5043-970b-6c0e83aa8ff8,Tamil Nadu Person PERSON-035638,Other,KUMBAKONAM Area,imported,12fe593e-e883-5cac-9710-f2ba74198299,PERSON-035638,,67,,,,11_person.csv
ac4a9402-e6f6-5bc9-ae41-08bdb2e3a564,Tamil Nadu Person PERSON-035641,Other,THIRUVALLUR Area,imported,12fe593e-e883-5cac-9710-f2ba74198299,PERSON-035641,,25,,,,11_person.csv
e8d7d2d1-b3f8-596a-8ea1-5683a5b77a31,Tamil Nadu Person PERSON-035646,Female,SALEM Area,imported,12fe593e-e883-5cac-9710-f2ba74198299,PERSON-035646,,58,,,,11_person.csv
5e8a95b9-8d99-525c-a3be-3ae2305de233,Tamil Nadu Person PERSON-035648,Male,CHENNAI Area,imported,12fe593e-e883-5cac-9710-f2ba74198299,PERSON-035648,,60,,,,11_person.csv
807c4a61-1747-5e27-aac8-a491d4d29dc0,Tamil Nadu Person PERSON-035677,Other,KARUR Area,imported,12fe593e-e883-5cac-9710-f2ba74198299,PERSON-035677,,41,,,,11_person.csv
ab603249-a569-5ef8-a47c-40e0d62510f3,Tamil Nadu Person PERSON-035712,Female,VILUPPURAM Area,imported,12fe593e-e883-5cac-9710-f2ba74198299,PERSON-035712,,40,,,,11_person.csv
cbd4b5be-8086-50dd-bb35-65162069196e,Tamil Nadu Person PERSON-035729,Other,SALEM Area,imported,12fe593e-e883-5cac-9710-f2ba74198299,PERSON-035729,,43,,,,11_person.csv
024e06df-2eed-5f69-a2e8-531c42836c35,Tamil Nadu Person PERSON-035735,Male,THIRUVALLUR Area,imported,12fe593e-e883-5cac-9710-f2ba74198299,PERSON-035735,,44,,,,11_person.csv
72b6d549-5673-5a68-87ce-e958c15a0d16,Tamil Nadu Person PERSON-035745,Female,COIMBATORE Area,imported,12fe593e-e883-5cac-9710-f2ba74198299,PERSON-035745,,33,,,,11_person.csv
1efb6392-3a25-5bfb-85e6-9c12d6380af2,Tamil Nadu Person PERSON-035763,Other,TIRUPPUR Area,imported,12fe593e-e883-5cac-9710-f2ba74198299,PERSON-035763,,22,,,,11_person.csv
50f93474-9fb3-59ed-9549-a3fb82d6cea3,Tamil Nadu Person PERSON-035768,Other,THE_NILGIRIS Area,imported,12fe593e-e883-5cac-9710-f2ba74198299,PERSON-035768,,25,,,,11_person.csv
caed42d0-6451-5e36-921d-0f50f9b12e3f,Tamil Nadu Person PERSON-035777,Other,THIRUVARUR Area,imported,12fe593e-e883-5cac-9710-f2ba74198299,PERSON-035777,,51,,,,11_person.csv
23208ed3-1d7c-5775-b1ae-4bd5fd010d86,Tamil Nadu Person PERSON-035789,Male,TIRUVANNAMALAI Area,imported,12fe593e-e883-5cac-9710-f2ba74198299,PERSON-035789,,44,,,,11_person.csv
e53afcf6-fd19-53d6-b19a-ac0449e170e6,Tamil Nadu Person PERSON-035800,Other,THIRUVALLUR Area,imported,12fe593e-e883-5cac-9710-f2ba74198299,PERSON-035800,,23,,,,11_person.csv
83f14d27-1f10-5961-82b0-41ddf87173c3,Tamil Nadu Person PERSON-035804,Other,TENKASI Area,imported,12fe593e-e883-5cac-9710-f2ba74198299,PERSON-035804,,25,,,,11_person.csv
52f0317e-e51b-5ffe-9be0-01e63d6865aa,Tamil Nadu Person PERSON-035811,Male,MADURAI Area,imported,12fe593e-e883-5cac-9710-f2ba74198299,PERSON-035811,,64,,,,11_person.csv
81751c9c-37c9-56de-b319-f738333398f9,Tamil Nadu Person PERSON-035833,Other,NAGAPATTINAM Area,imported,12fe593e-e883-5cac-9710-f2ba74198299,PERSON-035833,,66,,,,11_person.csv
7ffe6d9f-4ace-5d79-b795-080fa10c8461,Tamil Nadu Person PERSON-035845,Other,KUMBAKONAM Area,imported,12fe593e-e883-5cac-9710-f2ba74198299,PERSON-035845,,59,,,,11_person.csv
9b3e5b1b-6045-509c-b996-d14134aeb6e1,Tamil Nadu Person PERSON-035876,Other,THOOTHUKUDI Area,imported,12fe593e-e883-5cac-9710-f2ba74198299,PERSON-035876,,56,,,,11_person.csv
576da3e1-b2eb-5618-a7f0-c9fc92a0c74c,Tamil Nadu Person PERSON-035888,Male,ERODE Area,imported,12fe593e-e883-5cac-9710-f2ba74198299,PERSON-035888,,25,,,,11_person.csv
e6ad770a-52b9-5edf-a2ed-c33e56df4f52,Tamil Nadu Person PERSON-035903,Other,THIRUVALLUR Area,imported,12fe593e-e883-5cac-9710-f2ba74198299,PERSON-035903,,24,,,,11_person.csv
a30ca0ec-fe51-5b94-acd5-989628f4ccc5,Tamil Nadu Person PERSON-035908,Male,THE_NILGIRIS Area,imported,12fe593e-e883-5cac-9710-f2ba74198299,PERSON-035908,,23,,,,11_person.csv
a088c2b4-eab8-576a-8958-f7e7825fa611,Tamil Nadu Person PERSON-035935,Male,TIRUCHIRAPPALLI Area,imported,12fe593e-e883-5cac-9710-f2ba74198299,PERSON-035935,,23,,,,11_person.csv
f14f9379-4f1a-5384-bae7-19439f624fdf,Tamil Nadu Person PERSON-035945,Other,THIRUVALLUR Area,imported,12fe593e-e883-5cac-9710-f2ba74198299,PERSON-035945,,62,,,,11_person.csv
72f32261-5223-5ee3-92cd-093ef4d3398a,Tamil Nadu Person PERSON-035946,Male,DINDIGUL Area,imported,12fe593e-e883-5cac-9710-f2ba74198299,PERSON-035946,,72,,,,11_person.csv
2296c1bc-290e-5019-8de1-32edd5aeb77e,Tamil Nadu Person PERSON-035960,Male,DINDIGUL Area,imported,12fe593e-e883-5cac-9710-f2ba74198299,PERSON-035960,,73,,,,11_person.csv
ebd56527-d574-5289-89f1-a3023e1befbf,Tamil Nadu Person PERSON-035970,Other,MADURAI Area,imported,12fe593e-e883-5cac-9710-f2ba74198299,PERSON-035970,,75,,,,11_person.csv
e7839a59-756c-5906-abb9-7f9166fe5a0b,Tamil Nadu Person PERSON-035977,Other,THIRUVARUR Area,imported,12fe593e-e883-5cac-9710-f2ba74198299,PERSON-035977,,67,,,,11_person.csv
0f240eae-a4e1-5811-93a4-5780a0ad71ab,Tamil Nadu Person PERSON-035997,Female,KALLAKURICHI Area,imported,12fe593e-e883-5cac-9710-f2ba74198299,PERSON-035997,,57,,,,11_person.csv
7d19d3e7-ed21-54a8-a232-77d6a47ff5ab,Tamil Nadu Person PERSON-036008,Female,TIRUPPUR Area,imported,12fe593e-e883-5cac-9710-f2ba74198299,PERSON-036008,,30,,,,11_person.csv
27d76639-4c42-52e9-8312-62a89f7c0f27,Tamil Nadu Person PERSON-036011,Other,PERAMBALUR Area,imported,12fe593e-e883-5cac-9710-f2ba74198299,PERSON-036011,,43,,,,11_person.csv
0208bd91-718f-5cc0-85dd-af082322d75d,Tamil Nadu Person PERSON-036033,Male,SALEM Area,imported,12fe593e-e883-5cac-9710-f2ba74198299,PERSON-036033,,47,,,,11_person.csv
603168e4-8775-5d37-8871-1cde97267bf5,Tamil Nadu Person PERSON-036038,Other,NAMAKKAL Area,imported,12fe593e-e883-5cac-9710-f2ba74198299,PERSON-036038,,63,,,,11_person.csv
f32798f4-cdfb-53cf-9128-02290a995a8f,Tamil Nadu Person PERSON-036080,Other,NAMAKKAL Area,imported,12fe593e-e883-5cac-9710-f2ba74198299,PERSON-036080,,48,,,,11_person.csv
afd02130-d0ad-5dad-b61d-14e6e5316066,Tamil Nadu Person PERSON-036081,Male,TIRUPPUR Area,imported,12fe593e-e883-5cac-9710-f2ba74198299,PERSON-036081,,65,,,,11_person.csv
835a288a-155f-59ca-b45b-5b5a43a823c7,Tamil Nadu Person PERSON-036091,Other,KANYAKUMARI Area,imported,12fe593e-e883-5cac-9710-f2ba74198299,PERSON-036091,,21,,,,11_person.csv
d2e62b23-2d47-5ebd-b7ba-a8496468ad60,Tamil Nadu Person PERSON-036094,Male,RAMANATHAPURAM Area,imported,12fe593e-e883-5cac-9710-f2ba74198299,PERSON-036094,,25,,,,11_person.csv
cba26a95-c885-5a49-9c92-44bc6e17f5f3,Tamil Nadu Person PERSON-036101,Male,RAMANATHAPURAM Area,imported,12fe593e-e883-5cac-9710-f2ba74198299,PERSON-036101,,73,,,,11_person.csv
4f365a90-5b8b-53ba-b21d-f631f27f7f51,Tamil Nadu Person PERSON-036111,Other,PERAMBALUR Area,imported,12fe593e-e883-5cac-9710-f2ba74198299,PERSON-036111,,36,,,,11_person.csv
e22953ef-d833-55df-9804-22a72f48ac39,Tamil Nadu Person PERSON-036113,Male,CHENNAI Area,imported,12fe593e-e883-5cac-9710-f2ba74198299,PERSON-036113,,76,,,,11_person.csv
d1bdcdf4-cb30-5d56-bd4a-3ee796eaecb8,Tamil Nadu Person PERSON-036127,Other,THE_NILGIRIS Area,imported,12fe593e-e883-5cac-9710-f2ba74198299,PERSON-036127,,61,,,,11_person.csv
74f3428c-b4e8-510a-ad1e-bbf70d72b507,Tamil Nadu Person PERSON-036131,Other,KALLAKURICHI Area,imported,12fe593e-e883-5cac-9710-f2ba74198299,PERSON-036131,,66,,,,11_person.csv
e5f14eb8-99d3-5e25-8526-542c6349b2f2,Tamil Nadu Person PERSON-036180,Female,KANCHEEPURAM Area,imported,12fe593e-e883-5cac-9710-f2ba74198299,PERSON-036180,,70,,,,11_person.csv
2698aa56-79aa-53b8-9844-4e95b8ce366f,Tamil Nadu Person PERSON-036191,Male,TENKASI Area,imported,12fe593e-e883-5cac-9710-f2ba74198299,PERSON-036191,,69,,,,11_person.csv
07bfc68d-f110-542f-b793-76c017df6aa8,Tamil Nadu Person PERSON-036211,Female,VILUPPURAM Area,imported,12fe593e-e883-5cac-9710-f2ba74198299,PERSON-036211,,38,,,,11_person.csv
16835a64-9a8a-5866-a8a5-23626f8a6969,Tamil Nadu Person PERSON-036221,Other,SIVAGANGA Area,imported,12fe593e-e883-5cac-9710-f2ba74198299,PERSON-036221,,37,,,,11_person.csv
fb1b40e6-7f74-577f-8d2d-63fa12535854,Tamil Nadu Person PERSON-036234,Other,TIRUVANNAMALAI Area,imported,12fe593e-e883-5cac-9710-f2ba74198299,PERSON-036234,,62,,,,11_person.csv
044dbfee-39a5-5420-8081-2901f7eb390b,Tamil Nadu Person PERSON-036235,Other,NAMAKKAL Area,imported,12fe593e-e883-5cac-9710-f2ba74198299,PERSON-036235,,66,,,,11_person.csv
6ca92af8-6d62-5117-9b31-b7ab0cd44a9a,Tamil Nadu Person PERSON-036260,Other,TIRUVANNAMALAI Area,imported,12fe593e-e883-5cac-9710-f2ba74198299,PERSON-036260,,68,,,,11_person.csv
2ac4669a-e6c6-5113-b549-4a26acb11adf,Tamil Nadu Person PERSON-036264,Other,VILUPPURAM Area,imported,12fe593e-e883-5cac-9710-f2ba74198299,PERSON-036264,,73,,,,11_person.csv
c7854691-881c-52f0-b37e-2d3570138735,Tamil Nadu Person PERSON-036266,Other,TENKASI Area,imported,12fe593e-e883-5cac-9710-f2ba74198299,PERSON-036266,,36,,,,11_person.csv
aa7e1120-7b69-59cb-b6f8-2c1103480123,Tamil Nadu Person PERSON-036275,Female,VILUPPURAM Area,imported,12fe593e-e883-5cac-9710-f2ba74198299,PERSON-036275,,30,,,,11_person.csv
94b6cb59-cc26-50f0-82cb-810d3e01ffd8,Tamil Nadu Person PERSON-036295,Other,PERAMBALUR Area,imported,12fe593e-e883-5cac-9710-f2ba74198299,PERSON-036295,,59,,,,11_person.csv
c4ebc1ba-3c97-5d38-bc04-a3b7f6cd29ab,Tamil Nadu Person PERSON-036310,Male,PERAMBALUR Area,imported,12fe593e-e883-5cac-9710-f2ba74198299,PERSON-036310,,69,,,,11_person.csv
bcd7a0ff-7936-5645-9640-5cc7e8d8dcfa,Tamil Nadu Person PERSON-036317,Other,KUMBAKONAM Area,imported,12fe593e-e883-5cac-9710-f2ba74198299,PERSON-036317,,45,,,,11_person.csv
be18540d-21ba-574f-9629-125f3ee209b7,Tamil Nadu Person PERSON-036326,Male,SIVAGANGA Area,imported,12fe593e-e883-5cac-9710-f2ba74198299,PERSON-036326,,49,,,,11_person.csv
1bcd5bc9-81ba-5f07-8b7c-e17702b24e2e,Tamil Nadu Person PERSON-036335,Other,KRISHNAGIRI Area,imported,12fe593e-e883-5cac-9710-f2ba74198299,PERSON-036335,,22,,,,11_person.csv
1ae1e7fd-24a2-58af-8050-7a98aa89c0e2,Tamil Nadu Person PERSON-036337,Female,VILUPPURAM Area,imported,12fe593e-e883-5cac-9710-f2ba74198299,PERSON-036337,,24,,,,11_person.csv
34530852-a912-5184-bbe5-91b691fd1912,Tamil Nadu Person PERSON-036345,Male,TENKASI Area,imported,12fe593e-e883-5cac-9710-f2ba74198299,PERSON-036345,,75,,,,11_person.csv
aa4a55e2-f78c-5dd5-8676-0a0283647ef3,Tamil Nadu Person PERSON-036351,Male,DINDIGUL Area,imported,12fe593e-e883-5cac-9710-f2ba74198299,PERSON-036351,,34,,,,11_person.csv
f38b90ab-70a8-5b5f-bd45-fe03eef67968,Tamil Nadu Person PERSON-036356,Male,KUMBAKONAM Area,imported,12fe593e-e883-5cac-9710-f2ba74198299,PERSON-036356,,58,,,,11_person.csv
35d5ae7f-05a2-54de-a377-e151fc0c7787,Tamil Nadu Person PERSON-036360,Female,KRISHNAGIRI Area,imported,12fe593e-e883-5cac-9710-f2ba74198299,PERSON-036360,,72,,,,11_person.csv
ec72fd58-5f6c-584c-85f5-a98d1f0641ae,Tamil Nadu Person PERSON-036373,Female,VILUPPURAM Area,imported,12fe593e-e883-5cac-9710-f2ba74198299,PERSON-036373,,70,,,,11_person.csv
7a90759c-4f66-5fdb-bde1-116cd6591f5e,Tamil Nadu Person PERSON-036374,Other,THE_NILGIRIS Area,imported,12fe593e-e883-5cac-9710-f2ba74198299,PERSON-036374,,35,,,,11_person.csv
aa3473c5-f048-5fe2-8248-3dc00f7d40da,Tamil Nadu Person PERSON-036377,Female,CHENNAI Area,imported,12fe593e-e883-5cac-9710-f2ba74198299,PERSON-036377,,23,,,,11_person.csv
5333ce90-ce27-50b1-a124-f72dcf66203c,Tamil Nadu Person PERSON-036385,Female,TIRUPPUR Area,imported,12fe593e-e883-5cac-9710-f2ba74198299,PERSON-036385,,60,,,,11_person.csv
1b7b3067-bd29-5bfa-b8b5-fcacaaa838c4,Tamil Nadu Person PERSON-036406,Male,NAGAPATTINAM Area,imported,12fe593e-e883-5cac-9710-f2ba74198299,PERSON-036406,,26,,,,11_person.csv
0ed6871b-5ba0-550b-9082-894948698181,Tamil Nadu Person PERSON-036410,Male,ERODE Area,imported,12fe593e-e883-5cac-9710-f2ba74198299,PERSON-036410,,39,,,,11_person.csv
531f3bab-93f8-5b91-ab47-c154db6e74a3,Tamil Nadu Person PERSON-036415,Other,KANCHEEPURAM Area,imported,12fe593e-e883-5cac-9710-f2ba74198299,PERSON-036415,,49,,,,11_person.csv
2692358a-c5a2-5996-b217-6e8821aee685,Tamil Nadu Person PERSON-036424,Female,PUDUKOTTAI Area,imported,12fe593e-e883-5cac-9710-f2ba74198299,PERSON-036424,,75,,,,11_person.csv
9b109baf-12a9-5f99-a894-edded1303ef6,Tamil Nadu Person PERSON-036428,Female,PERAMBALUR Area,imported,12fe593e-e883-5cac-9710-f2ba74198299,PERSON-036428,,43,,,,11_person.csv
04f5f0ed-9792-57df-ac37-e25f7e6f7098,Tamil Nadu Person PERSON-036438,Other,KANYAKUMARI Area,imported,12fe593e-e883-5cac-9710-f2ba74198299,PERSON-036438,,71,,,,11_person.csv
6f43b83a-1687-5aa5-9165-738a874e5063,Tamil Nadu Person PERSON-036446,Other,DHARMAPURI Area,imported,12fe593e-e883-5cac-9710-f2ba74198299,PERSON-036446,,64,,,,11_person.csv
1d6c35a4-88b2-51dc-8c08-1e109232aeb7,Tamil Nadu Person PERSON-036447,Female,RAMESWARAM Area,imported,12fe593e-e883-5cac-9710-f2ba74198299,PERSON-036447,,43,,,,11_person.csv
628efd9c-dfa6-5327-ab72-c3388a713022,Tamil Nadu Person PERSON-036449,Male,CUDDALORE Area,imported,12fe593e-e883-5cac-9710-f2ba74198299,PERSON-036449,,50,,,,11_person.csv
51343178-da73-5041-bd93-0063936920e8,Tamil Nadu Person PERSON-036458,Female,SIVAGANGA Area,imported,12fe593e-e883-5cac-9710-f2ba74198299,PERSON-036458,,26,,,,11_person.csv
ff2d4940-7258-5a79-82ce-e1ecea891eb0,Tamil Nadu Person PERSON-036464,Other,THIRUVARUR Area,imported,12fe593e-e883-5cac-9710-f2ba74198299,PERSON-036464,,63,,,,11_person.csv
97dde913-a0c4-51b5-bd87-7456633d3b32,Tamil Nadu Person PERSON-036473,Other,VIRUDHUNAGAR Area,imported,12fe593e-e883-5cac-9710-f2ba74198299,PERSON-036473,,66,,,,11_person.csv
fcd7f5ab-6c9f-5884-8dc8-b67e99c15036,Tamil Nadu Person PERSON-036480,Female,SALEM Area,imported,12fe593e-e883-5cac-9710-f2ba74198299,PERSON-036480,,50,,,,11_person.csv
5a784fde-94a3-50cc-961b-49047deaa5fb,Tamil Nadu Person PERSON-036534,Male,KRISHNAGIRI Area,imported,12fe593e-e883-5cac-9710-f2ba74198299,PERSON-036534,,38,,,,11_person.csv
34bccb68-bd56-5c31-839d-543b6bd0f040,Tamil Nadu Person PERSON-036572,Other,MAYILADUTHURAI Area,imported,12fe593e-e883-5cac-9710-f2ba74198299,PERSON-036572,,45,,,,11_person.csv
f2f59560-5f29-50e1-bfc8-8b8694749dcc,Tamil Nadu Person PERSON-036579,Female,RAMESWARAM Area,imported,12fe593e-e883-5cac-9710-f2ba74198299,PERSON-036579,,24,,,,11_person.csv
f2c97e3e-6b1e-55ee-bd42-6322b8d11e55,Tamil Nadu Person PERSON-036583,Other,TIRUPATHUR Area,imported,12fe593e-e883-5cac-9710-f2ba74198299,PERSON-036583,,63,,,,11_person.csv
dd1c4ff3-0e6b-557a-8a01-10ba7e00b2b0,Tamil Nadu Person PERSON-036609,Female,RAMESWARAM Area,imported,12fe593e-e883-5cac-9710-f2ba74198299,PERSON-036609,,58,,,,11_person.csv
473ce494-4a88-5e41-ba3b-652527a8edde,Tamil Nadu Person PERSON-036616,Male,COIMBATORE Area,imported,12fe593e-e883-5cac-9710-f2ba74198299,PERSON-036616,,43,,,,11_person.csv
77d76d6d-d119-5ecc-a95f-98d91b907e42,Tamil Nadu Person PERSON-036621,Other,THIRUVALLUR Area,imported,12fe593e-e883-5cac-9710-f2ba74198299,PERSON-036621,,32,,,,11_person.csv
2e8236e9-06e4-5e1e-b5f8-e2cceb26fb5f,Tamil Nadu Person PERSON-036623,Male,PUDUKOTTAI Area,imported,12fe593e-e883-5cac-9710-f2ba74198299,PERSON-036623,,71,,,,11_person.csv
e25d91f3-f752-5912-8706-06d2dc04594d,Tamil Nadu Person PERSON-036638,Other,RANIPET Area,imported,12fe593e-e883-5cac-9710-f2ba74198299,PERSON-036638,,75,,,,11_person.csv
b2fc45ba-2925-541b-a85e-ec331026df3c,Tamil Nadu Person PERSON-036653,Other,SIVAGANGA Area,imported,12fe593e-e883-5cac-9710-f2ba74198299,PERSON-036653,,41,,,,11_person.csv
b17f0679-56ee-5624-8b6f-925185aa76bc,Tamil Nadu Person PERSON-036680,Male,CUDDALORE Area,imported,12fe593e-e883-5cac-9710-f2ba74198299,PERSON-036680,,72,,,,11_person.csv
322c2ccf-2c57-551c-af42-30cdd26f1f48,Tamil Nadu Person PERSON-036682,Other,MADURAI Area,imported,12fe593e-e883-5cac-9710-f2ba74198299,PERSON-036682,,59,,,,11_person.csv
caff1988-1438-5d1a-b2d7-13140460f2a8,Tamil Nadu Person PERSON-036684,Other,CUDDALORE Area,imported,12fe593e-e883-5cac-9710-f2ba74198299,PERSON-036684,,75,,,,11_person.csv
c18fd478-3250-5ec1-aec9-46c0c62375ba,Tamil Nadu Person PERSON-036687,Other,TIRUVANNAMALAI Area,imported,12fe593e-e883-5cac-9710-f2ba74198299,PERSON-036687,,71,,,,11_person.csv
1a5e32be-1f51-56e8-9c90-f79223975e15,Tamil Nadu Person PERSON-036694,Male,RANIPET Area,imported,12fe593e-e883-5cac-9710-f2ba74198299,PERSON-036694,,70,,,,11_person.csv
015a8f8a-6514-5c9d-ac72-c5a41da75e93,Tamil Nadu Person PERSON-036708,Male,CHENGALPATTU Area,imported,12fe593e-e883-5cac-9710-f2ba74198299,PERSON-036708,,37,,,,11_person.csv
f5590fbb-1b04-5a34-b947-765d232d59e0,Tamil Nadu Person PERSON-036710,Female,MAYILADUTHURAI Area,imported,12fe593e-e883-5cac-9710-f2ba74198299,PERSON-036710,,40,,,,11_person.csv
824b5a82-08f7-50b9-8757-a291db6da1af,Tamil Nadu Person PERSON-036711,Other,SIVAGANGA Area,imported,12fe593e-e883-5cac-9710-f2ba74198299,PERSON-036711,,71,,,,11_person.csv
6266f1c2-b469-51bf-864c-2a0c784bce55,Tamil Nadu Person PERSON-036726,Other,ARIYALUR Area,imported,12fe593e-e883-5cac-9710-f2ba74198299,PERSON-036726,,58,,,,11_person.csv
b8a82fe5-e069-5d1c-b59a-8bc39bf933c9,Tamil Nadu Person PERSON-036729,Female,RANIPET Area,imported,12fe593e-e883-5cac-9710-f2ba74198299,PERSON-036729,,72,,,,11_person.csv
2607c3a2-9c02-5b73-9694-4554c5dc6598,Tamil Nadu Person PERSON-036736,Female,SIVAGANGA Area,imported,12fe593e-e883-5cac-9710-f2ba74198299,PERSON-036736,,51,,,,11_person.csv
789924fb-6c7f-5676-a012-7de219253505,Tamil Nadu Person PERSON-036741,Female,COIMBATORE Area,imported,12fe593e-e883-5cac-9710-f2ba74198299,PERSON-036741,,24,,,,11_person.csv
a572201f-78c1-5183-8935-e85954f3fa83,Tamil Nadu Person PERSON-036754,Other,TIRUCHIRAPPALLI Area,imported,12fe593e-e883-5cac-9710-f2ba74198299,PERSON-036754,,22,,,,11_person.csv
b58e8043-fa04-55f1-91c8-cce8fd825994,Tamil Nadu Person PERSON-036789,Other,ERODE Area,imported,12fe593e-e883-5cac-9710-f2ba74198299,PERSON-036789,,29,,,,11_person.csv
2a597c5b-da38-50a1-a066-383e2ba88c95,Tamil Nadu Person PERSON-036798,Male,ERODE Area,imported,12fe593e-e883-5cac-9710-f2ba74198299,PERSON-036798,,54,,,,11_person.csv
0f55a7c6-56f1-5442-ad30-9b6526a5629c,Tamil Nadu Person PERSON-036799,Male,SALEM Area,imported,12fe593e-e883-5cac-9710-f2ba74198299,PERSON-036799,,51,,,,11_person.csv
955cd7ab-fa4f-5573-b09b-88e48447cc76,Tamil Nadu Person PERSON-036815,Other,SIVAGANGA Area,imported,12fe593e-e883-5cac-9710-f2ba74198299,PERSON-036815,,71,,,,11_person.csv
2f671467-f21e-5593-838c-cc27f73fa2e1,Tamil Nadu Person PERSON-036837,Female,VILUPPURAM Area,imported,12fe593e-e883-5cac-9710-f2ba74198299,PERSON-036837,,33,,,,11_person.csv
7ab33bb6-990a-5023-b4b2-4f284016adca,Tamil Nadu Person PERSON-036863,Other,TIRUVANNAMALAI Area,imported,12fe593e-e883-5cac-9710-f2ba74198299,PERSON-036863,,67,,,,11_person.csv
5cf97bf4-98fc-5b29-9977-cc2d508aa771,Tamil Nadu Person PERSON-036867,Other,THE_NILGIRIS Area,imported,12fe593e-e883-5cac-9710-f2ba74198299,PERSON-036867,,67,,,,11_person.csv
5939e9cb-52da-50f6-8076-3af6d9a50afa,Tamil Nadu Person PERSON-036869,Male,NAGAPATTINAM Area,imported,12fe593e-e883-5cac-9710-f2ba74198299,PERSON-036869,,22,,,,11_person.csv
5928ae9e-c7a8-55cf-8d60-5d0763683c51,Tamil Nadu Person PERSON-036874,Female,RANIPET Area,imported,12fe593e-e883-5cac-9710-f2ba74198299,PERSON-036874,,54,,,,11_person.csv
4ae32fa8-1ca6-5f68-9905-0be1b7713e0d,Tamil Nadu Person PERSON-036911,Female,KALLAKURICHI Area,imported,12fe593e-e883-5cac-9710-f2ba74198299,PERSON-036911,,48,,,,11_person.csv
f6c6e30d-4c96-5522-ad2f-ce06187e22eb,Tamil Nadu Person PERSON-036912,Other,THENI Area,imported,12fe593e-e883-5cac-9710-f2ba74198299,PERSON-036912,,46,,,,11_person.csv
3f76793a-8cc8-5e3c-b290-938fee0377b3,Tamil Nadu Person PERSON-036914,Male,CHENGALPATTU Area,imported,12fe593e-e883-5cac-9710-f2ba74198299,PERSON-036914,,28,,,,11_person.csv
3f77cfbf-9682-5299-9042-8ce188cb2d13,Tamil Nadu Person PERSON-036916,Female,KANCHEEPURAM Area,imported,12fe593e-e883-5cac-9710-f2ba74198299,PERSON-036916,,74,,,,11_person.csv
11317595-c0a8-5d66-af5c-87466122788e,Tamil Nadu Person PERSON-036922,Female,KUMBAKONAM Area,imported,12fe593e-e883-5cac-9710-f2ba74198299,PERSON-036922,,57,,,,11_person.csv
7828b7fc-d48a-551b-9595-03593c6efed3,Tamil Nadu Person PERSON-036938,Female,CHENGALPATTU Area,imported,12fe593e-e883-5cac-9710-f2ba74198299,PERSON-036938,,20,,,,11_person.csv
f60bd60f-7710-5613-8877-cf0435d15c8b,Tamil Nadu Person PERSON-036939,Female,PERAMBALUR Area,imported,12fe593e-e883-5cac-9710-f2ba74198299,PERSON-036939,,31,,,,11_person.csv
16ee30f9-532c-5796-869d-45e7662604ac,Tamil Nadu Person PERSON-036952,Male,NAGAPATTINAM Area,imported,12fe593e-e883-5cac-9710-f2ba74198299,PERSON-036952,,68,,,,11_person.csv
d77fb024-8c10-5854-acaa-b193b31a496f,Tamil Nadu Person PERSON-036954,Female,VIRUDHUNAGAR Area,imported,12fe593e-e883-5cac-9710-f2ba74198299,PERSON-036954,,34,,,,11_person.csv
f9bdc45d-359b-5a65-b345-7eb4d66d284f,Tamil Nadu Person PERSON-036963,Male,THIRUVALLUR Area,imported,12fe593e-e883-5cac-9710-f2ba74198299,PERSON-036963,,33,,,,11_person.csv
d108817d-9786-54bb-833c-24b6cee9f849,Tamil Nadu Person PERSON-036992,Male,PERAMBALUR Area,imported,12fe593e-e883-5cac-9710-f2ba74198299,PERSON-036992,,34,,,,11_person.csv
b81c6378-6c2b-56a0-8259-7ced1c569c64,Tamil Nadu Person PERSON-037235,Female,TIRUCHIRAPPALLI Area,imported,12fe593e-e883-5cac-9710-f2ba74198299,PERSON-037235,,42,,,,11_person.csv
7118f33f-fe58-5081-9f69-eefbf53faa4d,Tamil Nadu Person PERSON-037016,Female,KANYAKUMARI Area,imported,12fe593e-e883-5cac-9710-f2ba74198299,PERSON-037016,,49,,,,11_person.csv
a4d752ff-d761-5870-94b7-5ae606e40851,Tamil Nadu Person PERSON-037053,Other,KRISHNAGIRI Area,imported,12fe593e-e883-5cac-9710-f2ba74198299,PERSON-037053,,51,,,,11_person.csv
29eafe3c-c394-5267-aeb4-5468b5d5c6a0,Tamil Nadu Person PERSON-037062,Other,KRISHNAGIRI Area,imported,12fe593e-e883-5cac-9710-f2ba74198299,PERSON-037062,,40,,,,11_person.csv
2b1d477a-5799-5e39-a7c8-44934d6cbdf8,Tamil Nadu Person PERSON-037099,Male,THENI Area,imported,12fe593e-e883-5cac-9710-f2ba74198299,PERSON-037099,,73,,,,11_person.csv
03b31927-4810-587d-9465-d3314eef1689,Tamil Nadu Person PERSON-037121,Male,RAMANATHAPURAM Area,imported,12fe593e-e883-5cac-9710-f2ba74198299,PERSON-037121,,44,,,,11_person.csv
4305f6cc-e1da-5b36-9c75-05e39b17b719,Tamil Nadu Person PERSON-037124,Other,MAYILADUTHURAI Area,imported,12fe593e-e883-5cac-9710-f2ba74198299,PERSON-037124,,27,,,,11_person.csv
1385c2f7-3e57-5254-ae8a-d1c89157981d,Tamil Nadu Person PERSON-037134,Other,KRISHNAGIRI Area,imported,12fe593e-e883-5cac-9710-f2ba74198299,PERSON-037134,,26,,,,11_person.csv
d2de2d29-3b87-5651-beec-f8109814e3b0,Tamil Nadu Person PERSON-037137,Male,ARIYALUR Area,imported,12fe593e-e883-5cac-9710-f2ba74198299,PERSON-037137,,37,,,,11_person.csv
1007db01-7184-5781-b263-4797dbf75984,Tamil Nadu Person PERSON-037147,Female,TIRUCHIRAPPALLI Area,imported,12fe593e-e883-5cac-9710-f2ba74198299,PERSON-037147,,58,,,,11_person.csv
ebeb75a9-fb63-51e4-8161-fb456f1d0282,Tamil Nadu Person PERSON-037162,Male,KRISHNAGIRI Area,imported,12fe593e-e883-5cac-9710-f2ba74198299,PERSON-037162,,32,,,,11_person.csv
30d465d9-230f-51e1-8b7f-13773e03eacb,Tamil Nadu Person PERSON-037165,Other,VILUPPURAM Area,imported,12fe593e-e883-5cac-9710-f2ba74198299,PERSON-037165,,28,,,,11_person.csv
a133edea-121a-5e3c-b27a-443694bc41ae,Tamil Nadu Person PERSON-037167,Female,PUDUKOTTAI Area,imported,12fe593e-e883-5cac-9710-f2ba74198299,PERSON-037167,,66,,,,11_person.csv
8db36166-0776-5984-9f68-e2c9118a2fa8,Tamil Nadu Person PERSON-037170,Female,ARIYALUR Area,imported,12fe593e-e883-5cac-9710-f2ba74198299,PERSON-037170,,28,,,,11_person.csv
54112a65-05e0-5236-ae3f-569db97b7a62,Tamil Nadu Person PERSON-037178,Other,DHARMAPURI Area,imported,12fe593e-e883-5cac-9710-f2ba74198299,PERSON-037178,,26,,,,11_person.csv
86629ec1-1afc-56dd-acfd-8ed567fa1c12,Tamil Nadu Person PERSON-037186,Other,RAMESWARAM Area,imported,12fe593e-e883-5cac-9710-f2ba74198299,PERSON-037186,,68,,,,11_person.csv
ed887956-4a4d-5993-a068-5033b670897f,Tamil Nadu Person PERSON-037194,Female,KALLAKURICHI Area,imported,12fe593e-e883-5cac-9710-f2ba74198299,PERSON-037194,,30,,,,11_person.csv
eb1a5e85-4db5-5801-a2a6-d4f2a7c97846,Tamil Nadu Person PERSON-037210,Female,THENI Area,imported,12fe593e-e883-5cac-9710-f2ba74198299,PERSON-037210,,35,,,,11_person.csv
86a23c91-d899-54f1-9b28-beb75a83d4f3,Tamil Nadu Person PERSON-037216,Male,NAGAPATTINAM Area,imported,12fe593e-e883-5cac-9710-f2ba74198299,PERSON-037216,,33,,,,11_person.csv
dec188a7-52e0-5984-8b1f-d1af5c50cc9d,Tamil Nadu Person PERSON-037243,Female,KARUR Area,imported,12fe593e-e883-5cac-9710-f2ba74198299,PERSON-037243,,35,,,,11_person.csv
79196280-2991-5189-8338-144691cd486b,Tamil Nadu Person PERSON-037246,Female,THE_NILGIRIS Area,imported,12fe593e-e883-5cac-9710-f2ba74198299,PERSON-037246,,35,,,,11_person.csv
bcbe0d5f-ce08-5d1b-ae8c-8fdc960d5961,Tamil Nadu Person PERSON-037268,Other,KUMBAKONAM Area,imported,12fe593e-e883-5cac-9710-f2ba74198299,PERSON-037268,,33,,,,11_person.csv
758d309c-9c35-5c0f-9b42-97d4bc2ec3ca,Tamil Nadu Person PERSON-037272,Male,THOOTHUKUDI Area,imported,12fe593e-e883-5cac-9710-f2ba74198299,PERSON-037272,,69,,,,11_person.csv
b9869d05-e04b-5017-a79e-45427fe027db,Tamil Nadu Person PERSON-037300,Female,ARIYALUR Area,imported,12fe593e-e883-5cac-9710-f2ba74198299,PERSON-037300,,45,,,,11_person.csv
8f81ed3e-c014-5d77-b9b7-b2561ade286f,Tamil Nadu Person PERSON-037309,Female,TIRUVANNAMALAI Area,imported,12fe593e-e883-5cac-9710-f2ba74198299,PERSON-037309,,39,,,,11_person.csv
f85a5333-030c-578e-9295-611ae6fc94e5,Tamil Nadu Person PERSON-037316,Female,TENKASI Area,imported,12fe593e-e883-5cac-9710-f2ba74198299,PERSON-037316,,44,,,,11_person.csv
9e362ca2-ad3d-5717-95bc-e5907d2aecb0,Tamil Nadu Person PERSON-037338,Male,NAGAPATTINAM Area,imported,12fe593e-e883-5cac-9710-f2ba74198299,PERSON-037338,,70,,,,11_person.csv
60d1e27a-2e6e-5bf6-b85d-7d9f689c6423,Tamil Nadu Person PERSON-037347,Other,COIMBATORE Area,imported,12fe593e-e883-5cac-9710-f2ba74198299,PERSON-037347,,37,,,,11_person.csv
5f8894b3-71dc-566b-8c14-1fcc5c119f1b,Tamil Nadu Person PERSON-037353,Female,PERAMBALUR Area,imported,12fe593e-e883-5cac-9710-f2ba74198299,PERSON-037353,,36,,,,11_person.csv
c103c618-da8f-500d-ba8c-52086f27f9b8,Tamil Nadu Person PERSON-037355,Female,COIMBATORE Area,imported,12fe593e-e883-5cac-9710-f2ba74198299,PERSON-037355,,60,,,,11_person.csv
cab31d15-bea6-55d9-b9a4-f52a3e0b2d0a,Tamil Nadu Person PERSON-037361,Other,RAMANATHAPURAM Area,imported,12fe593e-e883-5cac-9710-f2ba74198299,PERSON-037361,,67,,,,11_person.csv
fbe3e165-ac64-549f-b988-c795dd488792,Tamil Nadu Person PERSON-037373,Other,PERAMBALUR Area,imported,12fe593e-e883-5cac-9710-f2ba74198299,PERSON-037373,,58,,,,11_person.csv
5b13d012-f149-5804-b341-ff90a7e010c6,Tamil Nadu Person PERSON-037374,Female,RANIPET Area,imported,12fe593e-e883-5cac-9710-f2ba74198299,PERSON-037374,,45,,,,11_person.csv
a788217c-baef-5413-8967-7bb34bf75437,Tamil Nadu Person PERSON-037378,Male,RAMESWARAM Area,imported,12fe593e-e883-5cac-9710-f2ba74198299,PERSON-037378,,44,,,,11_person.csv
506709c6-ceda-5b9b-9385-99e628cfdb47,Tamil Nadu Person PERSON-037384,Other,VIRUDHUNAGAR Area,imported,12fe593e-e883-5cac-9710-f2ba74198299,PERSON-037384,,48,,,,11_person.csv
89a91da7-b803-504b-9cfc-789eb8dd4b97,Tamil Nadu Person PERSON-037385,Other,COIMBATORE Area,imported,12fe593e-e883-5cac-9710-f2ba74198299,PERSON-037385,,22,,,,11_person.csv
6786e5aa-7b4b-5e64-a003-2611d4f4a4ca,Tamil Nadu Person PERSON-037389,Other,NAGAPATTINAM Area,imported,12fe593e-e883-5cac-9710-f2ba74198299,PERSON-037389,,62,,,,11_person.csv
21b24d8d-53f6-577d-8c85-ea5d9ed3fc4a,Tamil Nadu Person PERSON-037404,Other,NAGAPATTINAM Area,imported,12fe593e-e883-5cac-9710-f2ba74198299,PERSON-037404,,60,,,,11_person.csv
9427b662-cc4b-55a0-80bc-f7df96471db4,Tamil Nadu Person PERSON-037406,Other,THENI Area,imported,12fe593e-e883-5cac-9710-f2ba74198299,PERSON-037406,,74,,,,11_person.csv
adc4103c-da39-529b-b41b-db3e8d908370,Tamil Nadu Person PERSON-037424,Male,TIRUNELVELI Area,imported,12fe593e-e883-5cac-9710-f2ba74198299,PERSON-037424,,59,,,,11_person.csv
8a84a1b1-4112-537d-a772-3416629a39e9,Tamil Nadu Person PERSON-037431,Other,THIRUVARUR Area,imported,12fe593e-e883-5cac-9710-f2ba74198299,PERSON-037431,,54,,,,11_person.csv
201a233d-0aa5-5420-845a-e820225a49e9,Tamil Nadu Person PERSON-037466,Other,KANCHEEPURAM Area,imported,12fe593e-e883-5cac-9710-f2ba74198299,PERSON-037466,,40,,,,11_person.csv
ccc4d3fc-f5dd-5907-bd49-c5465d32aa23,Tamil Nadu Person PERSON-037469,Other,CUDDALORE Area,imported,12fe593e-e883-5cac-9710-f2ba74198299,PERSON-037469,,46,,,,11_person.csv
a770a863-fc78-5091-a861-a102a9592643,Tamil Nadu Person PERSON-037478,Other,TIRUVANNAMALAI Area,imported,12fe593e-e883-5cac-9710-f2ba74198299,PERSON-037478,,49,,,,11_person.csv
5e7d0aa4-ffe2-5b8c-8fe4-d92def90ae9c,Tamil Nadu Person PERSON-037480,Female,NAMAKKAL Area,imported,12fe593e-e883-5cac-9710-f2ba74198299,PERSON-037480,,71,,,,11_person.csv
dbd6fb81-6eed-5bf8-9114-0661e08d7566,Tamil Nadu Person PERSON-037482,Female,TIRUCHIRAPPALLI Area,imported,12fe593e-e883-5cac-9710-f2ba74198299,PERSON-037482,,43,,,,11_person.csv
f6aec7c1-3bfb-5c57-8fae-9216b88b821f,Tamil Nadu Person PERSON-037527,Other,CUDDALORE Area,imported,12fe593e-e883-5cac-9710-f2ba74198299,PERSON-037527,,70,,,,11_person.csv
09236aa3-492f-5ff7-8003-4cb599a5d6ef,Tamil Nadu Person PERSON-037529,Other,ERODE Area,imported,12fe593e-e883-5cac-9710-f2ba74198299,PERSON-037529,,44,,,,11_person.csv
15764c7c-03cd-5863-87fd-327828bc1077,Tamil Nadu Person PERSON-037536,Other,CHENNAI Area,imported,12fe593e-e883-5cac-9710-f2ba74198299,PERSON-037536,,67,,,,11_person.csv
ad6e0a32-67e2-56d5-b008-8499b086d36d,Tamil Nadu Person PERSON-037537,Male,VILUPPURAM Area,imported,12fe593e-e883-5cac-9710-f2ba74198299,PERSON-037537,,76,,,,11_person.csv
92e70975-ece4-5e1f-8a04-ab5d568d4251,Tamil Nadu Person PERSON-037564,Other,NAGAPATTINAM Area,imported,12fe593e-e883-5cac-9710-f2ba74198299,PERSON-037564,,32,,,,11_person.csv
aaad063f-1173-5fda-a52d-3f215b7d7f99,Tamil Nadu Person PERSON-037583,Female,TIRUPATHUR Area,imported,12fe593e-e883-5cac-9710-f2ba74198299,PERSON-037583,,69,,,,11_person.csv
00831469-2424-5db5-a2f6-83922df036fa,Tamil Nadu Person PERSON-037606,Male,PUDUKOTTAI Area,imported,12fe593e-e883-5cac-9710-f2ba74198299,PERSON-037606,,30,,,,11_person.csv
27dc52f4-e80f-591e-aace-7dc14a0bbef0,Tamil Nadu Person PERSON-037607,Other,THIRUVARUR Area,imported,12fe593e-e883-5cac-9710-f2ba74198299,PERSON-037607,,62,,,,11_person.csv
0d09e531-ac8a-5f09-bd9b-d4de761fa068,Tamil Nadu Person PERSON-037610,Male,DHARMAPURI Area,imported,12fe593e-e883-5cac-9710-f2ba74198299,PERSON-037610,,51,,,,11_person.csv
5d3530b3-925a-57b4-b39e-4fe23e859526,Tamil Nadu Person PERSON-037619,Male,PUDUKOTTAI Area,imported,12fe593e-e883-5cac-9710-f2ba74198299,PERSON-037619,,44,,,,11_person.csv
376741e2-e80b-55c4-a63e-51de85670514,Tamil Nadu Person PERSON-037622,Other,KRISHNAGIRI Area,imported,12fe593e-e883-5cac-9710-f2ba74198299,PERSON-037622,,67,,,,11_person.csv
0c245949-9e31-5773-b87c-3314b076749c,Tamil Nadu Person PERSON-037635,Male,KARUR Area,imported,12fe593e-e883-5cac-9710-f2ba74198299,PERSON-037635,,21,,,,11_person.csv
ce7a3e5d-3049-5308-9ec7-c40ba3e50551,Tamil Nadu Person PERSON-037643,Other,RAMESWARAM Area,imported,12fe593e-e883-5cac-9710-f2ba74198299,PERSON-037643,,54,,,,11_person.csv
669844be-2453-5648-a0b2-a2ab539f4931,Tamil Nadu Person PERSON-037649,Female,SIVAGANGA Area,imported,12fe593e-e883-5cac-9710-f2ba74198299,PERSON-037649,,37,,,,11_person.csv
8742a937-de9c-57cb-8d51-60f456e30208,Tamil Nadu Person PERSON-037664,Other,NAGAPATTINAM Area,imported,12fe593e-e883-5cac-9710-f2ba74198299,PERSON-037664,,30,,,,11_person.csv
6bdba112-a66c-5197-bb0e-d2f75a360805,Tamil Nadu Person PERSON-037666,Other,THIRUVALLUR Area,imported,12fe593e-e883-5cac-9710-f2ba74198299,PERSON-037666,,57,,,,11_person.csv
ab77add4-93ba-545e-8b38-441f08e8d59c,Tamil Nadu Person PERSON-037673,Other,THENI Area,imported,12fe593e-e883-5cac-9710-f2ba74198299,PERSON-037673,,26,,,,11_person.csv
8f3329c2-0542-5b3d-97b3-6af8ab4eb3e4,Tamil Nadu Person PERSON-037679,Female,MADURAI Area,imported,12fe593e-e883-5cac-9710-f2ba74198299,PERSON-037679,,29,,,,11_person.csv
eb6ed3d4-bdd7-5f6c-acb7-05c7799f9a91,Tamil Nadu Person PERSON-037687,Other,THIRUVARUR Area,imported,12fe593e-e883-5cac-9710-f2ba74198299,PERSON-037687,,45,,,,11_person.csv
2224d8b6-e7d1-51ff-9815-b8fb190e51aa,Tamil Nadu Person PERSON-037701,Other,KANYAKUMARI Area,imported,12fe593e-e883-5cac-9710-f2ba74198299,PERSON-037701,,21,,,,11_person.csv
a5488cab-14b2-58de-aa7f-db316f812656,Tamil Nadu Person PERSON-037703,Other,ERODE Area,imported,12fe593e-e883-5cac-9710-f2ba74198299,PERSON-037703,,43,,,,11_person.csv
eb0a8734-2a4e-5db4-95ae-e10789cf5018,Tamil Nadu Person PERSON-037708,Male,KARUR Area,imported,12fe593e-e883-5cac-9710-f2ba74198299,PERSON-037708,,23,,,,11_person.csv
ae2a587e-fb3e-5cbd-8edb-a1b4525f5808,Tamil Nadu Person PERSON-037711,Other,PERAMBALUR Area,imported,12fe593e-e883-5cac-9710-f2ba74198299,PERSON-037711,,24,,,,11_person.csv
03bb6210-83e6-583e-8731-4e0eab686cac,Tamil Nadu Person PERSON-037722,Male,VIRUDHUNAGAR Area,imported,12fe593e-e883-5cac-9710-f2ba74198299,PERSON-037722,,52,,,,11_person.csv
5ed281eb-4d88-5205-ae87-afac63ffdb16,Tamil Nadu Person PERSON-037729,Male,NAMAKKAL Area,imported,12fe593e-e883-5cac-9710-f2ba74198299,PERSON-037729,,42,,,,11_person.csv
d306ffe5-03b4-586f-9f40-fee1c76dd2e4,Tamil Nadu Person PERSON-037752,Female,TIRUVANNAMALAI Area,imported,12fe593e-e883-5cac-9710-f2ba74198299,PERSON-037752,,42,,,,11_person.csv
4a31b946-dbfe-5312-9e18-5fc9eaa6a9ea,Tamil Nadu Person PERSON-037764,Female,THIRUVALLUR Area,imported,12fe593e-e883-5cac-9710-f2ba74198299,PERSON-037764,,29,,,,11_person.csv
44bc5f41-bfb3-55a4-a1d1-f67ed3a0ac4f,Tamil Nadu Person PERSON-037792,Other,KANYAKUMARI Area,imported,12fe593e-e883-5cac-9710-f2ba74198299,PERSON-037792,,54,,,,11_person.csv
2964c739-2614-5ea0-b478-cb0f683aaa4b,Tamil Nadu Person PERSON-037829,Female,SIVAGANGA Area,imported,12fe593e-e883-5cac-9710-f2ba74198299,PERSON-037829,,68,,,,11_person.csv
da8b0b4d-6b1d-5ea0-9169-6547f162ca3c,Tamil Nadu Person PERSON-037832,Male,KANYAKUMARI Area,imported,12fe593e-e883-5cac-9710-f2ba74198299,PERSON-037832,,37,,,,11_person.csv
13d276a1-d825-5383-9285-ac82ea63d5b1,Tamil Nadu Person PERSON-037856,Other,KRISHNAGIRI Area,imported,12fe593e-e883-5cac-9710-f2ba74198299,PERSON-037856,,36,,,,11_person.csv
581b60c4-357c-5e04-a10d-f3467f00a1e6,Tamil Nadu Person PERSON-037881,Male,THENI Area,imported,12fe593e-e883-5cac-9710-f2ba74198299,PERSON-037881,,36,,,,11_person.csv
66a14825-08eb-580a-b98a-0d7b3a0d3203,Tamil Nadu Person PERSON-037890,Female,THIRUVALLUR Area,imported,12fe593e-e883-5cac-9710-f2ba74198299,PERSON-037890,,30,,,,11_person.csv
0b2037ee-5118-593c-a362-664e97875083,Tamil Nadu Person PERSON-037899,Male,ARIYALUR Area,imported,12fe593e-e883-5cac-9710-f2ba74198299,PERSON-037899,,70,,,,11_person.csv
68d45c1c-7358-50fe-b8f3-35c806f5ad63,Tamil Nadu Person PERSON-037900,Female,TIRUCHIRAPPALLI Area,imported,12fe593e-e883-5cac-9710-f2ba74198299,PERSON-037900,,38,,,,11_person.csv
bdac952b-1a2e-58c2-b824-9b1a0293fb38,Tamil Nadu Person PERSON-037905,Male,RAMESWARAM Area,imported,12fe593e-e883-5cac-9710-f2ba74198299,PERSON-037905,,35,,,,11_person.csv
35ba5e7f-bb32-56e2-9d58-b0fa06bb203e,Tamil Nadu Person PERSON-037956,Male,THIRUVALLUR Area,imported,12fe593e-e883-5cac-9710-f2ba74198299,PERSON-037956,,41,,,,11_person.csv
8264b81b-f76b-5a97-8797-15d06f382641,Tamil Nadu Person PERSON-037957,Male,PUDUKOTTAI Area,imported,12fe593e-e883-5cac-9710-f2ba74198299,PERSON-037957,,42,,,,11_person.csv
7e546c61-9a7c-5791-832d-5f6c95f01f44,Tamil Nadu Person PERSON-037960,Other,VILUPPURAM Area,imported,12fe593e-e883-5cac-9710-f2ba74198299,PERSON-037960,,43,,,,11_person.csv
2f60ada2-3522-522b-a555-7137e1a5b772,Tamil Nadu Person PERSON-037980,Male,TIRUCHIRAPPALLI Area,imported,12fe593e-e883-5cac-9710-f2ba74198299,PERSON-037980,,57,,,,11_person.csv
453ed242-4641-5857-91ab-19e1027fce03,Tamil Nadu Person PERSON-037994,Female,TIRUCHIRAPPALLI Area,imported,12fe593e-e883-5cac-9710-f2ba74198299,PERSON-037994,,25,,,,11_person.csv
4bfb3cf4-cdcd-5f30-8f26-895910a8aa9c,Tamil Nadu Person PERSON-038032,Female,CUDDALORE Area,imported,12fe593e-e883-5cac-9710-f2ba74198299,PERSON-038032,,69,,,,11_person.csv
1a992da8-4cad-5fa7-9b39-a7f16a9676ed,Tamil Nadu Person PERSON-038038,Male,TIRUCHIRAPPALLI Area,imported,12fe593e-e883-5cac-9710-f2ba74198299,PERSON-038038,,58,,,,11_person.csv
c157d98b-a7b0-55c8-8963-dbcacb95a156,Tamil Nadu Person PERSON-038062,Other,DINDIGUL Area,imported,12fe593e-e883-5cac-9710-f2ba74198299,PERSON-038062,,34,,,,11_person.csv
bf684410-a3cf-50eb-8952-c41f6c2cdfbc,Tamil Nadu Person PERSON-038063,Female,TIRUPATHUR Area,imported,12fe593e-e883-5cac-9710-f2ba74198299,PERSON-038063,,56,,,,11_person.csv
c1b418bc-8bb2-5ffa-acfb-aac024bd981c,Tamil Nadu Person PERSON-038081,Male,SIVAGANGA Area,imported,12fe593e-e883-5cac-9710-f2ba74198299,PERSON-038081,,58,,,,11_person.csv
50447100-26d1-5664-8c4c-d3d4a314045f,Tamil Nadu Person PERSON-038082,Male,DHARMAPURI Area,imported,12fe593e-e883-5cac-9710-f2ba74198299,PERSON-038082,,64,,,,11_person.csv
6374a4d1-5d6f-5841-b74c-748aa9e4452d,Tamil Nadu Person PERSON-038088,Male,TIRUVANNAMALAI Area,imported,12fe593e-e883-5cac-9710-f2ba74198299,PERSON-038088,,59,,,,11_person.csv
6d0646fd-aa18-5c2d-8392-dcf89ec2f128,Tamil Nadu Person PERSON-038104,Male,TIRUPPUR Area,imported,12fe593e-e883-5cac-9710-f2ba74198299,PERSON-038104,,34,,,,11_person.csv
cf5cb271-d4d1-578f-8218-c7aee226b260,Tamil Nadu Person PERSON-038113,Male,TIRUPATHUR Area,imported,12fe593e-e883-5cac-9710-f2ba74198299,PERSON-038113,,28,,,,11_person.csv
bdd62d96-156d-55b9-8cca-84a1330f5b6f,Tamil Nadu Person PERSON-038132,Other,KRISHNAGIRI Area,imported,12fe593e-e883-5cac-9710-f2ba74198299,PERSON-038132,,25,,,,11_person.csv
875ec06c-dfe0-5d5c-82a5-7bc1da472d99,Tamil Nadu Person PERSON-038145,Other,PUDUKOTTAI Area,imported,12fe593e-e883-5cac-9710-f2ba74198299,PERSON-038145,,37,,,,11_person.csv
c28337cf-19d9-505e-b3e8-045ea8701256,Tamil Nadu Person PERSON-038160,Female,KANCHEEPURAM Area,imported,12fe593e-e883-5cac-9710-f2ba74198299,PERSON-038160,,43,,,,11_person.csv
4590dc1a-80ca-5ecf-b330-1b31e7a89220,Tamil Nadu Person PERSON-038170,Other,VILUPPURAM Area,imported,12fe593e-e883-5cac-9710-f2ba74198299,PERSON-038170,,59,,,,11_person.csv
22d57e08-1bb0-5cf4-b506-a20b167be099,Tamil Nadu Person PERSON-038172,Other,THIRUVARUR Area,imported,12fe593e-e883-5cac-9710-f2ba74198299,PERSON-038172,,71,,,,11_person.csv
b5a64497-f109-592f-8040-b83fe015522d,Tamil Nadu Person PERSON-038177,Other,SIVAGANGA Area,imported,12fe593e-e883-5cac-9710-f2ba74198299,PERSON-038177,,35,,,,11_person.csv
ac28b21e-8a35-5586-8cce-de71cf6a44a2,Tamil Nadu Person PERSON-038184,Other,PERAMBALUR Area,imported,12fe593e-e883-5cac-9710-f2ba74198299,PERSON-038184,,23,,,,11_person.csv
3886a882-25df-5649-b821-60db0674e892,Tamil Nadu Person PERSON-038217,Other,DHARMAPURI Area,imported,12fe593e-e883-5cac-9710-f2ba74198299,PERSON-038217,,22,,,,11_person.csv
bd4641b3-9624-502b-9384-5448f653fa88,Tamil Nadu Person PERSON-038255,Female,SALEM Area,imported,12fe593e-e883-5cac-9710-f2ba74198299,PERSON-038255,,63,,,,11_person.csv
06e7cb4d-b513-5435-9157-d96181aff08e,Tamil Nadu Person PERSON-038262,Other,CHENGALPATTU Area,imported,12fe593e-e883-5cac-9710-f2ba74198299,PERSON-038262,,36,,,,11_person.csv
7a1eab7f-ef05-5927-9245-c9a764de2165,Tamil Nadu Person PERSON-038296,Female,SALEM Area,imported,12fe593e-e883-5cac-9710-f2ba74198299,PERSON-038296,,53,,,,11_person.csv
691c8203-8509-5bf4-a0bf-45818bd56162,Tamil Nadu Person PERSON-038302,Other,ERODE Area,imported,12fe593e-e883-5cac-9710-f2ba74198299,PERSON-038302,,76,,,,11_person.csv
02628787-5a8d-54e9-abdc-ac934a3a23c2,Tamil Nadu Person PERSON-038318,Other,VILUPPURAM Area,imported,12fe593e-e883-5cac-9710-f2ba74198299,PERSON-038318,,55,,,,11_person.csv
cc484f07-2955-599b-91f9-bfd4131b3fe2,Tamil Nadu Person PERSON-038319,Male,RAMANATHAPURAM Area,imported,12fe593e-e883-5cac-9710-f2ba74198299,PERSON-038319,,28,,,,11_person.csv
213a4f9b-57a8-5a10-a8cb-f4917501cb0c,Tamil Nadu Person PERSON-038325,Other,PERAMBALUR Area,imported,12fe593e-e883-5cac-9710-f2ba74198299,PERSON-038325,,41,,,,11_person.csv
231d8562-c8cb-5bc1-9846-00e8342f2b98,Tamil Nadu Person PERSON-038337,Male,RAMANATHAPURAM Area,imported,12fe593e-e883-5cac-9710-f2ba74198299,PERSON-038337,,63,,,,11_person.csv
66fa7e44-06c3-50fd-8fb7-6fbc65a60bff,Tamil Nadu Person PERSON-038340,Other,MAYILADUTHURAI Area,imported,12fe593e-e883-5cac-9710-f2ba74198299,PERSON-038340,,59,,,,11_person.csv
1cc1231c-62ae-52d6-810a-ea57bd801f56,Tamil Nadu Person PERSON-038348,Other,RANIPET Area,imported,12fe593e-e883-5cac-9710-f2ba74198299,PERSON-038348,,69,,,,11_person.csv
46b76c93-6f41-587d-9dfc-5b81bfcd1c45,Tamil Nadu Person PERSON-038356,Female,TENKASI Area,imported,12fe593e-e883-5cac-9710-f2ba74198299,PERSON-038356,,71,,,,11_person.csv
4f36aedc-db1f-5735-82a7-42d49f832b52,Tamil Nadu Person PERSON-038365,Other,KANYAKUMARI Area,imported,12fe593e-e883-5cac-9710-f2ba74198299,PERSON-038365,,73,,,,11_person.csv
41601e78-ee5a-55d6-bd53-9ae33790a352,Tamil Nadu Person PERSON-038367,Female,NAMAKKAL Area,imported,12fe593e-e883-5cac-9710-f2ba74198299,PERSON-038367,,35,,,,11_person.csv
c7194e4e-bf3d-506e-b8fe-be6f2acbedb9,Tamil Nadu Person PERSON-038370,Male,RAMANATHAPURAM Area,imported,12fe593e-e883-5cac-9710-f2ba74198299,PERSON-038370,,34,,,,11_person.csv
f61ec479-d811-59d4-97de-c60be677ff19,Tamil Nadu Person PERSON-038375,Male,CHENGALPATTU Area,imported,12fe593e-e883-5cac-9710-f2ba74198299,PERSON-038375,,25,,,,11_person.csv
0a0f059f-12a2-5d55-9569-23fd56572566,Tamil Nadu Person PERSON-038378,Male,ARIYALUR Area,imported,12fe593e-e883-5cac-9710-f2ba74198299,PERSON-038378,,68,,,,11_person.csv
5695c9ef-ec2f-5144-b0aa-238f808cf79e,Tamil Nadu Person PERSON-038380,Other,TIRUVANNAMALAI Area,imported,12fe593e-e883-5cac-9710-f2ba74198299,PERSON-038380,,68,,,,11_person.csv
8643db59-1c57-5ccd-86c1-d55f9810cffa,Tamil Nadu Person PERSON-038387,Male,NAGAPATTINAM Area,imported,12fe593e-e883-5cac-9710-f2ba74198299,PERSON-038387,,58,,,,11_person.csv
7af4887a-529e-54b2-b2e0-1539b0db4d12,Tamil Nadu Person PERSON-038394,Female,CHENNAI Area,imported,12fe593e-e883-5cac-9710-f2ba74198299,PERSON-038394,,68,,,,11_person.csv
d4c52cfc-ed2d-5845-8f7c-7f00ec4f3f43,Tamil Nadu Person PERSON-038396,Male,CHENNAI Area,imported,12fe593e-e883-5cac-9710-f2ba74198299,PERSON-038396,,30,,,,11_person.csv
d90deb8f-9bc6-5df8-8ea2-351d5daefb04,Tamil Nadu Person PERSON-038403,Male,CUDDALORE Area,imported,12fe593e-e883-5cac-9710-f2ba74198299,PERSON-038403,,63,,,,11_person.csv
3bfee995-43a9-522c-823d-39c1b50783df,Tamil Nadu Person PERSON-038416,Other,THE_NILGIRIS Area,imported,12fe593e-e883-5cac-9710-f2ba74198299,PERSON-038416,,25,,,,11_person.csv
236c8474-180b-57bf-a619-d65021b066cf,Tamil Nadu Person PERSON-038424,Female,RANIPET Area,imported,12fe593e-e883-5cac-9710-f2ba74198299,PERSON-038424,,45,,,,11_person.csv
d02d1849-846a-5695-b30a-f709523a5a05,Tamil Nadu Person PERSON-038437,Female,CUDDALORE Area,imported,12fe593e-e883-5cac-9710-f2ba74198299,PERSON-038437,,63,,,,11_person.csv
96a3677b-415e-59a2-813d-b5b6bd7d2b94,Tamil Nadu Person PERSON-038440,Other,RAMANATHAPURAM Area,imported,12fe593e-e883-5cac-9710-f2ba74198299,PERSON-038440,,34,,,,11_person.csv
c6f43c43-1caa-5dcb-ba4f-08e407abce1f,Tamil Nadu Person PERSON-038441,Other,PUDUKOTTAI Area,imported,12fe593e-e883-5cac-9710-f2ba74198299,PERSON-038441,,37,,,,11_person.csv
a8c7ccde-379e-5456-a433-c3c28aaf4d50,Tamil Nadu Person PERSON-038442,Other,KARUR Area,imported,12fe593e-e883-5cac-9710-f2ba74198299,PERSON-038442,,72,,,,11_person.csv
912b7cd5-aaa4-5a9b-bf30-8d9d0d622311,Tamil Nadu Person PERSON-038455,Male,TIRUPATHUR Area,imported,12fe593e-e883-5cac-9710-f2ba74198299,PERSON-038455,,29,,,,11_person.csv
a3e2be28-d371-562c-aaff-0f30ec46b434,Tamil Nadu Person PERSON-038465,Female,RAMESWARAM Area,imported,12fe593e-e883-5cac-9710-f2ba74198299,PERSON-038465,,60,,,,11_person.csv
ae9174f6-4f0e-56d4-be0d-77e3cd49aa62,Tamil Nadu Person PERSON-038468,Female,KUMBAKONAM Area,imported,12fe593e-e883-5cac-9710-f2ba74198299,PERSON-038468,,35,,,,11_person.csv
6cd00779-ce24-50b8-a1a3-23d85ffe3dbf,Tamil Nadu Person PERSON-038471,Male,KRISHNAGIRI Area,imported,12fe593e-e883-5cac-9710-f2ba74198299,PERSON-038471,,46,,,,11_person.csv
4f6716d8-9445-59e7-b7e7-6bb219cf7d29,Tamil Nadu Person PERSON-038481,Other,RANIPET Area,imported,12fe593e-e883-5cac-9710-f2ba74198299,PERSON-038481,,67,,,,11_person.csv
c22494f8-42c5-504c-882f-5301dec9cf3f,Tamil Nadu Person PERSON-038499,Female,CHENNAI Area,imported,12fe593e-e883-5cac-9710-f2ba74198299,PERSON-038499,,43,,,,11_person.csv
b8fe5039-d625-5033-b48a-995e9afb4050,Tamil Nadu Person PERSON-038507,Male,TIRUPPUR Area,imported,12fe593e-e883-5cac-9710-f2ba74198299,PERSON-038507,,47,,,,11_person.csv
6d25cb8b-856b-56ef-905d-cb9ba6aeaa70,Tamil Nadu Person PERSON-038539,Other,VILUPPURAM Area,imported,12fe593e-e883-5cac-9710-f2ba74198299,PERSON-038539,,37,,,,11_person.csv
3a08b8f1-f95b-5439-94ab-5020f6853cb5,Tamil Nadu Person PERSON-038560,Female,TIRUPATHUR Area,imported,12fe593e-e883-5cac-9710-f2ba74198299,PERSON-038560,,52,,,,11_person.csv
6df1a120-7568-5192-91c4-a65e41c55bb5,Tamil Nadu Person PERSON-038565,Other,TENKASI Area,imported,12fe593e-e883-5cac-9710-f2ba74198299,PERSON-038565,,22,,,,11_person.csv
23ea030e-5020-59d0-b045-48b39070f100,Tamil Nadu Person PERSON-038581,Other,RAMESWARAM Area,imported,12fe593e-e883-5cac-9710-f2ba74198299,PERSON-038581,,30,,,,11_person.csv
afa034c4-8386-5bbf-bfa5-630364847d5e,Tamil Nadu Person PERSON-038585,Other,TIRUVANNAMALAI Area,imported,12fe593e-e883-5cac-9710-f2ba74198299,PERSON-038585,,39,,,,11_person.csv
dffe3acc-f281-56bb-99da-9abc465ffcad,Tamil Nadu Person PERSON-038632,Male,TIRUPPUR Area,imported,12fe593e-e883-5cac-9710-f2ba74198299,PERSON-038632,,60,,,,11_person.csv
cc4b77ce-5b47-554c-9999-ffd7721c5f3f,Tamil Nadu Person PERSON-038641,Other,KANCHEEPURAM Area,imported,12fe593e-e883-5cac-9710-f2ba74198299,PERSON-038641,,60,,,,11_person.csv
dfba9209-6617-5a7e-82ca-1048807e696d,Tamil Nadu Person PERSON-038657,Other,NAMAKKAL Area,imported,12fe593e-e883-5cac-9710-f2ba74198299,PERSON-038657,,76,,,,11_person.csv
80f8e957-da9b-5ecc-b2d8-2df1663760a6,Tamil Nadu Person PERSON-038681,Male,THE_NILGIRIS Area,imported,12fe593e-e883-5cac-9710-f2ba74198299,PERSON-038681,,58,,,,11_person.csv
996f2689-704d-56b9-833e-45fa495383f1,Tamil Nadu Person PERSON-038688,Male,PERAMBALUR Area,imported,12fe593e-e883-5cac-9710-f2ba74198299,PERSON-038688,,66,,,,11_person.csv
187ed7d3-05e7-5e43-a6d4-ae5f91c7fb9e,Tamil Nadu Person PERSON-038699,Other,KARUR Area,imported,12fe593e-e883-5cac-9710-f2ba74198299,PERSON-038699,,44,,,,11_person.csv
a6155e70-67ae-5b9b-95ff-503869a399f1,Tamil Nadu Person PERSON-038710,Female,RAMESWARAM Area,imported,12fe593e-e883-5cac-9710-f2ba74198299,PERSON-038710,,65,,,,11_person.csv
277b9e84-d601-5c80-bfb3-7e428d696308,Tamil Nadu Person PERSON-038711,Other,COIMBATORE Area,imported,12fe593e-e883-5cac-9710-f2ba74198299,PERSON-038711,,60,,,,11_person.csv
f62ced6f-30c3-55f7-ad0d-a7e3cf042922,Tamil Nadu Person PERSON-038750,Other,MAYILADUTHURAI Area,imported,12fe593e-e883-5cac-9710-f2ba74198299,PERSON-038750,,24,,,,11_person.csv
e00ff334-85b2-5a44-8816-ec3997c34a29,Tamil Nadu Person PERSON-038752,Other,CUDDALORE Area,imported,12fe593e-e883-5cac-9710-f2ba74198299,PERSON-038752,,68,,,,11_person.csv
5b379790-5c0f-54ee-95ce-524f91be05e9,Tamil Nadu Person PERSON-038762,Female,THE_NILGIRIS Area,imported,12fe593e-e883-5cac-9710-f2ba74198299,PERSON-038762,,27,,,,11_person.csv
39b2bb6d-9c8c-5288-b152-c16442f3665d,Tamil Nadu Person PERSON-038773,Other,PUDUKOTTAI Area,imported,12fe593e-e883-5cac-9710-f2ba74198299,PERSON-038773,,27,,,,11_person.csv
dc30800a-b6e2-5dde-9642-92b1c4052722,Tamil Nadu Person PERSON-038776,Female,TIRUPATHUR Area,imported,12fe593e-e883-5cac-9710-f2ba74198299,PERSON-038776,,64,,,,11_person.csv
319d2232-f01e-549e-883d-8d32ea4c092e,Tamil Nadu Person PERSON-038777,Other,CHENGALPATTU Area,imported,12fe593e-e883-5cac-9710-f2ba74198299,PERSON-038777,,67,,,,11_person.csv
90ec248c-0c78-58da-a35f-7f5965173f10,Tamil Nadu Person PERSON-038778,Male,TIRUPATHUR Area,imported,12fe593e-e883-5cac-9710-f2ba74198299,PERSON-038778,,53,,,,11_person.csv
258dcada-94b0-5661-981d-84eab41b6730,Tamil Nadu Person PERSON-038779,Female,TIRUPPUR Area,imported,12fe593e-e883-5cac-9710-f2ba74198299,PERSON-038779,,73,,,,11_person.csv
d3ebe7c7-2b68-56c8-ba0a-32f5e0f4443d,Tamil Nadu Person PERSON-038796,Male,PERAMBALUR Area,imported,12fe593e-e883-5cac-9710-f2ba74198299,PERSON-038796,,53,,,,11_person.csv
0f87e7a7-432a-5b6d-b5d1-8a694908d2e8,Tamil Nadu Person PERSON-038797,Male,KANCHEEPURAM Area,imported,12fe593e-e883-5cac-9710-f2ba74198299,PERSON-038797,,58,,,,11_person.csv
56a95a6d-67db-5327-8741-a0800606f496,Tamil Nadu Person PERSON-038814,Male,TIRUPPUR Area,imported,12fe593e-e883-5cac-9710-f2ba74198299,PERSON-038814,,68,,,,11_person.csv
6a82e966-a407-51e2-8dfa-d0a664722347,Tamil Nadu Person PERSON-038815,Other,DINDIGUL Area,imported,12fe593e-e883-5cac-9710-f2ba74198299,PERSON-038815,,27,,,,11_person.csv
8263a98b-e83a-5339-b7e6-f3188acc1949,Tamil Nadu Person PERSON-038828,Female,CUDDALORE Area,imported,12fe593e-e883-5cac-9710-f2ba74198299,PERSON-038828,,38,,,,11_person.csv
7f44dce8-8bbd-5617-8cf1-55994e59fa4b,Tamil Nadu Person PERSON-038849,Male,RANIPET Area,imported,12fe593e-e883-5cac-9710-f2ba74198299,PERSON-038849,,68,,,,11_person.csv
63550213-6ebc-5441-bdab-8723b77a0fed,Tamil Nadu Person PERSON-038881,Other,COIMBATORE Area,imported,12fe593e-e883-5cac-9710-f2ba74198299,PERSON-038881,,35,,,,11_person.csv
fa5c2e27-3583-5e04-95f6-4f7728ebb348,Tamil Nadu Person PERSON-038892,Female,THOOTHUKUDI Area,imported,12fe593e-e883-5cac-9710-f2ba74198299,PERSON-038892,,28,,,,11_person.csv
0e38a533-c54a-501a-8f95-5c60f8f252fa,Tamil Nadu Person PERSON-038924,Other,NAMAKKAL Area,imported,12fe593e-e883-5cac-9710-f2ba74198299,PERSON-038924,,56,,,,11_person.csv
52562fe6-eaac-5de0-ad51-e55910e1be73,Tamil Nadu Person PERSON-038947,Female,THIRUVALLUR Area,imported,12fe593e-e883-5cac-9710-f2ba74198299,PERSON-038947,,56,,,,11_person.csv
5cf8453b-4075-5160-98de-b2c47afdcfec,Tamil Nadu Person PERSON-038962,Other,PUDUKOTTAI Area,imported,12fe593e-e883-5cac-9710-f2ba74198299,PERSON-038962,,44,,,,11_person.csv
009303bb-1765-5057-bfe8-4beec15985df,Tamil Nadu Person PERSON-038985,Female,RAMESWARAM Area,imported,12fe593e-e883-5cac-9710-f2ba74198299,PERSON-038985,,57,,,,11_person.csv
6fb1b48e-147d-5054-b75c-140ee081105c,Tamil Nadu Person PERSON-038998,Male,NAGAPATTINAM Area,imported,12fe593e-e883-5cac-9710-f2ba74198299,PERSON-038998,,23,,,,11_person.csv
bd6769bc-226e-56de-a541-164495fb2ff2,Tamil Nadu Person PERSON-038999,Other,TIRUVANNAMALAI Area,imported,12fe593e-e883-5cac-9710-f2ba74198299,PERSON-038999,,26,,,,11_person.csv
f373f48e-cf38-54fb-890b-b9ec31a2da21,Tamil Nadu Person PERSON-039015,Male,RANIPET Area,imported,12fe593e-e883-5cac-9710-f2ba74198299,PERSON-039015,,50,,,,11_person.csv
a8b9d6dd-b371-5b3e-a6a4-0560136e7e6e,Tamil Nadu Person PERSON-039023,Female,ERODE Area,imported,12fe593e-e883-5cac-9710-f2ba74198299,PERSON-039023,,73,,,,11_person.csv
e36b4a13-ed74-5d68-a2da-d6868fd12a5f,Tamil Nadu Person PERSON-039025,Female,THE_NILGIRIS Area,imported,12fe593e-e883-5cac-9710-f2ba74198299,PERSON-039025,,62,,,,11_person.csv
0d0dc844-ea78-56c1-8ea7-fe105faacd36,Tamil Nadu Person PERSON-039044,Female,TIRUPPUR Area,imported,12fe593e-e883-5cac-9710-f2ba74198299,PERSON-039044,,76,,,,11_person.csv
89828345-7e62-5944-8d6a-98d3ef671a40,Tamil Nadu Person PERSON-039048,Other,PERAMBALUR Area,imported,12fe593e-e883-5cac-9710-f2ba74198299,PERSON-039048,,32,,,,11_person.csv
84a78a36-1ec8-5b14-b7b1-b8b3b559e6f2,Tamil Nadu Person PERSON-039054,Male,THENI Area,imported,12fe593e-e883-5cac-9710-f2ba74198299,PERSON-039054,,74,,,,11_person.csv
a5b9d9cb-d601-5bbc-b025-a51307baf967,Tamil Nadu Person PERSON-039066,Other,NAGAPATTINAM Area,imported,12fe593e-e883-5cac-9710-f2ba74198299,PERSON-039066,,59,,,,11_person.csv
48942bd5-b504-51b9-904f-666d60ad1f59,Tamil Nadu Person PERSON-039073,Other,RAMANATHAPURAM Area,imported,12fe593e-e883-5cac-9710-f2ba74198299,PERSON-039073,,59,,,,11_person.csv
4974fbf4-7428-5ea8-9d53-ea5c5acee9ff,Tamil Nadu Person PERSON-039075,Male,NAGAPATTINAM Area,imported,12fe593e-e883-5cac-9710-f2ba74198299,PERSON-039075,,71,,,,11_person.csv
ea6d87b6-528e-54d7-978d-2733be9fce6f,Tamil Nadu Person PERSON-039076,Male,COIMBATORE Area,imported,12fe593e-e883-5cac-9710-f2ba74198299,PERSON-039076,,58,,,,11_person.csv
0e9ee420-0849-50c7-8b8b-650c86a36a00,Tamil Nadu Person PERSON-039085,Female,RANIPET Area,imported,12fe593e-e883-5cac-9710-f2ba74198299,PERSON-039085,,57,,,,11_person.csv
ea81fd2e-b2cb-5c2d-88a4-e8c972c77857,Tamil Nadu Person PERSON-039095,Other,COIMBATORE Area,imported,12fe593e-e883-5cac-9710-f2ba74198299,PERSON-039095,,73,,,,11_person.csv
b155cada-97dd-5516-950e-bc3f1dd03a60,Tamil Nadu Person PERSON-039107,Female,MADURAI Area,imported,12fe593e-e883-5cac-9710-f2ba74198299,PERSON-039107,,60,,,,11_person.csv
792f996d-d4a9-55e1-9485-22e650e4162b,Tamil Nadu Person PERSON-039113,Male,VIRUDHUNAGAR Area,imported,12fe593e-e883-5cac-9710-f2ba74198299,PERSON-039113,,65,,,,11_person.csv
e90afa24-30be-5b20-8e5e-d298002f85b3,Tamil Nadu Person PERSON-039114,Female,CHENGALPATTU Area,imported,12fe593e-e883-5cac-9710-f2ba74198299,PERSON-039114,,72,,,,11_person.csv
ac207572-d132-5aa8-8be1-f9b3eca695ad,Tamil Nadu Person PERSON-039121,Other,NAMAKKAL Area,imported,12fe593e-e883-5cac-9710-f2ba74198299,PERSON-039121,,35,,,,11_person.csv
521103be-8c4a-5b46-b9f7-4f0ffca4357e,Tamil Nadu Person PERSON-039123,Other,SIVAGANGA Area,imported,12fe593e-e883-5cac-9710-f2ba74198299,PERSON-039123,,35,,,,11_person.csv
52aba4f2-e363-5655-b73c-50bd15e445b0,Tamil Nadu Person PERSON-039139,Other,ARIYALUR Area,imported,12fe593e-e883-5cac-9710-f2ba74198299,PERSON-039139,,53,,,,11_person.csv
639ac4a4-ab33-5de7-9313-ab958a5c85db,Tamil Nadu Person PERSON-039156,Female,PERAMBALUR Area,imported,12fe593e-e883-5cac-9710-f2ba74198299,PERSON-039156,,22,,,,11_person.csv
e2d33d7d-9c2d-5ce2-b62a-1571dcee68a6,Tamil Nadu Person PERSON-039161,Other,CHENNAI Area,imported,12fe593e-e883-5cac-9710-f2ba74198299,PERSON-039161,,71,,,,11_person.csv
41c3fc41-b75c-5137-b165-0d210b492be4,Tamil Nadu Person PERSON-039164,Male,COIMBATORE Area,imported,12fe593e-e883-5cac-9710-f2ba74198299,PERSON-039164,,24,,,,11_person.csv
9f54d3f1-c75f-5c58-929a-3d65d33921a1,Tamil Nadu Person PERSON-039172,Female,THIRUVALLUR Area,imported,12fe593e-e883-5cac-9710-f2ba74198299,PERSON-039172,,67,,,,11_person.csv
d1e1ad10-8a0f-5ab7-966b-bff824793242,Tamil Nadu Person PERSON-039197,Other,TIRUVANNAMALAI Area,imported,12fe593e-e883-5cac-9710-f2ba74198299,PERSON-039197,,74,,,,11_person.csv
da465d0c-0993-56ca-a70b-0b0cd544d874,Tamil Nadu Person PERSON-039215,Male,PUDUKOTTAI Area,imported,12fe593e-e883-5cac-9710-f2ba74198299,PERSON-039215,,60,,,,11_person.csv
d45d8e63-1867-5ca6-bb11-b63bd0a629dc,Tamil Nadu Person PERSON-039218,Female,VIRUDHUNAGAR Area,imported,12fe593e-e883-5cac-9710-f2ba74198299,PERSON-039218,,39,,,,11_person.csv
b8f96aa0-45e2-5815-8ea1-660654d99754,Tamil Nadu Person PERSON-039231,Female,MADURAI Area,imported,12fe593e-e883-5cac-9710-f2ba74198299,PERSON-039231,,44,,,,11_person.csv
31f3dde4-866a-5155-94cb-dadd166ab076,Tamil Nadu Person PERSON-039233,Male,THE_NILGIRIS Area,imported,12fe593e-e883-5cac-9710-f2ba74198299,PERSON-039233,,41,,,,11_person.csv
4dcead3f-2b3c-5c25-9837-91db2523f457,Tamil Nadu Person PERSON-039256,Male,KRISHNAGIRI Area,imported,12fe593e-e883-5cac-9710-f2ba74198299,PERSON-039256,,25,,,,11_person.csv
2a57f008-098e-5e7b-81ae-e4323ef2ffe9,Tamil Nadu Person PERSON-039257,Other,TIRUNELVELI Area,imported,12fe593e-e883-5cac-9710-f2ba74198299,PERSON-039257,,52,,,,11_person.csv
e255e2ee-4da8-5069-945f-e34394b10a2d,Tamil Nadu Person PERSON-039272,Other,TIRUNELVELI Area,imported,12fe593e-e883-5cac-9710-f2ba74198299,PERSON-039272,,20,,,,11_person.csv
2f100b3d-0c29-5de8-b519-2f8f04604492,Tamil Nadu Person PERSON-039293,Other,TIRUVANNAMALAI Area,imported,12fe593e-e883-5cac-9710-f2ba74198299,PERSON-039293,,31,,,,11_person.csv
91b74baa-11c1-5ef1-8423-d7fa2b1a1328,Tamil Nadu Person PERSON-039298,Other,DHARMAPURI Area,imported,12fe593e-e883-5cac-9710-f2ba74198299,PERSON-039298,,29,,,,11_person.csv
896d9184-d04f-506f-9a8c-e2607c55f9e5,Tamil Nadu Person PERSON-039299,Other,CUDDALORE Area,imported,12fe593e-e883-5cac-9710-f2ba74198299,PERSON-039299,,50,,,,11_person.csv
dbf825d0-3838-5a33-a6b7-b9611eb39fda,Tamil Nadu Person PERSON-039332,Female,CUDDALORE Area,imported,12fe593e-e883-5cac-9710-f2ba74198299,PERSON-039332,,48,,,,11_person.csv
b32f1d2d-d5aa-5915-bffe-243c6d785dcc,Tamil Nadu Person PERSON-039335,Other,ERODE Area,imported,12fe593e-e883-5cac-9710-f2ba74198299,PERSON-039335,,58,,,,11_person.csv
38c86b51-ff4a-59a3-bac0-fe5625440afc,Tamil Nadu Person PERSON-039345,Other,TIRUPATHUR Area,imported,12fe593e-e883-5cac-9710-f2ba74198299,PERSON-039345,,28,,,,11_person.csv
ba002f2f-7e8c-58f9-8574-4d0c1e8edff0,Tamil Nadu Person PERSON-039363,Other,PUDUKOTTAI Area,imported,12fe593e-e883-5cac-9710-f2ba74198299,PERSON-039363,,27,,,,11_person.csv
74fe19fa-9a0b-5a9e-a0b6-899e976b82c3,Tamil Nadu Person PERSON-039377,Other,CHENGALPATTU Area,imported,12fe593e-e883-5cac-9710-f2ba74198299,PERSON-039377,,58,,,,11_person.csv
2dead025-b6db-558a-81e8-8bfe27719a2e,Tamil Nadu Person PERSON-039378,Other,RAMESWARAM Area,imported,12fe593e-e883-5cac-9710-f2ba74198299,PERSON-039378,,49,,,,11_person.csv
fb67212f-fffa-5cf0-a41c-7770ee7e46c0,Tamil Nadu Person PERSON-039382,Female,SIVAGANGA Area,imported,12fe593e-e883-5cac-9710-f2ba74198299,PERSON-039382,,39,,,,11_person.csv
9e75c180-c4d7-5b80-a542-96129485cea1,Tamil Nadu Person PERSON-039385,Female,SALEM Area,imported,12fe593e-e883-5cac-9710-f2ba74198299,PERSON-039385,,31,,,,11_person.csv
0c2cbe20-74e3-5ac4-b3df-440e1de09ad4,Tamil Nadu Person PERSON-039419,Other,THIRUVALLUR Area,imported,12fe593e-e883-5cac-9710-f2ba74198299,PERSON-039419,,60,,,,11_person.csv
8b1dfd1e-c30c-56a7-afc4-4086280686f8,Tamil Nadu Person PERSON-039428,Male,SALEM Area,imported,12fe593e-e883-5cac-9710-f2ba74198299,PERSON-039428,,31,,,,11_person.csv
e6af0c15-97f8-5675-af60-02dcb04d9520,Tamil Nadu Person PERSON-039434,Female,PUDUKOTTAI Area,imported,12fe593e-e883-5cac-9710-f2ba74198299,PERSON-039434,,73,,,,11_person.csv
9a91bf4f-97af-54af-b957-65cfbd2b4685,Tamil Nadu Person PERSON-039445,Male,RAMANATHAPURAM Area,imported,12fe593e-e883-5cac-9710-f2ba74198299,PERSON-039445,,57,,,,11_person.csv
8e0a1bd6-a517-5156-8ce0-1fd44b0769c9,Tamil Nadu Person PERSON-039452,Female,SIVAGANGA Area,imported,12fe593e-e883-5cac-9710-f2ba74198299,PERSON-039452,,55,,,,11_person.csv
b51c47cb-eb7c-5674-bf30-0d911578b7e0,Tamil Nadu Person PERSON-039456,Other,MADURAI Area,imported,12fe593e-e883-5cac-9710-f2ba74198299,PERSON-039456,,44,,,,11_person.csv
eb0b447e-5146-5360-a7ed-0596742e7f99,Tamil Nadu Person PERSON-039459,Male,CHENNAI Area,imported,12fe593e-e883-5cac-9710-f2ba74198299,PERSON-039459,,29,,,,11_person.csv
48e4fae0-d95a-5bbb-96e5-a8d2b22ba628,Tamil Nadu Person PERSON-039464,Other,TIRUCHIRAPPALLI Area,imported,12fe593e-e883-5cac-9710-f2ba74198299,PERSON-039464,,60,,,,11_person.csv
56bbd535-29f8-56c6-a0d8-393e769c0261,Tamil Nadu Person PERSON-039476,Other,TIRUCHIRAPPALLI Area,imported,12fe593e-e883-5cac-9710-f2ba74198299,PERSON-039476,,72,,,,11_person.csv
9e5ea712-442a-56cb-bf7f-155f9526b410,Tamil Nadu Person PERSON-039493,Female,TIRUPPUR Area,imported,12fe593e-e883-5cac-9710-f2ba74198299,PERSON-039493,,22,,,,11_person.csv
4bfccfc8-3707-55cc-8a2b-a38d9476523a,Tamil Nadu Person PERSON-039498,Other,THE_NILGIRIS Area,imported,12fe593e-e883-5cac-9710-f2ba74198299,PERSON-039498,,38,,,,11_person.csv
be361e83-6e25-58c3-9156-0694095925f0,Tamil Nadu Person PERSON-039499,Male,THENI Area,imported,12fe593e-e883-5cac-9710-f2ba74198299,PERSON-039499,,59,,,,11_person.csv
abc198f2-ea49-5a98-b9f9-72e74d2debc6,Tamil Nadu Person PERSON-039509,Male,KALLAKURICHI Area,imported,12fe593e-e883-5cac-9710-f2ba74198299,PERSON-039509,,35,,,,11_person.csv
bfc62b3b-f727-5d21-a8ea-a0c4e055ac7f,Tamil Nadu Person PERSON-039515,Other,KALLAKURICHI Area,imported,12fe593e-e883-5cac-9710-f2ba74198299,PERSON-039515,,68,,,,11_person.csv
ea931f91-5f33-5977-9d88-cca461675bf5,Tamil Nadu Person PERSON-039545,Other,RAMANATHAPURAM Area,imported,12fe593e-e883-5cac-9710-f2ba74198299,PERSON-039545,,61,,,,11_person.csv
4b641558-6adb-57ea-8d29-c07796ed136c,Tamil Nadu Person PERSON-039568,Other,CUDDALORE Area,imported,12fe593e-e883-5cac-9710-f2ba74198299,PERSON-039568,,61,,,,11_person.csv
35f2850b-7d6f-5be3-bd0d-e2f28d042973,Tamil Nadu Person PERSON-039585,Other,TENKASI Area,imported,12fe593e-e883-5cac-9710-f2ba74198299,PERSON-039585,,58,,,,11_person.csv
12a4e800-cd4c-564a-b334-e2efe0a2cb50,Tamil Nadu Person PERSON-039586,Other,ERODE Area,imported,12fe593e-e883-5cac-9710-f2ba74198299,PERSON-039586,,44,,,,11_person.csv
9a017aff-4020-5bb9-b80f-4b81099f852f,Tamil Nadu Person PERSON-039616,Female,THE_NILGIRIS Area,imported,12fe593e-e883-5cac-9710-f2ba74198299,PERSON-039616,,51,,,,11_person.csv
e3051cb7-451b-55da-9c31-138d4390c579,Tamil Nadu Person PERSON-039636,Other,COIMBATORE Area,imported,12fe593e-e883-5cac-9710-f2ba74198299,PERSON-039636,,75,,,,11_person.csv
630c7335-72d0-56d9-9f72-f31083700095,Tamil Nadu Person PERSON-039644,Other,PERAMBALUR Area,imported,12fe593e-e883-5cac-9710-f2ba74198299,PERSON-039644,,31,,,,11_person.csv
eded0ded-9b2d-5115-8e7e-ec5e693f8e17,Tamil Nadu Person PERSON-039678,Male,THENI Area,imported,12fe593e-e883-5cac-9710-f2ba74198299,PERSON-039678,,59,,,,11_person.csv
cf5ab80a-6c51-5b1c-9883-c7817a6e730c,Tamil Nadu Person PERSON-039709,Other,KARUR Area,imported,12fe593e-e883-5cac-9710-f2ba74198299,PERSON-039709,,69,,,,11_person.csv
cc68f2a2-41ef-57dd-a08f-04f27073285a,Tamil Nadu Person PERSON-039735,Male,VILUPPURAM Area,imported,12fe593e-e883-5cac-9710-f2ba74198299,PERSON-039735,,27,,,,11_person.csv
0de20d32-79bb-579a-b028-ec38d1accc9d,Tamil Nadu Person PERSON-039749,Male,ERODE Area,imported,12fe593e-e883-5cac-9710-f2ba74198299,PERSON-039749,,73,,,,11_person.csv
ea31d82d-414c-57e1-b310-56644ff42998,Tamil Nadu Person PERSON-039752,Male,VILUPPURAM Area,imported,12fe593e-e883-5cac-9710-f2ba74198299,PERSON-039752,,55,,,,11_person.csv
57febd2c-1b92-5026-94b5-2a9f543c61ca,Tamil Nadu Person PERSON-039766,Other,TENKASI Area,imported,12fe593e-e883-5cac-9710-f2ba74198299,PERSON-039766,,71,,,,11_person.csv
b9b423cc-a60b-58fa-8463-9c97c1185b61,Tamil Nadu Person PERSON-039796,Other,RANIPET Area,imported,12fe593e-e883-5cac-9710-f2ba74198299,PERSON-039796,,66,,,,11_person.csv
8c18ada2-183d-5350-82e4-e9686053b210,Tamil Nadu Person PERSON-039797,Other,ERODE Area,imported,12fe593e-e883-5cac-9710-f2ba74198299,PERSON-039797,,58,,,,11_person.csv
7f244717-bd14-5fcf-b5c6-ac9797bbd44b,Tamil Nadu Person PERSON-039823,Male,COIMBATORE Area,imported,12fe593e-e883-5cac-9710-f2ba74198299,PERSON-039823,,26,,,,11_person.csv
b9874baa-6615-5d61-bd87-4c81963fef65,Tamil Nadu Person PERSON-039829,Other,TIRUPPUR Area,imported,12fe593e-e883-5cac-9710-f2ba74198299,PERSON-039829,,29,,,,11_person.csv
248a1913-cbce-502f-9fbb-14982b286420,Tamil Nadu Person PERSON-039835,Other,VILUPPURAM Area,imported,12fe593e-e883-5cac-9710-f2ba74198299,PERSON-039835,,51,,,,11_person.csv
203fcdd2-e9b2-50e2-a243-6282c5ad5fec,Tamil Nadu Person PERSON-039862,Female,KRISHNAGIRI Area,imported,12fe593e-e883-5cac-9710-f2ba74198299,PERSON-039862,,72,,,,11_person.csv
ccd74502-3c89-5c4c-82f0-323b2be7b03d,Tamil Nadu Person PERSON-039867,Other,DHARMAPURI Area,imported,12fe593e-e883-5cac-9710-f2ba74198299,PERSON-039867,,53,,,,11_person.csv
db979c1c-b6da-52c3-9046-36724e92dfe8,Tamil Nadu Person PERSON-039869,Female,NAGAPATTINAM Area,imported,12fe593e-e883-5cac-9710-f2ba74198299,PERSON-039869,,53,,,,11_person.csv
cc425f33-1da6-565a-a553-2c02794baf40,Tamil Nadu Person PERSON-039885,Male,TENKASI Area,imported,12fe593e-e883-5cac-9710-f2ba74198299,PERSON-039885,,67,,,,11_person.csv
b655feff-01af-5783-ad9c-42b300d70f0a,Tamil Nadu Person PERSON-039887,Male,THOOTHUKUDI Area,imported,12fe593e-e883-5cac-9710-f2ba74198299,PERSON-039887,,21,,,,11_person.csv
165d2487-b848-5d97-bb0e-a5de85617511,Tamil Nadu Person PERSON-039896,Male,KRISHNAGIRI Area,imported,12fe593e-e883-5cac-9710-f2ba74198299,PERSON-039896,,58,,,,11_person.csv
8f556fbc-d630-52f5-85bc-d55a368547bc,Tamil Nadu Person PERSON-039907,Male,CHENNAI Area,imported,12fe593e-e883-5cac-9710-f2ba74198299,PERSON-039907,,44,,,,11_person.csv
f717bbcc-e0e6-5e79-99de-ffe91342a468,Tamil Nadu Person PERSON-039909,Male,ARIYALUR Area,imported,12fe593e-e883-5cac-9710-f2ba74198299,PERSON-039909,,66,,,,11_person.csv
2fcad381-6a85-50e8-9081-50be7c233dca,Tamil Nadu Person PERSON-039911,Female,TIRUPATHUR Area,imported,12fe593e-e883-5cac-9710-f2ba74198299,PERSON-039911,,22,,,,11_person.csv
1a6f7921-9705-5abe-935c-8fb46eb90b7f,Tamil Nadu Person PERSON-039921,Male,THENI Area,imported,12fe593e-e883-5cac-9710-f2ba74198299,PERSON-039921,,53,,,,11_person.csv
b90ebf60-ad99-5da5-841e-5d2fcd27e296,Tamil Nadu Person PERSON-039923,Other,ARIYALUR Area,imported,12fe593e-e883-5cac-9710-f2ba74198299,PERSON-039923,,74,,,,11_person.csv
9694efa9-b039-50bf-b3d0-429159a6094c,Tamil Nadu Person PERSON-039929,Other,COIMBATORE Area,imported,12fe593e-e883-5cac-9710-f2ba74198299,PERSON-039929,,40,,,,11_person.csv
0dbf20dd-1a0c-5ba4-87d3-6ff9685a48b6,Tamil Nadu Person PERSON-039938,Female,THOOTHUKUDI Area,imported,12fe593e-e883-5cac-9710-f2ba74198299,PERSON-039938,,57,,,,11_person.csv
f3abedc4-ba3b-573e-99de-4cd02c78f830,Tamil Nadu Person PERSON-039958,Male,DINDIGUL Area,imported,12fe593e-e883-5cac-9710-f2ba74198299,PERSON-039958,,36,,,,11_person.csv
31b1629a-8024-5ea9-8e3a-ea0efe925d66,Tamil Nadu Person PERSON-039963,Male,THE_NILGIRIS Area,imported,12fe593e-e883-5cac-9710-f2ba74198299,PERSON-039963,,43,,,,11_person.csv
c7245ebb-51a6-5d05-98f4-5bc11a66e5e9,Tamil Nadu Person PERSON-039989,Other,CHENGALPATTU Area,imported,12fe593e-e883-5cac-9710-f2ba74198299,PERSON-039989,,57,,,,11_person.csv
