evidence_id,from_user,to_user,action,location,remarks,timestamp,id,created_at,updated_at
b37556c3-009c-4f18-921b-35f34f7c7f78,,,Evidence Registered,Khade Bazar Checkpoint,Evidence logged for case CR-2026-BLG-001,2026-08-29 12:45:07,00687fff-db0c-4613-8148-e990c32e3905,2026-08-29 12:45:07,2026-08-29 12:45:07
3866ab22-1816-4a22-8b14-bb902267d090,,,Forensic Analysis Initiated,Forensic Lab,Evidence submitted for forensic examination,2026-08-29 12:45:07,00c39474-5420-43f7-a861-3d8456292773,2026-08-29 12:45:07,2026-08-29 12:45:07
8d1e963b-eaee-4f6e-b8eb-00c21942dc18,,,Evidence Registered,Chowk Survey Layout,Evidence logged for case CR-2026-DET-033,2026-08-29 12:45:07,00f4616e-ce9d-4b3b-bcae-cec4db16a240,2026-08-29 12:45:07,2026-08-29 12:45:07
54927003-698a-4095-b6c5-1a4ad88709d9,,,Analysis Completed,Forensic Lab,Forensic analysis complete — results filed with charge sheet,2026-08-29 12:45:08,0206970b-1df2-49ce-9703-35637a288234,2026-08-29 12:45:08,2026-08-29 12:45:08
88f535c6-8bf8-4b8a-8807-39c5c0464019,,,Evidence Registered,Hoskote Junction,Evidence logged for case CR-2026-DET-223,2026-08-29 12:45:08,02b97713-fce3-4999-b2fd-d1dd7b856495,2026-08-29 12:45:08,2026-08-29 12:45:08
8030806d-2c67-41b5-9291-73a3aa99186c,,,Forensic Analysis Initiated,Forensic Lab,Evidence submitted for forensic examination,2026-08-29 12:45:08,0394e648-7edc-4966-b417-32f469c45cb7,2026-08-29 12:45:08,2026-08-29 12:45:08
97d1530f-7ad1-4d94-b644-a2a209d67cac,,,Forensic Analysis Initiated,Forensic Lab,Evidence submitted for forensic examination,2026-08-29 12:45:08,03bb5496-511e-4b91-af48-0d37083595fb,2026-08-29 12:45:08,2026-08-29 12:45:08
7b14637c-2143-4983-bbf8-0c9f9ae9a823,,,Evidence Registered,Ranebennur Cross,Evidence logged for case CR-2026-DET-083,2026-08-29 12:45:07,05881317-d162-4d74-95ef-fbc4733fd878,2026-08-29 12:45:07,2026-08-29 12:45:07
78c65a75-346a-45ea-bd93-a50f7cd4e45f,,,Forensic Analysis Initiated,Forensic Lab,Evidence submitted for forensic examination,2026-08-29 12:45:08,05a85ad3-f5c7-4c1d-8fcc-c93310a8dab5,2026-08-29 12:45:08,2026-08-29 12:45:08
4b67698c-642a-4445-90df-dd5da620dcbc,,,Evidence Registered,Jamakhandi Station Road,Evidence logged for case CR-2026-DET-218,2026-08-29 12:45:08,05ae3e62-df55-45ed-9301-14be118c1276,2026-08-29 12:45:08,2026-08-29 12:45:08
12ee183a-6486-4bce-a678-ffde7a5ba600,,,Forensic Analysis Initiated,Forensic Lab,Evidence submitted for forensic examination,2026-08-29 12:45:07,05b6acb7-6ffc-47d6-9285-da4675df1d46,2026-08-29 12:45:07,2026-08-29 12:45:07
79de35ba-3b7d-4401-bda7-9ef2681b420a,,,Evidence Registered,Chikkamagaluru Town,Evidence logged for case CR-2026-DET-078,2026-08-29 12:45:07,05da4678-2ca1-4db1-8d67-81ee2f83cc27,2026-08-29 12:45:07,2026-08-29 12:45:07
7b68e0fd-eab9-4143-9362-2c58e905d567,,,Forensic Analysis Initiated,Forensic Lab,Evidence submitted for forensic examination,2026-08-29 12:45:07,05dc013f-279a-4d18-afcd-1e4bc4a7ac74,2026-08-29 12:45:07,2026-08-29 12:45:07
e113c123-7d70-4169-9c37-8a85ea036bb3,,,Forensic Analysis Initiated,Forensic Lab,Evidence submitted for forensic examination,2026-08-29 12:45:07,0619d6f3-a0ee-43ab-8d17-3d276c41a0e4,2026-08-29 12:45:07,2026-08-29 12:45:07
a16c06ec-e188-4fe5-842e-ed86db3d7cac,,,Evidence Registered,Arsikere Town Road,Evidence logged for case CR-2026-DET-293,2026-08-29 12:45:08,062df798-1cb6-440d-856c-42016d093411,2026-08-29 12:45:08,2026-08-29 12:45:08
c28cd8f2-8fb3-4136-ba36-4546d4c07fca,,,Evidence Registered,Channapatna Bus Stand,Evidence logged for case CR-2026-DET-158,2026-08-29 12:45:08,0665bd87-2082-4950-97f8-42d47af1082a,2026-08-29 12:45:08,2026-08-29 12:45:08
e8b37181-c12e-4f6e-82b7-6d62894b1845,,,Evidence Registered,Gulbarga University Road,Evidence logged for case CR-2026-DET-239,2026-08-29 12:45:08,070176da-1956-490c-80e2-a077e86770e7,2026-08-29 12:45:08,2026-08-29 12:45:08
575da2d3-23a3-4c0f-b88b-caa998e0be68,,,Evidence Registered,Sirsi Town Center,Evidence logged for case CR-2026-UKN-002,2026-08-29 12:45:07,075b1885-7e83-41aa-8739-32f06c8c9c17,2026-08-29 12:45:07,2026-08-29 12:45:07
2d89b384-7ad9-4a0b-b940-8b0de1fb9f1e,,,Evidence Registered,Koramangala Layout,Evidence logged for case CR-2026-BNG-003,2026-08-29 12:45:07,079c36ce-70b8-4798-8d6d-71079624491c,2026-08-29 12:45:07,2026-08-29 12:45:07
c79fc86a-b543-4605-adf6-4f106b3652ed,,,Forensic Analysis Initiated,Forensic Lab,Evidence submitted for forensic examination,2026-08-29 12:45:07,07a56223-2f51-4a32-9f3e-305cb6d056b3,2026-08-29 12:45:07,2026-08-29 12:45:07
0e17f638-0e62-4393-8637-f54ab07a2ea1,,,Forensic Analysis Initiated,Forensic Lab,Evidence submitted for forensic examination,2026-08-29 12:45:07,07eb0345-d380-44a5-9893-a14361aaa903,2026-08-29 12:45:07,2026-08-29 12:45:07
a97d514a-a0f9-41ee-a989-f4dff4cb6216,,,Forensic Analysis Initiated,Forensic Lab,Evidence submitted for forensic examination,2026-08-29 12:45:08,080b945a-a275-4240-bbe3-c6777619913f,2026-08-29 12:45:08,2026-08-29 12:45:08
341e1bde-982b-4d88-b518-fbbace5ea0e1,,,Forensic Analysis Initiated,Forensic Lab,Evidence submitted for forensic examination,2026-08-29 12:45:08,0864ebd6-2c3d-4450-af68-826f2a6f6a5d,2026-08-29 12:45:08,2026-08-29 12:45:08
5ddfc35f-f3ba-4dd6-bbdb-cd9d067ef097,,,Forensic Analysis Initiated,Forensic Lab,Evidence submitted for forensic examination,2026-08-29 12:45:08,0886f80f-0487-4e3f-8021-3032d9f2f999,2026-08-29 12:45:08,2026-08-29 12:45:08
887722ea-52c0-444d-933b-a977b2c41e04,,,Evidence Registered,Chikkaballapura Town,Evidence logged for case CR-2026-DET-018,2026-08-29 12:45:07,089e9f35-f864-48a2-a0c8-fd5e284238bf,2026-08-29 12:45:07,2026-08-29 12:45:07
fddff847-1da3-4720-b58b-92bd6843abaf,,,Forensic Analysis Initiated,Forensic Lab,Evidence submitted for forensic examination,2026-08-29 12:45:07,08d43361-7680-48f1-8756-e8e5e9aadb91,2026-08-29 12:45:07,2026-08-29 12:45:07
6f58fe3a-3fc1-4076-85ba-102132f82ce5,,,Analysis Completed,Forensic Lab,Forensic analysis complete — results filed with charge sheet,2026-08-29 12:45:07,08d91309-72c0-4bbe-8ab6-69f584fda0ef,2026-08-29 12:45:07,2026-08-29 12:45:07
6f58fe3a-3fc1-4076-85ba-102132f82ce5,,,Forensic Analysis Initiated,Forensic Lab,Evidence submitted for forensic examination,2026-08-29 12:45:07,09db2acc-5152-4348-ae99-7c668e53b176,2026-08-29 12:45:07,2026-08-29 12:45:07
dd17086f-cf6a-4391-a3a8-6e6d8b669d44,,,Analysis Completed,Forensic Lab,Forensic analysis complete — results filed with charge sheet,2026-08-29 12:45:07,0a17c779-f4aa-41f0-8bfd-7daade346d07,2026-08-29 12:45:07,2026-08-29 12:45:07
2c1de3eb-8d4b-4973-8708-ef54b1408c48,,,Evidence Registered,Mysuru-Mandya Highway,Evidence logged for case CR-2026-DET-134,2026-08-29 12:45:07,0a1cddb1-bcb0-418d-870f-803318b399fc,2026-08-29 12:45:07,2026-08-29 12:45:07
457fedff-dcfc-47e0-ae61-3135d2f7ef9c,,,Evidence Registered,Gadag Town Center,Evidence logged for case CR-2026-DET-094,2026-08-29 12:45:07,0a8191e6-ecac-489c-8905-466ec4bcfe39,2026-08-29 12:45:07,2026-08-29 12:45:07
fddff847-1da3-4720-b58b-92bd6843abaf,,,Evidence Registered,Yellapur Junction,Evidence logged for case CR-2026-DET-125,2026-08-29 12:45:07,0aa3c9b8-d6ed-4c75-868d-722e262f845c,2026-08-29 12:45:07,2026-08-29 12:45:07
761ecdc0-2321-4df9-adf2-7503ea126bf5,,,Evidence Registered,Tirthahalli Cross,Evidence logged for case CR-2026-DET-302,2026-08-29 12:45:08,0afc54c3-325f-439d-9dff-63249c80262d,2026-08-29 12:45:08,2026-08-29 12:45:08
015c8e9a-e741-458c-b171-7552817e50e2,,,Forensic Analysis Initiated,Forensic Lab,Evidence submitted for forensic examination,2026-08-29 12:45:07,0b0074a7-1e3d-4a60-b935-27be16776f11,2026-08-29 12:45:07,2026-08-29 12:45:07
c2fd2df6-6e97-4564-9dbf-71e53699ca7f,,,Forensic Analysis Initiated,Forensic Lab,Evidence submitted for forensic examination,2026-08-29 12:45:08,0b3a2235-3d04-43de-8740-ca33ba680499,2026-08-29 12:45:08,2026-08-29 12:45:08
f0b33b2b-8641-4e05-81b4-887be96fad6d,,,Forensic Analysis Initiated,Forensic Lab,Evidence submitted for forensic examination,2026-08-29 12:45:08,0b926cd9-999e-4c86-add3-fc92faa9c39c,2026-08-29 12:45:08,2026-08-29 12:45:08
0bdf6198-119f-4e80-b77a-bbbd0b5b9a97,,,Forensic Analysis Initiated,Forensic Lab,Evidence submitted for forensic examination,2026-08-29 12:45:07,0bdd81ce-3372-4465-834e-41fc3a602857,2026-08-29 12:45:07,2026-08-29 12:45:07
9145d756-6270-434e-aed1-672bf822c5a3,,,Evidence Registered,Yadagir Town Center,Evidence logged for case CR-2026-DET-037,2026-08-29 12:45:07,0d746582-f877-4a9e-a7c5-4c31a696e485,2026-08-29 12:45:07,2026-08-29 12:45:07
1fe5bced-6ac3-448d-a28f-b73dd59a48f2,,,Forensic Analysis Initiated,Forensic Lab,Evidence submitted for forensic examination,2026-08-29 12:45:08,0db8ad8e-b5c8-47ae-92b7-d59d18685b2d,2026-08-29 12:45:08,2026-08-29 12:45:08
4adc6930-1100-4400-816a-daa458856005,,,Evidence Registered,Surathkal Beach Road,Evidence logged for case CR-2026-MNG-004,2026-08-29 12:45:07,0deeac4a-4edb-4ad4-a389-edb3a48a13c7,2026-08-29 12:45:07,2026-08-29 12:45:07
bc422527-c134-4c3b-8913-6a3b4755feca,,,Forensic Analysis Initiated,Forensic Lab,Evidence submitted for forensic examination,2026-08-29 12:45:07,0e027721-8437-4d16-8e19-8e4206d2136e,2026-08-29 12:45:07,2026-08-29 12:45:07
0f5b243a-8060-4450-bdd1-ce56aa6c7609,,,Evidence Registered,Devanahalli Checkpost,Evidence logged for case CR-2026-BRL-001,2026-08-29 12:45:07,0e088257-0088-4c88-ae60-a2af837f03c5,2026-08-29 12:45:07,2026-08-29 12:45:07
10c761c6-79a9-4e3e-a74c-f40abb93f974,,,Evidence Registered,Bidar Fort Road,Evidence logged for case CR-2026-DET-063,2026-08-29 12:45:07,0f6e3141-17c1-4453-b61f-1014f781f7c8,2026-08-29 12:45:07,2026-08-29 12:45:07
9be9b10d-ef5b-4bb3-92da-90abe5b6a1a0,,,Evidence Registered,Channapatna Bus Stand,Evidence logged for case CR-2026-DET-069,2026-08-29 12:45:07,0faa7408-dae0-4dc2-8ce7-f98a33cc69ea,2026-08-29 12:45:07,2026-08-29 12:45:07
dcefa57e-e019-4c3b-a577-80f4072d146b,,,Evidence Registered,Ramanagara Town Center,Evidence logged for case CR-2026-RMN-001,2026-08-29 12:45:07,100712e7-8a1b-404d-9338-dd1e9dc662d2,2026-08-29 12:45:07,2026-08-29 12:45:07
5b53672a-c193-466a-b123-d118f2bcff11,,,Forensic Analysis Initiated,Forensic Lab,Evidence submitted for forensic examination,2026-08-29 12:45:07,1022a428-627e-44af-a176-12fab95b0f5a,2026-08-29 12:45:07,2026-08-29 12:45:07
c569224b-a6a9-47aa-a9d6-603f12245de7,,,Evidence Registered,Homnabad Cross,Evidence logged for case CR-2026-DET-009,2026-08-29 12:45:07,104ec618-b1ed-420f-95c7-0aaa6ddb9236,2026-08-29 12:45:07,2026-08-29 12:45:07
be753b8f-bc5d-47f3-b139-534cfabb96f3,,,Evidence Registered,HSR Layout Beat,Evidence logged for case CR-2026-DET-315,2026-08-29 12:45:08,10566b4a-8ad9-48e3-ad0b-92c10b3a9115,2026-08-29 12:45:08,2026-08-29 12:45:08
b8e3ef4b-3ade-43ba-9cc7-aa57feb0ebbf,,,Evidence Registered,Tiptur Market Area,Evidence logged for case CR-2026-DET-316,2026-08-29 12:45:08,1056bce6-8cac-49ac-b550-ad784434e6f6,2026-08-29 12:45:08,2026-08-29 12:45:08
ca3203f7-f4f1-42b9-922c-9bdeab9a2853,,,Evidence Registered,Gauribidanur Cross,Evidence logged for case CR-2026-DET-224,2026-08-29 12:45:08,1061dcb9-2f1b-421b-9ea0-1c682c623f02,2026-08-29 12:45:08,2026-08-29 12:45:08
0e733fc6-fefe-4c60-97fd-4cdc327d5d2b,,,Forensic Analysis Initiated,Forensic Lab,Evidence submitted for forensic examination,2026-08-29 12:45:07,1069bee7-2ff5-4a63-9660-91b1ae51d75f,2026-08-29 12:45:07,2026-08-29 12:45:07
a859b95c-0c2e-401e-84b9-94a55e6ff2c1,5120413d-57fd-47ad-9128-2a5b8dd553d8,5120413d-57fd-47ad-9128-2a5b8dd553d8,Evidence Registered,Devaraja Market Zone,Evidence logged for case CR-2026-DET-113,2026-08-29 12:45:07,10765dca-cc9f-4e1d-8a39-0c4371adad1e,2026-08-29 12:45:07,2026-08-29 12:45:07
cd7274d4-c9d8-4e1d-abc4-511adf7269f4,,,Analysis Completed,Forensic Lab,Forensic analysis complete — results filed with charge sheet,2026-08-29 12:45:07,11378f00-7190-4007-9769-766a6cc66ab4,2026-08-29 12:45:07,2026-08-29 12:45:07
1f171d14-bf88-4009-86f6-4b6be19f8200,,,Evidence Registered,Ballari Mines Sector B,Evidence logged for case CR-2026-DET-031,2026-08-29 12:45:07,119e2383-ce5e-4f5a-891c-f66717187086,2026-08-29 12:45:07,2026-08-29 12:45:07
633c02e3-7713-49a5-a83a-cca81eaf0693,,,Evidence Registered,Bangarapet Station Road,Evidence logged for case CR-2026-DET-040,2026-08-29 12:45:07,121245bc-9974-4373-b484-8c0fa346a883,2026-08-29 12:45:07,2026-08-29 12:45:07
dd17086f-cf6a-4391-a3a8-6e6d8b669d44,,,Forensic Analysis Initiated,Forensic Lab,Evidence submitted for forensic examination,2026-08-29 12:45:07,121d9ffb-fc13-4173-9d67-e4e92e8489b9,2026-08-29 12:45:07,2026-08-29 12:45:07
1e9c3522-d5c4-4909-a78c-7da1a8a6f5bd,,,Evidence Registered,Chitradurga Fort Area,Evidence logged for case CR-2026-CTD-001,2026-08-29 12:45:07,12b3ca9b-2337-4330-adff-feaf11240655,2026-08-29 12:45:07,2026-08-29 12:45:07
9145d756-6270-434e-aed1-672bf822c5a3,,,Forensic Analysis Initiated,Forensic Lab,Evidence submitted for forensic examination,2026-08-29 12:45:07,12ebe8f9-93a2-41af-9d6b-b0bab527d6ff,2026-08-29 12:45:07,2026-08-29 12:45:07
8a7d2eea-6580-4cc3-9f9d-bba0b69b003f,,,Analysis Completed,Forensic Lab,Forensic analysis complete — results filed with charge sheet,2026-08-29 12:45:07,130ce27f-8d61-4221-b574-3df292a756b8,2026-08-29 12:45:07,2026-08-29 12:45:07
222d6737-fb88-436b-a288-6090056a4d05,,,Evidence Registered,Surathkal Beach Road,Evidence logged for case CR-2026-DET-180,2026-08-29 12:45:08,13b19850-3730-42c0-b9e5-b85325edf9b5,2026-08-29 12:45:08,2026-08-29 12:45:08
4b8082c9-eac2-48bb-a207-1606a047de11,,,Forensic Analysis Initiated,Forensic Lab,Evidence submitted for forensic examination,2026-08-29 12:45:08,1480241a-8399-483a-8841-f88f9c00162b,2026-08-29 12:45:08,2026-08-29 12:45:08
abceb0dd-cd0d-4a1d-967e-f014950aeb87,,,Evidence Registered,Harpanahalli Junction,Evidence logged for case CR-2026-DET-254,2026-08-29 12:45:08,14999806-579d-48b3-a3de-034972190cc5,2026-08-29 12:45:08,2026-08-29 12:45:08
cbc08f90-24c1-4d86-bcfb-069fa3e554d2,,,Forensic Analysis Initiated,Forensic Lab,Evidence submitted for forensic examination,2026-08-29 12:45:07,1553265f-272a-422c-b63d-feccfdcf584f,2026-08-29 12:45:07,2026-08-29 12:45:07
ca213bdd-c7dd-4b86-a9ee-2faedd386dfe,,,Evidence Registered,Chitradurga Fort Area,Evidence logged for case CR-2026-DET-110,2026-08-29 12:45:07,155a49a5-c00b-4507-904a-4cd90dc663b2,2026-08-29 12:45:07,2026-08-29 12:45:07
c2fe672d-bd3f-44f7-98bb-eedf4d671352,,,Evidence Registered,Bangarapet Station Road,Evidence logged for case CR-2026-DET-128,2026-08-29 12:45:07,15ac972a-9adc-4636-aa84-841470a86dd7,2026-08-29 12:45:07,2026-08-29 12:45:07
2b61b413-2b86-47da-a4cd-5472c51a74a1,,,Forensic Analysis Initiated,Forensic Lab,Evidence submitted for forensic examination,2026-08-29 12:45:07,15bd48a5-51e1-4e8d-9e16-004a4fee1a4b,2026-08-29 12:45:07,2026-08-29 12:45:07
2f499eee-688b-4857-86cc-8dcca2143d96,,,Forensic Analysis Initiated,Forensic Lab,Evidence submitted for forensic examination,2026-08-29 12:45:07,15f14486-41c1-4d30-aab3-c0853ffb95d1,2026-08-29 12:45:07,2026-08-29 12:45:07
88152dd7-f501-4e7a-b613-15556c65179f,,,Forensic Analysis Initiated,Forensic Lab,Evidence submitted for forensic examination,2026-08-29 12:45:07,15f819d8-f09e-46a5-a44b-b1cbb7b7fe12,2026-08-29 12:45:07,2026-08-29 12:45:07
d6dd9f23-dd2a-4354-b5ee-df64b45977b6,,,Evidence Registered,Harpanahalli Junction,Evidence logged for case CR-2026-DET-250,2026-08-29 12:45:08,16916066-ffac-47dd-bda7-5da379d9adaf,2026-08-29 12:45:08,2026-08-29 12:45:08
06de826c-4dac-4bf7-aa39-ea4c3cdc5be4,,,Evidence Registered,Yadagir Town Center,Evidence logged for case CR-2026-DET-152,2026-08-29 12:45:08,173d0ef9-01f6-489c-b43c-be3dd7bb386b,2026-08-29 12:45:08,2026-08-29 12:45:08
25da8d47-d772-4736-8d39-a0623e2ee20f,,,Evidence Registered,Haveri Bus Stand Area,Evidence logged for case CR-2026-DET-186,2026-08-29 12:45:08,1768d8dd-c109-4010-8db9-bfab409a07e6,2026-08-29 12:45:08,2026-08-29 12:45:08
2f499eee-688b-4857-86cc-8dcca2143d96,,,Evidence Registered,Bellary-Hospet Road,Evidence logged for case CR-2026-DET-039,2026-08-29 12:45:07,177c6977-f6be-483e-8330-fb246afdc11a,2026-08-29 12:45:07,2026-08-29 12:45:07
0737b2d2-f63a-4711-87be-87d0c70568e6,,,Evidence Registered,Madikeri Town Center,Evidence logged for case CR-2026-DET-122,2026-08-29 12:45:07,1807a8c1-fa16-45a4-86d5-d075822b8249,2026-08-29 12:45:07,2026-08-29 12:45:07
006c2124-693f-4864-98f8-acf1cec88486,,,Evidence Registered,Tumkuru Industrial Road,Evidence logged for case CR-2026-DET-299,2026-08-29 12:45:08,182100ed-21e3-49eb-826a-df00930a1dce,2026-08-29 12:45:08,2026-08-29 12:45:08
64872efb-a8f1-40f1-80ff-cd5b2948e9b5,,,Forensic Analysis Initiated,Forensic Lab,Evidence submitted for forensic examination,2026-08-29 12:45:08,183a5f87-19a1-421b-b361-4047bac67e21,2026-08-29 12:45:08,2026-08-29 12:45:08
cb17edee-0801-4443-8a84-d3c9037b7b50,,,Evidence Registered,Chikkamagaluru Town,Evidence logged for case CR-2026-CMG-001,2026-08-29 12:45:07,18d67040-cb9e-4d77-858e-08c0cd8e6a2e,2026-08-29 12:45:07,2026-08-29 12:45:07
b77054e7-591f-4827-a6ef-e92719cb55f2,,,Forensic Analysis Initiated,Forensic Lab,Evidence submitted for forensic examination,2026-08-29 12:45:08,19a08b59-f9fa-47d9-9b51-a3a98c1b78b0,2026-08-29 12:45:08,2026-08-29 12:45:08
0377d597-c3ad-4f6a-965a-11c7cae3362e,,,Forensic Analysis Initiated,Forensic Lab,Evidence submitted for forensic examination,2026-08-29 12:45:08,19e68b52-a057-4858-8fc1-015be1b2eba9,2026-08-29 12:45:08,2026-08-29 12:45:08
424b5f98-5232-464f-ab4d-53c394f778a7,,,Forensic Analysis Initiated,Forensic Lab,Evidence submitted for forensic examination,2026-08-29 12:45:07,1ab5e056-5234-4a4c-a8d7-16e8de1d3f8f,2026-08-29 12:45:07,2026-08-29 12:45:07
a7742ff0-039b-41d9-b7f0-50eed27fd9e9,,,Forensic Analysis Initiated,Forensic Lab,Evidence submitted for forensic examination,2026-08-29 12:45:07,1b215866-f30a-42db-ab8d-aed1ae3c9884,2026-08-29 12:45:07,2026-08-29 12:45:07
d46f495d-b3a5-4fab-8f12-252e415ff0a2,,,Evidence Registered,Tilakwadi Beat,Evidence logged for case CR-2026-BLG-003,2026-08-29 12:45:07,1b7aa138-b628-490c-abd8-72607b998814,2026-08-29 12:45:07,2026-08-29 12:45:07
6ec28c27-b52e-4a6d-8ac5-64fd96ec440c,,,Forensic Analysis Initiated,Forensic Lab,Evidence submitted for forensic examination,2026-08-29 12:45:08,1c0e16f1-3cfa-43e0-84a2-a8f0152e60a1,2026-08-29 12:45:08,2026-08-29 12:45:08
6d312e11-5fd5-4a7d-9496-07294802ec23,,,Forensic Analysis Initiated,Forensic Lab,Evidence submitted for forensic examination,2026-08-29 12:45:07,1ca9e549-d48c-4a6b-9555-fa05c8ca3664,2026-08-29 12:45:07,2026-08-29 12:45:07
198464e9-cfae-49f7-a0bc-15bd26316e45,,,Evidence Registered,Yellapur Junction,Evidence logged for case CR-2026-DET-013,2026-08-29 12:45:07,1cc26371-9f60-46f4-82df-5a96a4efbaf4,2026-08-29 12:45:07,2026-08-29 12:45:07
6f58fe3a-3fc1-4076-85ba-102132f82ce5,,,Evidence Registered,Chowk Survey Layout,Evidence logged for case CR-2026-KLB-001,2026-08-29 12:45:07,1cf51993-9e6c-4748-b772-ccbd3c741cbb,2026-08-29 12:45:07,2026-08-29 12:45:07
5ede10fa-8aab-485b-a620-5b1569f858d9,,,Evidence Registered,HSR Layout Beat,Evidence logged for case CR-2026-DET-231,2026-08-29 12:45:08,1d23e190-db7a-40f3-a322-c77b16508ffd,2026-08-29 12:45:08,2026-08-29 12:45:08
6210f391-52ef-4e31-987e-f01406203716,,,Evidence Registered,Kapu Beach Junction,Evidence logged for case CR-2026-DET-029,2026-08-29 12:45:07,1d6d4b35-2289-468e-b0eb-b460939bfadc,2026-08-29 12:45:07,2026-08-29 12:45:07
74e2feb0-a648-4cb2-b0de-40d3209e63a3,,,Analysis Completed,Forensic Lab,Forensic analysis complete — results filed with charge sheet,2026-08-29 12:45:07,1da466d3-b50a-4c19-abb8-92c80a1b8043,2026-08-29 12:45:07,2026-08-29 12:45:07
dc021a5e-741c-445c-a57c-e9d08ff2aef9,,,Evidence Registered,Sagara Main Road,Evidence logged for case CR-2026-SHG-002,2026-08-29 12:45:07,1da93278-bdcc-4d91-b2f1-401cf6f4002e,2026-08-29 12:45:07,2026-08-29 12:45:07
6b93d8db-f8d1-4b4b-8144-a7d42db83ddb,,,Forensic Analysis Initiated,Forensic Lab,Evidence submitted for forensic examination,2026-08-29 12:45:08,1e10b849-dddd-4f8d-9761-04f36133d37d,2026-08-29 12:45:08,2026-08-29 12:45:08
07f2aed0-e2b5-413b-8350-bad43cde8174,,,Forensic Analysis Initiated,Forensic Lab,Evidence submitted for forensic examination,2026-08-29 12:45:08,1e912809-d328-4b89-9fe9-3d5d0f0c1afb,2026-08-29 12:45:08,2026-08-29 12:45:08
2ce7f237-4390-409e-b15e-26bb20f27158,,,Evidence Registered,Tumkuru Industrial Road,Evidence logged for case CR-2026-DET-232,2026-08-29 12:45:08,1f06a34f-930e-474e-b980-86d73952b5e1,2026-08-29 12:45:08,2026-08-29 12:45:08
271ff166-6b49-408c-bb35-a69f3003753a,,,Evidence Registered,Puttur Town Center,Evidence logged for case CR-2026-DET-203,2026-08-29 12:45:08,1f4038d7-8972-4d72-bdff-2e1923ea752d,2026-08-29 12:45:08,2026-08-29 12:45:08
5c82878a-430a-4c07-aace-87a01f99bde8,,,Forensic Analysis Initiated,Forensic Lab,Evidence submitted for forensic examination,2026-08-29 12:45:07,1f5fc575-f58d-4b66-9d04-56598adb1e0f,2026-08-29 12:45:07,2026-08-29 12:45:07
1c64b050-b551-4be1-840f-4ffd541ad2e6,,,Evidence Registered,Yadagir Town Center,Evidence logged for case CR-2026-YDG-001,2026-08-29 12:45:07,1fdf2690-e47c-47d0-bad2-7718b93ffdef,2026-08-29 12:45:07,2026-08-29 12:45:07
39268784-f9ec-4bf9-be1a-e44e952130f9,,,Evidence Registered,Gulbarga University Road,Evidence logged for case CR-2026-DET-233,2026-08-29 12:45:08,1ff0cfd6-5b92-4828-9596-3854a039341c,2026-08-29 12:45:08,2026-08-29 12:45:08
49e44f63-c569-44aa-80ff-15aedf35ef7c,,,Evidence Registered,Yadagir Town Center,Evidence logged for case CR-2026-DET-264,2026-08-29 12:45:08,200ac1a6-5e83-4817-b489-d2a8f4339d04,2026-08-29 12:45:08,2026-08-29 12:45:08
88c30633-be71-4ea8-870d-95dd8a449b9b,,,Forensic Analysis Initiated,Forensic Lab,Evidence submitted for forensic examination,2026-08-29 12:45:07,20a668b7-20d3-4334-a8a1-0c9d997d4159,2026-08-29 12:45:07,2026-08-29 12:45:07
a97d514a-a0f9-41ee-a989-f4dff4cb6216,,,Evidence Registered,HSR Layout Beat,Evidence logged for case CR-2026-DET-296,2026-08-29 12:45:08,214a1700-acd9-4fdc-9ba6-60fd1a307a1c,2026-08-29 12:45:08,2026-08-29 12:45:08
61ccbfbf-3c62-428a-af4e-a8cb310fb8af,,,Forensic Analysis Initiated,Forensic Lab,Evidence submitted for forensic examination,2026-08-29 12:45:08,21582508-af70-4bfd-a299-f2e3e28b32ba,2026-08-29 12:45:08,2026-08-29 12:45:08
fd444b6c-43bf-4da2-8fde-039b9fa53e7d,,,Forensic Analysis Initiated,Forensic Lab,Evidence submitted for forensic examination,2026-08-29 12:45:08,21d33409-cc2c-462f-993e-af2636b3dfae,2026-08-29 12:45:08,2026-08-29 12:45:08
c0458ec7-0a24-4340-b369-7d1f83ff9ada,,,Evidence Registered,Chamarajanagar Town,Evidence logged for case CR-2026-DET-297,2026-08-29 12:45:08,2213ca47-832f-48b3-9195-fa93118dd0d1,2026-08-29 12:45:08,2026-08-29 12:45:08
03fcc88d-4ac5-4940-ae3c-e0098205ba13,,,Forensic Analysis Initiated,Forensic Lab,Evidence submitted for forensic examination,2026-08-29 12:45:07,22db384c-1fe0-40c4-9760-868a79df9e0f,2026-08-29 12:45:07,2026-08-29 12:45:07
f41e76b5-07cf-4199-bcbf-3e43124a9c8a,,,Forensic Analysis Initiated,Forensic Lab,Evidence submitted for forensic examination,2026-08-29 12:45:07,22f4c88b-638c-4598-92b9-130b59007a57,2026-08-29 12:45:07,2026-08-29 12:45:07
56bc6e27-06e1-43d9-bd96-24e09bf08e07,5120413d-57fd-47ad-9128-2a5b8dd553d8,5120413d-57fd-47ad-9128-2a5b8dd553d8,Evidence Registered,Nazar Mohalla Beat,Evidence logged for case CR-2026-DET-212,2026-08-29 12:45:08,2344171f-5291-4dc2-bc02-42b8bb922dd4,2026-08-29 12:45:08,2026-08-29 12:45:08
1e9c3522-d5c4-4909-a78c-7da1a8a6f5bd,,,Forensic Analysis Initiated,Forensic Lab,Evidence submitted for forensic examination,2026-08-29 12:45:07,23533ded-4399-4bcc-a9ab-ba122f7417a9,2026-08-29 12:45:07,2026-08-29 12:45:07
7034518e-5e69-4b44-91f7-ce90af8d367f,,,Evidence Registered,Gulbarga University Road,Evidence logged for case CR-2026-DET-285,2026-08-29 12:45:08,23b46e9d-f4d8-4f50-8ff6-79ec6099c4be,2026-08-29 12:45:08,2026-08-29 12:45:08
c86dcf17-8b18-46c1-b956-ec8f55868ebb,,,Forensic Analysis Initiated,Forensic Lab,Evidence submitted for forensic examination,2026-08-29 12:45:08,23c134f5-93da-4dc9-ad7d-4eb0769fb581,2026-08-29 12:45:08,2026-08-29 12:45:08
d862b0d8-4de6-47a7-abd9-1a76fba29025,,,Evidence Registered,Bellary-Hospet Road,Evidence logged for case CR-2026-DET-120,2026-08-29 12:45:07,245b7ded-61e0-482a-a1f2-7de98e5f38fa,2026-08-29 12:45:07,2026-08-29 12:45:07
478e98b7-4fb9-40b4-b3bc-148bdb6f23fa,,,Forensic Analysis Initiated,Forensic Lab,Evidence submitted for forensic examination,2026-08-29 12:45:08,24b7cee2-04f8-475b-8b7f-06fb34112261,2026-08-29 12:45:08,2026-08-29 12:45:08
a0cb31dc-3f27-4a57-8fe7-ddeda5bacdce,,,Evidence Registered,Karwar Port Road,Evidence logged for case CR-2026-DET-135,2026-08-29 12:45:07,25d9658f-f29a-424a-a602-c1d16c3ef47e,2026-08-29 12:45:07,2026-08-29 12:45:07
19b7663c-305c-4c67-a6aa-a84e2ffd4920,,,Forensic Analysis Initiated,Forensic Lab,Evidence submitted for forensic examination,2026-08-29 12:45:08,264167f3-ad2a-4a88-9dbc-f5c2ed599e4f,2026-08-29 12:45:08,2026-08-29 12:45:08
1ba46825-7d45-4d4b-99da-1d97b03bd9a7,5120413d-57fd-47ad-9128-2a5b8dd553d8,5120413d-57fd-47ad-9128-2a5b8dd553d8,Evidence Registered,Devaraja Market Zone,Evidence logged for case CR-2026-DET-056,2026-08-29 12:45:07,27b3cf67-e431-4dcb-82ae-533cae17d175,2026-08-29 12:45:07,2026-08-29 12:45:07
b92a2d13-de3b-4f44-9843-0df03a7f337b,,,Forensic Analysis Initiated,Forensic Lab,Evidence submitted for forensic examination,2026-08-29 12:45:08,2805d135-1dd4-427d-99f1-28debdbd8df4,2026-08-29 12:45:08,2026-08-29 12:45:08
778c5782-b203-4911-9c21-38cfaaba4d72,,,Evidence Registered,Kolar Gold Fields Road,Evidence logged for case CR-2026-DET-071,2026-08-29 12:45:07,2828083b-d535-4073-9708-ca49b2bee411,2026-08-29 12:45:07,2026-08-29 12:45:07
9bea3b39-33be-4d65-bea2-5360b8d4f8fc,,,Analysis Completed,Forensic Lab,Forensic analysis complete — results filed with charge sheet,2026-08-29 12:45:07,284a80d7-9446-4fe8-91d0-e263fca996dc,2026-08-29 12:45:07,2026-08-29 12:45:07
eb0af730-acad-48da-a45f-08c8153caff4,,,Forensic Analysis Initiated,Forensic Lab,Evidence submitted for forensic examination,2026-08-29 12:45:08,284aa3ad-3acd-4e05-8b05-13257584da95,2026-08-29 12:45:08,2026-08-29 12:45:08
e5b53ace-14d7-46fd-aa3b-bd01c7deccf1,,,Evidence Registered,Betageri Cross,Evidence logged for case CR-2026-DET-019,2026-08-29 12:45:07,28c94b99-9b2c-4539-b6b2-bf4a8dc5f5bf,2026-08-29 12:45:07,2026-08-29 12:45:07
4343a2a5-db4a-40a9-b12a-b6dd5e5e9c10,,,Evidence Registered,Kolar Gold Fields Road,Evidence logged for case CR-2026-DET-210,2026-08-29 12:45:08,28d6c405-e3bc-408f-a7fa-bed334028261,2026-08-29 12:45:08,2026-08-29 12:45:08
b67e8f85-1a0b-4b07-8504-2aa055740797,,,Forensic Analysis Initiated,Forensic Lab,Evidence submitted for forensic examination,2026-08-29 12:45:08,293a6e60-1753-427c-9fba-764ca472163b,2026-08-29 12:45:08,2026-08-29 12:45:08
2b61b413-2b86-47da-a4cd-5472c51a74a1,,,Evidence Registered,Bangarapet Station Road,Evidence logged for case CR-2026-DET-032,2026-08-29 12:45:07,2986a7d2-9b4a-48da-88ae-505c26c3bc78,2026-08-29 12:45:07,2026-08-29 12:45:07
87eba85c-c942-455e-bd86-6d86789772d6,,,Analysis Completed,Forensic Lab,Forensic analysis complete — results filed with charge sheet,2026-08-29 12:45:07,2986d130-44aa-4cc0-9bc2-fb1fa1ce5b46,2026-08-29 12:45:07,2026-08-29 12:45:07
8a5cb3bc-db30-474d-b084-8686b00f7126,,,Evidence Registered,Homnabad Cross,Evidence logged for case CR-2026-DET-169,2026-08-29 12:45:08,2989c61e-62ef-4238-8a22-e34f1e43450f,2026-08-29 12:45:08,2026-08-29 12:45:08
26d82653-f89e-4dc6-aa9e-b786bc9f5fa9,,,Forensic Analysis Initiated,Forensic Lab,Evidence submitted for forensic examination,2026-08-29 12:45:08,29a050e0-feda-4d11-ab3a-bbfd74646927,2026-08-29 12:45:08,2026-08-29 12:45:08
b78a3f3e-a758-4e67-9731-832906457c29,,,Analysis Completed,Forensic Lab,Forensic analysis complete — results filed with charge sheet,2026-08-29 12:45:08,29acb543-8863-4d3f-a357-96b4361f3406,2026-08-29 12:45:08,2026-08-29 12:45:08
2bfdf3f4-44d1-462f-9553-82bce38c2333,5120413d-57fd-47ad-9128-2a5b8dd553d8,5120413d-57fd-47ad-9128-2a5b8dd553d8,Forensic Analysis Initiated,Forensic Lab,Evidence submitted for forensic examination,2026-08-29 12:45:07,29c2b2f1-f9cd-4835-98cd-a833eac3315e,2026-08-29 12:45:07,2026-08-29 12:45:07
9e4b3920-60ba-48db-a8fe-05cfa700c5c7,5120413d-57fd-47ad-9128-2a5b8dd553d8,5120413d-57fd-47ad-9128-2a5b8dd553d8,Evidence Registered,Devaraja Market Zone,Evidence logged for case CR-2026-DET-118,2026-08-29 12:45:07,2a48aed7-d3ad-48e9-9f4f-c97e8fab416e,2026-08-29 12:45:07,2026-08-29 12:45:07
cc5c05ce-68ea-405c-8587-a4f79e380801,,,Evidence Registered,Bellary-Hospet Road,Evidence logged for case CR-2026-DET-151,2026-08-29 12:45:08,2a49633a-63ea-44a3-9d40-2cf540ee1c24,2026-08-29 12:45:08,2026-08-29 12:45:08
cfea6a97-0110-46d4-9d1d-2cf156b79ba8,,,Evidence Registered,Kapu Beach Junction,Evidence logged for case CR-2026-UDP-002,2026-08-29 12:45:07,2a5a8e68-0863-463b-9eae-cbe2894cf534,2026-08-29 12:45:07,2026-08-29 12:45:07
b97e6bfb-7fa5-466b-8027-99f80acc3f47,,,Forensic Analysis Initiated,Forensic Lab,Evidence submitted for forensic examination,2026-08-29 12:45:08,2a68efc8-01ca-40eb-84ab-8f4afebabba4,2026-08-29 12:45:08,2026-08-29 12:45:08
26d1a2f0-8c86-4db1-a7f8-1507dfcd9b99,,,Evidence Registered,Devanahalli Checkpost,Evidence logged for case CR-2026-DET-318,2026-08-29 12:45:08,2ab1e520-4be8-43b7-a555-e4c1145c8f6b,2026-08-29 12:45:08,2026-08-29 12:45:08
c82a7dc1-aafa-44f9-9742-0dc0a1b0eab3,,,Evidence Registered,Arsikere Town Road,Evidence logged for case CR-2026-DET-200,2026-08-29 12:45:08,2b0f3125-d038-426e-99fd-48bb850ed05e,2026-08-29 12:45:08,2026-08-29 12:45:08
d3f81b4b-cfe7-473f-8032-4636754d7748,,,Evidence Registered,Channapatna Bus Stand,Evidence logged for case CR-2026-DET-108,2026-08-29 12:45:07,2b5a7b6c-3416-4b19-9e6b-f2fc5c42d5e9,2026-08-29 12:45:07,2026-08-29 12:45:07
a125279e-bc8b-424c-9b4a-b8a23c54f594,5120413d-57fd-47ad-9128-2a5b8dd553d8,5120413d-57fd-47ad-9128-2a5b8dd553d8,Evidence Registered,Vani Vilas Mohalla,Evidence logged for case CR-2026-DET-127,2026-08-29 12:45:07,2c569f44-3c6b-4953-b2d5-b8b6ee731e5f,2026-08-29 12:45:07,2026-08-29 12:45:07
7be8128e-d71d-4735-821d-9f5ac86eff0f,,,Evidence Registered,Harpanahalli Junction,Evidence logged for case CR-2026-DET-041,2026-08-29 12:45:07,2c739d12-2a96-4cf0-b846-2b48d0ecee5f,2026-08-29 12:45:07,2026-08-29 12:45:07
3489c891-8fc9-47b1-98c1-633c53bc48e2,,,Evidence Registered,Arsikere Town Road,Evidence logged for case CR-2026-HSN-002,2026-08-29 12:45:07,2cc705ad-86a7-4403-a3ef-a44adf58742c,2026-08-29 12:45:07,2026-08-29 12:45:07
f597b422-223d-4686-938b-33fd23b38029,,,Evidence Registered,Hubli Traffic Island,Evidence logged for case CR-2026-DET-263,2026-08-29 12:45:08,2cf89ab2-6700-4b28-9bb1-2a5943b49710,2026-08-29 12:45:08,2026-08-29 12:45:08
19b7663c-305c-4c67-a6aa-a84e2ffd4920,,,Analysis Completed,Forensic Lab,Forensic analysis complete — results filed with charge sheet,2026-08-29 12:45:08,2d9da43d-1d46-4eac-b3f6-721d82197a22,2026-08-29 12:45:08,2026-08-29 12:45:08
85a2b298-b747-46c7-b11c-a376347cb082,,,Evidence Registered,Chamarajanagar Town,Evidence logged for case CR-2026-DET-195,2026-08-29 12:45:08,2de6bf79-7701-4c62-ad41-4d4372c0e3c3,2026-08-29 12:45:08,2026-08-29 12:45:08
f3638b09-0c54-41aa-a7d1-461a449a486b,,,Forensic Analysis Initiated,Forensic Lab,Evidence submitted for forensic examination,2026-08-29 12:45:08,2defeb58-4156-40cf-b19e-23c0a8e81b70,2026-08-29 12:45:08,2026-08-29 12:45:08
5f5197e8-a3f8-4a70-8808-3db248367098,,,Analysis Completed,Forensic Lab,Forensic analysis complete — results filed with charge sheet,2026-08-29 12:45:07,2e163100-acb6-451b-978c-000cb8db5399,2026-08-29 12:45:07,2026-08-29 12:45:07
8b076053-0e78-44e8-9f4e-96672f33328b,,,Forensic Analysis Initiated,Forensic Lab,Evidence submitted for forensic examination,2026-08-29 12:45:07,2e5c3a52-f345-4535-9ab4-3a2273ef0c90,2026-08-29 12:45:07,2026-08-29 12:45:07
a91933d5-94aa-49c3-ae61-ca9ee73592f0,,,Forensic Analysis Initiated,Forensic Lab,Evidence submitted for forensic examination,2026-08-29 12:45:07,2eed85d2-0c5f-46e9-b8c0-e632da9efde7,2026-08-29 12:45:07,2026-08-29 12:45:07
1534f265-05f1-4c24-bf7a-31468eb393ae,,,Forensic Analysis Initiated,Forensic Lab,Evidence submitted for forensic examination,2026-08-29 12:45:07,2eff654b-b0f4-4413-acd4-7df1824c0d33,2026-08-29 12:45:07,2026-08-29 12:45:07
111b1769-9245-435d-85e5-f56d912c93b8,,,Evidence Registered,Tumkuru Industrial Road,Evidence logged for case CR-2026-DET-098,2026-08-29 12:45:07,2fca6e1b-1e80-4cb6-b5c0-624942f532a9,2026-08-29 12:45:07,2026-08-29 12:45:07
5a1456da-fa11-416c-8668-2c2e181b1065,,,Forensic Analysis Initiated,Forensic Lab,Evidence submitted for forensic examination,2026-08-29 12:45:08,30440b90-8d6d-441d-803b-2d607f99adbf,2026-08-29 12:45:08,2026-08-29 12:45:08
ad794721-69d1-474b-8567-b1d7d4453a7f,,,Evidence Registered,Ramanagara Town Center,Evidence logged for case CR-2026-DET-181,2026-08-29 12:45:08,31930d1a-8e20-4872-b5f8-ea88cd128d2d,2026-08-29 12:45:08,2026-08-29 12:45:08
ad79f33a-9ff9-4262-be9f-ea031b4c5bb3,,,Evidence Registered,Hospet Town Center,Evidence logged for case CR-2026-DET-156,2026-08-29 12:45:08,31cabe24-1c66-4673-b286-b19df13dda18,2026-08-29 12:45:08,2026-08-29 12:45:08
bd1629ef-ff18-446d-9508-2dd7b2b5cb72,,,Evidence Registered,Chitradurga Fort Area,Evidence logged for case CR-2026-DET-259,2026-08-29 12:45:08,31ef2e4b-5c76-4053-84db-6eef0c47a7ab,2026-08-29 12:45:08,2026-08-29 12:45:08
7b68e0fd-eab9-4143-9362-2c58e905d567,,,Analysis Completed,Forensic Lab,Forensic analysis complete — results filed with charge sheet,2026-08-29 12:45:07,3262c6e6-0b4e-4241-809e-135d183913a2,2026-08-29 12:45:07,2026-08-29 12:45:07
d862b0d8-4de6-47a7-abd9-1a76fba29025,,,Forensic Analysis Initiated,Forensic Lab,Evidence submitted for forensic examination,2026-08-29 12:45:07,326bd613-2ddf-4900-a422-6b8cdda998c8,2026-08-29 12:45:07,2026-08-29 12:45:07
19b00b65-627b-4307-9e94-23716a52af8c,,,Analysis Completed,Forensic Lab,Forensic analysis complete — results filed with charge sheet,2026-08-29 12:45:08,32765324-7825-4836-ac81-9a1b06d26b1a,2026-08-29 12:45:08,2026-08-29 12:45:08
ed627d56-720b-4e4a-b890-092cd85a5982,,,Evidence Registered,Hospet Town Center,Evidence logged for case CR-2026-DET-026,2026-08-29 12:45:07,32f6c6e9-43a9-4fd8-8880-b9fe756d3d6f,2026-08-29 12:45:07,2026-08-29 12:45:07
b62e363a-0b22-4725-98dd-318c2ff2c82a,,,Evidence Registered,Gauribidanur Cross,Evidence logged for case CR-2026-DET-086,2026-08-29 12:45:07,33169ba1-edd4-425a-ac39-b645e017df5e,2026-08-29 12:45:07,2026-08-29 12:45:07
55ba347f-be27-4ebf-86e8-0b79527ac0b2,,,Forensic Analysis Initiated,Forensic Lab,Evidence submitted for forensic examination,2026-08-29 12:45:07,33d0ed64-f1ec-4fc5-9af5-427d9e4ec89a,2026-08-29 12:45:07,2026-08-29 12:45:07
778c5782-b203-4911-9c21-38cfaaba4d72,,,Forensic Analysis Initiated,Forensic Lab,Evidence submitted for forensic examination,2026-08-29 12:45:07,341ec925-7495-474b-8ed2-1587a7a9445a,2026-08-29 12:45:07,2026-08-29 12:45:07
88152dd7-f501-4e7a-b613-15556c65179f,,,Analysis Completed,Forensic Lab,Forensic analysis complete — results filed with charge sheet,2026-08-29 12:45:07,3442e0c2-7062-41dd-9e67-1d17d536767b,2026-08-29 12:45:07,2026-08-29 12:45:07
db59b775-1e05-4d8d-8084-52fad9567134,,,Evidence Registered,Gulbarga University Road,Evidence logged for case CR-2026-DET-228,2026-08-29 12:45:08,35389e31-91f7-4a67-96db-752dba3bebd3,2026-08-29 12:45:08,2026-08-29 12:45:08
e86e92b2-4645-4146-83d9-8b7fb3c1723c,,,Evidence Registered,Ballari Mines Sector B,Evidence logged for case CR-2026-DET-214,2026-08-29 12:45:08,359f154b-3079-421d-875a-eaf17907edb4,2026-08-29 12:45:08,2026-08-29 12:45:08
0e152ded-0cf2-4cbc-9f78-65dab0d20dbe,5120413d-57fd-47ad-9128-2a5b8dd553d8,5120413d-57fd-47ad-9128-2a5b8dd553d8,Forensic Analysis Initiated,Forensic Lab,Evidence submitted for forensic examination,2026-08-29 12:45:08,35a6c3e2-c451-4bd0-b4d5-d93a46d735c6,2026-08-29 12:45:08,2026-08-29 12:45:08
c0458ec7-0a24-4340-b369-7d1f83ff9ada,,,Forensic Analysis Initiated,Forensic Lab,Evidence submitted for forensic examination,2026-08-29 12:45:08,35b7b02d-f466-40fc-b7b0-4549cdb0c2bc,2026-08-29 12:45:08,2026-08-29 12:45:08
f5c9536d-9899-4d60-b920-49bb4b8f2bdb,,,Analysis Completed,Forensic Lab,Forensic analysis complete — results filed with charge sheet,2026-08-29 12:45:07,35d8186e-8874-4de6-ac61-5f3ccc383771,2026-08-29 12:45:07,2026-08-29 12:45:07
71712685-785d-42e5-9777-77db2b441aaf,,,Forensic Analysis Initiated,Forensic Lab,Evidence submitted for forensic examination,2026-08-29 12:45:07,36792204-a68f-4fbb-b32b-da6e4be8e62a,2026-08-29 12:45:07,2026-08-29 12:45:07
33a93771-385b-4415-9ee6-f42b6712393f,,,Evidence Registered,Puttur Town Center,Evidence logged for case CR-2026-DET-304,2026-08-29 12:45:08,36d183fd-7aab-4274-ba79-16af17ac5fcb,2026-08-29 12:45:08,2026-08-29 12:45:08
5719710d-57f9-4bd0-8938-28f17c6bf13f,,,Evidence Registered,Whitefield Cyber Cell Beat,Evidence logged for case CR-2026-BNG-006,2026-08-29 12:45:07,370c9532-ecc2-46a5-8014-3746f78570e6,2026-08-29 12:45:07,2026-08-29 12:45:07
63d4cb71-e571-4fdc-b07a-78d3d29df734,,,Evidence Registered,Gulbarga University Road,Evidence logged for case CR-2026-KLB-002,2026-08-29 12:45:07,375dba51-ce9a-4357-ab74-a08a5d16a7af,2026-08-29 12:45:07,2026-08-29 12:45:07
5e88e411-fb05-45f0-8865-494ca45756e5,,,Evidence Registered,Harbor Gate A,Evidence logged for case CR-2026-MNG-002,2026-08-29 12:45:07,3782dd71-32f6-48e1-acf4-83822da9fd94,2026-08-29 12:45:07,2026-08-29 12:45:07
633c02e3-7713-49a5-a83a-cca81eaf0693,,,Forensic Analysis Initiated,Forensic Lab,Evidence submitted for forensic examination,2026-08-29 12:45:07,38258eef-891d-44ec-b952-c51bc3ae6d96,2026-08-29 12:45:07,2026-08-29 12:45:07
73435434-5df7-4d24-a769-581d2dcea323,,,Evidence Registered,Vijayapura Fort Area,Evidence logged for case CR-2026-DET-092,2026-08-29 12:45:07,38905188-5e6f-4332-9c49-75b4d57284a3,2026-08-29 12:45:07,2026-08-29 12:45:07
fe664e12-8a74-46eb-8b0f-fce71382f146,5120413d-57fd-47ad-9128-2a5b8dd553d8,5120413d-57fd-47ad-9128-2a5b8dd553d8,Forensic Analysis Initiated,Forensic Lab,Evidence submitted for forensic examination,2026-08-29 12:45:08,39b867fd-36e4-4033-aefa-5c2a272bb52d,2026-08-29 12:45:08,2026-08-29 12:45:08
3298da84-bf74-468d-9f60-061456c2a7a5,,,Evidence Registered,Bidar Fort Road,Evidence logged for case CR-2026-BDR-001,2026-08-29 12:45:07,39cd0611-6182-417a-ac3c-789642376bb9,2026-08-29 12:45:07,2026-08-29 12:45:07
778364db-c45e-4f8d-9350-1eabe5ac363f,,,Evidence Registered,Hubli Traffic Island,Evidence logged for case CR-2026-DET-176,2026-08-29 12:45:08,3a6cc746-ccec-4f17-b591-f7710ecad77d,2026-08-29 12:45:08,2026-08-29 12:45:08
b8e3ef4b-3ade-43ba-9cc7-aa57feb0ebbf,,,Forensic Analysis Initiated,Forensic Lab,Evidence submitted for forensic examination,2026-08-29 12:45:08,3aaf49ec-240f-4e6d-af54-eebca13d4bdd,2026-08-29 12:45:08,2026-08-29 12:45:08
6b93d8db-f8d1-4b4b-8144-a7d42db83ddb,,,Evidence Registered,Gulbarga University Road,Evidence logged for case CR-2026-DET-301,2026-08-29 12:45:08,3b26fcad-1a0b-42ca-9eb9-b1bb43c0d31a,2026-08-29 12:45:08,2026-08-29 12:45:08
e6101836-3d8c-45fd-ac52-caa8cfd7c16d,,,Forensic Analysis Initiated,Forensic Lab,Evidence submitted for forensic examination,2026-08-29 12:45:08,3b3af615-56c8-44d5-9ae7-b1ec2edad842,2026-08-29 12:45:08,2026-08-29 12:45:08
bfc8963b-fffb-4728-abc3-db4098dbba93,5120413d-57fd-47ad-9128-2a5b8dd553d8,5120413d-57fd-47ad-9128-2a5b8dd553d8,Evidence Registered,Nazar Mohalla Beat,Evidence logged for case CR-2026-DET-164,2026-08-29 12:45:08,3bfac28c-1730-4644-819d-8ada9beea1e5,2026-08-29 12:45:08,2026-08-29 12:45:08
8a5cb3bc-db30-474d-b084-8686b00f7126,,,Analysis Completed,Forensic Lab,Forensic analysis complete — results filed with charge sheet,2026-08-29 12:45:08,3c30643f-6d34-45f4-8949-4e2b67a735c8,2026-08-29 12:45:08,2026-08-29 12:45:08
78c65a75-346a-45ea-bd93-a50f7cd4e45f,,,Evidence Registered,Arsikere Town Road,Evidence logged for case CR-2026-DET-147,2026-08-29 12:45:08,3d0a6746-9901-49b6-95f7-6d4b95e1fdcb,2026-08-29 12:45:08,2026-08-29 12:45:08
b97e6bfb-7fa5-466b-8027-99f80acc3f47,,,Evidence Registered,Khade Bazar Checkpoint,Evidence logged for case CR-2026-DET-319,2026-08-29 12:45:08,3d111e61-0a2c-48bd-b380-27ddd0712832,2026-08-29 12:45:08,2026-08-29 12:45:08
298305d3-6efa-491a-b74c-ae5a2dbe6105,,,Evidence Registered,Raichur Town Center,Evidence logged for case CR-2026-RCR-001,2026-08-29 12:45:07,3d44ffc7-3c97-42ad-95fb-bc667d3b5edc,2026-08-29 12:45:07,2026-08-29 12:45:07
af942b2d-219e-45ca-9bd9-a1d8785c57e3,,,Evidence Registered,Mysuru-Mandya Highway,Evidence logged for case CR-2026-DET-234,2026-08-29 12:45:08,3db57d6e-ba86-4b07-88d1-41ff8373684e,2026-08-29 12:45:08,2026-08-29 12:45:08
d491808e-a66e-465a-9295-b787bb9e08a4,,,Forensic Analysis Initiated,Forensic Lab,Evidence submitted for forensic examination,2026-08-29 12:45:07,3deb99cf-ab20-4949-8491-d72db9a85006,2026-08-29 12:45:07,2026-08-29 12:45:07
bd445f44-53f4-4645-a279-ecae5a771356,,,Forensic Analysis Initiated,Forensic Lab,Evidence submitted for forensic examination,2026-08-29 12:45:08,3df1624e-ebef-405b-859f-d83513b668fc,2026-08-29 12:45:08,2026-08-29 12:45:08
1a83c539-90b5-4a69-8c9b-2d5edba1370a,,,Forensic Analysis Initiated,Forensic Lab,Evidence submitted for forensic examination,2026-08-29 12:45:08,3f30b46c-9169-4942-a321-9345c9ea18ee,2026-08-29 12:45:08,2026-08-29 12:45:08
ad794721-69d1-474b-8567-b1d7d4453a7f,,,Forensic Analysis Initiated,Forensic Lab,Evidence submitted for forensic examination,2026-08-29 12:45:08,3f89311a-58ad-4ef2-b7a3-04c87c818327,2026-08-29 12:45:08,2026-08-29 12:45:08
503c0545-344f-4a9f-bc4c-db956e62366d,,,Forensic Analysis Initiated,Forensic Lab,Evidence submitted for forensic examination,2026-08-29 12:45:07,3ffa0199-5aa6-4154-8197-9afbd9670772,2026-08-29 12:45:07,2026-08-29 12:45:07
5c5d8121-6023-4931-b95b-ee3663d16d62,,,Evidence Registered,Chikkamagaluru Town,Evidence logged for case CR-2026-DET-268,2026-08-29 12:45:08,40139d43-6f7e-493b-ab72-674aac7696ee,2026-08-29 12:45:08,2026-08-29 12:45:08
56185976-d318-46d2-905c-bef243bd3158,,,Evidence Registered,Arsikere Town Road,Evidence logged for case CR-2026-DET-309,2026-08-29 12:45:08,4030ceca-c0ad-4aff-81e0-26d94f344eaa,2026-08-29 12:45:08,2026-08-29 12:45:08
4b15d87f-b9ab-4c79-90ec-2bf7e03bc25b,,,Evidence Registered,Bidar Fort Road,Evidence logged for case CR-2026-DET-246,2026-08-29 12:45:08,40767d5a-05a2-4250-a5bb-94e06366c4f8,2026-08-29 12:45:08,2026-08-29 12:45:08
9132baae-5f2d-4d71-b5b9-19ed30bcc1dd,,,Evidence Registered,Chamarajanagar Town,Evidence logged for case CR-2026-DET-267,2026-08-29 12:45:08,40f4056e-eaef-430c-a2a4-c1b7e6a1ebd2,2026-08-29 12:45:08,2026-08-29 12:45:08
503c0545-344f-4a9f-bc4c-db956e62366d,,,Evidence Registered,Whitefield Cyber Cell Beat,Evidence logged for case CR-2026-BNG-001,2026-08-29 12:45:07,419a4a4e-fa18-4588-bab3-086e778b5963,2026-08-29 12:45:07,2026-08-29 12:45:07
a92acf13-d1df-4b8c-bc4a-f19603e4ca57,,,Forensic Analysis Initiated,Forensic Lab,Evidence submitted for forensic examination,2026-08-29 12:45:08,41b0eeb1-c6b0-48d3-91a9-6e9cb446a171,2026-08-29 12:45:08,2026-08-29 12:45:08
df4c4b4f-9970-4d8f-929f-7ed5613ce75d,,,Evidence Registered,Madikeri Town Center,Evidence logged for case CR-2026-KDG-001,2026-08-29 12:45:07,41f2faac-44d7-4b9f-805d-6dfd66c9638d,2026-08-29 12:45:07,2026-08-29 12:45:07
57760272-bd6a-4547-8b84-9be7db76255e,,,Evidence Registered,Yadagir Town Center,Evidence logged for case CR-2026-DET-182,2026-08-29 12:45:08,4200b40a-375f-47cc-a109-35b9be3326b5,2026-08-29 12:45:08,2026-08-29 12:45:08
79de35ba-3b7d-4401-bda7-9ef2681b420a,,,Forensic Analysis Initiated,Forensic Lab,Evidence submitted for forensic examination,2026-08-29 12:45:07,4253437f-bd95-417e-a411-c93fd30f71c2,2026-08-29 12:45:07,2026-08-29 12:45:07
c1a2d29a-6631-4fa3-b742-2e5926e0043d,,,Forensic Analysis Initiated,Forensic Lab,Evidence submitted for forensic examination,2026-08-29 12:45:08,42550dd2-fbc4-42fe-80e9-55aafb9213d6,2026-08-29 12:45:08,2026-08-29 12:45:08
39696ab5-1827-4fbc-8e1b-6a21c01a8537,,,Evidence Registered,Hospet Town Center,Evidence logged for case CR-2026-DET-012,2026-08-29 12:45:07,42703175-ae32-441f-8eb0-6867dd6b67ee,2026-08-29 12:45:07,2026-08-29 12:45:07
ed627d56-720b-4e4a-b890-092cd85a5982,,,Analysis Completed,Forensic Lab,Forensic analysis complete — results filed with charge sheet,2026-08-29 12:45:07,42b9276c-7f50-4ada-a1b8-a22ff38e82e4,2026-08-29 12:45:07,2026-08-29 12:45:07
88152dd7-f501-4e7a-b613-15556c65179f,,,Evidence Registered,Virajpet Cross Road,Evidence logged for case CR-2026-DET-130,2026-08-29 12:45:07,4346b8c4-2e98-45ad-ac0e-3deeb7dfa512,2026-08-29 12:45:07,2026-08-29 12:45:07
b0ef9bdd-1e75-4984-b90c-88a67b4a2faa,,,Evidence Registered,Bagalkote Main Road,Evidence logged for case CR-2026-DET-053,2026-08-29 12:45:07,43aca217-a71e-4af2-9dfd-8b59bb1b07c3,2026-08-29 12:45:07,2026-08-29 12:45:07
c79fc86a-b543-4605-adf6-4f106b3652ed,,,Analysis Completed,Forensic Lab,Forensic analysis complete — results filed with charge sheet,2026-08-29 12:45:07,43b58faa-ad23-40a2-a137-654a26666beb,2026-08-29 12:45:07,2026-08-29 12:45:07
2c6b1f9e-21a3-4aeb-b7bc-d611f25fd703,,,Evidence Registered,Virajpet Cross Road,Evidence logged for case CR-2026-DET-308,2026-08-29 12:45:08,43e44cba-5c8b-4fa5-ad7d-ea3cdb4b4480,2026-08-29 12:45:08,2026-08-29 12:45:08
cd80697f-8608-4e68-8b2b-bf19d70ef4c5,,,Forensic Analysis Initiated,Forensic Lab,Evidence submitted for forensic examination,2026-08-29 12:45:08,4439c3dc-d8b3-4a65-ad46-7169194fb8b7,2026-08-29 12:45:08,2026-08-29 12:45:08
cd7274d4-c9d8-4e1d-abc4-511adf7269f4,,,Forensic Analysis Initiated,Forensic Lab,Evidence submitted for forensic examination,2026-08-29 12:45:07,448b4686-66de-416b-a93d-3bea952ed871,2026-08-29 12:45:07,2026-08-29 12:45:07
4b08a98b-8103-4b97-a7d6-0167b19a4c36,,,Analysis Completed,Forensic Lab,Forensic analysis complete — results filed with charge sheet,2026-08-29 12:45:08,44f19a29-3eec-41ae-9d29-5fe413f8c327,2026-08-29 12:45:08,2026-08-29 12:45:08
0bdf6198-119f-4e80-b77a-bbbd0b5b9a97,,,Evidence Registered,Kolar Gold Fields Road,Evidence logged for case CR-2026-DET-002,2026-08-29 12:45:07,44f6cdb6-5125-4c5b-97d5-053248003bbd,2026-08-29 12:45:07,2026-08-29 12:45:07
4b15d87f-b9ab-4c79-90ec-2bf7e03bc25b,,,Analysis Completed,Forensic Lab,Forensic analysis complete — results filed with charge sheet,2026-08-29 12:45:08,45940e29-d5df-4f58-8f0a-5fc8d3e2b75d,2026-08-29 12:45:08,2026-08-29 12:45:08
a8028bb7-c8a0-4942-9b77-61d540e9faf0,,,Evidence Registered,Chikkamagaluru Town,Evidence logged for case CR-2026-DET-183,2026-08-29 12:45:08,45f82303-4e97-4195-86c6-580a9cbdedb5,2026-08-29 12:45:08,2026-08-29 12:45:08
e8ec3141-3907-4125-a89d-936a72a6e4ed,,,Evidence Registered,Gulbarga University Road,Evidence logged for case CR-2026-DET-295,2026-08-29 12:45:08,466ed628-77ac-435d-949f-a52be9d4d6f6,2026-08-29 12:45:08,2026-08-29 12:45:08
2c6b1f9e-21a3-4aeb-b7bc-d611f25fd703,,,Forensic Analysis Initiated,Forensic Lab,Evidence submitted for forensic examination,2026-08-29 12:45:08,4787f31d-d5e5-4b9f-a1e4-098556076332,2026-08-29 12:45:08,2026-08-29 12:45:08
23031115-1674-472e-b498-3e1f6a24932b,,,Evidence Registered,Harbor Gate A,Evidence logged for case CR-2026-MNG-001,2026-08-29 12:45:07,487bc325-9495-433b-b492-00dfcaf38d64,2026-08-29 12:45:07,2026-08-29 12:45:07
6a1e87cd-b970-4b41-9ae7-05a0c5d293a2,,,Forensic Analysis Initiated,Forensic Lab,Evidence submitted for forensic examination,2026-08-29 12:45:07,48f684e5-7f86-46d6-8cc5-a7ccc64b74c9,2026-08-29 12:45:07,2026-08-29 12:45:07
4fbbb8c9-9b96-474e-a8ea-da4c154f490c,,,Forensic Analysis Initiated,Forensic Lab,Evidence submitted for forensic examination,2026-08-29 12:45:08,48fe78af-d542-4d08-a8e6-1dde4beab38a,2026-08-29 12:45:08,2026-08-29 12:45:08
a0cb31dc-3f27-4a57-8fe7-ddeda5bacdce,,,Analysis Completed,Forensic Lab,Forensic analysis complete — results filed with charge sheet,2026-08-29 12:45:07,49076492-9e79-4a37-8dae-9cc8656a78c5,2026-08-29 12:45:07,2026-08-29 12:45:07
8c275ca8-2906-497d-9f16-f3908932ea3b,,,Evidence Registered,Gangavathi Road,Evidence logged for case CR-2026-DET-145,2026-08-29 12:45:08,497493c5-f45d-4edb-8002-639f806850ad,2026-08-29 12:45:08,2026-08-29 12:45:08
9bdec599-1eb8-4f2d-ab10-c0f0cc95d132,,,Evidence Registered,Channapatna Bus Stand,Evidence logged for case CR-2026-DET-070,2026-08-29 12:45:07,4a1021d8-e5d4-4fbc-9ad6-383a802bd25e,2026-08-29 12:45:07,2026-08-29 12:45:07
46b11277-c8d0-46db-97fa-15ed9890b1a1,,,Evidence Registered,Betageri Cross,Evidence logged for case CR-2026-DET-307,2026-08-29 12:45:08,4a3d0f6b-da0b-401d-b7bc-3d58c579fce4,2026-08-29 12:45:08,2026-08-29 12:45:08
87eba85c-c942-455e-bd86-6d86789772d6,,,Evidence Registered,Raichur Town Center,Evidence logged for case CR-2026-DET-043,2026-08-29 12:45:07,4a4a1896-ad4c-48e2-b218-029403febea0,2026-08-29 12:45:07,2026-08-29 12:45:07
7546dbe7-df03-4160-95dc-cf5fd9d0f0b5,,,Evidence Registered,Chamarajanagar Town,Evidence logged for case CR-2026-DET-054,2026-08-29 12:45:07,4ae70bb2-4af6-4b19-a5a0-d3f2f940be3a,2026-08-29 12:45:07,2026-08-29 12:45:07
19b00b65-627b-4307-9e94-23716a52af8c,,,Forensic Analysis Initiated,Forensic Lab,Evidence submitted for forensic examination,2026-08-29 12:45:08,4b4a877b-5505-4e60-8d97-96d32ad9db00,2026-08-29 12:45:08,2026-08-29 12:45:08
dc3d959f-067d-44b2-a5d3-53dd0d079e67,,,Evidence Registered,Virajpet Cross Road,Evidence logged for case CR-2026-DET-235,2026-08-29 12:45:08,4c13700a-dab0-440d-86ae-b4f515e458f1,2026-08-29 12:45:08,2026-08-29 12:45:08
8f351651-5d0f-4a9f-861d-56a591bc0459,,,Evidence Registered,Sirsi Town Center,Evidence logged for case CR-2026-DET-044,2026-08-29 12:45:07,4cdc9f55-0e04-47bd-82d0-80e5954671e6,2026-08-29 12:45:07,2026-08-29 12:45:07
c1a2d29a-6631-4fa3-b742-2e5926e0043d,,,Evidence Registered,Haveri Bus Stand Area,Evidence logged for case CR-2026-DET-209,2026-08-29 12:45:08,4d09ac83-61ef-4fa4-88c7-46603cf8b142,2026-08-29 12:45:08,2026-08-29 12:45:08
bd1629ef-ff18-446d-9508-2dd7b2b5cb72,,,Forensic Analysis Initiated,Forensic Lab,Evidence submitted for forensic examination,2026-08-29 12:45:08,4d0bdb2e-157f-44dc-848e-5073c6219219,2026-08-29 12:45:08,2026-08-29 12:45:08
46b11277-c8d0-46db-97fa-15ed9890b1a1,,,Forensic Analysis Initiated,Forensic Lab,Evidence submitted for forensic examination,2026-08-29 12:45:08,4d7bc4a5-0017-48f2-8262-aadf7c5b424f,2026-08-29 12:45:08,2026-08-29 12:45:08
5b55b10e-9852-4078-9ea0-02377ad8ff7c,,,Analysis Completed,Forensic Lab,Forensic analysis complete — results filed with charge sheet,2026-08-29 12:45:07,4d94075a-bace-449f-95a4-b3c1a6d1b2d4,2026-08-29 12:45:07,2026-08-29 12:45:07
95334815-43eb-45de-a597-86ce273c57d5,,,Forensic Analysis Initiated,Forensic Lab,Evidence submitted for forensic examination,2026-08-29 12:45:07,4dc7b3a7-d4cb-401d-925c-d242c89e8a3d,2026-08-29 12:45:07,2026-08-29 12:45:07
1534f265-05f1-4c24-bf7a-31468eb393ae,,,Evidence Registered,Homnabad Cross,Evidence logged for case CR-2026-DET-020,2026-08-29 12:45:07,4e670ff2-e49e-45a2-bbbe-63c63f61baba,2026-08-29 12:45:07,2026-08-29 12:45:07
7b14637c-2143-4983-bbf8-0c9f9ae9a823,,,Forensic Analysis Initiated,Forensic Lab,Evidence submitted for forensic examination,2026-08-29 12:45:07,4e87d0fa-e7cc-48e2-b26d-523550eef479,2026-08-29 12:45:07,2026-08-29 12:45:07
8b076053-0e78-44e8-9f4e-96672f33328b,,,Evidence Registered,Homnabad Cross,Evidence logged for case CR-2026-DET-028,2026-08-29 12:45:07,4eb5b766-24c3-4712-a69a-991c5b24703d,2026-08-29 12:45:07,2026-08-29 12:45:07
4ff259c1-d82f-45ad-b391-c4dbe8b5f6b4,,,Evidence Registered,Hiriyur Junction,Evidence logged for case CR-2026-CTD-002,2026-08-29 12:45:07,4f0d0dee-6e79-4939-9c5d-658c75d1f021,2026-08-29 12:45:07,2026-08-29 12:45:07
5719710d-57f9-4bd0-8938-28f17c6bf13f,,,Analysis Completed,Forensic Lab,Forensic analysis complete — results filed with charge sheet,2026-08-29 12:45:07,4f6be33c-1c0a-4fb7-9066-07a7567479c3,2026-08-29 12:45:07,2026-08-29 12:45:07
c569224b-a6a9-47aa-a9d6-603f12245de7,,,Forensic Analysis Initiated,Forensic Lab,Evidence submitted for forensic examination,2026-08-29 12:45:07,4f732d77-2242-4cd3-b9a2-e9540f2aff94,2026-08-29 12:45:07,2026-08-29 12:45:07
b62e363a-0b22-4725-98dd-318c2ff2c82a,,,Forensic Analysis Initiated,Forensic Lab,Evidence submitted for forensic examination,2026-08-29 12:45:07,4f76036b-70a3-4c12-bf4f-20ac0e0161e1,2026-08-29 12:45:07,2026-08-29 12:45:07
311f90dd-f958-4cb9-9db3-fce42e1f7cbc,5120413d-57fd-47ad-9128-2a5b8dd553d8,5120413d-57fd-47ad-9128-2a5b8dd553d8,Forensic Analysis Initiated,Forensic Lab,Evidence submitted for forensic examination,2026-08-29 12:45:07,4f8dce6c-2cab-4927-86c9-27b25a3a2080,2026-08-29 12:45:07,2026-08-29 12:45:07
e2d6a8a8-9732-451b-8233-a9d7f7d89ba4,,,Evidence Registered,Koramangala Layout,Evidence logged for case CR-2026-DET-179,2026-08-29 12:45:08,501d6699-b71e-45a5-ba2d-981cae9a5790,2026-08-29 12:45:08,2026-08-29 12:45:08
6e3b84ac-605e-43ca-81cc-cc19fa32094a,,,Evidence Registered,Bangarapet Station Road,Evidence logged for case CR-2026-DET-117,2026-08-29 12:45:07,5036db5a-04fc-4476-9b69-6b1268ab60be,2026-08-29 12:45:07,2026-08-29 12:45:07
6669178e-4e99-46e5-8285-49a66f7432f6,,,Evidence Registered,Madikeri Town Center,Evidence logged for case CR-2026-DET-255,2026-08-29 12:45:08,50957de6-7ad4-455b-8951-2fde54afa2d5,2026-08-29 12:45:08,2026-08-29 12:45:08
5d751122-c8d1-4b93-96a0-b455e54989e3,,,Evidence Registered,Bellary City Center,Evidence logged for case CR-2026-DET-001,2026-08-29 12:45:07,50add135-2a4f-4f75-a778-0f55f415359c,2026-08-29 12:45:07,2026-08-29 12:45:07
6b2831dc-5e70-485b-9da3-2a7310b1bc35,,,Evidence Registered,Hospet Town Center,Evidence logged for case CR-2026-VJN-001,2026-08-29 12:45:07,50f74ef1-0e70-4fdb-993a-12b2e17652d2,2026-08-29 12:45:07,2026-08-29 12:45:07
b0ef9bdd-1e75-4984-b90c-88a67b4a2faa,,,Analysis Completed,Forensic Lab,Forensic analysis complete — results filed with charge sheet,2026-08-29 12:45:07,5132120d-2a5a-4455-802b-7f902e70da79,2026-08-29 12:45:07,2026-08-29 12:45:07
1ddb75b1-0ffe-4e9e-8c9e-4c9486ad2009,,,Evidence Registered,Chamarajanagar Town,Evidence logged for case CR-2026-DET-191,2026-08-29 12:45:08,518597b4-3f02-41ed-9227-40be728e60d6,2026-08-29 12:45:08,2026-08-29 12:45:08
23622dc7-fdc2-464a-a655-69629f3e2cbe,,,Forensic Analysis Initiated,Forensic Lab,Evidence submitted for forensic examination,2026-08-29 12:45:08,5208e7f4-5a6e-4fad-aba3-59e4f97ee25e,2026-08-29 12:45:08,2026-08-29 12:45:08
7c24c6ec-f739-489a-9993-f43e9532f476,,,Evidence Registered,Bellary City Center,Evidence logged for case CR-2026-HSN-003,2026-08-29 12:45:07,52498811-0480-49cf-906b-8d181143d4df,2026-08-29 12:45:07,2026-08-29 12:45:07
75d49b83-3c12-40e7-b215-41b17c45576b,,,Evidence Registered,Yellapur Junction,Evidence logged for case CR-2026-UKN-003,2026-08-29 12:45:07,52da7f73-0904-4e23-b9f4-725e8bd64314,2026-08-29 12:45:07,2026-08-29 12:45:07
9bdec599-1eb8-4f2d-ab10-c0f0cc95d132,,,Forensic Analysis Initiated,Forensic Lab,Evidence submitted for forensic examination,2026-08-29 12:45:07,52daf4f1-cd63-495e-bd52-643347787a53,2026-08-29 12:45:07,2026-08-29 12:45:07
43b98736-8718-4566-9f98-62cac8a63eee,,,Forensic Analysis Initiated,Forensic Lab,Evidence submitted for forensic examination,2026-08-29 12:45:07,53103d61-c308-4e26-9a44-8d3f22de7b78,2026-08-29 12:45:07,2026-08-29 12:45:07
c7afd526-8f50-48c3-823a-96ab86c5ba5f,,,Analysis Completed,Forensic Lab,Forensic analysis complete — results filed with charge sheet,2026-08-29 12:45:07,53714eb3-7a49-4906-b5cb-292c79883ab9,2026-08-29 12:45:07,2026-08-29 12:45:07
9bdec599-1eb8-4f2d-ab10-c0f0cc95d132,,,Analysis Completed,Forensic Lab,Forensic analysis complete — results filed with charge sheet,2026-08-29 12:45:07,53ed55b6-898b-4773-9e57-551bceadd798,2026-08-29 12:45:07,2026-08-29 12:45:07
a7742ff0-039b-41d9-b7f0-50eed27fd9e9,,,Evidence Registered,Harpanahalli Junction,Evidence logged for case CR-2026-DET-137,2026-08-29 12:45:07,54863721-3415-442e-97a1-ce80d395aad2,2026-08-29 12:45:07,2026-08-29 12:45:07
2bfdf3f4-44d1-462f-9553-82bce38c2333,5120413d-57fd-47ad-9128-2a5b8dd553d8,5120413d-57fd-47ad-9128-2a5b8dd553d8,Analysis Completed,Forensic Lab,Forensic analysis complete — results filed with charge sheet,2026-08-29 12:45:07,54ffcb95-4778-459f-9162-3a4bb08f4879,2026-08-29 12:45:07,2026-08-29 12:45:07
12ee183a-6486-4bce-a678-ffde7a5ba600,,,Evidence Registered,Harpanahalli Junction,Evidence logged for case CR-2026-DET-048,2026-08-29 12:45:07,552a9528-c1e6-42fa-862b-20bf6346ead4,2026-08-29 12:45:07,2026-08-29 12:45:07
39268784-f9ec-4bf9-be1a-e44e952130f9,,,Forensic Analysis Initiated,Forensic Lab,Evidence submitted for forensic examination,2026-08-29 12:45:08,55bc1dec-2042-428b-97c7-44ce6f5958e4,2026-08-29 12:45:08,2026-08-29 12:45:08
937b0fd5-2903-4f1b-9955-c96a08a8133d,,,Forensic Analysis Initiated,Forensic Lab,Evidence submitted for forensic examination,2026-08-29 12:45:07,5676d325-d16d-493c-99b7-ba16982f60d5,2026-08-29 12:45:07,2026-08-29 12:45:07
a0cb31dc-3f27-4a57-8fe7-ddeda5bacdce,,,Forensic Analysis Initiated,Forensic Lab,Evidence submitted for forensic examination,2026-08-29 12:45:07,56b7df53-daa5-4fe6-896e-2b0343499fab,2026-08-29 12:45:07,2026-08-29 12:45:07
3ffd49e2-12c6-4141-bbae-1b040ac6dfd9,5120413d-57fd-47ad-9128-2a5b8dd553d8,5120413d-57fd-47ad-9128-2a5b8dd553d8,Evidence Registered,Devaraja Market Zone,Evidence logged for case CR-2026-DET-222,2026-08-29 12:45:08,56c4540b-47b5-4894-af89-795a8dc96ec5,2026-08-29 12:45:08,2026-08-29 12:45:08
03fcc88d-4ac5-4940-ae3c-e0098205ba13,,,Evidence Registered,Ramanagara Town Center,Evidence logged for case CR-2026-DET-082,2026-08-29 12:45:07,56f1412f-6627-4c14-9abc-e76b15e4cbf9,2026-08-29 12:45:07,2026-08-29 12:45:07
d93b5eb9-4323-4f36-989f-3c9dd2ba939d,,,Evidence Registered,Arsikere Town Road,Evidence logged for case CR-2026-DET-075,2026-08-29 12:45:07,5745fd7c-3135-48a4-862d-11e58a5c33fc,2026-08-29 12:45:07,2026-08-29 12:45:07
e86e92b2-4645-4146-83d9-8b7fb3c1723c,,,Forensic Analysis Initiated,Forensic Lab,Evidence submitted for forensic examination,2026-08-29 12:45:08,576494df-1b69-4e37-a66e-c8104430e3d9,2026-08-29 12:45:08,2026-08-29 12:45:08
05317ab5-7948-4198-bf14-6882c9955f9e,,,Evidence Registered,Camp Area Patrol,Evidence logged for case CR-2026-DET-289,2026-08-29 12:45:08,57aed753-01f6-43c7-994f-00506691fc68,2026-08-29 12:45:08,2026-08-29 12:45:08
76fc4176-cff8-4942-8df9-cfd7a7b275bb,,,Forensic Analysis Initiated,Forensic Lab,Evidence submitted for forensic examination,2026-08-29 12:45:08,591f7ad6-90d0-4108-bfce-bc3f12d6324f,2026-08-29 12:45:08,2026-08-29 12:45:08
af001a65-367c-42b2-9718-ca71b34e148b,,,Forensic Analysis Initiated,Forensic Lab,Evidence submitted for forensic examination,2026-08-29 12:45:07,595bfda7-129f-4f97-b575-befcae526fb6,2026-08-29 12:45:07,2026-08-29 12:45:07
5719710d-57f9-4bd0-8938-28f17c6bf13f,,,Forensic Analysis Initiated,Forensic Lab,Evidence submitted for forensic examination,2026-08-29 12:45:07,59b6412e-0d6c-42ee-b264-3c2dec2652fe,2026-08-29 12:45:07,2026-08-29 12:45:07
4ecdf67b-7d2d-4e2c-8d1b-07e71494dd60,,,Evidence Registered,Tumkuru Industrial Road,Evidence logged for case CR-2026-DET-256,2026-08-29 12:45:08,5a33a8a7-6c48-487b-bc9d-0af272cb8606,2026-08-29 12:45:08,2026-08-29 12:45:08
4b8082c9-eac2-48bb-a207-1606a047de11,,,Evidence Registered,Shimoga City Center,Evidence logged for case CR-2026-DET-150,2026-08-29 12:45:08,5a51ca45-1799-42ce-ab3d-27f7d52499ce,2026-08-29 12:45:08,2026-08-29 12:45:08
67ebbb1d-cd44-4b9f-a4e4-e085c2946cad,,,Forensic Analysis Initiated,Forensic Lab,Evidence submitted for forensic examination,2026-08-29 12:45:07,5a856be2-b7bd-49a8-bf37-d96bf8fbf912,2026-08-29 12:45:07,2026-08-29 12:45:07
2310822b-3d75-47bd-abe7-9a4d401fad54,5120413d-57fd-47ad-9128-2a5b8dd553d8,5120413d-57fd-47ad-9128-2a5b8dd553d8,Evidence Registered,Devaraja Market Zone,Evidence logged for case CR-2026-DET-185,2026-08-29 12:45:08,5af3304e-a41d-45cb-a217-2751a843cef2,2026-08-29 12:45:08,2026-08-29 12:45:08
4fbbb8c9-9b96-474e-a8ea-da4c154f490c,,,Evidence Registered,Chitradurga Fort Area,Evidence logged for case CR-2026-DET-258,2026-08-29 12:45:08,5b7e06fe-1f79-442d-a305-5523c1685580,2026-08-29 12:45:08,2026-08-29 12:45:08
5193fd14-0c7e-4a3b-8334-b6e42c3b4868,,,Forensic Analysis Initiated,Forensic Lab,Evidence submitted for forensic examination,2026-08-29 12:45:08,5b9b4f75-e117-498b-a3aa-8449d2b323da,2026-08-29 12:45:08,2026-08-29 12:45:08
8a7d2eea-6580-4cc3-9f9d-bba0b69b003f,,,Evidence Registered,Hospet Town Center,Evidence logged for case CR-2026-DET-103,2026-08-29 12:45:07,5bd27c22-5fb1-4f14-9198-0adc28af3044,2026-08-29 12:45:07,2026-08-29 12:45:07
f5c9536d-9899-4d60-b920-49bb4b8f2bdb,,,Evidence Registered,Tumkuru Industrial Road,Evidence logged for case CR-2026-DET-015,2026-08-29 12:45:07,5c125de1-1a2d-40e5-a0ef-a1abc0e1467c,2026-08-29 12:45:07,2026-08-29 12:45:07
95a97d22-30c2-4342-9546-c4ab4a519d41,,,Evidence Registered,Arsikere Town Road,Evidence logged for case CR-2026-DET-162,2026-08-29 12:45:08,5c973459-fdbd-424a-a693-3cf64fde47e9,2026-08-29 12:45:08,2026-08-29 12:45:08
2310822b-3d75-47bd-abe7-9a4d401fad54,5120413d-57fd-47ad-9128-2a5b8dd553d8,5120413d-57fd-47ad-9128-2a5b8dd553d8,Forensic Analysis Initiated,Forensic Lab,Evidence submitted for forensic examination,2026-08-29 12:45:08,5ca5d605-1ab2-4d3c-96d8-7a8d173358a3,2026-08-29 12:45:08,2026-08-29 12:45:08
95a97d22-30c2-4342-9546-c4ab4a519d41,,,Forensic Analysis Initiated,Forensic Lab,Evidence submitted for forensic examination,2026-08-29 12:45:08,5e292f3d-931e-49da-82b4-8d982578cacc,2026-08-29 12:45:08,2026-08-29 12:45:08
fa102a6f-255f-46e7-92ae-6bb6e3d2650d,,,Evidence Registered,Ballari Mines Sector B,Evidence logged for case CR-2026-DET-114,2026-08-29 12:45:07,5e8ad60e-5ec4-40e4-a0f5-c2e81748ac17,2026-08-29 12:45:07,2026-08-29 12:45:07
8c275ca8-2906-497d-9f16-f3908932ea3b,,,Forensic Analysis Initiated,Forensic Lab,Evidence submitted for forensic examination,2026-08-29 12:45:08,5ee0bbeb-a587-4c05-a194-f971edb66fc3,2026-08-29 12:45:08,2026-08-29 12:45:08
b78a3f3e-a758-4e67-9731-832906457c29,,,Forensic Analysis Initiated,Forensic Lab,Evidence submitted for forensic examination,2026-08-29 12:45:08,5f1ceb65-65e9-4d0b-8bc3-5bd0e0bad318,2026-08-29 12:45:08,2026-08-29 12:45:08
49e44f63-c569-44aa-80ff-15aedf35ef7c,,,Forensic Analysis Initiated,Forensic Lab,Evidence submitted for forensic examination,2026-08-29 12:45:08,5f9aabd6-27d8-4136-abe6-e287d270fffb,2026-08-29 12:45:08,2026-08-29 12:45:08
5f5197e8-a3f8-4a70-8808-3db248367098,,,Evidence Registered,Homnabad Cross,Evidence logged for case CR-2026-BDR-002,2026-08-29 12:45:07,602dabff-06ea-42f4-a577-be0dcd1717a9,2026-08-29 12:45:07,2026-08-29 12:45:07
3bd7a95a-e122-401c-b196-a45286d4a857,,,Evidence Registered,Sirsi Town Center,Evidence logged for case CR-2026-DET-058,2026-08-29 12:45:07,6080949a-2c62-4116-9ad7-83c7c224db13,2026-08-29 12:45:07,2026-08-29 12:45:07
ccb2fbfe-9bf3-4988-80f8-8c0a9de9c16b,,,Forensic Analysis Initiated,Forensic Lab,Evidence submitted for forensic examination,2026-08-29 12:45:07,60dc1362-7a77-4d9c-abf6-c3afb19cf670,2026-08-29 12:45:07,2026-08-29 12:45:07
b77054e7-591f-4827-a6ef-e92719cb55f2,,,Evidence Registered,Indi Town Center,Evidence logged for case CR-2026-DET-229,2026-08-29 12:45:08,61824ea7-eb03-4654-9e5a-0feb52105ef5,2026-08-29 12:45:08,2026-08-29 12:45:08
fd98708e-8404-4da9-bbce-2297116abd6f,,,Evidence Registered,Vijayapura Fort Area,Evidence logged for case CR-2026-DET-294,2026-08-29 12:45:08,618e1ecf-2a6c-44ad-a658-e35d8c3ffe4a,2026-08-29 12:45:08,2026-08-29 12:45:08
e5f5cbb1-d96e-42ee-b82d-60397e17b1b2,5120413d-57fd-47ad-9128-2a5b8dd553d8,5120413d-57fd-47ad-9128-2a5b8dd553d8,Evidence Registered,Vani Vilas Mohalla,Evidence logged for case CR-2026-DET-213,2026-08-29 12:45:08,6216eb45-fa57-42b2-bb43-816223d13673,2026-08-29 12:45:08,2026-08-29 12:45:08
101141ad-19a1-4d8b-952b-0886dd8756fb,,,Evidence Registered,Kadur Junction,Evidence logged for case CR-2026-DET-241,2026-08-29 12:45:08,6283d711-350e-43e5-8c2a-5e6466646b03,2026-08-29 12:45:08,2026-08-29 12:45:08
61ccbfbf-3c62-428a-af4e-a8cb310fb8af,,,Evidence Registered,Channapatna Bus Stand,Evidence logged for case CR-2026-DET-215,2026-08-29 12:45:08,630e61c1-7e54-4729-abb8-b35cf1f39a69,2026-08-29 12:45:08,2026-08-29 12:45:08
2d242109-66b7-4ff8-8870-ff5d3d20b6e0,,,Evidence Registered,Vijayapura Fort Area,Evidence logged for case CR-2026-DET-076,2026-08-29 12:45:07,63235c2a-c457-4f64-801b-265fec5e40c2,2026-08-29 12:45:07,2026-08-29 12:45:07
341e1bde-982b-4d88-b518-fbbace5ea0e1,,,Evidence Registered,Raichur Town Center,Evidence logged for case CR-2026-DET-216,2026-08-29 12:45:08,6597cdc9-7825-4d18-a5a0-19050dd09ab7,2026-08-29 12:45:08,2026-08-29 12:45:08
1fe5bced-6ac3-448d-a28f-b73dd59a48f2,,,Analysis Completed,Forensic Lab,Forensic analysis complete — results filed with charge sheet,2026-08-29 12:45:08,6598ef0f-e88e-4bd2-97da-a1b2bb1b88d5,2026-08-29 12:45:08,2026-08-29 12:45:08
5ba3a4e9-53a3-44d4-808e-89d45aec68b0,,,Forensic Analysis Initiated,Forensic Lab,Evidence submitted for forensic examination,2026-08-29 12:45:07,65faced0-08be-469f-9b17-e9aeee2f6a17,2026-08-29 12:45:07,2026-08-29 12:45:07
c6e8e3ec-0493-454e-a79e-952a5168efda,,,Evidence Registered,Ranebennur Cross,Evidence logged for case CR-2026-DET-109,2026-08-29 12:45:07,6619f779-5b4c-4b21-88a3-a29b36bb28c1,2026-08-29 12:45:07,2026-08-29 12:45:07
1ae05d4a-de48-450f-8c6a-430e283af30d,,,Forensic Analysis Initiated,Forensic Lab,Evidence submitted for forensic examination,2026-08-29 12:45:07,66327651-4ab4-463e-9233-3b599a1189da,2026-08-29 12:45:07,2026-08-29 12:45:07
abceb0dd-cd0d-4a1d-967e-f014950aeb87,,,Forensic Analysis Initiated,Forensic Lab,Evidence submitted for forensic examination,2026-08-29 12:45:08,66e3f99f-9b13-44be-be63-e60b42ff6958,2026-08-29 12:45:08,2026-08-29 12:45:08
402c33ee-4aae-4080-994a-6cb2d6b7ecf0,,,Forensic Analysis Initiated,Forensic Lab,Evidence submitted for forensic examination,2026-08-29 12:45:08,6711731f-dea1-417f-9cad-660755fe0137,2026-08-29 12:45:08,2026-08-29 12:45:08
785a290c-9f81-4cc8-bb57-773e207e5fcb,,,Forensic Analysis Initiated,Forensic Lab,Evidence submitted for forensic examination,2026-08-29 12:45:08,671eb250-9e1a-4fbf-9e4f-0d6d70690424,2026-08-29 12:45:08,2026-08-29 12:45:08
7546dbe7-df03-4160-95dc-cf5fd9d0f0b5,,,Analysis Completed,Forensic Lab,Forensic analysis complete — results filed with charge sheet,2026-08-29 12:45:07,67948f5a-c2ae-4301-87e5-2ed45acf4ba9,2026-08-29 12:45:07,2026-08-29 12:45:07
49e44f63-c569-44aa-80ff-15aedf35ef7c,,,Analysis Completed,Forensic Lab,Forensic analysis complete — results filed with charge sheet,2026-08-29 12:45:08,67a946d8-a212-4919-beb2-70e5ee96c0b2,2026-08-29 12:45:08,2026-08-29 12:45:08
cc5c05ce-68ea-405c-8587-a4f79e380801,,,Forensic Analysis Initiated,Forensic Lab,Evidence submitted for forensic examination,2026-08-29 12:45:08,68baf02d-8131-4e54-99c4-36f9a774dbf0,2026-08-29 12:45:08,2026-08-29 12:45:08
71712685-785d-42e5-9777-77db2b441aaf,,,Evidence Registered,Gundlupet Junction,Evidence logged for case CR-2026-DET-004,2026-08-29 12:45:07,68cd3399-9e5c-4e7f-87cc-dd443a0d9131,2026-08-29 12:45:07,2026-08-29 12:45:07
236f9ce7-ddf4-4812-8c7b-14545e1ed846,,,Evidence Registered,Harbor Gate A,Evidence logged for case CR-2026-DET-077,2026-08-29 12:45:07,68ef2979-a492-466b-8ece-b87b6049a6ae,2026-08-29 12:45:07,2026-08-29 12:45:07
31db7937-2ba3-46b3-ad1d-e602483918e5,,,Forensic Analysis Initiated,Forensic Lab,Evidence submitted for forensic examination,2026-08-29 12:45:08,69491b5f-d405-45ef-9dbb-ae7b707f7bad,2026-08-29 12:45:08,2026-08-29 12:45:08
1c510628-6e84-4710-b3b9-30493d20da64,,,Evidence Registered,KR Puram Transit Corridor,Evidence logged for case CR-2026-BNG-002,2026-08-29 12:45:07,6b6c25f2-8263-4bbd-a505-fc11ab6edfd6,2026-08-29 12:45:07,2026-08-29 12:45:07
a41ba673-f2d2-4942-8f74-b43c0e90e3df,,,Forensic Analysis Initiated,Forensic Lab,Evidence submitted for forensic examination,2026-08-29 12:45:08,6b6cbe42-f803-4900-92cc-36fda28a05d3,2026-08-29 12:45:08,2026-08-29 12:45:08
51dc9c9f-e703-4a21-9cfd-22d451bb1813,,,Evidence Registered,Davanagere Market Road,Evidence logged for case CR-2026-DET-006,2026-08-29 12:45:07,6b8de43f-395d-44be-9d57-b52d0034d6fc,2026-08-29 12:45:07,2026-08-29 12:45:07
3b26d9af-578d-4d75-a328-8182bcacf83a,,,Forensic Analysis Initiated,Forensic Lab,Evidence submitted for forensic examination,2026-08-29 12:45:08,6b8e0e16-96b0-4d8b-b897-a832c6b8aa0c,2026-08-29 12:45:08,2026-08-29 12:45:08
49e6f858-5cee-4ca9-9b00-c2196ecfe116,,,Forensic Analysis Initiated,Forensic Lab,Evidence submitted for forensic examination,2026-08-29 12:45:07,6c6c494f-e208-442e-9c57-c1edaf2b45f6,2026-08-29 12:45:07,2026-08-29 12:45:07
74e2feb0-a648-4cb2-b0de-40d3209e63a3,,,Forensic Analysis Initiated,Forensic Lab,Evidence submitted for forensic examination,2026-08-29 12:45:07,6d5516f4-8b3b-4ade-941c-b67484ed06c3,2026-08-29 12:45:07,2026-08-29 12:45:07
a99d685a-013c-4801-bc04-bd6b2570ddc3,,,Analysis Completed,Forensic Lab,Forensic analysis complete — results filed with charge sheet,2026-08-29 12:45:07,6e5252b0-ecdf-4ae9-91b5-82580e5ef940,2026-08-29 12:45:07,2026-08-29 12:45:07
27178e9c-8c42-4e16-b3ef-d687cdffe575,,,Evidence Registered,Camp Area Patrol,Evidence logged for case CR-2026-BLG-002,2026-08-29 12:45:07,6ecf122f-abba-469c-b8b4-39bab824627c,2026-08-29 12:45:07,2026-08-29 12:45:07
afe69959-7777-43e9-8ba8-fbfcd29dce57,,,Evidence Registered,Kadur Junction,Evidence logged for case CR-2026-CMG-002,2026-08-29 12:45:07,6f17de7a-595e-444c-8804-4d9bd33eb4d1,2026-08-29 12:45:07,2026-08-29 12:45:07
0967d0fa-c69c-4b92-ab54-ba0efa176bb8,,,Evidence Registered,Shimoga City Center,Evidence logged for case CR-2026-DET-112,2026-08-29 12:45:07,6f38288b-8454-478f-9e37-9d5ab66bff99,2026-08-29 12:45:07,2026-08-29 12:45:07
28864ea0-f28b-46f1-87ae-ba50f402a454,,,Evidence Registered,Harbor Gate A,Evidence logged for case CR-2026-DET-105,2026-08-29 12:45:07,6f42e8f0-b625-4b18-9806-16c922364cbd,2026-08-29 12:45:07,2026-08-29 12:45:07
5ef22c42-876f-4c04-8da7-c156ef30cbca,,,Evidence Registered,Homnabad Cross,Evidence logged for case CR-2026-DET-306,2026-08-29 12:45:08,6f794ea8-06f8-43d7-8279-7a3be475327f,2026-08-29 12:45:08,2026-08-29 12:45:08
0fddef37-8ebc-4e37-a1e7-3bcc6acc6ca2,,,Forensic Analysis Initiated,Forensic Lab,Evidence submitted for forensic examination,2026-08-29 12:45:08,7022ec60-c2d7-48be-a47b-3c8859d6a5f9,2026-08-29 12:45:08,2026-08-29 12:45:08
b0ef9bdd-1e75-4984-b90c-88a67b4a2faa,,,Forensic Analysis Initiated,Forensic Lab,Evidence submitted for forensic examination,2026-08-29 12:45:07,7036bb25-c00c-4205-8086-3ba74eef70c0,2026-08-29 12:45:07,2026-08-29 12:45:07
ba6e7ab8-fa4f-45ac-9ca2-be0b107c3c4b,,,Evidence Registered,Chikkaballapura Town,Evidence logged for case CR-2026-DET-243,2026-08-29 12:45:08,709edb1c-6171-4936-9653-c0bad666a438,2026-08-29 12:45:08,2026-08-29 12:45:08
07ea4100-c582-4278-abcd-62a034c7b6d6,,,Forensic Analysis Initiated,Forensic Lab,Evidence submitted for forensic examination,2026-08-29 12:45:08,7191b335-2042-4071-a7f9-3e56551d8ccc,2026-08-29 12:45:08,2026-08-29 12:45:08
76fc4176-cff8-4942-8df9-cfd7a7b275bb,,,Evidence Registered,Indi Town Center,Evidence logged for case CR-2026-DET-269,2026-08-29 12:45:08,7191f0e0-9926-4278-954c-3cc83ae4dcb8,2026-08-29 12:45:08,2026-08-29 12:45:08
1f1176ea-c2ca-41cb-909e-e3f797949f4b,,,Evidence Registered,Kadur Junction,Evidence logged for case CR-2026-DET-320,2026-08-29 12:45:08,71d28023-f2dd-4769-ac0d-de3d40945058,2026-08-29 12:45:08,2026-08-29 12:45:08
1a83c539-90b5-4a69-8c9b-2d5edba1370a,,,Evidence Registered,Koppal Town Center,Evidence logged for case CR-2026-DET-144,2026-08-29 12:45:08,7206e6d0-4841-4eeb-8477-f46aa7524b51,2026-08-29 12:45:08,2026-08-29 12:45:08
311f90dd-f958-4cb9-9db3-fce42e1f7cbc,5120413d-57fd-47ad-9128-2a5b8dd553d8,5120413d-57fd-47ad-9128-2a5b8dd553d8,Evidence Registered,Devaraja Market Zone,Evidence logged for case CR-2026-DET-084,2026-08-29 12:45:07,724e10a6-fb43-4b08-b7d7-35efb35144ca,2026-08-29 12:45:07,2026-08-29 12:45:07
eb0af730-acad-48da-a45f-08c8153caff4,,,Evidence Registered,Gulbarga University Road,Evidence logged for case CR-2026-DET-166,2026-08-29 12:45:08,726c7f2d-3c8c-46b2-ae6b-304510dd5026,2026-08-29 12:45:08,2026-08-29 12:45:08
4ce18ce5-3217-49a9-91bd-41fc0f3aa8f9,,,Evidence Registered,Ranebennur Cross,Evidence logged for case CR-2026-DET-017,2026-08-29 12:45:07,74b9463f-f52d-4bfc-b57b-84256c5c2d0e,2026-08-29 12:45:07,2026-08-29 12:45:07
af942b2d-219e-45ca-9bd9-a1d8785c57e3,,,Analysis Completed,Forensic Lab,Forensic analysis complete — results filed with charge sheet,2026-08-29 12:45:08,7561988e-e43d-48ba-82d4-8fe9d4c4a348,2026-08-29 12:45:08,2026-08-29 12:45:08
61a667d2-d65c-4bd5-badc-65e0c80e629a,,,Evidence Registered,Betageri Cross,Evidence logged for case CR-2026-DET-042,2026-08-29 12:45:07,75a671b7-5943-4268-b679-ebec5d2fcd14,2026-08-29 12:45:07,2026-08-29 12:45:07
18d149d7-0984-4f0c-8d52-6e7ab05fd367,,,Evidence Registered,Ramanagara Town Center,Evidence logged for case CR-2026-DET-272,2026-08-29 12:45:08,76b1860c-6824-44b1-b936-bdedef74e8be,2026-08-29 12:45:08,2026-08-29 12:45:08
9f095f4e-628d-4eba-bbdd-56840c688f38,5120413d-57fd-47ad-9128-2a5b8dd553d8,5120413d-57fd-47ad-9128-2a5b8dd553d8,Analysis Completed,Forensic Lab,Forensic analysis complete — results filed with charge sheet,2026-08-29 12:45:07,77756629-7613-41cb-8461-48ee77e7ecce,2026-08-29 12:45:07,2026-08-29 12:45:07
e6101836-3d8c-45fd-ac52-caa8cfd7c16d,,,Evidence Registered,Vijayapura Fort Area,Evidence logged for case CR-2026-DET-160,2026-08-29 12:45:08,77b950d3-6274-41fd-83e1-3fe370dc0596,2026-08-29 12:45:08,2026-08-29 12:45:08
457fedff-dcfc-47e0-ae61-3135d2f7ef9c,,,Forensic Analysis Initiated,Forensic Lab,Evidence submitted for forensic examination,2026-08-29 12:45:07,7818a65a-b9ff-4033-b217-a4000394c6a0,2026-08-29 12:45:07,2026-08-29 12:45:07
b37556c3-009c-4f18-921b-35f34f7c7f78,,,Forensic Analysis Initiated,Forensic Lab,Evidence submitted for forensic examination,2026-08-29 12:45:07,786a64d5-3ef0-4d11-a224-dc39549046a6,2026-08-29 12:45:07,2026-08-29 12:45:07
5cde74ae-0e30-45ff-baf5-2734a05b153e,,,Forensic Analysis Initiated,Forensic Lab,Evidence submitted for forensic examination,2026-08-29 12:45:07,78f57dad-2b0d-4eaf-b6f4-a761c3caa81f,2026-08-29 12:45:07,2026-08-29 12:45:07
67ebbb1d-cd44-4b9f-a4e4-e085c2946cad,,,Analysis Completed,Forensic Lab,Forensic analysis complete — results filed with charge sheet,2026-08-29 12:45:07,7938b875-3da4-45b7-aa8b-ae52e8d5b60a,2026-08-29 12:45:07,2026-08-29 12:45:07
424b5f98-5232-464f-ab4d-53c394f778a7,,,Evidence Registered,Hiriyur Junction,Evidence logged for case CR-2026-DET-023,2026-08-29 12:45:07,79862921-dbd0-4ead-8a3e-5a6d2e886a14,2026-08-29 12:45:07,2026-08-29 12:45:07
4b67698c-642a-4445-90df-dd5da620dcbc,,,Forensic Analysis Initiated,Forensic Lab,Evidence submitted for forensic examination,2026-08-29 12:45:08,79a9d09f-8a35-484d-b7cd-e3ddbdf22ed9,2026-08-29 12:45:08,2026-08-29 12:45:08
56c01d24-8078-400b-9d4e-85c25fb04a9b,,,Forensic Analysis Initiated,Forensic Lab,Evidence submitted for forensic examination,2026-08-29 12:45:08,7a5de27d-2d84-4dd6-ab02-4321ca32b50a,2026-08-29 12:45:08,2026-08-29 12:45:08
f41e76b5-07cf-4199-bcbf-3e43124a9c8a,,,Evidence Registered,Gangavathi Road,Evidence logged for case CR-2026-DET-107,2026-08-29 12:45:07,7aba0fc3-d00d-43b5-a745-e600b66a6afb,2026-08-29 12:45:07,2026-08-29 12:45:07
015c8e9a-e741-458c-b171-7552817e50e2,,,Evidence Registered,Yadagir Town Center,Evidence logged for case CR-2026-DET-106,2026-08-29 12:45:07,7b281d26-7f1b-4759-8019-bcd0a6e4b9f5,2026-08-29 12:45:07,2026-08-29 12:45:07
887722ea-52c0-444d-933b-a977b2c41e04,,,Forensic Analysis Initiated,Forensic Lab,Evidence submitted for forensic examination,2026-08-29 12:45:07,7cc5da5a-a8c3-4d77-b55f-37f6eb9cb148,2026-08-29 12:45:07,2026-08-29 12:45:07
db1305d2-e39d-40bc-a039-9af60f9916ec,,,Analysis Completed,Forensic Lab,Forensic analysis complete — results filed with charge sheet,2026-08-29 12:45:08,7cc6a9d9-a557-422f-8fc6-112e6d6745df,2026-08-29 12:45:08,2026-08-29 12:45:08
65cd572a-b2cf-4dab-8b15-b078a0a0a20d,,,Evidence Registered,Koramangala Layout,Evidence logged for case CR-2026-DET-099,2026-08-29 12:45:07,7e0edc7a-443a-4c39-be22-a466bf851cf3,2026-08-29 12:45:07,2026-08-29 12:45:07
56bc6e27-06e1-43d9-bd96-24e09bf08e07,5120413d-57fd-47ad-9128-2a5b8dd553d8,5120413d-57fd-47ad-9128-2a5b8dd553d8,Forensic Analysis Initiated,Forensic Lab,Evidence submitted for forensic examination,2026-08-29 12:45:08,7e19d7ac-5a53-4c2b-9c87-e1818f3f4078,2026-08-29 12:45:08,2026-08-29 12:45:08
0e17f638-0e62-4393-8637-f54ab07a2ea1,,,Evidence Registered,Ballari Mines Sector B,Evidence logged for case CR-2026-BLR-001,2026-08-29 12:45:07,7ebc7b6f-bf15-4027-93ef-35382f11899a,2026-08-29 12:45:07,2026-08-29 12:45:07
8dd7f5e7-1dcc-4d7d-8608-7c9918f054a2,,,Evidence Registered,Udupi Krishna Math Road,Evidence logged for case CR-2026-DET-261,2026-08-29 12:45:08,7ec49daf-0b56-432d-b1bd-affd68509337,2026-08-29 12:45:08,2026-08-29 12:45:08
95be534c-6b91-4976-b26b-938c8ad238d0,,,Evidence Registered,Ramanagara Town Center,Evidence logged for case CR-2026-DET-025,2026-08-29 12:45:07,7ecd37d0-a31a-4fe2-8cea-2a015169dea5,2026-08-29 12:45:07,2026-08-29 12:45:07
abb5893d-9e56-4d0f-bd4b-05bda9abb388,,,Forensic Analysis Initiated,Forensic Lab,Evidence submitted for forensic examination,2026-08-29 12:45:07,7f417a07-0335-4302-aad5-30a82f29cc04,2026-08-29 12:45:07,2026-08-29 12:45:07
9f68143d-f5d2-48c0-a7f2-92fbf61131f8,,,Evidence Registered,Tiptur Market Area,Evidence logged for case CR-2026-DET-208,2026-08-29 12:45:08,7fa3ad97-63c5-4e1b-a38f-cf9b24ad57c1,2026-08-29 12:45:08,2026-08-29 12:45:08
bb1a0c46-0133-4492-b916-b824aecc3d64,,,Evidence Registered,Surathkal Beach Road,Evidence logged for case CR-2026-DET-079,2026-08-29 12:45:07,8048ecf3-b336-4032-b3ea-848aa18db9d3,2026-08-29 12:45:07,2026-08-29 12:45:07
bb40e654-3161-4069-954e-e62318ac8729,,,Evidence Registered,Mandya Town Center,Evidence logged for case CR-2026-DET-202,2026-08-29 12:45:08,816a2c2d-2012-454e-a312-41c8a7623f77,2026-08-29 12:45:08,2026-08-29 12:45:08
8030806d-2c67-41b5-9291-73a3aa99186c,,,Analysis Completed,Forensic Lab,Forensic analysis complete — results filed with charge sheet,2026-08-29 12:45:08,81908ce8-3307-41d3-8a97-7a3892440bc6,2026-08-29 12:45:08,2026-08-29 12:45:08
c2fd2df6-6e97-4564-9dbf-71e53699ca7f,,,Evidence Registered,Mysuru-Mandya Highway,Evidence logged for case CR-2026-DET-221,2026-08-29 12:45:08,82655d97-c5df-4ad5-814a-4440aad21848,2026-08-29 12:45:08,2026-08-29 12:45:08
c82a7dc1-aafa-44f9-9742-0dc0a1b0eab3,,,Forensic Analysis Initiated,Forensic Lab,Evidence submitted for forensic examination,2026-08-29 12:45:08,82873d3a-18cb-4619-90c9-58d8ed80aaec,2026-08-29 12:45:08,2026-08-29 12:45:08
5193fd14-0c7e-4a3b-8334-b6e42c3b4868,,,Evidence Registered,Harbor Gate A,Evidence logged for case CR-2026-DET-201,2026-08-29 12:45:08,8296f6ea-1d04-4829-8535-edee8bcae1c7,2026-08-29 12:45:08,2026-08-29 12:45:08
5bf06572-07af-431c-8f03-a66cccf7e59d,,,Forensic Analysis Initiated,Forensic Lab,Evidence submitted for forensic examination,2026-08-29 12:45:07,82d9cebb-09e8-454d-ab84-5f4cd865e2d1,2026-08-29 12:45:07,2026-08-29 12:45:07
4ead6bea-f35b-491a-8670-e40340284327,,,Evidence Registered,Yadgir Road Junction,Evidence logged for case CR-2026-DET-244,2026-08-29 12:45:08,82df56b8-f144-496d-96f1-19b82fafb05c,2026-08-29 12:45:08,2026-08-29 12:45:08
85926773-d092-4a11-b2f8-d96ae7de639a,,,Forensic Analysis Initiated,Forensic Lab,Evidence submitted for forensic examination,2026-08-29 12:45:08,82ef7b48-28ce-4b90-b0fb-65a185e8dd77,2026-08-29 12:45:08,2026-08-29 12:45:08
a7e92ff8-eaf3-411e-9556-b4aa2d5d3a10,,,Evidence Registered,Bagalkote Main Road,Evidence logged for case CR-2026-DET-204,2026-08-29 12:45:08,82f3d460-cd3f-484e-be79-4ad371fba1ff,2026-08-29 12:45:08,2026-08-29 12:45:08
ca213bdd-c7dd-4b86-a9ee-2faedd386dfe,,,Forensic Analysis Initiated,Forensic Lab,Evidence submitted for forensic examination,2026-08-29 12:45:07,8324cb3c-d78e-4950-97f8-948445fb71c2,2026-08-29 12:45:07,2026-08-29 12:45:07
e8b37181-c12e-4f6e-82b7-6d62894b1845,,,Forensic Analysis Initiated,Forensic Lab,Evidence submitted for forensic examination,2026-08-29 12:45:08,837c34ae-5c0a-47eb-a5e3-0f8cc3658302,2026-08-29 12:45:08,2026-08-29 12:45:08
f0b33b2b-8641-4e05-81b4-887be96fad6d,,,Evidence Registered,Davanagere Market Road,Evidence logged for case CR-2026-DET-311,2026-08-29 12:45:08,83a31383-75e9-4fff-8723-ec6b5e412e37,2026-08-29 12:45:08,2026-08-29 12:45:08
7d478a82-a37e-49f8-a9b2-1471a8b0f127,,,Forensic Analysis Initiated,Forensic Lab,Evidence submitted for forensic examination,2026-08-29 12:45:07,83bf30a4-100b-4a0e-ae46-5bf804ac168e,2026-08-29 12:45:07,2026-08-29 12:45:07
761ecdc0-2321-4df9-adf2-7503ea126bf5,,,Forensic Analysis Initiated,Forensic Lab,Evidence submitted for forensic examination,2026-08-29 12:45:08,840bf084-6dd7-44e4-8cad-6b93fb696d3a,2026-08-29 12:45:08,2026-08-29 12:45:08
0967d0fa-c69c-4b92-ab54-ba0efa176bb8,,,Analysis Completed,Forensic Lab,Forensic analysis complete — results filed with charge sheet,2026-08-29 12:45:07,84a54b3e-b3a3-4726-b738-3eb9e69a848f,2026-08-29 12:45:07,2026-08-29 12:45:07
a91d732d-0701-43eb-baa2-e6403ff9b815,,,Forensic Analysis Initiated,Forensic Lab,Evidence submitted for forensic examination,2026-08-29 12:45:08,84ad63f5-4e99-4b2b-879a-d78d42d9c574,2026-08-29 12:45:08,2026-08-29 12:45:08
5a4d442c-ff86-4d0d-8fc2-772d3c32015b,,,Evidence Registered,Mandya Town Center,Evidence logged for case CR-2026-DET-287,2026-08-29 12:45:08,84c463cd-df7a-46ee-a8a1-bddbed8116fa,2026-08-29 12:45:08,2026-08-29 12:45:08
940b839d-c5ef-4a71-b6e3-36ea85498f9b,,,Forensic Analysis Initiated,Forensic Lab,Evidence submitted for forensic examination,2026-08-29 12:45:07,850d09f9-735c-4865-8ea2-308008bb372a,2026-08-29 12:45:07,2026-08-29 12:45:07
4b08a98b-8103-4b97-a7d6-0167b19a4c36,,,Evidence Registered,Yellapur Junction,Evidence logged for case CR-2026-DET-251,2026-08-29 12:45:08,860c6425-e746-46e0-8bbe-066f519fbfe9,2026-08-29 12:45:08,2026-08-29 12:45:08
cd20aad7-09a2-4eb1-8332-129a6423b361,,,Evidence Registered,Whitefield Cyber Cell Beat,Evidence logged for case CR-2026-DET-159,2026-08-29 12:45:08,8622c6e4-a4cd-49ae-8040-a35151d7566a,2026-08-29 12:45:08,2026-08-29 12:45:08
660cf5b6-c8b8-48c9-bf59-e570c709a2ca,,,Evidence Registered,Mandya Town Center,Evidence logged for case CR-2026-DET-291,2026-08-29 12:45:08,8676b46b-c6ea-452f-89af-90daf5160ebf,2026-08-29 12:45:08,2026-08-29 12:45:08
c86dcf17-8b18-46c1-b956-ec8f55868ebb,,,Evidence Registered,Harbor Gate A,Evidence logged for case CR-2026-DET-175,2026-08-29 12:45:08,86bbc060-81ce-4e98-bd1d-7682bd6da12c,2026-08-29 12:45:08,2026-08-29 12:45:08
2351eceb-d595-43f1-9b5e-f09f100ee8b5,,,Evidence Registered,Chamarajanagar Town,Evidence logged for case CR-2026-CMR-001,2026-08-29 12:45:07,87627a0e-49fb-4676-b3c4-07e7d2a76ca7,2026-08-29 12:45:07,2026-08-29 12:45:07
af001a65-367c-42b2-9718-ca71b34e148b,,,Evidence Registered,Tumkuru Industrial Road,Evidence logged for case CR-2026-DET-097,2026-08-29 12:45:07,87a4c026-5cc9-4623-993b-254f05825ba2,2026-08-29 12:45:07,2026-08-29 12:45:07
85a2b298-b747-46c7-b11c-a376347cb082,,,Forensic Analysis Initiated,Forensic Lab,Evidence submitted for forensic examination,2026-08-29 12:45:08,87ab10b6-3ce3-4f8e-98be-bf995abf158a,2026-08-29 12:45:08,2026-08-29 12:45:08
7125fc0a-f9df-41d2-a96d-3fdd204d96e2,,,Evidence Registered,Sirsi Town Center,Evidence logged for case CR-2026-DET-313,2026-08-29 12:45:08,8824d904-8e28-4e73-a78e-57aa49fd718f,2026-08-29 12:45:08,2026-08-29 12:45:08
64872efb-a8f1-40f1-80ff-cd5b2948e9b5,,,Evidence Registered,Hiriyur Junction,Evidence logged for case CR-2026-DET-157,2026-08-29 12:45:08,8943b25e-a7c5-4c29-bc3a-5c5688fc7248,2026-08-29 12:45:08,2026-08-29 12:45:08
5e88e411-fb05-45f0-8865-494ca45756e5,,,Forensic Analysis Initiated,Forensic Lab,Evidence submitted for forensic examination,2026-08-29 12:45:07,8947883d-5cee-4a96-9928-fb06fc8d9c44,2026-08-29 12:45:07,2026-08-29 12:45:07
76fc4176-cff8-4942-8df9-cfd7a7b275bb,,,Analysis Completed,Forensic Lab,Forensic analysis complete — results filed with charge sheet,2026-08-29 12:45:08,89537400-7d43-466d-a27b-fbc2f8b10d7f,2026-08-29 12:45:08,2026-08-29 12:45:08
37e64868-e16c-4306-8b9b-b81c4da3e34b,,,Evidence Registered,Haveri Bus Stand Area,Evidence logged for case CR-2026-DET-278,2026-08-29 12:45:08,897d12d6-9a18-4db8-8649-42b71b5eba34,2026-08-29 12:45:08,2026-08-29 12:45:08
9cff4bc2-0cd0-4f4d-aed5-3c753e2c1d1c,,,Evidence Registered,Bellary City Center,Evidence logged for case CR-2026-HSN-001,2026-08-29 12:45:07,8991e5a1-4c53-4067-bfe9-8898ce88fa30,2026-08-29 12:45:07,2026-08-29 12:45:07
0737b2d2-f63a-4711-87be-87d0c70568e6,,,Forensic Analysis Initiated,Forensic Lab,Evidence submitted for forensic examination,2026-08-29 12:45:07,89eb8393-37f8-42d6-9e85-edc4324defa9,2026-08-29 12:45:07,2026-08-29 12:45:07
a2f99c5d-2e08-4a6e-8495-73932c49039c,5120413d-57fd-47ad-9128-2a5b8dd553d8,5120413d-57fd-47ad-9128-2a5b8dd553d8,Evidence Registered,Nazar Mohalla Beat,Evidence logged for case CR-2026-MYS-003,2026-08-29 12:45:07,8a3aaa4b-3728-49d0-b845-99c3d79307c2,2026-08-29 12:45:07,2026-08-29 12:45:07
5c8657db-8734-40f2-921a-19419292d1b2,5120413d-57fd-47ad-9128-2a5b8dd553d8,5120413d-57fd-47ad-9128-2a5b8dd553d8,Forensic Analysis Initiated,Forensic Lab,Evidence submitted for forensic examination,2026-08-29 12:45:07,8a5977c4-1095-4cfb-b85a-c1ecb350345b,2026-08-29 12:45:07,2026-08-29 12:45:07
70932c84-b49e-405b-a31e-08338bdcc413,,,Evidence Registered,Jayanagar 4th Block,Evidence logged for case CR-2026-BNG-005,2026-08-29 12:45:07,8a70841b-2e3f-49ab-801f-44ac7adbeaa1,2026-08-29 12:45:07,2026-08-29 12:45:07
5ba3a4e9-53a3-44d4-808e-89d45aec68b0,,,Evidence Registered,Yadgir Road Junction,Evidence logged for case CR-2026-RCR-002,2026-08-29 12:45:07,8af8e81e-a260-4f36-b1a4-7fa94878f241,2026-08-29 12:45:07,2026-08-29 12:45:07
8730233b-2091-4040-aa20-e07b74160f39,,,Evidence Registered,Hospet Town Center,Evidence logged for case CR-2026-DET-068,2026-08-29 12:45:07,8b3a89fe-603f-4a82-9b0a-566fd198581d,2026-08-29 12:45:07,2026-08-29 12:45:07
c27a871f-3743-43bf-bfea-9761dbb262bf,,,Evidence Registered,Jamakhandi Station Road,Evidence logged for case CR-2026-DET-085,2026-08-29 12:45:07,8b5fc657-ffe4-46c1-a8ef-110d1ece91e7,2026-08-29 12:45:07,2026-08-29 12:45:07
9a7ed421-e2df-424e-abd6-5b1ce2eb3702,,,Forensic Analysis Initiated,Forensic Lab,Evidence submitted for forensic examination,2026-08-29 12:45:08,8bcbf3fa-9892-45e4-9357-010ce4df3225,2026-08-29 12:45:08,2026-08-29 12:45:08
5bf06572-07af-431c-8f03-a66cccf7e59d,,,Evidence Registered,Virajpet Cross Road,Evidence logged for case CR-2026-KDG-002,2026-08-29 12:45:07,8c62e0ec-4b1d-45b1-8df6-37a433301a46,2026-08-29 12:45:07,2026-08-29 12:45:07
674271d6-3074-47ee-813e-d77fcc0f0e9b,,,Forensic Analysis Initiated,Forensic Lab,Evidence submitted for forensic examination,2026-08-29 12:45:07,8c851f83-4b0e-4a6d-b67a-b2f012647675,2026-08-29 12:45:07,2026-08-29 12:45:07
dc3d959f-067d-44b2-a5d3-53dd0d079e67,,,Forensic Analysis Initiated,Forensic Lab,Evidence submitted for forensic examination,2026-08-29 12:45:08,8ce1b023-f399-41f3-b9f2-5b146b10235f,2026-08-29 12:45:08,2026-08-29 12:45:08
c7afd526-8f50-48c3-823a-96ab86c5ba5f,,,Forensic Analysis Initiated,Forensic Lab,Evidence submitted for forensic examination,2026-08-29 12:45:07,8d48a642-74e8-4d7d-b591-7a1d2a189353,2026-08-29 12:45:07,2026-08-29 12:45:07
2b5de6a7-3010-4c88-9bbb-50218973c147,,,Evidence Registered,Chikkaballapura Town,Evidence logged for case CR-2026-DET-065,2026-08-29 12:45:07,8dfc78fd-3f73-4a42-9a0b-1af57621c7ca,2026-08-29 12:45:07,2026-08-29 12:45:07
49e6f858-5cee-4ca9-9b00-c2196ecfe116,,,Evidence Registered,Gundlupet Junction,Evidence logged for case CR-2026-CMR-002,2026-08-29 12:45:07,8e1ccd6b-47cc-499b-944b-89207e2241c6,2026-08-29 12:45:07,2026-08-29 12:45:07
3b26d9af-578d-4d75-a328-8182bcacf83a,,,Evidence Registered,Bellary-Hospet Road,Evidence logged for case CR-2026-DET-266,2026-08-29 12:45:08,8e9617d3-db5a-4437-8be7-f95f049fc120,2026-08-29 12:45:08,2026-08-29 12:45:08
e00dd8f8-9939-40f8-acd2-83f08a5507ca,,,Evidence Registered,Arsikere Town Road,Evidence logged for case CR-2026-DET-171,2026-08-29 12:45:08,8ebf5af9-df3a-4ae3-b4b1-dfca0604789f,2026-08-29 12:45:08,2026-08-29 12:45:08
37aa8b92-aad2-4d3f-bdbb-2f8b5e07df88,,,Forensic Analysis Initiated,Forensic Lab,Evidence submitted for forensic examination,2026-08-29 12:45:07,8ec91bfd-1a9b-47d0-b968-348281b4b892,2026-08-29 12:45:07,2026-08-29 12:45:07
2bfdf3f4-44d1-462f-9553-82bce38c2333,5120413d-57fd-47ad-9128-2a5b8dd553d8,5120413d-57fd-47ad-9128-2a5b8dd553d8,Evidence Registered,Devaraja Market Zone,Evidence logged for case CR-2026-MYS-002,2026-08-29 12:45:07,8eee8158-fbcc-409c-aa0e-6fa9d20ef769,2026-08-29 12:45:07,2026-08-29 12:45:07
2c618f8b-888b-422f-88ca-08296cbd218d,,,Evidence Registered,KR Puram Transit Corridor,Evidence logged for case CR-2026-DET-236,2026-08-29 12:45:08,8ff72920-05c2-4d52-98d9-ce0891547af2,2026-08-29 12:45:08,2026-08-29 12:45:08
f65a0fc9-e837-43de-b24f-6be2b31172e3,,,Evidence Registered,Kolar Gold Fields Road,Evidence logged for case CR-2026-KLR-001,2026-08-29 12:45:07,9077fc10-b477-40c4-a071-c7b4051650d5,2026-08-29 12:45:07,2026-08-29 12:45:07
c0e124a3-53d6-42e4-99c6-6afdf1190143,,,Evidence Registered,Camp Area Patrol,Evidence logged for case CR-2026-DET-199,2026-08-29 12:45:08,90cdd169-2db6-4fd6-a0ef-6a9b7791b2b2,2026-08-29 12:45:08,2026-08-29 12:45:08
fa429a39-cb3e-4a31-9766-c6f50305a184,,,Evidence Registered,Hospet Town Center,Evidence logged for case CR-2026-DET-247,2026-08-29 12:45:08,915be2a4-88f2-4a9a-9945-84e826bfbf6f,2026-08-29 12:45:08,2026-08-29 12:45:08
7d478a82-a37e-49f8-a9b2-1471a8b0f127,,,Evidence Registered,Davanagere Market Road,Evidence logged for case CR-2026-DET-050,2026-08-29 12:45:07,9198de7b-c471-4ac3-a80c-fae9fdd673e4,2026-08-29 12:45:07,2026-08-29 12:45:07
5b50830d-e92d-463f-a010-7fb15edfb035,,,Forensic Analysis Initiated,Forensic Lab,Evidence submitted for forensic examination,2026-08-29 12:45:08,91a12c74-06b6-44b1-88b7-f4512f860db5,2026-08-29 12:45:08,2026-08-29 12:45:08
85926773-d092-4a11-b2f8-d96ae7de639a,,,Evidence Registered,KR Puram Transit Corridor,Evidence logged for case CR-2026-DET-290,2026-08-29 12:45:08,92373d28-2812-4d4f-b72c-09dcda35f345,2026-08-29 12:45:08,2026-08-29 12:45:08
fd98708e-8404-4da9-bbce-2297116abd6f,,,Forensic Analysis Initiated,Forensic Lab,Evidence submitted for forensic examination,2026-08-29 12:45:08,9239f766-530c-4d7d-bcd9-3099486ab02c,2026-08-29 12:45:08,2026-08-29 12:45:08
75d49b83-3c12-40e7-b215-41b17c45576b,,,Forensic Analysis Initiated,Forensic Lab,Evidence submitted for forensic examination,2026-08-29 12:45:07,923f73b9-d8d9-4b40-8f0f-ddc2f2f1e2c0,2026-08-29 12:45:07,2026-08-29 12:45:07
c28cd8f2-8fb3-4136-ba36-4546d4c07fca,,,Forensic Analysis Initiated,Forensic Lab,Evidence submitted for forensic examination,2026-08-29 12:45:08,927cf301-f1c1-4745-8aa6-cf4293894aa3,2026-08-29 12:45:08,2026-08-29 12:45:08
cbc08f90-24c1-4d86-bcfb-069fa3e554d2,,,Evidence Registered,Udupi Krishna Math Road,Evidence logged for case CR-2026-DET-057,2026-08-29 12:45:07,92f84010-5acf-48f7-ad34-9d904849a0cf,2026-08-29 12:45:07,2026-08-29 12:45:07
cdb58c2a-3051-4c26-a88d-287b78702f72,,,Evidence Registered,Davanagere Market Road,Evidence logged for case CR-2026-DVG-001,2026-08-29 12:45:07,9341742a-fc0a-49fc-904b-84601e2aa825,2026-08-29 12:45:07,2026-08-29 12:45:07
6669178e-4e99-46e5-8285-49a66f7432f6,,,Analysis Completed,Forensic Lab,Forensic analysis complete — results filed with charge sheet,2026-08-29 12:45:08,937a304e-b94b-4040-bf1a-d7c53c4d5426,2026-08-29 12:45:08,2026-08-29 12:45:08
19b7663c-305c-4c67-a6aa-a84e2ffd4920,,,Evidence Registered,Bagalkote Main Road,Evidence logged for case CR-2026-DET-184,2026-08-29 12:45:08,951c8aa0-6ab1-427a-a3c8-ca528c73bf83,2026-08-29 12:45:08,2026-08-29 12:45:08
a8fa5101-097c-44cf-8b46-e7ca0a8a641f,,,Forensic Analysis Initiated,Forensic Lab,Evidence submitted for forensic examination,2026-08-29 12:45:07,953c9893-46c9-43b1-9f33-5ee07b65de82,2026-08-29 12:45:07,2026-08-29 12:45:07
66329887-c1fd-42c9-b13c-a5fdec26318c,,,Forensic Analysis Initiated,Forensic Lab,Evidence submitted for forensic examination,2026-08-29 12:45:07,955f5c80-8397-43f2-b5d9-b0d8a99715ae,2026-08-29 12:45:07,2026-08-29 12:45:07
5c8657db-8734-40f2-921a-19419292d1b2,5120413d-57fd-47ad-9128-2a5b8dd553d8,5120413d-57fd-47ad-9128-2a5b8dd553d8,Evidence Registered,Devaraja Market Zone,Evidence logged for case CR-2026-MYS-001,2026-08-29 12:45:07,959c0369-9970-49a7-bc27-c557ded79a5e,2026-08-29 12:45:07,2026-08-29 12:45:07
64c010e7-07fa-4d12-8943-483092f8c8d0,,,Forensic Analysis Initiated,Forensic Lab,Evidence submitted for forensic examination,2026-08-29 12:45:08,95a86a5d-6d4f-4468-a5f7-4f3ace831cff,2026-08-29 12:45:08,2026-08-29 12:45:08
8a7d2eea-6580-4cc3-9f9d-bba0b69b003f,,,Forensic Analysis Initiated,Forensic Lab,Evidence submitted for forensic examination,2026-08-29 12:45:07,95d644c4-a84a-4dc4-b906-c32ad05c2f78,2026-08-29 12:45:07,2026-08-29 12:45:07
32d4b1c8-c39c-4a25-bbf9-e501a199a3d3,,,Forensic Analysis Initiated,Forensic Lab,Evidence submitted for forensic examination,2026-08-29 12:45:07,95d99b2e-4c8d-47c2-9f35-322f3c087591,2026-08-29 12:45:07,2026-08-29 12:45:07
31db7937-2ba3-46b3-ad1d-e602483918e5,,,Evidence Registered,Hiriyur Junction,Evidence logged for case CR-2026-DET-282,2026-08-29 12:45:08,95e19dd5-0987-41ee-ab88-099be3c7b5de,2026-08-29 12:45:08,2026-08-29 12:45:08
a19fc8b0-c2b2-4f51-a342-23fe585eb266,,,Evidence Registered,Gulbarga University Road,Evidence logged for case CR-2026-DET-064,2026-08-29 12:45:07,96f71d9c-251e-4755-a09c-89c3cecceab3,2026-08-29 12:45:07,2026-08-29 12:45:07
55ba347f-be27-4ebf-86e8-0b79527ac0b2,,,Evidence Registered,Chikkaballapura Town,Evidence logged for case CR-2026-CB-001,2026-08-29 12:45:07,97b37bbb-57ad-4a75-b488-7f526dbb63f0,2026-08-29 12:45:07,2026-08-29 12:45:07
e94bdf44-8e6d-48b5-a3bb-a238a97277c2,,,Evidence Registered,Dharwad Market Yard,Evidence logged for case CR-2026-DET-280,2026-08-29 12:45:08,9887599a-600e-466a-894b-a2573a9d9d35,2026-08-29 12:45:08,2026-08-29 12:45:08
c2072eb6-d311-4a4d-bd83-e097f30dbd57,,,Evidence Registered,Jayanagar 4th Block,Evidence logged for case CR-2026-DET-061,2026-08-29 12:45:07,996450c0-eb87-4f18-9aac-5228640fd249,2026-08-29 12:45:07,2026-08-29 12:45:07
ecf1d779-f715-49de-aded-1c9ffa1ff5e5,,,Forensic Analysis Initiated,Forensic Lab,Evidence submitted for forensic examination,2026-08-29 12:45:07,99c4277e-8b6f-4f94-8dff-dd432ef7285a,2026-08-29 12:45:07,2026-08-29 12:45:07
9c1af562-ce49-4e82-9db9-5c4b3a181e8f,,,Forensic Analysis Initiated,Forensic Lab,Evidence submitted for forensic examination,2026-08-29 12:45:07,99e4e003-8ee3-40ec-aa2b-bb31ac5cd94f,2026-08-29 12:45:07,2026-08-29 12:45:07
1f1176ea-c2ca-41cb-909e-e3f797949f4b,,,Forensic Analysis Initiated,Forensic Lab,Evidence submitted for forensic examination,2026-08-29 12:45:08,9a356d1c-1ab8-4ac5-aba1-8da1f9a9eb35,2026-08-29 12:45:08,2026-08-29 12:45:08
a99d685a-013c-4801-bc04-bd6b2570ddc3,,,Forensic Analysis Initiated,Forensic Lab,Evidence submitted for forensic examination,2026-08-29 12:45:07,9a6677b9-e0e8-4875-8cbe-2b212402f926,2026-08-29 12:45:07,2026-08-29 12:45:07
67ebbb1d-cd44-4b9f-a4e4-e085c2946cad,,,Evidence Registered,Channapatna Bus Stand,Evidence logged for case CR-2026-RMN-002,2026-08-29 12:45:07,9ac24885-5cf0-45fa-9c5c-20899c7752dd,2026-08-29 12:45:07,2026-08-29 12:45:07
2b5de6a7-3010-4c88-9bbb-50218973c147,,,Forensic Analysis Initiated,Forensic Lab,Evidence submitted for forensic examination,2026-08-29 12:45:07,9af0ca95-8465-4102-8c7b-131cef701b10,2026-08-29 12:45:07,2026-08-29 12:45:07
b3610e06-53ff-4b56-a2f5-e5268424bae9,,,Evidence Registered,Kolar Gold Fields Road,Evidence logged for case CR-2026-DET-062,2026-08-29 12:45:07,9b1f566a-cd21-4d51-9fd4-379787148027,2026-08-29 12:45:07,2026-08-29 12:45:07
db1305d2-e39d-40bc-a039-9af60f9916ec,,,Evidence Registered,Mysuru-Mandya Highway,Evidence logged for case CR-2026-DET-177,2026-08-29 12:45:08,9be223ce-8ddb-4df4-9dad-9854ccf8ee09,2026-08-29 12:45:08,2026-08-29 12:45:08
0a1ef191-e432-4e05-93dd-c6a6b51d0495,5120413d-57fd-47ad-9128-2a5b8dd553d8,5120413d-57fd-47ad-9128-2a5b8dd553d8,Forensic Analysis Initiated,Forensic Lab,Evidence submitted for forensic examination,2026-08-29 12:45:08,9be50a05-39de-40b4-bca6-40eadc57d053,2026-08-29 12:45:08,2026-08-29 12:45:08
ec25ef76-bbcb-4554-9d43-78331ae6cf73,,,Evidence Registered,Gadag Town Center,Evidence logged for case CR-2026-GDG-001,2026-08-29 12:45:07,9c609699-3b8a-4e68-8151-c7210e47f291,2026-08-29 12:45:07,2026-08-29 12:45:07
f597b422-223d-4686-938b-33fd23b38029,,,Forensic Analysis Initiated,Forensic Lab,Evidence submitted for forensic examination,2026-08-29 12:45:08,9d659b93-6428-4ff2-8935-30b302cfa7ca,2026-08-29 12:45:08,2026-08-29 12:45:08
c2fe672d-bd3f-44f7-98bb-eedf4d671352,,,Forensic Analysis Initiated,Forensic Lab,Evidence submitted for forensic examination,2026-08-29 12:45:07,9e9694f0-7cc2-4280-9228-49bc7fef5b81,2026-08-29 12:45:07,2026-08-29 12:45:07
cd20aad7-09a2-4eb1-8332-129a6423b361,,,Forensic Analysis Initiated,Forensic Lab,Evidence submitted for forensic examination,2026-08-29 12:45:08,9f7cb73a-5c27-44d8-b00f-c4118410ea55,2026-08-29 12:45:08,2026-08-29 12:45:08
b4bbbd19-f717-49ae-a147-c3f6ddd874a2,5120413d-57fd-47ad-9128-2a5b8dd553d8,5120413d-57fd-47ad-9128-2a5b8dd553d8,Analysis Completed,Forensic Lab,Forensic analysis complete — results filed with charge sheet,2026-08-29 12:45:08,9fbc45db-410f-434f-aa72-9e683fa40dc3,2026-08-29 12:45:08,2026-08-29 12:45:08
9e4b3920-60ba-48db-a8fe-05cfa700c5c7,5120413d-57fd-47ad-9128-2a5b8dd553d8,5120413d-57fd-47ad-9128-2a5b8dd553d8,Forensic Analysis Initiated,Forensic Lab,Evidence submitted for forensic examination,2026-08-29 12:45:07,a06b9914-b7e3-441b-b4e7-852d5b84c2f1,2026-08-29 12:45:07,2026-08-29 12:45:07
b91a4300-89c2-484f-846d-00bd85866a33,,,Evidence Registered,Camp Area Patrol,Evidence logged for case CR-2026-DET-310,2026-08-29 12:45:08,a090e368-9e8f-4125-a8d8-dd501184c792,2026-08-29 12:45:08,2026-08-29 12:45:08
9c1af562-ce49-4e82-9db9-5c4b3a181e8f,,,Evidence Registered,Yellapur Junction,Evidence logged for case CR-2026-DET-011,2026-08-29 12:45:07,a0a6f282-6c10-486a-b4b3-e9dd1fbe87b5,2026-08-29 12:45:07,2026-08-29 12:45:07
e2d6a8a8-9732-451b-8233-a9d7f7d89ba4,,,Analysis Completed,Forensic Lab,Forensic analysis complete — results filed with charge sheet,2026-08-29 12:45:08,a1c58dfc-bfdc-4017-9641-dab266665e4f,2026-08-29 12:45:08,2026-08-29 12:45:08
7c24c6ec-f739-489a-9993-f43e9532f476,,,Forensic Analysis Initiated,Forensic Lab,Evidence submitted for forensic examination,2026-08-29 12:45:07,a253c2a5-073b-46d6-8a2c-58b52f549275,2026-08-29 12:45:07,2026-08-29 12:45:07
5a1456da-fa11-416c-8668-2c2e181b1065,,,Evidence Registered,Gundlupet Junction,Evidence logged for case CR-2026-DET-170,2026-08-29 12:45:08,a258011d-65b3-4558-a752-ba769c942d5b,2026-08-29 12:45:08,2026-08-29 12:45:08
0fddef37-8ebc-4e37-a1e7-3bcc6acc6ca2,,,Evidence Registered,Tiptur Market Area,Evidence logged for case CR-2026-DET-238,2026-08-29 12:45:08,a2fb002b-f6a7-4938-9aa1-6f4bf92eba5e,2026-08-29 12:45:08,2026-08-29 12:45:08
e2d6a8a8-9732-451b-8233-a9d7f7d89ba4,,,Forensic Analysis Initiated,Forensic Lab,Evidence submitted for forensic examination,2026-08-29 12:45:08,a3f1db05-7a11-40be-a26f-81f1787e74e5,2026-08-29 12:45:08,2026-08-29 12:45:08
18109322-3fde-4546-8a8a-badacc8dff6c,,,Forensic Analysis Initiated,Forensic Lab,Evidence submitted for forensic examination,2026-08-29 12:45:07,a3f22c2a-9476-41ba-a733-b168c1161cfa,2026-08-29 12:45:07,2026-08-29 12:45:07
a5c2c0fa-e56a-4baa-ba90-cadc07c124cc,,,Evidence Registered,Kolar Gold Fields Road,Evidence logged for case CR-2026-DET-093,2026-08-29 12:45:07,a43513ed-5d8d-4282-9abb-161e403a9655,2026-08-29 12:45:07,2026-08-29 12:45:07
c615fb7f-dbd8-4e19-a746-0620a591a487,,,Evidence Registered,Jamakhandi Station Road,Evidence logged for case CR-2026-DET-049,2026-08-29 12:45:07,a462cdc6-843b-4455-a7eb-637d1f517c7f,2026-08-29 12:45:07,2026-08-29 12:45:07
57760272-bd6a-4547-8b84-9be7db76255e,,,Forensic Analysis Initiated,Forensic Lab,Evidence submitted for forensic examination,2026-08-29 12:45:08,a4958713-39fb-48cb-b4fa-3d99096c5aa3,2026-08-29 12:45:08,2026-08-29 12:45:08
dd086460-e5dd-465a-b6f2-2567a95c5387,,,Evidence Registered,Hubli Traffic Island,Evidence logged for case CR-2026-DET-188,2026-08-29 12:45:08,a4f115eb-5be1-4f8b-819c-bc55ec0963d0,2026-08-29 12:45:08,2026-08-29 12:45:08
bcfef3eb-cc4f-42a0-b3ad-8f9ccebd3741,,,Evidence Registered,Jamakhandi Station Road,Evidence logged for case CR-2026-DET-014,2026-08-29 12:45:07,a4f5e4f7-4536-4614-902f-14c816dd1718,2026-08-29 12:45:07,2026-08-29 12:45:07
07ea4100-c582-4278-abcd-62a034c7b6d6,,,Evidence Registered,Bangarapet Station Road,Evidence logged for case CR-2026-DET-207,2026-08-29 12:45:08,a5844362-f48d-445d-8c91-a6fcf69fcb1a,2026-08-29 12:45:08,2026-08-29 12:45:08
9f2257f3-4e9f-46c2-ac00-a3bafe1ca43c,,,Forensic Analysis Initiated,Forensic Lab,Evidence submitted for forensic examination,2026-08-29 12:45:07,a5c8531a-9468-4161-8f04-3b9afbeee500,2026-08-29 12:45:07,2026-08-29 12:45:07
de7ae201-7b7d-4197-94e7-f67c20c0fad7,,,Evidence Registered,Sagara Main Road,Evidence logged for case CR-2026-DET-008,2026-08-29 12:45:07,a5ddd4a4-960c-4239-8b3f-123e624e159a,2026-08-29 12:45:07,2026-08-29 12:45:07
b4bbbd19-f717-49ae-a147-c3f6ddd874a2,5120413d-57fd-47ad-9128-2a5b8dd553d8,5120413d-57fd-47ad-9128-2a5b8dd553d8,Evidence Registered,Vani Vilas Mohalla,Evidence logged for case CR-2026-DET-163,2026-08-29 12:45:08,a5fdcd73-5e73-4fc5-8788-ca9d422b8421,2026-08-29 12:45:08,2026-08-29 12:45:08
2ecdbdc9-5b9e-4bf3-9589-de82a5555fe2,,,Evidence Registered,Kolar Gold Fields Road,Evidence logged for case CR-2026-DET-262,2026-08-29 12:45:08,a60eb5f7-9394-4de4-8de0-e2ac58072efd,2026-08-29 12:45:08,2026-08-29 12:45:08
9f095f4e-628d-4eba-bbdd-56840c688f38,5120413d-57fd-47ad-9128-2a5b8dd553d8,5120413d-57fd-47ad-9128-2a5b8dd553d8,Forensic Analysis Initiated,Forensic Lab,Evidence submitted for forensic examination,2026-08-29 12:45:07,a6402dde-c01a-4548-9172-1644952327e6,2026-08-29 12:45:07,2026-08-29 12:45:07
9c1af2b9-20e2-41f4-90fb-4730986fe371,,,Forensic Analysis Initiated,Forensic Lab,Evidence submitted for forensic examination,2026-08-29 12:45:08,a69e2775-ba89-41b9-b5ba-9d43bd8a562f,2026-08-29 12:45:08,2026-08-29 12:45:08
4dce4995-8bc7-4150-ada5-bbe06d03ade8,,,Evidence Registered,Bidar Fort Road,Evidence logged for case CR-2026-DET-276,2026-08-29 12:45:08,a6eb7d63-b1e2-458a-9c78-bd1b944410b9,2026-08-29 12:45:08,2026-08-29 12:45:08
8d1e963b-eaee-4f6e-b8eb-00c21942dc18,,,Forensic Analysis Initiated,Forensic Lab,Evidence submitted for forensic examination,2026-08-29 12:45:07,a6f1c9ef-a4e8-4246-853f-3c7dc8b454fd,2026-08-29 12:45:07,2026-08-29 12:45:07
9a7ed421-e2df-424e-abd6-5b1ce2eb3702,,,Evidence Registered,Harbor Gate A,Evidence logged for case CR-2026-DET-298,2026-08-29 12:45:08,a6f86ffd-06b7-4fa4-b633-0897cff6ca12,2026-08-29 12:45:08,2026-08-29 12:45:08
6210f391-52ef-4e31-987e-f01406203716,,,Forensic Analysis Initiated,Forensic Lab,Evidence submitted for forensic examination,2026-08-29 12:45:07,a715cc39-d1e7-4ebe-a8ec-57da686387c5,2026-08-29 12:45:07,2026-08-29 12:45:07
b4bbbd19-f717-49ae-a147-c3f6ddd874a2,5120413d-57fd-47ad-9128-2a5b8dd553d8,5120413d-57fd-47ad-9128-2a5b8dd553d8,Forensic Analysis Initiated,Forensic Lab,Evidence submitted for forensic examination,2026-08-29 12:45:08,a7831071-6b22-41e4-8444-8da31f70915c,2026-08-29 12:45:08,2026-08-29 12:45:08
cd7274d4-c9d8-4e1d-abc4-511adf7269f4,,,Evidence Registered,Koramangala Layout,Evidence logged for case CR-2026-DET-038,2026-08-29 12:45:07,a8348c41-93d3-4c1b-a77c-2b3236339856,2026-08-29 12:45:07,2026-08-29 12:45:07
d862b0d8-4de6-47a7-abd9-1a76fba29025,,,Analysis Completed,Forensic Lab,Forensic analysis complete — results filed with charge sheet,2026-08-29 12:45:07,a84a54a4-ba4f-4f88-bece-1cd3c0842617,2026-08-29 12:45:07,2026-08-29 12:45:07
b1e98f1b-4eb2-4300-8c87-20b69dcddf5a,,,Evidence Registered,Haveri Bus Stand Area,Evidence logged for case CR-2026-DET-193,2026-08-29 12:45:08,a8578295-84cc-4184-af32-76ea2580a353,2026-08-29 12:45:08,2026-08-29 12:45:08
a6f2349a-8e14-44a3-aea1-8ec3e7d4de4d,,,Evidence Registered,Chowk Survey Layout,Evidence logged for case CR-2026-DET-217,2026-08-29 12:45:08,a882a123-974f-418d-a91c-2786ea443ef9,2026-08-29 12:45:08,2026-08-29 12:45:08
5ef22c42-876f-4c04-8da7-c156ef30cbca,,,Forensic Analysis Initiated,Forensic Lab,Evidence submitted for forensic examination,2026-08-29 12:45:08,a912cdd5-5e45-404a-9ba1-34f0cf5d3ca0,2026-08-29 12:45:08,2026-08-29 12:45:08
fa25b698-0a04-41c1-8f9c-2caaaf888491,,,Evidence Registered,Bellary-Hospet Road,Evidence logged for case CR-2026-VJN-002,2026-08-29 12:45:07,a9172b84-6f6d-4343-a6e1-cc68583deeca,2026-08-29 12:45:07,2026-08-29 12:45:07
1ea8d308-4250-4a47-94a5-0691bc6d0c7f,,,Analysis Completed,Forensic Lab,Forensic analysis complete — results filed with charge sheet,2026-08-29 12:45:07,a994836e-56a4-4a60-823e-afc87e13bea4,2026-08-29 12:45:07,2026-08-29 12:45:07
88f535c6-8bf8-4b8a-8807-39c5c0464019,,,Forensic Analysis Initiated,Forensic Lab,Evidence submitted for forensic examination,2026-08-29 12:45:08,aa529fb8-0195-47a1-a418-41953468dd85,2026-08-29 12:45:08,2026-08-29 12:45:08
c27a871f-3743-43bf-bfea-9761dbb262bf,,,Forensic Analysis Initiated,Forensic Lab,Evidence submitted for forensic examination,2026-08-29 12:45:07,ab24ceb8-a2e3-41f2-8e3d-6d19febb33c4,2026-08-29 12:45:07,2026-08-29 12:45:07
4b15d87f-b9ab-4c79-90ec-2bf7e03bc25b,,,Forensic Analysis Initiated,Forensic Lab,Evidence submitted for forensic examination,2026-08-29 12:45:08,ab30e5c7-542a-4bc1-ace7-4b61b5038b4e,2026-08-29 12:45:08,2026-08-29 12:45:08
c6e8e3ec-0493-454e-a79e-952a5168efda,,,Forensic Analysis Initiated,Forensic Lab,Evidence submitted for forensic examination,2026-08-29 12:45:07,ac36b51f-5b43-475c-b6ff-2153da570ba8,2026-08-29 12:45:07,2026-08-29 12:45:07
e37ad692-32e5-48d6-a71a-cf92f71d1080,,,Evidence Registered,Mysuru-Mandya Highway,Evidence logged for case CR-2026-DET-240,2026-08-29 12:45:08,ac49256a-873b-4c29-9943-cdaa72f12c49,2026-08-29 12:45:08,2026-08-29 12:45:08
5655573a-4c15-4e9f-bf33-d55f3f5a2945,,,Forensic Analysis Initiated,Forensic Lab,Evidence submitted for forensic examination,2026-08-29 12:45:08,ac51354c-de8c-4c3c-8450-033ec65d8e94,2026-08-29 12:45:08,2026-08-29 12:45:08
8f351651-5d0f-4a9f-861d-56a591bc0459,,,Forensic Analysis Initiated,Forensic Lab,Evidence submitted for forensic examination,2026-08-29 12:45:07,acac6d21-83e7-498e-8b98-b23396ca5e7b,2026-08-29 12:45:07,2026-08-29 12:45:07
a99d685a-013c-4801-bc04-bd6b2570ddc3,,,Evidence Registered,Chikkamagaluru Town,Evidence logged for case CR-2026-DET-095,2026-08-29 12:45:07,ae0d98e1-7c77-465b-8eda-7356d5d92ddd,2026-08-29 12:45:07,2026-08-29 12:45:07
afe69959-7777-43e9-8ba8-fbfcd29dce57,,,Forensic Analysis Initiated,Forensic Lab,Evidence submitted for forensic examination,2026-08-29 12:45:07,ae20c39b-6364-4443-a56d-ba5a39d55ea8,2026-08-29 12:45:07,2026-08-29 12:45:07
6a1e87cd-b970-4b41-9ae7-05a0c5d293a2,,,Evidence Registered,Dharwad Market Yard,Evidence logged for case CR-2026-DET-132,2026-08-29 12:45:07,ae40d20c-26e1-4d71-a56e-7c564fef56c5,2026-08-29 12:45:07,2026-08-29 12:45:07
9d9f57c0-a0ea-4c37-8f03-f4e41058d3b7,,,Evidence Registered,Chikkaballapura Town,Evidence logged for case CR-2026-DET-016,2026-08-29 12:45:07,ae9145cb-abf0-4a02-83c9-a78e6cdfec1a,2026-08-29 12:45:07,2026-08-29 12:45:07
008ffbc0-534a-4030-853f-18d8e0034e3d,,,Evidence Registered,Ranebennur Cross,Evidence logged for case CR-2026-DET-139,2026-08-29 12:45:07,aebed0ef-7b95-47ca-ae18-ddaf4659d5d1,2026-08-29 12:45:07,2026-08-29 12:45:07
19b00b65-627b-4307-9e94-23716a52af8c,,,Evidence Registered,Channapatna Bus Stand,Evidence logged for case CR-2026-DET-281,2026-08-29 12:45:08,aed48d81-660e-42d4-994c-a6ef7b9c54be,2026-08-29 12:45:08,2026-08-29 12:45:08
f323ecc9-4fa9-49cf-be12-5762b102fb9a,,,Evidence Registered,Shimoga City Center,Evidence logged for case CR-2026-SHG-001,2026-08-29 12:45:07,af406e96-3fb0-4cb7-ae88-a1ed133a9895,2026-08-29 12:45:07,2026-08-29 12:45:07
b3a254b4-0aa9-4e58-b9d0-44708aa1cbd8,,,Evidence Registered,Koppal Town Center,Evidence logged for case CR-2026-KPL-001,2026-08-29 12:45:07,af704b91-898a-42cd-837b-f88d28a6963b,2026-08-29 12:45:07,2026-08-29 12:45:07
f1d29431-8339-4347-9258-481bf6547b36,,,Evidence Registered,Chikkaballapura Town,Evidence logged for case CR-2026-DET-146,2026-08-29 12:45:08,afaf14ae-5da7-411f-ac3d-7d4492a83ae9,2026-08-29 12:45:08,2026-08-29 12:45:08
4ff687d3-6209-4429-aa8a-3330fe3f5b96,,,Evidence Registered,Harpanahalli Junction,Evidence logged for case CR-2026-DVG-002,2026-08-29 12:45:07,afbdf374-770b-449e-b98a-b55be1c101f7,2026-08-29 12:45:07,2026-08-29 12:45:07
f65a0fc9-e837-43de-b24f-6be2b31172e3,,,Forensic Analysis Initiated,Forensic Lab,Evidence submitted for forensic examination,2026-08-29 12:45:07,afe0dfcd-eefa-4ca5-be93-2c6b1b29b25d,2026-08-29 12:45:07,2026-08-29 12:45:07
4b08a98b-8103-4b97-a7d6-0167b19a4c36,,,Forensic Analysis Initiated,Forensic Lab,Evidence submitted for forensic examination,2026-08-29 12:45:08,afeeca2f-8b2b-4f1b-bd7d-060889bca3b3,2026-08-29 12:45:08,2026-08-29 12:45:08
21ca4243-dba6-4ee2-9604-b202e7fefe86,,,Forensic Analysis Initiated,Forensic Lab,Evidence submitted for forensic examination,2026-08-29 12:45:07,b0121157-e2e6-4913-9a4a-16d2a7c33d2a,2026-08-29 12:45:07,2026-08-29 12:45:07
7c24c6ec-f739-489a-9993-f43e9532f476,,,Analysis Completed,Forensic Lab,Forensic analysis complete — results filed with charge sheet,2026-08-29 12:45:07,b053077c-a7a2-43e4-9435-5f58775499e2,2026-08-29 12:45:07,2026-08-29 12:45:07
2d242109-66b7-4ff8-8870-ff5d3d20b6e0,,,Forensic Analysis Initiated,Forensic Lab,Evidence submitted for forensic examination,2026-08-29 12:45:07,b06752bd-de12-4c16-a5b6-414b48cf9196,2026-08-29 12:45:07,2026-08-29 12:45:07
f11a22ae-ec0d-4e45-8ab2-4a0270124b4e,,,Evidence Registered,KR Puram Transit Corridor,Evidence logged for case CR-2026-DET-091,2026-08-29 12:45:07,b06a5885-e4c5-4452-806c-a0156d9f82aa,2026-08-29 12:45:07,2026-08-29 12:45:07
f5c9536d-9899-4d60-b920-49bb4b8f2bdb,,,Forensic Analysis Initiated,Forensic Lab,Evidence submitted for forensic examination,2026-08-29 12:45:07,b0953bb1-5d8b-4d27-89d6-9e95f3c2c087,2026-08-29 12:45:07,2026-08-29 12:45:07
fe664e12-8a74-46eb-8b0f-fce71382f146,5120413d-57fd-47ad-9128-2a5b8dd553d8,5120413d-57fd-47ad-9128-2a5b8dd553d8,Evidence Registered,Nazar Mohalla Beat,Evidence logged for case CR-2026-DET-284,2026-08-29 12:45:08,b12c8a61-0fdf-4014-a370-2ab48fcac6f2,2026-08-29 12:45:08,2026-08-29 12:45:08
ce8686f6-ddee-4e5c-bf4c-6fddcee4dd68,,,Forensic Analysis Initiated,Forensic Lab,Evidence submitted for forensic examination,2026-08-29 12:45:08,b15a181d-f3d1-4ba3-9a83-84b236522062,2026-08-29 12:45:08,2026-08-29 12:45:08
40ffa22b-1fe3-4686-a564-29c65b3a24fd,,,Evidence Registered,Raichur Town Center,Evidence logged for case CR-2026-DET-129,2026-08-29 12:45:07,b16ba110-9079-4341-8431-c8abcc27e3c0,2026-08-29 12:45:07,2026-08-29 12:45:07
e5f5cbb1-d96e-42ee-b82d-60397e17b1b2,5120413d-57fd-47ad-9128-2a5b8dd553d8,5120413d-57fd-47ad-9128-2a5b8dd553d8,Forensic Analysis Initiated,Forensic Lab,Evidence submitted for forensic examination,2026-08-29 12:45:08,b1ada77d-218f-4ed8-a093-7fb436242692,2026-08-29 12:45:08,2026-08-29 12:45:08
61a667d2-d65c-4bd5-badc-65e0c80e629a,,,Forensic Analysis Initiated,Forensic Lab,Evidence submitted for forensic examination,2026-08-29 12:45:07,b1ea0d1d-7c20-4746-9a6c-7f28fdbff874,2026-08-29 12:45:07,2026-08-29 12:45:07
7034518e-5e69-4b44-91f7-ce90af8d367f,,,Forensic Analysis Initiated,Forensic Lab,Evidence submitted for forensic examination,2026-08-29 12:45:08,b1eee057-8729-471e-bc66-73d753ba50f0,2026-08-29 12:45:08,2026-08-29 12:45:08
a41ba673-f2d2-4942-8f74-b43c0e90e3df,,,Evidence Registered,Bangarapet Station Road,Evidence logged for case CR-2026-DET-196,2026-08-29 12:45:08,b23eec97-0ec1-4319-9945-90d9d5961dbe,2026-08-29 12:45:08,2026-08-29 12:45:08
0e733fc6-fefe-4c60-97fd-4cdc327d5d2b,,,Evidence Registered,Gadag Town Center,Evidence logged for case CR-2026-DET-101,2026-08-29 12:45:07,b29300fc-1e35-4e3c-a47f-b0da24be90c9,2026-08-29 12:45:07,2026-08-29 12:45:07
478e98b7-4fb9-40b4-b3bc-148bdb6f23fa,,,Evidence Registered,Indi Town Center,Evidence logged for case CR-2026-DET-192,2026-08-29 12:45:08,b2d5c889-9296-4920-a165-0ffe7b5c5855,2026-08-29 12:45:08,2026-08-29 12:45:08
d4ce8238-1bd8-41ff-812c-2337458ac092,,,Evidence Registered,Channapatna Bus Stand,Evidence logged for case CR-2026-DET-178,2026-08-29 12:45:08,b2eedb93-cfc4-425c-bd3a-a6b4e1781ae9,2026-08-29 12:45:08,2026-08-29 12:45:08
bdc3172c-4d67-45eb-8d91-f9bf797b3ecf,,,Forensic Analysis Initiated,Forensic Lab,Evidence submitted for forensic examination,2026-08-29 12:45:08,b33c87ac-f01f-4b3a-b63e-a9f9b154a2a0,2026-08-29 12:45:08,2026-08-29 12:45:08
b92a2d13-de3b-4f44-9843-0df03a7f337b,,,Evidence Registered,Gangavathi Road,Evidence logged for case CR-2026-DET-271,2026-08-29 12:45:08,b360af25-2f96-4029-8d88-07a1d0666578,2026-08-29 12:45:08,2026-08-29 12:45:08
271ff166-6b49-408c-bb35-a69f3003753a,,,Forensic Analysis Initiated,Forensic Lab,Evidence submitted for forensic examination,2026-08-29 12:45:08,b39e0a8b-26fa-4bd9-94b7-daff8ef99d6b,2026-08-29 12:45:08,2026-08-29 12:45:08
f597b422-223d-4686-938b-33fd23b38029,,,Analysis Completed,Forensic Lab,Forensic analysis complete — results filed with charge sheet,2026-08-29 12:45:08,b416cc7b-b21e-4b38-88c4-361ce1123b97,2026-08-29 12:45:08,2026-08-29 12:45:08
de44ee37-44df-4ce6-8dd6-02006bcb332e,,,Evidence Registered,Dharwad Market Yard,Evidence logged for case CR-2026-DET-292,2026-08-29 12:45:08,b492e7f8-997d-4caf-a5a5-7f9ae2cad4e6,2026-08-29 12:45:08,2026-08-29 12:45:08
bb72002d-8378-4325-a8b4-0813c16f406c,,,Forensic Analysis Initiated,Forensic Lab,Evidence submitted for forensic examination,2026-08-29 12:45:07,b59fd974-0156-4294-b695-046da1c06560,2026-08-29 12:45:07,2026-08-29 12:45:07
3ffd49e2-12c6-4141-bbae-1b040ac6dfd9,5120413d-57fd-47ad-9128-2a5b8dd553d8,5120413d-57fd-47ad-9128-2a5b8dd553d8,Forensic Analysis Initiated,Forensic Lab,Evidence submitted for forensic examination,2026-08-29 12:45:08,b5b8f96e-4d82-42a8-b97a-6dc25b1c4978,2026-08-29 12:45:08,2026-08-29 12:45:08
b67e8f85-1a0b-4b07-8504-2aa055740797,,,Evidence Registered,Vijayapura Fort Area,Evidence logged for case CR-2026-DET-245,2026-08-29 12:45:08,b61f9945-7411-4bcb-a701-26d436d28ec0,2026-08-29 12:45:08,2026-08-29 12:45:08
26d1a2f0-8c86-4db1-a7f8-1507dfcd9b99,,,Forensic Analysis Initiated,Forensic Lab,Evidence submitted for forensic examination,2026-08-29 12:45:08,b71248a0-5a93-4a52-b802-f0b14c8214f6,2026-08-29 12:45:08,2026-08-29 12:45:08
64b6af8b-df48-42c5-a39d-a7d4433f4064,,,Forensic Analysis Initiated,Forensic Lab,Evidence submitted for forensic examination,2026-08-29 12:45:08,b7342538-e7b6-4611-87b2-a310c9693a87,2026-08-29 12:45:08,2026-08-29 12:45:08
fd733ead-e58f-44fd-a07e-5d4a098fb777,,,Forensic Analysis Initiated,Forensic Lab,Evidence submitted for forensic examination,2026-08-29 12:45:07,b7cf5d31-13f7-49e4-ae7c-e215b44bd8a6,2026-08-29 12:45:07,2026-08-29 12:45:07
61a667d2-d65c-4bd5-badc-65e0c80e629a,,,Analysis Completed,Forensic Lab,Forensic analysis complete — results filed with charge sheet,2026-08-29 12:45:07,b80c2b1a-1780-4057-9c0b-6454c31fb53f,2026-08-29 12:45:07,2026-08-29 12:45:07
222d6737-fb88-436b-a288-6090056a4d05,,,Forensic Analysis Initiated,Forensic Lab,Evidence submitted for forensic examination,2026-08-29 12:45:08,b811c6f1-a879-40ec-b6a1-740bf834819e,2026-08-29 12:45:08,2026-08-29 12:45:08
bc422527-c134-4c3b-8913-6a3b4755feca,,,Evidence Registered,Tirthahalli Cross,Evidence logged for case CR-2026-DET-074,2026-08-29 12:45:07,b8967503-3746-49aa-afd1-224dae11cae6,2026-08-29 12:45:07,2026-08-29 12:45:07
54927003-698a-4095-b6c5-1a4ad88709d9,,,Evidence Registered,Harpanahalli Junction,Evidence logged for case CR-2026-DET-237,2026-08-29 12:45:08,b8be9580-b093-4c78-84ac-09d8b961d679,2026-08-29 12:45:08,2026-08-29 12:45:08
51dc9c9f-e703-4a21-9cfd-22d451bb1813,,,Forensic Analysis Initiated,Forensic Lab,Evidence submitted for forensic examination,2026-08-29 12:45:07,b97f7eb9-836e-4b8a-bbc8-a1ab1ce1bfad,2026-08-29 12:45:07,2026-08-29 12:45:07
de7ae201-7b7d-4197-94e7-f67c20c0fad7,,,Forensic Analysis Initiated,Forensic Lab,Evidence submitted for forensic examination,2026-08-29 12:45:07,b99dcf19-9752-4d86-a6aa-626e5850d824,2026-08-29 12:45:07,2026-08-29 12:45:07
5c82878a-430a-4c07-aace-87a01f99bde8,,,Evidence Registered,Bellary City Center,Evidence logged for case CR-2026-DET-088,2026-08-29 12:45:07,ba59e0a8-8276-499d-8ecf-3c431fddd920,2026-08-29 12:45:07,2026-08-29 12:45:07
dd086460-e5dd-465a-b6f2-2567a95c5387,,,Forensic Analysis Initiated,Forensic Lab,Evidence submitted for forensic examination,2026-08-29 12:45:08,baa55dc9-e80a-401b-952b-c37904f194d8,2026-08-29 12:45:08,2026-08-29 12:45:08
afe69959-7777-43e9-8ba8-fbfcd29dce57,,,Analysis Completed,Forensic Lab,Forensic analysis complete — results filed with charge sheet,2026-08-29 12:45:07,bb44c963-677f-4f29-affb-f2e9c6d50b44,2026-08-29 12:45:07,2026-08-29 12:45:07
fd444b6c-43bf-4da2-8fde-039b9fa53e7d,,,Evidence Registered,Bagalkote Main Road,Evidence logged for case CR-2026-DET-317,2026-08-29 12:45:08,bb4c8630-cd46-465e-841f-fabccd7a948b,2026-08-29 12:45:08,2026-08-29 12:45:08
363c00b4-f382-41f7-8e1b-6723715dc8a4,,,Forensic Analysis Initiated,Forensic Lab,Evidence submitted for forensic examination,2026-08-29 12:45:07,bb95c1a5-4398-4b99-b8d9-7dfca57b310f,2026-08-29 12:45:07,2026-08-29 12:45:07
b48de7fd-f70a-4f7c-8816-85d0ce1bd5de,,,Evidence Registered,Karwar Port Road,Evidence logged for case CR-2026-UKN-001,2026-08-29 12:45:07,bb9e05d9-2ab1-4714-8517-c2bbe042fc41,2026-08-29 12:45:07,2026-08-29 12:45:07
d491808e-a66e-465a-9295-b787bb9e08a4,,,Analysis Completed,Forensic Lab,Forensic analysis complete — results filed with charge sheet,2026-08-29 12:45:07,bc33a2d0-4841-4521-8d2c-2ef73d513387,2026-08-29 12:45:07,2026-08-29 12:45:07
9f68143d-f5d2-48c0-a7f2-92fbf61131f8,,,Forensic Analysis Initiated,Forensic Lab,Evidence submitted for forensic examination,2026-08-29 12:45:08,bc6e753a-5a20-42cd-8d24-ddcfceffce30,2026-08-29 12:45:08,2026-08-29 12:45:08
bb1a0c46-0133-4492-b916-b824aecc3d64,,,Forensic Analysis Initiated,Forensic Lab,Evidence submitted for forensic examination,2026-08-29 12:45:07,bc7bb924-595a-4e96-9bb3-1636d7608ca6,2026-08-29 12:45:07,2026-08-29 12:45:07
f57e22da-64c4-49d0-880a-e70cb36eee4d,,,Evidence Registered,Gauribidanur Cross,Evidence logged for case CR-2026-DET-140,2026-08-29 12:45:07,bc8d8360-02e4-4454-9201-a9b9e18f74df,2026-08-29 12:45:07,2026-08-29 12:45:07
98baaafb-1cfb-4ef9-988b-7501eac3801a,,,Evidence Registered,Puttur Town Center,Evidence logged for case CR-2026-MNG-005,2026-08-29 12:45:07,bd55a8c8-0b0a-4e05-926f-0a36e084d18f,2026-08-29 12:45:07,2026-08-29 12:45:07
c7094e09-4539-499d-a079-e93eb774591d,,,Forensic Analysis Initiated,Forensic Lab,Evidence submitted for forensic examination,2026-08-29 12:45:07,bdc19ea9-d568-41cd-aae9-fe39dd8bda97,2026-08-29 12:45:07,2026-08-29 12:45:07
68aedf49-d23f-4d34-82d0-bf0597a8bb37,,,Evidence Registered,Mysuru-Mandya Highway,Evidence logged for case CR-2026-MND-002,2026-08-29 12:45:07,be4e5772-3915-4a96-a93f-9538dbe808da,2026-08-29 12:45:07,2026-08-29 12:45:07
cd18c356-aa5c-4d02-a188-65f6a7cddc82,,,Evidence Registered,Mandya Town Center,Evidence logged for case CR-2026-DET-142,2026-08-29 12:45:08,be7308e8-8fae-42d6-b451-ee7224bd41a4,2026-08-29 12:45:08,2026-08-29 12:45:08
40b52f5d-5f2a-42d8-9089-591551cccfd9,,,Evidence Registered,Jayanagar 4th Block,Evidence logged for case CR-2026-DET-168,2026-08-29 12:45:08,bf58b1f2-09ed-4b71-8ebc-63c79e414317,2026-08-29 12:45:08,2026-08-29 12:45:08
2ce7f237-4390-409e-b15e-26bb20f27158,,,Forensic Analysis Initiated,Forensic Lab,Evidence submitted for forensic examination,2026-08-29 12:45:08,bf62fe79-dda1-4130-9675-b06ad044e13a,2026-08-29 12:45:08,2026-08-29 12:45:08
8030806d-2c67-41b5-9291-73a3aa99186c,,,Evidence Registered,Betageri Cross,Evidence logged for case CR-2026-DET-167,2026-08-29 12:45:08,bfb344be-1549-4477-b12d-6628bc63ccb4,2026-08-29 12:45:08,2026-08-29 12:45:08
9b162d40-237d-43c9-b0b6-5ec860a75a99,,,Forensic Analysis Initiated,Forensic Lab,Evidence submitted for forensic examination,2026-08-29 12:45:07,bfbdf7e5-be92-45aa-b153-21e105e3abca,2026-08-29 12:45:07,2026-08-29 12:45:07
9f2257f3-4e9f-46c2-ac00-a3bafe1ca43c,,,Evidence Registered,Koramangala Layout,Evidence logged for case CR-2026-DET-067,2026-08-29 12:45:07,c01994f7-159b-4005-a570-a1c2ac201046,2026-08-29 12:45:07,2026-08-29 12:45:07
4b550da8-ad2a-4460-b117-72e59bdac041,,,Evidence Registered,Haveri Bus Stand Area,Evidence logged for case CR-2026-DET-046,2026-08-29 12:45:07,c0707607-7425-4311-8bc3-7ecbd0a7cb95,2026-08-29 12:45:07,2026-08-29 12:45:07
6fadf846-cbd6-4d54-8abf-a7714092bae0,,,Forensic Analysis Initiated,Forensic Lab,Evidence submitted for forensic examination,2026-08-29 12:45:07,c0a27313-e8bf-4541-a60f-8d2a58bc6017,2026-08-29 12:45:07,2026-08-29 12:45:07
5c5d8121-6023-4931-b95b-ee3663d16d62,,,Forensic Analysis Initiated,Forensic Lab,Evidence submitted for forensic examination,2026-08-29 12:45:08,c0eb6e74-371d-43ce-9a11-1eeb31f757d3,2026-08-29 12:45:08,2026-08-29 12:45:08
64c010e7-07fa-4d12-8943-483092f8c8d0,,,Evidence Registered,Hiriyur Junction,Evidence logged for case CR-2026-DET-211,2026-08-29 12:45:08,c227215a-39b5-4e63-a37d-6a7f4712c86a,2026-08-29 12:45:08,2026-08-29 12:45:08
40ffa22b-1fe3-4686-a564-29c65b3a24fd,,,Forensic Analysis Initiated,Forensic Lab,Evidence submitted for forensic examination,2026-08-29 12:45:07,c22b9823-822e-4ac5-9674-8290d974f252,2026-08-29 12:45:07,2026-08-29 12:45:07
a91d732d-0701-43eb-baa2-e6403ff9b815,,,Analysis Completed,Forensic Lab,Forensic analysis complete — results filed with charge sheet,2026-08-29 12:45:08,c24cd686-c22c-4a96-b97d-1d63d6c954bd,2026-08-29 12:45:08,2026-08-29 12:45:08
ceb2f9a4-d3b8-4bc2-8739-0217d06fed38,,,Evidence Registered,Indi Town Center,Evidence logged for case CR-2026-DET-081,2026-08-29 12:45:07,c27d944e-31c9-4cdc-8f48-f25851cb9102,2026-08-29 12:45:07,2026-08-29 12:45:07
4343a2a5-db4a-40a9-b12a-b6dd5e5e9c10,,,Forensic Analysis Initiated,Forensic Lab,Evidence submitted for forensic examination,2026-08-29 12:45:08,c302784b-1953-45a3-bfd9-cb27c9045507,2026-08-29 12:45:08,2026-08-29 12:45:08
bbf6aeb9-692c-495a-8ddd-46d7c65821a9,,,Evidence Registered,Haveri Bus Stand Area,Evidence logged for case CR-2026-HVR-001,2026-08-29 12:45:07,c333b8fd-fd05-495b-b119-3507e90b38d8,2026-08-29 12:45:07,2026-08-29 12:45:07
db1305d2-e39d-40bc-a039-9af60f9916ec,,,Forensic Analysis Initiated,Forensic Lab,Evidence submitted for forensic examination,2026-08-29 12:45:08,c3a8ac99-668c-4aca-a047-82ab289f1853,2026-08-29 12:45:08,2026-08-29 12:45:08
2f9a3613-3b71-4c31-8670-b0427ebed6b0,,,Evidence Registered,Tiptur Market Area,Evidence logged for case CR-2026-DET-190,2026-08-29 12:45:08,c3a9bceb-c4f8-4d16-8848-ef5c003fb65c,2026-08-29 12:45:08,2026-08-29 12:45:08
18109322-3fde-4546-8a8a-badacc8dff6c,,,Evidence Registered,Bangarapet Station Road,Evidence logged for case CR-2026-DET-021,2026-08-29 12:45:07,c4450b9a-1889-453e-8b68-7eb857551ba0,2026-08-29 12:45:07,2026-08-29 12:45:07
c7094e09-4539-499d-a079-e93eb774591d,,,Evidence Registered,Betageri Cross,Evidence logged for case CR-2026-DET-100,2026-08-29 12:45:07,c45cd43c-fe8f-4b7e-a4d4-c3677b1fe4cd,2026-08-29 12:45:07,2026-08-29 12:45:07
c2072eb6-d311-4a4d-bd83-e097f30dbd57,,,Forensic Analysis Initiated,Forensic Lab,Evidence submitted for forensic examination,2026-08-29 12:45:07,c4791ab8-c6db-4843-9467-2447ae5dd992,2026-08-29 12:45:07,2026-08-29 12:45:07
ce8686f6-ddee-4e5c-bf4c-6fddcee4dd68,,,Evidence Registered,Mandya Town Center,Evidence logged for case CR-2026-DET-148,2026-08-29 12:45:08,c4b3e209-61ce-4084-b1b8-a2f41529a46f,2026-08-29 12:45:08,2026-08-29 12:45:08
2feaac6b-313d-48e5-81cd-fc3783882e2b,,,Evidence Registered,Jayanagar 4th Block,Evidence logged for case CR-2026-DET-126,2026-08-29 12:45:07,c4c41a7b-1d7a-4c7c-aa59-ccf64a92cb99,2026-08-29 12:45:07,2026-08-29 12:45:07
cd18c356-aa5c-4d02-a188-65f6a7cddc82,,,Forensic Analysis Initiated,Forensic Lab,Evidence submitted for forensic examination,2026-08-29 12:45:08,c4fa67e2-379a-477a-99b4-4dbd48d641f1,2026-08-29 12:45:08,2026-08-29 12:45:08
3866ab22-1816-4a22-8b14-bb902267d090,,,Evidence Registered,Haveri Bus Stand Area,Evidence logged for case CR-2026-DET-121,2026-08-29 12:45:07,c538875a-0af2-46e8-a922-5140b4d9ab64,2026-08-29 12:45:07,2026-08-29 12:45:07
050a7cd2-5dc5-418c-9445-dc830eb074b7,,,Evidence Registered,Chikkaballapura Town,Evidence logged for case CR-2026-DET-273,2026-08-29 12:45:08,c5f9ab9c-d755-4767-acca-93dedfd2a669,2026-08-29 12:45:08,2026-08-29 12:45:08
95be534c-6b91-4976-b26b-938c8ad238d0,,,Forensic Analysis Initiated,Forensic Lab,Evidence submitted for forensic examination,2026-08-29 12:45:07,c6020eca-2312-4fda-8095-4b5bbb9620dd,2026-08-29 12:45:07,2026-08-29 12:45:07
05317ab5-7948-4198-bf14-6882c9955f9e,,,Forensic Analysis Initiated,Forensic Lab,Evidence submitted for forensic examination,2026-08-29 12:45:08,c61ce904-1d36-45c0-894d-44af7bdc31ce,2026-08-29 12:45:08,2026-08-29 12:45:08
bb72002d-8378-4325-a8b4-0813c16f406c,,,Evidence Registered,Hiriyur Junction,Evidence logged for case CR-2026-DET-080,2026-08-29 12:45:07,c69c578e-d8e1-4479-b427-ffa81c198ef4,2026-08-29 12:45:07,2026-08-29 12:45:07
0a1ef191-e432-4e05-93dd-c6a6b51d0495,5120413d-57fd-47ad-9128-2a5b8dd553d8,5120413d-57fd-47ad-9128-2a5b8dd553d8,Evidence Registered,Devaraja Market Zone,Evidence logged for case CR-2026-DET-265,2026-08-29 12:45:08,c77502e7-e866-49f1-9f8a-59cf0441c7e1,2026-08-29 12:45:08,2026-08-29 12:45:08
a3a3b948-505a-44db-8da3-7c2bde0985e6,,,Evidence Registered,KR Puram Transit Corridor,Evidence logged for case CR-2026-DET-230,2026-08-29 12:45:08,c82857b2-e69f-4922-9cce-c6382c57d8dd,2026-08-29 12:45:08,2026-08-29 12:45:08
64b6af8b-df48-42c5-a39d-a7d4433f4064,,,Evidence Registered,Shimoga City Center,Evidence logged for case CR-2026-DET-248,2026-08-29 12:45:08,c840ad98-169c-4c8e-b558-4cedd36d7dd0,2026-08-29 12:45:08,2026-08-29 12:45:08
5b53672a-c193-466a-b123-d118f2bcff11,,,Evidence Registered,Gulbarga University Road,Evidence logged for case CR-2026-DET-052,2026-08-29 12:45:07,c846ca5d-a1c6-44bf-bee9-b1bf63ff5913,2026-08-29 12:45:07,2026-08-29 12:45:07
c27a871f-3743-43bf-bfea-9761dbb262bf,,,Analysis Completed,Forensic Lab,Forensic analysis complete — results filed with charge sheet,2026-08-29 12:45:07,c84b42ec-5817-4868-ac1c-6015d33621b4,2026-08-29 12:45:07,2026-08-29 12:45:07
a91d732d-0701-43eb-baa2-e6403ff9b815,,,Evidence Registered,Tumkuru Industrial Road,Evidence logged for case CR-2026-DET-187,2026-08-29 12:45:08,c84cdd18-72f9-4237-ae4f-2c36c34e45a4,2026-08-29 12:45:08,2026-08-29 12:45:08
9bea3b39-33be-4d65-bea2-5360b8d4f8fc,,,Forensic Analysis Initiated,Forensic Lab,Evidence submitted for forensic examination,2026-08-29 12:45:07,c86d8d9b-87e3-4822-aa75-bb91ec0410b2,2026-08-29 12:45:07,2026-08-29 12:45:07
845bcfa0-a74a-45b9-b911-b8999da4b764,,,Forensic Analysis Initiated,Forensic Lab,Evidence submitted for forensic examination,2026-08-29 12:45:08,c9021470-d72a-4588-8943-724f91fa7b16,2026-08-29 12:45:08,2026-08-29 12:45:08
07f2aed0-e2b5-413b-8350-bad43cde8174,,,Evidence Registered,KR Puram Transit Corridor,Evidence logged for case CR-2026-DET-260,2026-08-29 12:45:08,c925119e-9f13-44e1-b635-c92b16b1065d,2026-08-29 12:45:08,2026-08-29 12:45:08
26d82653-f89e-4dc6-aa9e-b786bc9f5fa9,,,Evidence Registered,Virajpet Cross Road,Evidence logged for case CR-2026-DET-205,2026-08-29 12:45:08,c957176e-effe-4610-85cc-f15589015e5d,2026-08-29 12:45:08,2026-08-29 12:45:08
5ddfc35f-f3ba-4dd6-bbdb-cd9d067ef097,,,Evidence Registered,Ballari Mines Sector B,Evidence logged for case CR-2026-DET-286,2026-08-29 12:45:08,c968260e-89f3-44ba-90d5-899501eca31e,2026-08-29 12:45:08,2026-08-29 12:45:08
95334815-43eb-45de-a597-86ce273c57d5,,,Evidence Registered,Chikkaballapura Town,Evidence logged for case CR-2026-DET-051,2026-08-29 12:45:07,c973f114-de74-40f0-bde0-a242ebb3b199,2026-08-29 12:45:07,2026-08-29 12:45:07
bfc8963b-fffb-4728-abc3-db4098dbba93,5120413d-57fd-47ad-9128-2a5b8dd553d8,5120413d-57fd-47ad-9128-2a5b8dd553d8,Forensic Analysis Initiated,Forensic Lab,Evidence submitted for forensic examination,2026-08-29 12:45:08,ca34defa-d65c-46af-8413-a4e62f8c8764,2026-08-29 12:45:08,2026-08-29 12:45:08
402c33ee-4aae-4080-994a-6cb2d6b7ecf0,,,Evidence Registered,Davanagere Market Road,Evidence logged for case CR-2026-DET-189,2026-08-29 12:45:08,ca45894a-40b6-4d28-a08b-c631e1c1480d,2026-08-29 12:45:08,2026-08-29 12:45:08
9c1af2b9-20e2-41f4-90fb-4730986fe371,,,Evidence Registered,Chowk Survey Layout,Evidence logged for case CR-2026-DET-161,2026-08-29 12:45:08,ca475eda-fe02-47e6-810c-e28955569bd0,2026-08-29 12:45:08,2026-08-29 12:45:08
478e98b7-4fb9-40b4-b3bc-148bdb6f23fa,,,Analysis Completed,Forensic Lab,Forensic analysis complete — results filed with charge sheet,2026-08-29 12:45:08,ca59dd88-74e8-4161-8e4a-f70fa8b923dd,2026-08-29 12:45:08,2026-08-29 12:45:08
5ede10fa-8aab-485b-a620-5b1569f858d9,,,Forensic Analysis Initiated,Forensic Lab,Evidence submitted for forensic examination,2026-08-29 12:45:08,cbfdd981-078f-4cdd-b6a3-8b06445dde5f,2026-08-29 12:45:08,2026-08-29 12:45:08
32d4b1c8-c39c-4a25-bbf9-e501a199a3d3,,,Evidence Registered,KR Puram Transit Corridor,Evidence logged for case CR-2026-DET-115,2026-08-29 12:45:07,cc894d3d-bebf-4571-9fab-c2588fdee3b6,2026-08-29 12:45:07,2026-08-29 12:45:07
23622dc7-fdc2-464a-a655-69629f3e2cbe,,,Evidence Registered,Raichur Town Center,Evidence logged for case CR-2026-DET-141,2026-08-29 12:45:08,cca5e45b-a031-4684-8581-feb81c334dad,2026-08-29 12:45:08,2026-08-29 12:45:08
6fadf846-cbd6-4d54-8abf-a7714092bae0,,,Evidence Registered,Whitefield Cyber Cell Beat,Evidence logged for case CR-2026-DET-007,2026-08-29 12:45:07,ccbca0d5-c840-4bf3-a46d-fbb95c569d6d,2026-08-29 12:45:07,2026-08-29 12:45:07
56c01d24-8078-400b-9d4e-85c25fb04a9b,,,Evidence Registered,Arsikere Town Road,Evidence logged for case CR-2026-DET-312,2026-08-29 12:45:08,ccd0c50c-674c-450c-b246-418068568ae1,2026-08-29 12:45:08,2026-08-29 12:45:08
2364680e-0ba6-4de8-8096-c5c1eac8d33a,,,Forensic Analysis Initiated,Forensic Lab,Evidence submitted for forensic examination,2026-08-29 12:45:07,cd62d766-c3fe-4bae-99f9-c37dd2968b84,2026-08-29 12:45:07,2026-08-29 12:45:07
a91933d5-94aa-49c3-ae61-ca9ee73592f0,,,Evidence Registered,Tirthahalli Cross,Evidence logged for case CR-2026-DET-104,2026-08-29 12:45:07,cdbfe97c-b8cf-4739-8876-6235d1002e88,2026-08-29 12:45:07,2026-08-29 12:45:07
a859b95c-0c2e-401e-84b9-94a55e6ff2c1,5120413d-57fd-47ad-9128-2a5b8dd553d8,5120413d-57fd-47ad-9128-2a5b8dd553d8,Forensic Analysis Initiated,Forensic Lab,Evidence submitted for forensic examination,2026-08-29 12:45:07,cdfe5eea-15f5-4a1e-9436-57cf79b1e455,2026-08-29 12:45:07,2026-08-29 12:45:07
08f81cff-ba01-4a64-b4c4-f9ee16153be1,,,Evidence Registered,Camp Area Patrol,Evidence logged for case CR-2026-DET-206,2026-08-29 12:45:08,ce34aca4-f081-4e30-bd3a-94322a964e5f,2026-08-29 12:45:08,2026-08-29 12:45:08
d93b5eb9-4323-4f36-989f-3c9dd2ba939d,,,Forensic Analysis Initiated,Forensic Lab,Evidence submitted for forensic examination,2026-08-29 12:45:07,cf1ac898-5e00-445d-a006-94ece0dd8492,2026-08-29 12:45:07,2026-08-29 12:45:07
a19fc8b0-c2b2-4f51-a342-23fe585eb266,,,Forensic Analysis Initiated,Forensic Lab,Evidence submitted for forensic examination,2026-08-29 12:45:07,cfcb27d7-46c1-4424-8842-81d8c97a1678,2026-08-29 12:45:07,2026-08-29 12:45:07
ffecacf7-b242-4792-b6cd-d1e8237615ab,,,Evidence Registered,Chamarajanagar Town,Evidence logged for case CR-2026-DET-124,2026-08-29 12:45:07,d0e3c1ad-b40f-41bc-ae3b-3c0b904aa6a2,2026-08-29 12:45:07,2026-08-29 12:45:07
ac990c4e-fe0e-43d3-9730-dff57ccde939,,,Forensic Analysis Initiated,Forensic Lab,Evidence submitted for forensic examination,2026-08-29 12:45:08,d122d64b-123e-40c5-9503-9dc9af8b08aa,2026-08-29 12:45:08,2026-08-29 12:45:08
5b55b10e-9852-4078-9ea0-02377ad8ff7c,,,Evidence Registered,Gundlupet Junction,Evidence logged for case CR-2026-DET-119,2026-08-29 12:45:07,d171e28d-befa-42b3-8e33-d452af12c47a,2026-08-29 12:45:07,2026-08-29 12:45:07
5f5197e8-a3f8-4a70-8808-3db248367098,,,Forensic Analysis Initiated,Forensic Lab,Evidence submitted for forensic examination,2026-08-29 12:45:07,d213a559-ac37-4c1a-887a-1f84d7cf1517,2026-08-29 12:45:07,2026-08-29 12:45:07
5b50830d-e92d-463f-a010-7fb15edfb035,,,Analysis Completed,Forensic Lab,Forensic analysis complete — results filed with charge sheet,2026-08-29 12:45:08,d272ed62-abff-41b3-b3c6-c075e1fbe7c7,2026-08-29 12:45:08,2026-08-29 12:45:08
688c8619-92c4-4d36-949d-ff3a7718bb32,,,Evidence Registered,Hiriyur Junction,Evidence logged for case CR-2026-DET-300,2026-08-29 12:45:08,d277d722-dcf4-4f7a-a739-70e715a1cb6f,2026-08-29 12:45:08,2026-08-29 12:45:08
1ea8d308-4250-4a47-94a5-0691bc6d0c7f,,,Forensic Analysis Initiated,Forensic Lab,Evidence submitted for forensic examination,2026-08-29 12:45:07,d355890f-2ba5-4477-9b6d-8e75e823dad5,2026-08-29 12:45:07,2026-08-29 12:45:07
21ca4243-dba6-4ee2-9604-b202e7fefe86,,,Evidence Registered,Bagalkote Main Road,Evidence logged for case CR-2026-DET-102,2026-08-29 12:45:07,d392afd4-7a5f-4d47-9dc5-9a99e0a7fee6,2026-08-29 12:45:07,2026-08-29 12:45:07
111b1769-9245-435d-85e5-f56d912c93b8,,,Forensic Analysis Initiated,Forensic Lab,Evidence submitted for forensic examination,2026-08-29 12:45:07,d3b480ba-05bd-49c0-b1b4-b99ad2a3ec19,2026-08-29 12:45:07,2026-08-29 12:45:07
7be8128e-d71d-4735-821d-9f5ac86eff0f,,,Forensic Analysis Initiated,Forensic Lab,Evidence submitted for forensic examination,2026-08-29 12:45:07,d3ba9b0f-79da-4bf4-8554-d21b050239ee,2026-08-29 12:45:07,2026-08-29 12:45:07
5b55b10e-9852-4078-9ea0-02377ad8ff7c,,,Forensic Analysis Initiated,Forensic Lab,Evidence submitted for forensic examination,2026-08-29 12:45:07,d565b8fd-445a-45fc-94ae-2a7ad895ddd0,2026-08-29 12:45:07,2026-08-29 12:45:07
ed627d56-720b-4e4a-b890-092cd85a5982,,,Forensic Analysis Initiated,Forensic Lab,Evidence submitted for forensic examination,2026-08-29 12:45:07,d58491ee-0bfb-4e77-9423-0ba10b89d448,2026-08-29 12:45:07,2026-08-29 12:45:07
7b68e0fd-eab9-4143-9362-2c58e905d567,,,Evidence Registered,Yadgir Road Junction,Evidence logged for case CR-2026-DET-133,2026-08-29 12:45:07,d611743c-7159-4f23-be0d-2dc6e4043851,2026-08-29 12:45:07,2026-08-29 12:45:07
a16c06ec-e188-4fe5-842e-ed86db3d7cac,,,Forensic Analysis Initiated,Forensic Lab,Evidence submitted for forensic examination,2026-08-29 12:45:08,d6f22d92-9d02-4af0-afbb-516ca2e4e596,2026-08-29 12:45:08,2026-08-29 12:45:08
42dd02e0-1ede-427f-afc5-044cf0165373,,,Evidence Registered,Hubli Traffic Island,Evidence logged for case CR-2026-DWD-002,2026-08-29 12:45:07,d6f34100-6352-4e13-a343-36ec71473fae,2026-08-29 12:45:07,2026-08-29 12:45:07
9f2257f3-4e9f-46c2-ac00-a3bafe1ca43c,,,Analysis Completed,Forensic Lab,Forensic analysis complete — results filed with charge sheet,2026-08-29 12:45:07,d84633b8-dc36-492a-af2c-d4a28cae3eb8,2026-08-29 12:45:07,2026-08-29 12:45:07
ffecacf7-b242-4792-b6cd-d1e8237615ab,,,Forensic Analysis Initiated,Forensic Lab,Evidence submitted for forensic examination,2026-08-29 12:45:07,d871d63d-d8dd-4ebe-84fd-87b293268f11,2026-08-29 12:45:07,2026-08-29 12:45:07
ccb2fbfe-9bf3-4988-80f8-8c0a9de9c16b,,,Evidence Registered,Ballari Mines Sector B,Evidence logged for case CR-2026-DET-055,2026-08-29 12:45:07,d8b0e4b0-1e38-413d-a407-f385e0628380,2026-08-29 12:45:07,2026-08-29 12:45:07
9b162d40-237d-43c9-b0b6-5ec860a75a99,,,Evidence Registered,Gundlupet Junction,Evidence logged for case CR-2026-DET-060,2026-08-29 12:45:07,d8c98735-304f-453d-99c9-9531e4b2eee4,2026-08-29 12:45:07,2026-08-29 12:45:07
1c64b050-b551-4be1-840f-4ffd541ad2e6,,,Forensic Analysis Initiated,Forensic Lab,Evidence submitted for forensic examination,2026-08-29 12:45:07,d8e5f7e9-6143-406a-874c-6e97a7ea9580,2026-08-29 12:45:07,2026-08-29 12:45:07
e37ad692-32e5-48d6-a71a-cf92f71d1080,,,Forensic Analysis Initiated,Forensic Lab,Evidence submitted for forensic examination,2026-08-29 12:45:08,dab14fdc-39a7-4a3e-bc43-3c41be745a5e,2026-08-29 12:45:08,2026-08-29 12:45:08
b78a3f3e-a758-4e67-9731-832906457c29,,,Evidence Registered,Surathkal Beach Road,Evidence logged for case CR-2026-DET-279,2026-08-29 12:45:08,dab45bc6-f873-4f18-a4ee-f80c4ce3a3b9,2026-08-29 12:45:08,2026-08-29 12:45:08
64a54be8-4501-4a55-914b-61de02efe519,5120413d-57fd-47ad-9128-2a5b8dd553d8,5120413d-57fd-47ad-9128-2a5b8dd553d8,Evidence Registered,Vani Vilas Mohalla,Evidence logged for case CR-2026-MYS-004,2026-08-29 12:45:07,dab737e5-2066-4b0e-9588-1fe9a214531e,2026-08-29 12:45:07,2026-08-29 12:45:07
6669178e-4e99-46e5-8285-49a66f7432f6,,,Forensic Analysis Initiated,Forensic Lab,Evidence submitted for forensic examination,2026-08-29 12:45:08,dd8fa441-2e34-49dd-9226-d41a3e8e42b3,2026-08-29 12:45:08,2026-08-29 12:45:08
e5f5eabf-ec6e-449a-8088-92a4556db205,,,Evidence Registered,Homnabad Cross,Evidence logged for case CR-2026-DET-045,2026-08-29 12:45:07,ddcb4811-2c91-4456-9584-95e3769d1b05,2026-08-29 12:45:07,2026-08-29 12:45:07
0bdf6198-119f-4e80-b77a-bbbd0b5b9a97,,,Analysis Completed,Forensic Lab,Forensic analysis complete — results filed with charge sheet,2026-08-29 12:45:07,de3cd919-789e-496f-a60c-90c466060d2b,2026-08-29 12:45:07,2026-08-29 12:45:07
deeb80e5-b678-4751-bef7-69cc02f9e793,,,Forensic Analysis Initiated,Forensic Lab,Evidence submitted for forensic examination,2026-08-29 12:45:08,de4b6369-983a-40f5-b41f-9ef11460c079,2026-08-29 12:45:08,2026-08-29 12:45:08
1d739511-14d5-445f-980f-ea5bce8af4c0,,,Evidence Registered,Mandya Town Center,Evidence logged for case CR-2026-MND-001,2026-08-29 12:45:07,def8563e-2f52-42c7-a708-22e81f9a3ca3,2026-08-29 12:45:07,2026-08-29 12:45:07
b91a4300-89c2-484f-846d-00bd85866a33,,,Forensic Analysis Initiated,Forensic Lab,Evidence submitted for forensic examination,2026-08-29 12:45:08,df00dfdd-0b3b-42f4-bb09-89dbc1c583e4,2026-08-29 12:45:08,2026-08-29 12:45:08
74e2feb0-a648-4cb2-b0de-40d3209e63a3,,,Evidence Registered,Chitradurga Fort Area,Evidence logged for case CR-2026-DET-066,2026-08-29 12:45:07,df2e7f61-21d1-4cba-bb4f-fd2fbae1fd66,2026-08-29 12:45:07,2026-08-29 12:45:07
af942b2d-219e-45ca-9bd9-a1d8785c57e3,,,Forensic Analysis Initiated,Forensic Lab,Evidence submitted for forensic examination,2026-08-29 12:45:08,dfe3346a-17ba-42f8-ae9d-0513002dbd5d,2026-08-29 12:45:08,2026-08-29 12:45:08
06de826c-4dac-4bf7-aa39-ea4c3cdc5be4,,,Forensic Analysis Initiated,Forensic Lab,Evidence submitted for forensic examination,2026-08-29 12:45:08,e0d05201-0a9a-4c79-81bc-ac8270ad7dc1,2026-08-29 12:45:08,2026-08-29 12:45:08
b3610e06-53ff-4b56-a2f5-e5268424bae9,,,Forensic Analysis Initiated,Forensic Lab,Evidence submitted for forensic examination,2026-08-29 12:45:07,e0d2485e-7a3b-46d3-88e9-3fe16bcdb90f,2026-08-29 12:45:07,2026-08-29 12:45:07
abb5893d-9e56-4d0f-bd4b-05bda9abb388,,,Evidence Registered,Ballari Mines Sector B,Evidence logged for case CR-2026-DET-036,2026-08-29 12:45:07,e0d377df-532a-4fb3-b97d-21179c24d8de,2026-08-29 12:45:07,2026-08-29 12:45:07
dd17086f-cf6a-4391-a3a8-6e6d8b669d44,,,Evidence Registered,Jamakhandi Station Road,Evidence logged for case CR-2026-DET-136,2026-08-29 12:45:07,e0ed20d5-7053-4bc6-bf7b-c38449d97c9a,2026-08-29 12:45:07,2026-08-29 12:45:07
c79fc86a-b543-4605-adf6-4f106b3652ed,,,Evidence Registered,Jayanagar 4th Block,Evidence logged for case CR-2026-DET-089,2026-08-29 12:45:07,e12033dd-6fb2-4bb7-a6fc-d289998e2fe7,2026-08-29 12:45:07,2026-08-29 12:45:07
4adc6930-1100-4400-816a-daa458856005,,,Forensic Analysis Initiated,Forensic Lab,Evidence submitted for forensic examination,2026-08-29 12:45:07,e120cb58-13ae-4841-8bdf-5676182ace05,2026-08-29 12:45:07,2026-08-29 12:45:07
be753b8f-bc5d-47f3-b139-534cfabb96f3,,,Forensic Analysis Initiated,Forensic Lab,Evidence submitted for forensic examination,2026-08-29 12:45:08,e12a6b9f-42ae-4173-8683-aca9d1934818,2026-08-29 12:45:08,2026-08-29 12:45:08
9f095f4e-628d-4eba-bbdd-56840c688f38,5120413d-57fd-47ad-9128-2a5b8dd553d8,5120413d-57fd-47ad-9128-2a5b8dd553d8,Evidence Registered,Devaraja Market Zone,Evidence logged for case CR-2026-MYS-005,2026-08-29 12:45:07,e12c80ba-60f2-4563-9d11-fd746e05018c,2026-08-29 12:45:07,2026-08-29 12:45:07
ecf1d779-f715-49de-aded-1c9ffa1ff5e5,,,Evidence Registered,Bangarapet Station Road,Evidence logged for case CR-2026-DET-024,2026-08-29 12:45:07,e14db9e8-e07d-465c-9160-74761949bcb4,2026-08-29 12:45:07,2026-08-29 12:45:07
43b98736-8718-4566-9f98-62cac8a63eee,,,Evidence Registered,Bellary City Center,Evidence logged for case CR-2026-BLR-002,2026-08-29 12:45:07,e180cef1-21c7-4558-ba22-153b4ca11143,2026-08-29 12:45:07,2026-08-29 12:45:07
d5dfe833-b242-479f-91a2-fc22e2ba09c5,,,Evidence Registered,Bagalkote Main Road,Evidence logged for case CR-2026-BGT-001,2026-08-29 12:45:07,e2423bf7-05d5-47a2-8faa-b935c8a1de49,2026-08-29 12:45:07,2026-08-29 12:45:07
236f9ce7-ddf4-4812-8c7b-14545e1ed846,,,Forensic Analysis Initiated,Forensic Lab,Evidence submitted for forensic examination,2026-08-29 12:45:07,e2c5c6dc-3c14-4219-ba01-265c287389c8,2026-08-29 12:45:07,2026-08-29 12:45:07
4c6caac7-ba23-42c6-bdd3-73193660f5e9,,,Evidence Registered,Jayanagar 4th Block,Evidence logged for case CR-2026-DET-305,2026-08-29 12:45:08,e2c95447-2504-4752-bdda-fcf07e86fbae,2026-08-29 12:45:08,2026-08-29 12:45:08
ca3203f7-f4f1-42b9-922c-9bdeab9a2853,,,Forensic Analysis Initiated,Forensic Lab,Evidence submitted for forensic examination,2026-08-29 12:45:08,e349235a-c220-44f5-b960-f3d35805e2ff,2026-08-29 12:45:08,2026-08-29 12:45:08
9fc070f7-6a09-4d49-be70-ef590a75dc28,,,Evidence Registered,Raichur Town Center,Evidence logged for case CR-2026-DET-096,2026-08-29 12:45:07,e3a97925-897f-49e2-963a-49f5303852f1,2026-08-29 12:45:07,2026-08-29 12:45:07
0967d0fa-c69c-4b92-ab54-ba0efa176bb8,,,Forensic Analysis Initiated,Forensic Lab,Evidence submitted for forensic examination,2026-08-29 12:45:07,e3da4ef3-3b2e-40dd-b5ed-2bf1f9eed825,2026-08-29 12:45:07,2026-08-29 12:45:07
e8ec3141-3907-4125-a89d-936a72a6e4ed,,,Forensic Analysis Initiated,Forensic Lab,Evidence submitted for forensic examination,2026-08-29 12:45:08,e40a506d-4319-4e4e-8971-4ceac21d3ab3,2026-08-29 12:45:08,2026-08-29 12:45:08
e5f5cbb1-d96e-42ee-b82d-60397e17b1b2,5120413d-57fd-47ad-9128-2a5b8dd553d8,5120413d-57fd-47ad-9128-2a5b8dd553d8,Analysis Completed,Forensic Lab,Forensic analysis complete — results filed with charge sheet,2026-08-29 12:45:08,e41481e8-2194-407d-b915-72c9836dc309,2026-08-29 12:45:08,2026-08-29 12:45:08
fe664e12-8a74-46eb-8b0f-fce71382f146,5120413d-57fd-47ad-9128-2a5b8dd553d8,5120413d-57fd-47ad-9128-2a5b8dd553d8,Analysis Completed,Forensic Lab,Forensic analysis complete — results filed with charge sheet,2026-08-29 12:45:08,e45b6b69-a686-47b4-9ab2-877a81a5097f,2026-08-29 12:45:08,2026-08-29 12:45:08
a3a3b948-505a-44db-8da3-7c2bde0985e6,,,Forensic Analysis Initiated,Forensic Lab,Evidence submitted for forensic examination,2026-08-29 12:45:08,e470b6ad-afad-4392-a9f9-e6b03b300c01,2026-08-29 12:45:08,2026-08-29 12:45:08
9435169c-f7c7-42cf-857f-64fedcd502a3,,,Evidence Registered,Hospet Town Center,Evidence logged for case CR-2026-DET-220,2026-08-29 12:45:08,e4bb483a-6f10-40a1-b05e-2bc7452191cf,2026-08-29 12:45:08,2026-08-29 12:45:08
deeb80e5-b678-4751-bef7-69cc02f9e793,,,Evidence Registered,Kolar Gold Fields Road,Evidence logged for case CR-2026-DET-174,2026-08-29 12:45:08,e5a49aa3-6c3d-45cc-9c48-83df463a4582,2026-08-29 12:45:08,2026-08-29 12:45:08
674271d6-3074-47ee-813e-d77fcc0f0e9b,,,Evidence Registered,Chikkamagaluru Town,Evidence logged for case CR-2026-DET-111,2026-08-29 12:45:07,e6cc44c5-0938-4507-bc42-1a83b3a6ecfe,2026-08-29 12:45:07,2026-08-29 12:45:07
8dd7f5e7-1dcc-4d7d-8608-7c9918f054a2,,,Forensic Analysis Initiated,Forensic Lab,Evidence submitted for forensic examination,2026-08-29 12:45:08,e72f3ea3-99c5-41ad-ac67-36d30d3033c0,2026-08-29 12:45:08,2026-08-29 12:45:08
0377d597-c3ad-4f6a-965a-11c7cae3362e,,,Evidence Registered,Yadgir Road Junction,Evidence logged for case CR-2026-DET-227,2026-08-29 12:45:08,e78d134b-0149-4413-a90a-7c2baf7c87da,2026-08-29 12:45:08,2026-08-29 12:45:08
4f22af4d-b114-4ccb-8745-348a479b8615,,,Evidence Registered,Harpanahalli Junction,Evidence logged for case CR-2026-DET-197,2026-08-29 12:45:08,e7e0721a-da27-4722-a166-a30393d2e465,2026-08-29 12:45:08,2026-08-29 12:45:08
fe6f1a45-b115-4de7-83a0-c796f39a87c9,,,Evidence Registered,Kadur Junction,Evidence logged for case CR-2026-DET-277,2026-08-29 12:45:08,e7fc98df-ac7d-499e-8da0-8e057b5b8b21,2026-08-29 12:45:08,2026-08-29 12:45:08
940b839d-c5ef-4a71-b6e3-36ea85498f9b,,,Evidence Registered,Shimoga City Center,Evidence logged for case CR-2026-DET-116,2026-08-29 12:45:07,e810ae83-e942-4836-b7f1-99fdfbfe75ae,2026-08-29 12:45:07,2026-08-29 12:45:07
413e6b2d-8f1e-47bd-9941-2097cc4dae1b,,,Forensic Analysis Initiated,Forensic Lab,Evidence submitted for forensic examination,2026-08-29 12:45:08,e9a96ef0-63c7-46f3-a76c-7cbbd204021a,2026-08-29 12:45:08,2026-08-29 12:45:08
413e6b2d-8f1e-47bd-9941-2097cc4dae1b,,,Evidence Registered,Indi Town Center,Evidence logged for case CR-2026-DET-252,2026-08-29 12:45:08,e9b3471b-bcc8-446e-a669-61ac777134dd,2026-08-29 12:45:08,2026-08-29 12:45:08
d491808e-a66e-465a-9295-b787bb9e08a4,,,Evidence Registered,Dharwad Market Yard,Evidence logged for case CR-2026-DWD-001,2026-08-29 12:45:07,e9d71e9a-e3c2-44dd-854c-252270449433,2026-08-29 12:45:07,2026-08-29 12:45:07
0d68c2d4-f3f7-4a97-8fbd-3224904f3e09,,,Evidence Registered,Shimoga City Center,Evidence logged for case CR-2026-DET-172,2026-08-29 12:45:08,e9e4a932-cfb5-4ccb-a6a9-7973ee09727d,2026-08-29 12:45:08,2026-08-29 12:45:08
68df99ae-8997-4ab0-8e35-e2fe83207180,,,Evidence Registered,HSR Layout Beat,Evidence logged for case CR-2026-BNG-004,2026-08-29 12:45:07,ea1b8251-5db5-4ef6-8250-8f0a4c21206a,2026-08-29 12:45:07,2026-08-29 12:45:07
37aa8b92-aad2-4d3f-bdbb-2f8b5e07df88,,,Evidence Registered,Ramanagara Town Center,Evidence logged for case CR-2026-DET-035,2026-08-29 12:45:07,ea2880fb-d565-4edc-8a0d-d7eb3f379b88,2026-08-29 12:45:07,2026-08-29 12:45:07
ac990c4e-fe0e-43d3-9730-dff57ccde939,,,Analysis Completed,Forensic Lab,Forensic analysis complete — results filed with charge sheet,2026-08-29 12:45:08,ea7ad212-ba07-4c10-8973-42a003953acf,2026-08-29 12:45:08,2026-08-29 12:45:08
54927003-698a-4095-b6c5-1a4ad88709d9,,,Forensic Analysis Initiated,Forensic Lab,Evidence submitted for forensic examination,2026-08-29 12:45:08,eaf08332-1a25-438d-b74c-965fd15105ef,2026-08-29 12:45:08,2026-08-29 12:45:08
de44ee37-44df-4ce6-8dd6-02006bcb332e,,,Forensic Analysis Initiated,Forensic Lab,Evidence submitted for forensic examination,2026-08-29 12:45:08,ebbe4755-b49c-4b35-b182-2ca3040538d7,2026-08-29 12:45:08,2026-08-29 12:45:08
363c00b4-f382-41f7-8e1b-6723715dc8a4,,,Analysis Completed,Forensic Lab,Forensic analysis complete — results filed with charge sheet,2026-08-29 12:45:07,ecc27313-0727-4d7b-bdc5-ced5c6a95ec8,2026-08-29 12:45:07,2026-08-29 12:45:07
cd80697f-8608-4e68-8b2b-bf19d70ef4c5,,,Evidence Registered,Channapatna Bus Stand,Evidence logged for case CR-2026-DET-198,2026-08-29 12:45:08,ecf6f456-a315-4ea0-97d7-7f0279722f93,2026-08-29 12:45:08,2026-08-29 12:45:08
f11a22ae-ec0d-4e45-8ab2-4a0270124b4e,,,Forensic Analysis Initiated,Forensic Lab,Evidence submitted for forensic examination,2026-08-29 12:45:07,ed0b0bbf-11dd-4949-9247-efd33b6c864f,2026-08-29 12:45:07,2026-08-29 12:45:07
88c30633-be71-4ea8-870d-95dd8a449b9b,,,Evidence Registered,Tiptur Market Area,Evidence logged for case CR-2026-TMK-002,2026-08-29 12:45:07,ed1a3bf3-6e15-4d30-a263-4eeb43295f4b,2026-08-29 12:45:07,2026-08-29 12:45:07
845bcfa0-a74a-45b9-b911-b8999da4b764,,,Evidence Registered,Hubli Traffic Island,Evidence logged for case CR-2026-DET-225,2026-08-29 12:45:08,ed2728f3-f099-4bb6-8003-2cd9263e9420,2026-08-29 12:45:08,2026-08-29 12:45:08
785a290c-9f81-4cc8-bb57-773e207e5fcb,,,Evidence Registered,KR Puram Transit Corridor,Evidence logged for case CR-2026-DET-154,2026-08-29 12:45:08,ed326eba-7c3a-4e0d-abff-f40add17e4ce,2026-08-29 12:45:08,2026-08-29 12:45:08
937b0fd5-2903-4f1b-9955-c96a08a8133d,,,Evidence Registered,Jayanagar 4th Block,Evidence logged for case CR-2026-DET-034,2026-08-29 12:45:07,edbe6996-5df3-425d-a59f-0fd55bf24318,2026-08-29 12:45:07,2026-08-29 12:45:07
f074cd85-232a-45f8-8f17-b0d60a255523,,,Evidence Registered,Udupi Krishna Math Road,Evidence logged for case CR-2026-DET-219,2026-08-29 12:45:08,ee10af52-5f9e-456f-ae3b-1ccb4a928a34,2026-08-29 12:45:08,2026-08-29 12:45:08
a8028bb7-c8a0-4942-9b77-61d540e9faf0,,,Forensic Analysis Initiated,Forensic Lab,Evidence submitted for forensic examination,2026-08-29 12:45:08,ee6e9927-dd74-4beb-b25b-c720e3738c7f,2026-08-29 12:45:08,2026-08-29 12:45:08
06de826c-4dac-4bf7-aa39-ea4c3cdc5be4,,,Analysis Completed,Forensic Lab,Forensic analysis complete — results filed with charge sheet,2026-08-29 12:45:08,eee5bd7a-0187-4b7e-a9e5-011af3e73522,2026-08-29 12:45:08,2026-08-29 12:45:08
fe54a424-3e52-4d68-ab56-55eb7bf2de61,,,Evidence Registered,Madikeri Town Center,Evidence logged for case CR-2026-DET-090,2026-08-29 12:45:07,eee669e1-ab44-49c8-82d9-283adccc3bd0,2026-08-29 12:45:07,2026-08-29 12:45:07
bdc3172c-4d67-45eb-8d91-f9bf797b3ecf,,,Evidence Registered,Gauribidanur Cross,Evidence logged for case CR-2026-DET-153,2026-08-29 12:45:08,ef11d6fa-86f3-42fc-a9d0-1c1ce8a3fb02,2026-08-29 12:45:08,2026-08-29 12:45:08
6d23a49c-2c1e-4d8a-8e82-5d27dd73b026,,,Evidence Registered,Hoskote Junction,Evidence logged for case CR-2026-BRL-002,2026-08-29 12:45:07,ef732022-389c-474b-9f96-e5b6af86fb96,2026-08-29 12:45:07,2026-08-29 12:45:07
75d49b83-3c12-40e7-b215-41b17c45576b,,,Analysis Completed,Forensic Lab,Forensic analysis complete — results filed with charge sheet,2026-08-29 12:45:07,ef906bec-8f37-41f8-a593-336290999c54,2026-08-29 12:45:07,2026-08-29 12:45:07
86af2ac9-1198-4082-8dfd-ef8c8bd5478a,,,Evidence Registered,Bangarapet Station Road,Evidence logged for case CR-2026-KLR-002,2026-08-29 12:45:07,efc5b9a0-2e58-4c36-b4a0-7cd6e386cf7a,2026-08-29 12:45:07,2026-08-29 12:45:07
7546dbe7-df03-4160-95dc-cf5fd9d0f0b5,,,Forensic Analysis Initiated,Forensic Lab,Evidence submitted for forensic examination,2026-08-29 12:45:07,f018eb63-8c77-4e8f-8d84-010e1fef1596,2026-08-29 12:45:07,2026-08-29 12:45:07
1ea8d308-4250-4a47-94a5-0691bc6d0c7f,,,Evidence Registered,Indi Town Center,Evidence logged for case CR-2026-DET-123,2026-08-29 12:45:07,f01b84e3-7d97-4feb-abd6-656fee33c58a,2026-08-29 12:45:07,2026-08-29 12:45:07
6ec28c27-b52e-4a6d-8ac5-64fd96ec440c,,,Evidence Registered,Gadag Town Center,Evidence logged for case CR-2026-DET-143,2026-08-29 12:45:08,f060aa69-c80a-4eb8-a4be-1a5acdce9e83,2026-08-29 12:45:08,2026-08-29 12:45:08
5cde74ae-0e30-45ff-baf5-2734a05b153e,,,Evidence Registered,Virajpet Cross Road,Evidence logged for case CR-2026-DET-027,2026-08-29 12:45:07,f0a4c837-683c-41bf-97a3-eb48d9cca9ec,2026-08-29 12:45:07,2026-08-29 12:45:07
9939f8b0-5679-486d-99ae-3beb14e4f764,5120413d-57fd-47ad-9128-2a5b8dd553d8,5120413d-57fd-47ad-9128-2a5b8dd553d8,Forensic Analysis Initiated,Forensic Lab,Evidence submitted for forensic examination,2026-08-29 12:45:08,f1a82cd4-4ef9-4311-a6ea-f675fd72efa9,2026-08-29 12:45:08,2026-08-29 12:45:08
7a54eb76-8a0f-433c-aa0e-0c22a1cb77c3,,,Forensic Analysis Initiated,Forensic Lab,Evidence submitted for forensic examination,2026-08-29 12:45:07,f1b66e30-eb39-4277-92be-0eacc0bbb6a5,2026-08-29 12:45:07,2026-08-29 12:45:07
1fe5bced-6ac3-448d-a28f-b73dd59a48f2,,,Evidence Registered,Shimoga City Center,Evidence logged for case CR-2026-DET-165,2026-08-29 12:45:08,f1c515c6-7b43-4712-9af3-e3e629c0e805,2026-08-29 12:45:08,2026-08-29 12:45:08
2d89b384-7ad9-4a0b-b940-8b0de1fb9f1e,,,Forensic Analysis Initiated,Forensic Lab,Evidence submitted for forensic examination,2026-08-29 12:45:07,f2701e9e-fc4e-4c9b-b171-c48acc18b6d2,2026-08-29 12:45:07,2026-08-29 12:45:07
2364680e-0ba6-4de8-8096-c5c1eac8d33a,,,Evidence Registered,Tiptur Market Area,Evidence logged for case CR-2026-DET-059,2026-08-29 12:45:07,f29c6cc0-6b3c-43b8-b1ba-a8c10eec6282,2026-08-29 12:45:07,2026-08-29 12:45:07
fd733ead-e58f-44fd-a07e-5d4a098fb777,,,Evidence Registered,Hubli Traffic Island,Evidence logged for case CR-2026-DET-073,2026-08-29 12:45:07,f2fa1e5c-5aba-4691-a700-d0e47cf4f351,2026-08-29 12:45:07,2026-08-29 12:45:07
9939f8b0-5679-486d-99ae-3beb14e4f764,5120413d-57fd-47ad-9128-2a5b8dd553d8,5120413d-57fd-47ad-9128-2a5b8dd553d8,Evidence Registered,Nazar Mohalla Beat,Evidence logged for case CR-2026-DET-288,2026-08-29 12:45:08,f3149666-9cac-4980-8f9c-ba7e50463943,2026-08-29 12:45:08,2026-08-29 12:45:08
9bea3b39-33be-4d65-bea2-5360b8d4f8fc,,,Evidence Registered,Tumkuru Industrial Road,Evidence logged for case CR-2026-TMK-001,2026-08-29 12:45:07,f3622df4-45c8-414f-bde6-1b1b409dc25e,2026-08-29 12:45:07,2026-08-29 12:45:07
e00dd8f8-9939-40f8-acd2-83f08a5507ca,,,Forensic Analysis Initiated,Forensic Lab,Evidence submitted for forensic examination,2026-08-29 12:45:08,f3bd49cd-9443-4764-a70a-aaa27e9961be,2026-08-29 12:45:08,2026-08-29 12:45:08
87eba85c-c942-455e-bd86-6d86789772d6,,,Forensic Analysis Initiated,Forensic Lab,Evidence submitted for forensic examination,2026-08-29 12:45:07,f3f8d502-82c9-45f8-b895-cad66afac154,2026-08-29 12:45:07,2026-08-29 12:45:07
4b7380bc-f16d-41a8-a061-d31706b7d298,,,Evidence Registered,Bangarapet Station Road,Evidence logged for case CR-2026-DET-149,2026-08-29 12:45:08,f48836b1-d352-45ca-8970-dc8b1c268d31,2026-08-29 12:45:08,2026-08-29 12:45:08
97d1530f-7ad1-4d94-b644-a2a209d67cac,,,Evidence Registered,Dharwad Market Yard,Evidence logged for case CR-2026-DET-253,2026-08-29 12:45:08,f4bbddf0-edd0-4f70-a2bd-03a17db2eecf,2026-08-29 12:45:08,2026-08-29 12:45:08
68df99ae-8997-4ab0-8e35-e2fe83207180,,,Forensic Analysis Initiated,Forensic Lab,Evidence submitted for forensic examination,2026-08-29 12:45:07,f4c49894-4827-429a-bd42-eb8539371861,2026-08-29 12:45:07,2026-08-29 12:45:07
363c00b4-f382-41f7-8e1b-6723715dc8a4,,,Evidence Registered,Madikeri Town Center,Evidence logged for case CR-2026-DET-005,2026-08-29 12:45:07,f57e5bee-a8ed-463b-8d6f-08314c4faa8f,2026-08-29 12:45:07,2026-08-29 12:45:07
e875c74d-5122-4a09-8656-bec750511adc,,,Evidence Registered,Vijayapura Fort Area,Evidence logged for case CR-2026-DET-131,2026-08-29 12:45:07,f5ac1ff2-1d48-47d8-8452-81781f9d30fa,2026-08-29 12:45:07,2026-08-29 12:45:07
2c618f8b-888b-422f-88ca-08296cbd218d,,,Forensic Analysis Initiated,Forensic Lab,Evidence submitted for forensic examination,2026-08-29 12:45:08,f5eb8cc7-358d-4a99-8b02-41759f9294d2,2026-08-29 12:45:08,2026-08-29 12:45:08
c7afd526-8f50-48c3-823a-96ab86c5ba5f,,,Evidence Registered,Gundlupet Junction,Evidence logged for case CR-2026-DET-138,2026-08-29 12:45:07,f6817550-7832-48ef-8eb5-ca318466d895,2026-08-29 12:45:07,2026-08-29 12:45:07
a92acf13-d1df-4b8c-bc4a-f19603e4ca57,,,Evidence Registered,Koppal Town Center,Evidence logged for case CR-2026-DET-194,2026-08-29 12:45:08,f68c0642-a3bc-47a0-91a4-4bfdea0da394,2026-08-29 12:45:08,2026-08-29 12:45:08
0e152ded-0cf2-4cbc-9f78-65dab0d20dbe,5120413d-57fd-47ad-9128-2a5b8dd553d8,5120413d-57fd-47ad-9128-2a5b8dd553d8,Evidence Registered,Devaraja Market Zone,Evidence logged for case CR-2026-DET-242,2026-08-29 12:45:08,f7078fc2-f790-451a-8c95-bf35498ca759,2026-08-29 12:45:08,2026-08-29 12:45:08
b32ec798-0f94-4f17-81fe-f9f6bd86e11d,,,Evidence Registered,Vijayapura Fort Area,Evidence logged for case CR-2026-DET-010,2026-08-29 12:45:07,f7ef5b33-ab49-43c5-9676-fc1b5974d291,2026-08-29 12:45:07,2026-08-29 12:45:07
0834cf5f-a01f-4ad0-8250-a0ab4e4f2330,,,Evidence Registered,Bellary City Center,Evidence logged for case CR-2026-DET-257,2026-08-29 12:45:08,f7f96675-8840-4fb0-9639-9dea033fce1a,2026-08-29 12:45:08,2026-08-29 12:45:08
5655573a-4c15-4e9f-bf33-d55f3f5a2945,,,Evidence Registered,Ramanagara Town Center,Evidence logged for case CR-2026-DET-270,2026-08-29 12:45:08,f80a037f-d3b0-4090-8dc7-3825f1d475fb,2026-08-29 12:45:08,2026-08-29 12:45:08
a8fa5101-097c-44cf-8b46-e7ca0a8a641f,,,Evidence Registered,Arsikere Town Road,Evidence logged for case CR-2026-DET-022,2026-08-29 12:45:07,f81995f6-4d22-40bd-8d95-0901b04ac5e4,2026-08-29 12:45:07,2026-08-29 12:45:07
6d312e11-5fd5-4a7d-9496-07294802ec23,,,Evidence Registered,Udupi Krishna Math Road,Evidence logged for case CR-2026-UDP-001,2026-08-29 12:45:07,f8b1232c-a4c8-4e4f-8b36-ddc561544789,2026-08-29 12:45:07,2026-08-29 12:45:07
bd445f44-53f4-4645-a279-ecae5a771356,,,Evidence Registered,Sagara Main Road,Evidence logged for case CR-2026-DET-314,2026-08-29 12:45:08,f96dee89-f7be-4cff-aec1-5271fcea15cf,2026-08-29 12:45:08,2026-08-29 12:45:08
691bbc43-432c-4cae-bd1d-5937c0e3836b,5120413d-57fd-47ad-9128-2a5b8dd553d8,5120413d-57fd-47ad-9128-2a5b8dd553d8,Evidence Registered,Nazar Mohalla Beat,Evidence logged for case CR-2026-DET-226,2026-08-29 12:45:08,f974a445-ccc1-4272-b292-d0c6f47e5291,2026-08-29 12:45:08,2026-08-29 12:45:08
ac990c4e-fe0e-43d3-9730-dff57ccde939,,,Evidence Registered,Chikkamagaluru Town,Evidence logged for case CR-2026-DET-155,2026-08-29 12:45:08,faef49d3-e232-440e-9029-8f439a1448bf,2026-08-29 12:45:08,2026-08-29 12:45:08
4adc6930-1100-4400-816a-daa458856005,,,Analysis Completed,Forensic Lab,Forensic analysis complete — results filed with charge sheet,2026-08-29 12:45:07,fb225cde-f3cf-4250-a4cf-6c9b9f3908d4,2026-08-29 12:45:07,2026-08-29 12:45:07
eaeb3d6f-7180-4a6d-ba80-e2355dfcf6b8,,,Evidence Registered,Surathkal Beach Road,Evidence logged for case CR-2026-MNG-003,2026-08-29 12:45:07,fb89a8f5-c8af-4ff3-8ab0-945da8c1e904,2026-08-29 12:45:07,2026-08-29 12:45:07
050a7cd2-5dc5-418c-9445-dc830eb074b7,,,Forensic Analysis Initiated,Forensic Lab,Evidence submitted for forensic examination,2026-08-29 12:45:08,fba0f2f0-cbe6-4c34-88fb-51b0ff7f708d,2026-08-29 12:45:08,2026-08-29 12:45:08
f30f04fd-bad7-4e4e-977a-b936a2b4d8b7,,,Evidence Registered,Chikkaballapura Town,Evidence logged for case CR-2026-DET-274,2026-08-29 12:45:08,fbd08fc1-4dec-4eea-957a-e0caf313af77,2026-08-29 12:45:08,2026-08-29 12:45:08
bad84e89-407f-454b-a1c7-aef925611e7f,,,Evidence Registered,Virajpet Cross Road,Evidence logged for case CR-2026-DET-275,2026-08-29 12:45:08,fcbd292d-a78d-440b-8fea-ba2d9d42c0b0,2026-08-29 12:45:08,2026-08-29 12:45:08
ec25ef76-bbcb-4554-9d43-78331ae6cf73,,,Forensic Analysis Initiated,Forensic Lab,Evidence submitted for forensic examination,2026-08-29 12:45:07,fd069dba-7188-4538-a499-29ef827998ba,2026-08-29 12:45:07,2026-08-29 12:45:07
1ae05d4a-de48-450f-8c6a-430e283af30d,,,Evidence Registered,Harpanahalli Junction,Evidence logged for case CR-2026-DET-047,2026-08-29 12:45:07,fd4d8a88-0f23-4830-80af-8e62d15fa758,2026-08-29 12:45:07,2026-08-29 12:45:07
21845565-63a1-4d64-b564-6a44730b75be,,,Evidence Registered,Tumkuru Industrial Road,Evidence logged for case CR-2026-DET-173,2026-08-29 12:45:08,fd989647-97a4-46d6-b244-b21f7f3edb0e,2026-08-29 12:45:08,2026-08-29 12:45:08
7a54eb76-8a0f-433c-aa0e-0c22a1cb77c3,,,Evidence Registered,Mysuru-Mandya Highway,Evidence logged for case CR-2026-DET-087,2026-08-29 12:45:07,fda717e0-8a80-4cdf-be11-568b3520803e,2026-08-29 12:45:07,2026-08-29 12:45:07
25da8d47-d772-4736-8d39-a0623e2ee20f,,,Forensic Analysis Initiated,Forensic Lab,Evidence submitted for forensic examination,2026-08-29 12:45:08,fdc0c68f-8bb1-44f9-a572-672a276eb529,2026-08-29 12:45:08,2026-08-29 12:45:08
aa5210a8-6efb-4fc6-95c4-b075412a2290,,,Evidence Registered,Ballari Mines Sector B,Evidence logged for case CR-2026-DET-072,2026-08-29 12:45:07,fe61e16b-3415-4814-9a0b-60d32d6bd23f,2026-08-29 12:45:07,2026-08-29 12:45:07
f3638b09-0c54-41aa-a7d1-461a449a486b,,,Evidence Registered,Hubli Traffic Island,Evidence logged for case CR-2026-DET-303,2026-08-29 12:45:08,fe776f80-0b6a-4c20-997a-4ece74f41354,2026-08-29 12:45:08,2026-08-29 12:45:08
40a163cb-e1d2-459b-99bf-beb4f5602e5f,,,Evidence Registered,Chitradurga Fort Area,Evidence logged for case CR-2026-DET-283,2026-08-29 12:45:08,fe858a86-5de8-461f-82f6-ec9c4f9b2388,2026-08-29 12:45:08,2026-08-29 12:45:08
5b50830d-e92d-463f-a010-7fb15edfb035,,,Evidence Registered,Tiptur Market Area,Evidence logged for case CR-2026-DET-249,2026-08-29 12:45:08,feb507dd-391c-4e3c-b170-5a2fc6894465,2026-08-29 12:45:08,2026-08-29 12:45:08
66329887-c1fd-42c9-b13c-a5fdec26318c,,,Evidence Registered,Khade Bazar Checkpoint,Evidence logged for case CR-2026-DET-003,2026-08-29 12:45:07,fedf3329-7f37-413c-bf87-f8e8fb15ffaa,2026-08-29 12:45:07,2026-08-29 12:45:07
a5c2c0fa-e56a-4baa-ba90-cadc07c124cc,,,Forensic Analysis Initiated,Forensic Lab,Evidence submitted for forensic examination,2026-08-29 12:45:07,ff6e0591-518e-48a9-b4b1-8e9631b10c7c,2026-08-29 12:45:07,2026-08-29 12:45:07
e113c123-7d70-4169-9c37-8a85ea036bb3,,,Evidence Registered,Whitefield Cyber Cell Beat,Evidence logged for case CR-2026-DET-030,2026-08-29 12:45:07,ff88f805-967b-4238-aff9-9867ecbf6a65,2026-08-29 12:45:07,2026-08-29 12:45:07
4c6caac7-ba23-42c6-bdd3-73193660f5e9,,,Forensic Analysis Initiated,Forensic Lab,Evidence submitted for forensic examination,2026-08-29 12:45:08,ffb4ed72-59c1-4b3d-9293-e4006c36f4d9,2026-08-29 12:45:08,2026-08-29 12:45:08
8a5cb3bc-db30-474d-b084-8686b00f7126,,,Forensic Analysis Initiated,Forensic Lab,Evidence submitted for forensic examination,2026-08-29 12:45:08,ffe2284b-3398-4c97-b78a-3f9ee97192c3,2026-08-29 12:45:08,2026-08-29 12:45:08
