case_id,title,description,evidence_type,status,created_by,assigned_to,storage_path,dataset_provenance,source_import_job_id,source_file,source_row_ref,id,created_at,updated_at
7e2bb549-4e67-48fe-ba6a-8c2d44e35f11,Narcotics Seizure Kit — CR-2026-DET-299,"Physical evidence including seized substances, packaging materials, and transport vehicle documentation for CR-2026-DET-299.",physical,Pending,Inspector Ganesh Haldipur,,/evidence/7e2bb549-4e67-48fe-ba6a-8c2d44e35f11/physical_packet,demo,,,,006c2124-693f-4864-98f8-acf1cec88486,2026-08-29 12:45:08,2026-08-29 12:45:08
35c7de15-3727-4e72-94e1-f7b47a9d60fd,Narcotics Seizure Kit — CR-2026-DET-139,"Physical evidence including seized substances, packaging materials, and transport vehicle documentation for CR-2026-DET-139.",physical,Pending,Sub-Inspector Nagesh Kori,,/evidence/35c7de15-3727-4e72-94e1-f7b47a9d60fd/physical_packet,demo,,,,008ffbc0-534a-4030-853f-18d8e0034e3d,2026-08-29 12:45:07,2026-08-29 12:45:07
4426bc25-e5fb-426f-8d50-679cfc5da621,Mining Violation Records — CR-2026-DET-106,"Satellite imagery, transit manifests, and forged permits for illegal mining case CR-2026-DET-106.",document,Under Analysis,Sub-Inspector Venkatesh Kulkarni,,/evidence/4426bc25-e5fb-426f-8d50-679cfc5da621/document_packet,demo,,,,015c8e9a-e741-458c-b171-7552817e50e2,2026-08-29 12:45:07,2026-08-29 12:45:07
efda7455-38e7-4356-8001-2c8c4dea4f99,Narcotics Seizure Kit — CR-2026-DET-227,"Physical evidence including seized substances, packaging materials, and transport vehicle documentation for CR-2026-DET-227.",physical,Under Analysis,Sub-Inspector Mallikarjun Swamy,,/evidence/efda7455-38e7-4356-8001-2c8c4dea4f99/physical_packet,demo,,,,0377d597-c3ad-4f6a-965a-11c7cae3362e,2026-08-29 12:45:08,2026-08-29 12:45:08
8b69f6f9-d0f8-4baa-8b11-f7c34519a4eb,Case Evidence — CR-2026-DET-082,Supporting documentation and evidence for CR-2026-DET-082.,document,Under Analysis,Sub-Inspector Yashoda Patil,,/evidence/8b69f6f9-d0f8-4baa-8b11-f7c34519a4eb/document_packet,demo,,,,03fcc88d-4ac5-4940-ae3c-e0098205ba13,2026-08-29 12:45:07,2026-08-29 12:45:07
9fe6477f-a499-4e07-9862-f96059c28999,Burglary Evidence Packet — CR-2026-DET-273,"Physical evidence including tool marks, fingerprints, and stolen property inventory for CR-2026-DET-273.",physical,Under Analysis,Sub-Inspector Manjunath Reddy,,/evidence/9fe6477f-a499-4e07-9862-f96059c28999/physical_packet,demo,,,,050a7cd2-5dc5-418c-9445-dc830eb074b7,2026-08-29 12:45:08,2026-08-29 12:45:08
7e0575ff-38a6-4530-adb1-3abbdf59260e,Case Evidence — CR-2026-DET-289,Supporting documentation and evidence for CR-2026-DET-289.,document,Under Analysis,Inspector Virupakshi Hallur,,/evidence/7e0575ff-38a6-4530-adb1-3abbdf59260e/document_packet,demo,,,,05317ab5-7948-4198-bf14-6882c9955f9e,2026-08-29 12:45:08,2026-08-29 12:45:08
b08a6b5b-647e-4aa3-b791-3cb404b65f4f,Digital Forensics — CR-2026-DET-152,"Digital evidence including device images, network logs, and transaction records for CR-2026-DET-152.",digital,Analyzed,Sub-Inspector Venkatesh Kulkarni,,/evidence/b08a6b5b-647e-4aa3-b791-3cb404b65f4f/digital_packet,demo,,,,06de826c-4dac-4bf7-aa39-ea4c3cdc5be4,2026-08-29 12:45:08,2026-08-29 12:45:08
657d9afd-d7c1-48ff-a48c-2ef7f3e2d52c,Narcotics Seizure Kit — CR-2026-DET-122,"Physical evidence including seized substances, packaging materials, and transport vehicle documentation for CR-2026-DET-122.",physical,Under Analysis,Inspector Kiran Bhat,,/evidence/657d9afd-d7c1-48ff-a48c-2ef7f3e2d52c/physical_packet,demo,,,,0737b2d2-f63a-4711-87be-87d0c70568e6,2026-08-29 12:45:07,2026-08-29 12:45:07
ce291f42-fa02-45ef-842d-04310d74a733,Narcotics Seizure Kit — CR-2026-DET-207,"Physical evidence including seized substances, packaging materials, and transport vehicle documentation for CR-2026-DET-207.",physical,Under Analysis,Sub-Inspector Anitha Kulkarni,,/evidence/ce291f42-fa02-45ef-842d-04310d74a733/physical_packet,demo,,,,07ea4100-c582-4278-abcd-62a034c7b6d6,2026-08-29 12:45:08,2026-08-29 12:45:08
0a808b82-d793-480f-b201-370a197b6f01,Assault Case Documentation — CR-2026-DET-260,"Medical reports, witness statements, and scene photographs for assault case CR-2026-DET-260.",document,Under Analysis,Inspector Kavitha Prasad,,/evidence/0a808b82-d793-480f-b201-370a197b6f01/document_packet,demo,,,,07f2aed0-e2b5-413b-8350-bad43cde8174,2026-08-29 12:45:08,2026-08-29 12:45:08
b79d5e0b-0a43-42e6-ae74-e8e5e1d5640c,Narcotics Seizure Kit — CR-2026-DET-257,"Physical evidence including seized substances, packaging materials, and transport vehicle documentation for CR-2026-DET-257.",physical,Pending,Inspector Siddharamaiah Pujari,,/evidence/b79d5e0b-0a43-42e6-ae74-e8e5e1d5640c/physical_packet,demo,,,,0834cf5f-a01f-4ad0-8250-a0ab4e4f2330,2026-08-29 12:45:08,2026-08-29 12:45:08
bf9c7ee9-a470-4826-a42c-852271d85dac,DV Case Evidence — CR-2026-DET-206,"Medical examination reports, complaint statements, and photographic evidence for CR-2026-DET-206.",document,Pending,Inspector Virupakshi Hallur,,/evidence/bf9c7ee9-a470-4826-a42c-852271d85dac/document_packet,demo,,,,08f81cff-ba01-4a64-b4c4-f9ee16153be1,2026-08-29 12:45:08,2026-08-29 12:45:08
5ab902e6-9335-449e-9308-4b92aca920f2,Narcotics Seizure Kit — CR-2026-DET-112,"Physical evidence including seized substances, packaging materials, and transport vehicle documentation for CR-2026-DET-112.",physical,Analyzed,Sub-Inspector Yogesh Shetty,,/evidence/5ab902e6-9335-449e-9308-4b92aca920f2/physical_packet,demo,,,,0967d0fa-c69c-4b92-ab54-ba0efa176bb8,2026-08-29 12:45:07,2026-08-29 12:45:07
f20dce76-ae9f-4645-a0c0-499a7d392db7,Assault Case Documentation — CR-2026-DET-265,"Medical reports, witness statements, and scene photographs for assault case CR-2026-DET-265.",document,Under Analysis,Inspector Meera Sen,,/evidence/f20dce76-ae9f-4645-a0c0-499a7d392db7/document_packet,demo,,,,0a1ef191-e432-4e05-93dd-c6a6b51d0495,2026-08-29 12:45:08,2026-08-29 12:45:08
934f2bc5-1911-4678-9619-563d30dc484e,Narcotics Seizure Kit — CR-2026-DET-002,"Physical evidence including seized substances, packaging materials, and transport vehicle documentation for CR-2026-DET-002.",physical,Analyzed,Sub-Inspector Anitha Kulkarni,,/evidence/934f2bc5-1911-4678-9619-563d30dc484e/physical_packet,demo,,,,0bdf6198-119f-4e80-b77a-bbbd0b5b9a97,2026-08-29 12:45:07,2026-08-29 12:45:07
748fc5b2-5e9d-479e-ac85-9e9b675dd7e4,DV Case Evidence — CR-2026-DET-172,"Medical examination reports, complaint statements, and photographic evidence for CR-2026-DET-172.",document,Pending,Sub-Inspector Yogesh Shetty,,/evidence/748fc5b2-5e9d-479e-ac85-9e9b675dd7e4/document_packet,demo,,,,0d68c2d4-f3f7-4a97-8fbd-3224904f3e09,2026-08-29 12:45:08,2026-08-29 12:45:08
f38ac969-4750-4c32-b56b-fe2316bf20f2,Narcotics Seizure Kit — CR-2026-DET-242,"Physical evidence including seized substances, packaging materials, and transport vehicle documentation for CR-2026-DET-242.",physical,Under Analysis,Inspector Meera Sen,,/evidence/f38ac969-4750-4c32-b56b-fe2316bf20f2/physical_packet,demo,,,,0e152ded-0cf2-4cbc-9f78-65dab0d20dbe,2026-08-29 12:45:08,2026-08-29 12:45:08
ab3d83c8-3120-4812-a7c3-a5da8f1627e3,Mining Violation Records — CR-2026-BLR-001,"Satellite imagery, transit manifests, and forged permits for illegal mining case CR-2026-BLR-001.",document,Under Analysis,Inspector Siddharamaiah Pujari,,/evidence/ab3d83c8-3120-4812-a7c3-a5da8f1627e3/document_packet,demo,,,,0e17f638-0e62-4393-8637-f54ab07a2ea1,2026-08-29 12:45:07,2026-08-29 12:45:07
d48854cb-ed01-4856-a50e-229ec5ed648c,Narcotics Seizure Kit — CR-2026-DET-101,"Physical evidence including seized substances, packaging materials, and transport vehicle documentation for CR-2026-DET-101.",physical,Under Analysis,Sub-Inspector Sharanabasappa Deshpande,,/evidence/d48854cb-ed01-4856-a50e-229ec5ed648c/physical_packet,demo,,,,0e733fc6-fefe-4c60-97fd-4cdc327d5d2b,2026-08-29 12:45:07,2026-08-29 12:45:07
d6107abd-e01e-4b47-9fd3-63f2afadb3ff,Burglary Evidence Packet — CR-2026-BRL-001,"Physical evidence including tool marks, fingerprints, and stolen property inventory for CR-2026-BRL-001.",physical,Pending,Sub-Inspector Lakshmi Devi,,/evidence/d6107abd-e01e-4b47-9fd3-63f2afadb3ff/physical_packet,demo,,,,0f5b243a-8060-4450-bdd1-ce56aa6c7609,2026-08-29 12:45:07,2026-08-29 12:45:07
27ea1b5c-4a2f-449b-a65e-3e19e777bca0,Digital Forensics — CR-2026-DET-238,"Digital evidence including device images, network logs, and transaction records for CR-2026-DET-238.",digital,Under Analysis,Inspector Ganesh Haldipur,,/evidence/27ea1b5c-4a2f-449b-a65e-3e19e777bca0/digital_packet,demo,,,,0fddef37-8ebc-4e37-a1e7-3bcc6acc6ca2,2026-08-29 12:45:08,2026-08-29 12:45:08
e1bcdee5-3a8f-4a70-af2e-c748d12e43ca,Mining Violation Records — CR-2026-DET-241,"Satellite imagery, transit manifests, and forged permits for illegal mining case CR-2026-DET-241.",document,Pending,Sub-Inspector Vinayak Kulkarni,,/evidence/e1bcdee5-3a8f-4a70-af2e-c748d12e43ca/document_packet,demo,,,,101141ad-19a1-4d8b-952b-0886dd8756fb,2026-08-29 12:45:08,2026-08-29 12:45:08
3081447a-6053-416e-a9f9-18f68721ecb5,Assault Case Documentation — CR-2026-DET-063,"Medical reports, witness statements, and scene photographs for assault case CR-2026-DET-063.",document,Pending,Inspector Farooq Nadaf,,/evidence/3081447a-6053-416e-a9f9-18f68721ecb5/document_packet,demo,,,,10c761c6-79a9-4e3e-a74c-f40abb93f974,2026-08-29 12:45:07,2026-08-29 12:45:07
819c1e7f-8395-49d6-acfa-a99492ad4e04,Narcotics Seizure Kit — CR-2026-DET-098,"Physical evidence including seized substances, packaging materials, and transport vehicle documentation for CR-2026-DET-098.",physical,Under Analysis,Inspector Ganesh Haldipur,,/evidence/819c1e7f-8395-49d6-acfa-a99492ad4e04/physical_packet,demo,,,,111b1769-9245-435d-85e5-f56d912c93b8,2026-08-29 12:45:07,2026-08-29 12:45:07
6d5a8bf5-44a6-48af-be5f-ccb198942eea,Digital Forensics — CR-2026-DET-048,"Digital evidence including device images, network logs, and transaction records for CR-2026-DET-048.",digital,Under Analysis,Inspector Santosh Mudiraj,,/evidence/6d5a8bf5-44a6-48af-be5f-ccb198942eea/digital_packet,demo,,,,12ee183a-6486-4bce-a678-ffde7a5ba600,2026-08-29 12:45:07,2026-08-29 12:45:07
3329fe53-50e1-4898-9157-245c1a89c94a,Case Evidence — CR-2026-DET-020,Supporting documentation and evidence for CR-2026-DET-020.,document,Under Analysis,Inspector Farooq Nadaf,,/evidence/3329fe53-50e1-4898-9157-245c1a89c94a/document_packet,demo,,,,1534f265-05f1-4c24-bf7a-31468eb393ae,2026-08-29 12:45:07,2026-08-29 12:45:07
5d5b45d4-5dc9-4f52-9839-9c2f1bc7fa07,Burglary Evidence Packet — CR-2026-DET-021,"Physical evidence including tool marks, fingerprints, and stolen property inventory for CR-2026-DET-021.",physical,Under Analysis,Sub-Inspector Anitha Kulkarni,,/evidence/5d5b45d4-5dc9-4f52-9839-9c2f1bc7fa07/physical_packet,demo,,,,18109322-3fde-4546-8a8a-badacc8dff6c,2026-08-29 12:45:07,2026-08-29 12:45:07
5e85bde6-5324-4234-8077-af8bf8c03dc8,Case Evidence — CR-2026-DET-272,Supporting documentation and evidence for CR-2026-DET-272.,document,Pending,Sub-Inspector Yashoda Patil,,/evidence/5e85bde6-5324-4234-8077-af8bf8c03dc8/document_packet,demo,,,,18d149d7-0984-4f0c-8d52-6e7ab05fd367,2026-08-29 12:45:08,2026-08-29 12:45:08
853c974f-c0ff-4a7f-88b3-da03a02c4207,Narcotics Seizure Kit — CR-2026-DET-013,"Physical evidence including seized substances, packaging materials, and transport vehicle documentation for CR-2026-DET-013.",physical,Pending,Sub-Inspector Lokesh Biradar,,/evidence/853c974f-c0ff-4a7f-88b3-da03a02c4207/physical_packet,demo,,,,198464e9-cfae-49f7-a0bc-15bd26316e45,2026-08-29 12:45:07,2026-08-29 12:45:07
a8a1f1e1-b03b-4022-a661-0ed582127ea5,Narcotics Seizure Kit — CR-2026-DET-281,"Physical evidence including seized substances, packaging materials, and transport vehicle documentation for CR-2026-DET-281.",physical,Analyzed,Sub-Inspector Yashoda Patil,,/evidence/a8a1f1e1-b03b-4022-a661-0ed582127ea5/physical_packet,demo,,,,19b00b65-627b-4307-9e94-23716a52af8c,2026-08-29 12:45:08,2026-08-29 12:45:08
034a10c5-3ff7-49bc-923a-c306609ec396,Mining Violation Records — CR-2026-DET-184,"Satellite imagery, transit manifests, and forged permits for illegal mining case CR-2026-DET-184.",document,Analyzed,Inspector Raju Patil,,/evidence/034a10c5-3ff7-49bc-923a-c306609ec396/document_packet,demo,,,,19b7663c-305c-4c67-a6aa-a84e2ffd4920,2026-08-29 12:45:08,2026-08-29 12:45:08
28b3122f-7ceb-4d4e-bdef-4665211ff616,Digital Forensics — CR-2026-DET-144,"Digital evidence including device images, network logs, and transaction records for CR-2026-DET-144.",digital,Under Analysis,Inspector Hanumanthappa Naik,,/evidence/28b3122f-7ceb-4d4e-bdef-4665211ff616/digital_packet,demo,,,,1a83c539-90b5-4a69-8c9b-2d5edba1370a,2026-08-29 12:45:08,2026-08-29 12:45:08
aec66443-14ab-4dd3-bb0c-35f16fa3eee9,Assault Case Documentation — CR-2026-DET-047,"Medical reports, witness statements, and scene photographs for assault case CR-2026-DET-047.",document,Under Analysis,Inspector Santosh Mudiraj,,/evidence/aec66443-14ab-4dd3-bb0c-35f16fa3eee9/document_packet,demo,,,,1ae05d4a-de48-450f-8c6a-430e283af30d,2026-08-29 12:45:07,2026-08-29 12:45:07
48f8ed2c-ce1b-4021-884b-d73e071295c4,Assault Case Documentation — CR-2026-DET-056,"Medical reports, witness statements, and scene photographs for assault case CR-2026-DET-056.",document,Pending,Inspector Meera Sen,,/evidence/48f8ed2c-ce1b-4021-884b-d73e071295c4/document_packet,demo,,,,1ba46825-7d45-4d4b-99da-1d97b03bd9a7,2026-08-29 12:45:07,2026-08-29 12:45:07
104d2caa-241c-4d84-8754-de7b375d6f8e,Digital Forensics — CR-2026-BNG-002,"Digital evidence including device images, network logs, and transaction records for CR-2026-BNG-002.",digital,Pending,Inspector Kavitha Prasad,,/evidence/104d2caa-241c-4d84-8754-de7b375d6f8e/digital_packet,demo,,,,1c510628-6e84-4710-b3b9-30493d20da64,2026-08-29 12:45:07,2026-08-29 12:45:07
009b99b2-c746-4ba7-b006-3df88e02f79f,Burglary Evidence Packet — CR-2026-YDG-001,"Physical evidence including tool marks, fingerprints, and stolen property inventory for CR-2026-YDG-001.",physical,Under Analysis,Sub-Inspector Venkatesh Kulkarni,,/evidence/009b99b2-c746-4ba7-b006-3df88e02f79f/physical_packet,demo,,,,1c64b050-b551-4be1-840f-4ffd541ad2e6,2026-08-29 12:45:07,2026-08-29 12:45:07
9965c0e3-2400-46ae-bdfe-cab1444de54b,DV Case Evidence — CR-2026-MND-001,"Medical examination reports, complaint statements, and photographic evidence for CR-2026-MND-001.",document,Pending,Sub-Inspector Prakash Naik,,/evidence/9965c0e3-2400-46ae-bdfe-cab1444de54b/document_packet,demo,,,,1d739511-14d5-445f-980f-ea5bce8af4c0,2026-08-29 12:45:07,2026-08-29 12:45:07
dd764888-d847-423f-bc86-9b2f19acb75b,Case Evidence — CR-2026-DET-191,Supporting documentation and evidence for CR-2026-DET-191.,document,Pending,Sub-Inspector Pushpa Lakshmi,,/evidence/dd764888-d847-423f-bc86-9b2f19acb75b/document_packet,demo,,,,1ddb75b1-0ffe-4e9e-8c9e-4c9486ad2009,2026-08-29 12:45:08,2026-08-29 12:45:08
c56d7133-f6ff-4ab2-95ba-f7f03611bb39,Mining Violation Records — CR-2026-CTD-001,"Satellite imagery, transit manifests, and forged permits for illegal mining case CR-2026-CTD-001.",document,Under Analysis,Inspector Ravi Shankar Bhat,,/evidence/c56d7133-f6ff-4ab2-95ba-f7f03611bb39/document_packet,demo,,,,1e9c3522-d5c4-4909-a78c-7da1a8a6f5bd,2026-08-29 12:45:07,2026-08-29 12:45:07
499cb651-d391-4947-952f-470508a1bfd1,Mining Violation Records — CR-2026-DET-123,"Satellite imagery, transit manifests, and forged permits for illegal mining case CR-2026-DET-123.",document,Analyzed,Inspector Basavaraj Kolkar,,/evidence/499cb651-d391-4947-952f-470508a1bfd1/document_packet,demo,,,,1ea8d308-4250-4a47-94a5-0691bc6d0c7f,2026-08-29 12:45:07,2026-08-29 12:45:07
133f4980-ae05-4f12-bdee-6006d0984ab5,DV Case Evidence — CR-2026-DET-320,"Medical examination reports, complaint statements, and photographic evidence for CR-2026-DET-320.",document,Under Analysis,Sub-Inspector Vinayak Kulkarni,,/evidence/133f4980-ae05-4f12-bdee-6006d0984ab5/document_packet,demo,,,,1f1176ea-c2ca-41cb-909e-e3f797949f4b,2026-08-29 12:45:08,2026-08-29 12:45:08
886fe6b7-2b1f-46ff-8886-ce82f0b0b667,Narcotics Seizure Kit — CR-2026-DET-031,"Physical evidence including seized substances, packaging materials, and transport vehicle documentation for CR-2026-DET-031.",physical,Pending,Inspector Siddharamaiah Pujari,,/evidence/886fe6b7-2b1f-46ff-8886-ce82f0b0b667/physical_packet,demo,,,,1f171d14-bf88-4009-86f6-4b6be19f8200,2026-08-29 12:45:07,2026-08-29 12:45:07
89d60a18-d531-4bc7-9fc6-1604cb50e586,Narcotics Seizure Kit — CR-2026-DET-165,"Physical evidence including seized substances, packaging materials, and transport vehicle documentation for CR-2026-DET-165.",physical,Analyzed,Sub-Inspector Yogesh Shetty,,/evidence/89d60a18-d531-4bc7-9fc6-1604cb50e586/physical_packet,demo,,,,1fe5bced-6ac3-448d-a28f-b73dd59a48f2,2026-08-29 12:45:08,2026-08-29 12:45:08
c903f87d-df4a-449f-aeb0-0ae073728cd4,Case Evidence — CR-2026-DET-173,Supporting documentation and evidence for CR-2026-DET-173.,document,Pending,Inspector Ganesh Haldipur,,/evidence/c903f87d-df4a-449f-aeb0-0ae073728cd4/document_packet,demo,,,,21845565-63a1-4d64-b564-6a44730b75be,2026-08-29 12:45:08,2026-08-29 12:45:08
db0fb348-80cd-4574-bf14-d82ad5f1ab23,Case Evidence — CR-2026-DET-102,Supporting documentation and evidence for CR-2026-DET-102.,document,Under Analysis,Inspector Raju Patil,,/evidence/db0fb348-80cd-4574-bf14-d82ad5f1ab23/document_packet,demo,,,,21ca4243-dba6-4ee2-9604-b202e7fefe86,2026-08-29 12:45:07,2026-08-29 12:45:07
5dcb6acd-40a6-48f9-831d-bf74a3885551,Narcotics Seizure Kit — CR-2026-DET-180,"Physical evidence including seized substances, packaging materials, and transport vehicle documentation for CR-2026-DET-180.",physical,Under Analysis,Inspector Irfan Hassan,,/evidence/5dcb6acd-40a6-48f9-831d-bf74a3885551/physical_packet,demo,,,,222d6737-fb88-436b-a288-6090056a4d05,2026-08-29 12:45:08,2026-08-29 12:45:08
804aaae9-fb24-404f-9a1e-169b2ed82cd1,Narcotics Seizure Kit — CR-2026-MNG-001,"Physical evidence including seized substances, packaging materials, and transport vehicle documentation for CR-2026-MNG-001.",physical,Pending,Inspector Irfan Hassan,,/evidence/804aaae9-fb24-404f-9a1e-169b2ed82cd1/physical_packet,demo,,,,23031115-1674-472e-b498-3e1f6a24932b,2026-08-29 12:45:07,2026-08-29 12:45:07
ac2390f8-2e3d-4974-96d2-3c1ec707b22e,Narcotics Seizure Kit — CR-2026-DET-185,"Physical evidence including seized substances, packaging materials, and transport vehicle documentation for CR-2026-DET-185.",physical,Under Analysis,Inspector Meera Sen,,/evidence/ac2390f8-2e3d-4974-96d2-3c1ec707b22e/physical_packet,demo,,,,2310822b-3d75-47bd-abe7-9a4d401fad54,2026-08-29 12:45:08,2026-08-29 12:45:08
9c9dd48a-5386-4a1b-84fa-5cecec51ff38,Assault Case Documentation — CR-2026-CMR-001,"Medical reports, witness statements, and scene photographs for assault case CR-2026-CMR-001.",document,Pending,Sub-Inspector Pushpa Lakshmi,,/evidence/9c9dd48a-5386-4a1b-84fa-5cecec51ff38/document_packet,demo,,,,2351eceb-d595-43f1-9b5e-f09f100ee8b5,2026-08-29 12:45:07,2026-08-29 12:45:07
5ce46ded-d665-4f33-82df-1c7b5da1d3bb,DV Case Evidence — CR-2026-DET-141,"Medical examination reports, complaint statements, and photographic evidence for CR-2026-DET-141.",document,Under Analysis,Sub-Inspector Mallikarjun Swamy,,/evidence/5ce46ded-d665-4f33-82df-1c7b5da1d3bb/document_packet,demo,,,,23622dc7-fdc2-464a-a655-69629f3e2cbe,2026-08-29 12:45:08,2026-08-29 12:45:08
49137ef0-5a6e-4655-978a-1ceb29fc1f9a,Assault Case Documentation — CR-2026-DET-059,"Medical reports, witness statements, and scene photographs for assault case CR-2026-DET-059.",document,Under Analysis,Inspector Ganesh Haldipur,,/evidence/49137ef0-5a6e-4655-978a-1ceb29fc1f9a/document_packet,demo,,,,2364680e-0ba6-4de8-8096-c5c1eac8d33a,2026-08-29 12:45:07,2026-08-29 12:45:07
65cd4c20-1fb9-4c02-aaeb-6ad8a3fd4563,Case Evidence — CR-2026-DET-077,Supporting documentation and evidence for CR-2026-DET-077.,document,Under Analysis,Inspector Irfan Hassan,,/evidence/65cd4c20-1fb9-4c02-aaeb-6ad8a3fd4563/document_packet,demo,,,,236f9ce7-ddf4-4812-8c7b-14545e1ed846,2026-08-29 12:45:07,2026-08-29 12:45:07
6caba650-21c3-4bd0-8c8a-7884b6038189,Case Evidence — CR-2026-DET-186,Supporting documentation and evidence for CR-2026-DET-186.,document,Under Analysis,Sub-Inspector Nagesh Kori,,/evidence/6caba650-21c3-4bd0-8c8a-7884b6038189/document_packet,demo,,,,25da8d47-d772-4736-8d39-a0623e2ee20f,2026-08-29 12:45:08,2026-08-29 12:45:08
7bd6b47f-e7d7-4b39-9230-8834d9114d12,Narcotics Seizure Kit — CR-2026-DET-318,"Physical evidence including seized substances, packaging materials, and transport vehicle documentation for CR-2026-DET-318.",physical,Under Analysis,Sub-Inspector Lakshmi Devi,,/evidence/7bd6b47f-e7d7-4b39-9230-8834d9114d12/physical_packet,demo,,,,26d1a2f0-8c86-4db1-a7f8-1507dfcd9b99,2026-08-29 12:45:08,2026-08-29 12:45:08
f6764b0c-32d9-44a9-97d9-9f59e40ad00f,Case Evidence — CR-2026-DET-205,Supporting documentation and evidence for CR-2026-DET-205.,document,Under Analysis,Inspector Kiran Bhat,,/evidence/f6764b0c-32d9-44a9-97d9-9f59e40ad00f/document_packet,demo,,,,26d82653-f89e-4dc6-aa9e-b786bc9f5fa9,2026-08-29 12:45:08,2026-08-29 12:45:08
300f0f43-7a03-411b-b872-dd00cbf9c141,Burglary Evidence Packet — CR-2026-BLG-002,"Physical evidence including tool marks, fingerprints, and stolen property inventory for CR-2026-BLG-002.",physical,Pending,Inspector Virupakshi Hallur,,/evidence/300f0f43-7a03-411b-b872-dd00cbf9c141/physical_packet,demo,,,,27178e9c-8c42-4e16-b3ef-d687cdffe575,2026-08-29 12:45:07,2026-08-29 12:45:07
74a6f585-8307-4485-9def-e5a95fcb20cb,Case Evidence — CR-2026-DET-203,Supporting documentation and evidence for CR-2026-DET-203.,document,Under Analysis,Inspector Irfan Hassan,,/evidence/74a6f585-8307-4485-9def-e5a95fcb20cb/document_packet,demo,,,,271ff166-6b49-408c-bb35-a69f3003753a,2026-08-29 12:45:08,2026-08-29 12:45:08
6669187f-ab62-4144-8a9e-4e685cc57f10,Narcotics Seizure Kit — CR-2026-DET-105,"Physical evidence including seized substances, packaging materials, and transport vehicle documentation for CR-2026-DET-105.",physical,Pending,Inspector Irfan Hassan,,/evidence/6669187f-ab62-4144-8a9e-4e685cc57f10/physical_packet,demo,,,,28864ea0-f28b-46f1-87ae-ba50f402a454,2026-08-29 12:45:07,2026-08-29 12:45:07
0980717a-92ad-4653-baa9-303a0348e076,Narcotics Seizure Kit — CR-2026-RCR-001,"Physical evidence including seized substances, packaging materials, and transport vehicle documentation for CR-2026-RCR-001.",physical,Pending,Sub-Inspector Mallikarjun Swamy,,/evidence/0980717a-92ad-4653-baa9-303a0348e076/physical_packet,demo,,,,298305d3-6efa-491a-b74c-ae5a2dbe6105,2026-08-29 12:45:07,2026-08-29 12:45:07
dc99d38b-165f-4f48-bf0c-54001a9c5993,Burglary Evidence Packet — CR-2026-DET-065,"Physical evidence including tool marks, fingerprints, and stolen property inventory for CR-2026-DET-065.",physical,Under Analysis,Sub-Inspector Manjunath Reddy,,/evidence/dc99d38b-165f-4f48-bf0c-54001a9c5993/physical_packet,demo,,,,2b5de6a7-3010-4c88-9bbb-50218973c147,2026-08-29 12:45:07,2026-08-29 12:45:07
b7c3ef92-430b-4b3d-a85e-335af8d7000f,Narcotics Seizure Kit — CR-2026-DET-032,"Physical evidence including seized substances, packaging materials, and transport vehicle documentation for CR-2026-DET-032.",physical,Under Analysis,Sub-Inspector Anitha Kulkarni,,/evidence/b7c3ef92-430b-4b3d-a85e-335af8d7000f/physical_packet,demo,,,,2b61b413-2b86-47da-a4cd-5472c51a74a1,2026-08-29 12:45:07,2026-08-29 12:45:07
8ef3f28f-fb5b-40ac-9f29-df82186fb78c,Burglary Evidence Packet — CR-2026-MYS-002,"Physical evidence including tool marks, fingerprints, and stolen property inventory for CR-2026-MYS-002.",physical,Analyzed,Inspector Meera Sen,,/evidence/8ef3f28f-fb5b-40ac-9f29-df82186fb78c/physical_packet,demo,,,,2bfdf3f4-44d1-462f-9553-82bce38c2333,2026-08-29 12:45:07,2026-08-29 12:45:07
8d8effd6-7045-4ee8-989c-036db6be4ea3,Narcotics Seizure Kit — CR-2026-DET-134,"Physical evidence including seized substances, packaging materials, and transport vehicle documentation for CR-2026-DET-134.",physical,Pending,Sub-Inspector Prakash Naik,,/evidence/8d8effd6-7045-4ee8-989c-036db6be4ea3/physical_packet,demo,,,,2c1de3eb-8d4b-4973-8708-ef54b1408c48,2026-08-29 12:45:07,2026-08-29 12:45:07
6b58a460-5cd0-4155-995d-5898573e5905,Narcotics Seizure Kit — CR-2026-DET-236,"Physical evidence including seized substances, packaging materials, and transport vehicle documentation for CR-2026-DET-236.",physical,Under Analysis,Inspector Kavitha Prasad,,/evidence/6b58a460-5cd0-4155-995d-5898573e5905/physical_packet,demo,,,,2c618f8b-888b-422f-88ca-08296cbd218d,2026-08-29 12:45:08,2026-08-29 12:45:08
734c2c88-b1d6-4118-933c-84e15c59f1fd,Narcotics Seizure Kit — CR-2026-DET-308,"Physical evidence including seized substances, packaging materials, and transport vehicle documentation for CR-2026-DET-308.",physical,Under Analysis,Inspector Kiran Bhat,,/evidence/734c2c88-b1d6-4118-933c-84e15c59f1fd/physical_packet,demo,,,,2c6b1f9e-21a3-4aeb-b7bc-d611f25fd703,2026-08-29 12:45:08,2026-08-29 12:45:08
895591a2-c075-4faf-8c77-9b6769eb3ed4,Digital Forensics — CR-2026-DET-232,"Digital evidence including device images, network logs, and transaction records for CR-2026-DET-232.",digital,Under Analysis,Inspector Ganesh Haldipur,,/evidence/895591a2-c075-4faf-8c77-9b6769eb3ed4/digital_packet,demo,,,,2ce7f237-4390-409e-b15e-26bb20f27158,2026-08-29 12:45:08,2026-08-29 12:45:08
9a24f941-d25f-45c1-9360-8c8627fb6e83,DV Case Evidence — CR-2026-DET-076,"Medical examination reports, complaint statements, and photographic evidence for CR-2026-DET-076.",document,Under Analysis,Inspector Basavaraj Kolkar,,/evidence/9a24f941-d25f-45c1-9360-8c8627fb6e83/document_packet,demo,,,,2d242109-66b7-4ff8-8870-ff5d3d20b6e0,2026-08-29 12:45:07,2026-08-29 12:45:07
afce8adf-1722-477f-bcdc-4b72e8b78acc,Burglary Evidence Packet — CR-2026-BNG-003,"Physical evidence including tool marks, fingerprints, and stolen property inventory for CR-2026-BNG-003.",physical,Under Analysis,Inspector Kavitha Prasad,,/evidence/afce8adf-1722-477f-bcdc-4b72e8b78acc/physical_packet,demo,,,,2d89b384-7ad9-4a0b-b940-8b0de1fb9f1e,2026-08-29 12:45:07,2026-08-29 12:45:07
4b494b74-1784-464a-9f68-872ca01fdb07,Burglary Evidence Packet — CR-2026-DET-262,"Physical evidence including tool marks, fingerprints, and stolen property inventory for CR-2026-DET-262.",physical,Pending,Sub-Inspector Anitha Kulkarni,,/evidence/4b494b74-1784-464a-9f68-872ca01fdb07/physical_packet,demo,,,,2ecdbdc9-5b9e-4bf3-9589-de82a5555fe2,2026-08-29 12:45:08,2026-08-29 12:45:08
6f710a76-70d5-4886-8bba-0639bbcd1ae8,Mining Violation Records — CR-2026-DET-039,"Satellite imagery, transit manifests, and forged permits for illegal mining case CR-2026-DET-039.",document,Under Analysis,Inspector Shanthappa K,,/evidence/6f710a76-70d5-4886-8bba-0639bbcd1ae8/document_packet,demo,,,,2f499eee-688b-4857-86cc-8dcca2143d96,2026-08-29 12:45:07,2026-08-29 12:45:07
4e3fa34d-7046-457c-a308-6d9c7a1fe4d2,Narcotics Seizure Kit — CR-2026-DET-190,"Physical evidence including seized substances, packaging materials, and transport vehicle documentation for CR-2026-DET-190.",physical,Pending,Inspector Ganesh Haldipur,,/evidence/4e3fa34d-7046-457c-a308-6d9c7a1fe4d2/physical_packet,demo,,,,2f9a3613-3b71-4c31-8670-b0427ebed6b0,2026-08-29 12:45:08,2026-08-29 12:45:08
2f531eac-763d-47ff-83a0-3b5751400768,Case Evidence — CR-2026-DET-126,Supporting documentation and evidence for CR-2026-DET-126.,document,Pending,Inspector Kavitha Prasad,,/evidence/2f531eac-763d-47ff-83a0-3b5751400768/document_packet,demo,,,,2feaac6b-313d-48e5-81cd-fc3783882e2b,2026-08-29 12:45:07,2026-08-29 12:45:07
4b2e8ec6-f3a8-4449-8aa4-1a6f5587c41e,Digital Forensics — CR-2026-DET-084,"Digital evidence including device images, network logs, and transaction records for CR-2026-DET-084.",digital,Under Analysis,Inspector Meera Sen,,/evidence/4b2e8ec6-f3a8-4449-8aa4-1a6f5587c41e/digital_packet,demo,,,,311f90dd-f958-4cb9-9db3-fce42e1f7cbc,2026-08-29 12:45:07,2026-08-29 12:45:07
14e88047-1331-46de-9b4b-c47f45d0204b,Narcotics Seizure Kit — CR-2026-DET-282,"Physical evidence including seized substances, packaging materials, and transport vehicle documentation for CR-2026-DET-282.",physical,Under Analysis,Inspector Ravi Shankar Bhat,,/evidence/14e88047-1331-46de-9b4b-c47f45d0204b/physical_packet,demo,,,,31db7937-2ba3-46b3-ad1d-e602483918e5,2026-08-29 12:45:08,2026-08-29 12:45:08
cc2bc4d0-234b-4b1a-94ea-470c86175eff,Narcotics Seizure Kit — CR-2026-BDR-001,"Physical evidence including seized substances, packaging materials, and transport vehicle documentation for CR-2026-BDR-001.",physical,Pending,Inspector Farooq Nadaf,,/evidence/cc2bc4d0-234b-4b1a-94ea-470c86175eff/physical_packet,demo,,,,3298da84-bf74-468d-9f60-061456c2a7a5,2026-08-29 12:45:07,2026-08-29 12:45:07
5b544337-8c42-491f-969e-14bcb77a23f4,Mining Violation Records — CR-2026-DET-115,"Satellite imagery, transit manifests, and forged permits for illegal mining case CR-2026-DET-115.",document,Under Analysis,Inspector Kavitha Prasad,,/evidence/5b544337-8c42-491f-969e-14bcb77a23f4/document_packet,demo,,,,32d4b1c8-c39c-4a25-bbf9-e501a199a3d3,2026-08-29 12:45:07,2026-08-29 12:45:07
99524326-e554-4306-9104-3ed8a06a40ba,Assault Case Documentation — CR-2026-DET-304,"Medical reports, witness statements, and scene photographs for assault case CR-2026-DET-304.",document,Pending,Inspector Irfan Hassan,,/evidence/99524326-e554-4306-9104-3ed8a06a40ba/document_packet,demo,,,,33a93771-385b-4415-9ee6-f42b6712393f,2026-08-29 12:45:08,2026-08-29 12:45:08
3af16f78-17d3-4868-ab09-0412a3102fac,Assault Case Documentation — CR-2026-DET-216,"Medical reports, witness statements, and scene photographs for assault case CR-2026-DET-216.",document,Under Analysis,Sub-Inspector Mallikarjun Swamy,,/evidence/3af16f78-17d3-4868-ab09-0412a3102fac/document_packet,demo,,,,341e1bde-982b-4d88-b518-fbbace5ea0e1,2026-08-29 12:45:08,2026-08-29 12:45:08
8900e353-d4dd-4b14-9d4b-ac36327f8af7,Digital Forensics — CR-2026-HSN-002,"Digital evidence including device images, network logs, and transaction records for CR-2026-HSN-002.",digital,Pending,Inspector Mohammed Irfan,,/evidence/8900e353-d4dd-4b14-9d4b-ac36327f8af7/digital_packet,demo,,,,3489c891-8fc9-47b1-98c1-633c53bc48e2,2026-08-29 12:45:07,2026-08-29 12:45:07
e517a6e3-c8e1-48c0-b40e-4a26a41501de,Assault Case Documentation — CR-2026-DET-005,"Medical reports, witness statements, and scene photographs for assault case CR-2026-DET-005.",document,Analyzed,Inspector Kiran Bhat,,/evidence/e517a6e3-c8e1-48c0-b40e-4a26a41501de/document_packet,demo,,,,363c00b4-f382-41f7-8e1b-6723715dc8a4,2026-08-29 12:45:07,2026-08-29 12:45:07
b22a67ec-5456-4e7a-848f-bac6ea8409ea,Narcotics Seizure Kit — CR-2026-DET-035,"Physical evidence including seized substances, packaging materials, and transport vehicle documentation for CR-2026-DET-035.",physical,Under Analysis,Sub-Inspector Yashoda Patil,,/evidence/b22a67ec-5456-4e7a-848f-bac6ea8409ea/physical_packet,demo,,,,37aa8b92-aad2-4d3f-bdbb-2f8b5e07df88,2026-08-29 12:45:07,2026-08-29 12:45:07
96943fd5-c225-4eb9-9487-64ecc9b83be2,Case Evidence — CR-2026-DET-278,Supporting documentation and evidence for CR-2026-DET-278.,document,Pending,Sub-Inspector Nagesh Kori,,/evidence/96943fd5-c225-4eb9-9487-64ecc9b83be2/document_packet,demo,,,,37e64868-e16c-4306-8b9b-b81c4da3e34b,2026-08-29 12:45:08,2026-08-29 12:45:08
416abfd1-997c-4bcb-a746-8c408b713b3f,Narcotics Seizure Kit — CR-2026-DET-121,"Physical evidence including seized substances, packaging materials, and transport vehicle documentation for CR-2026-DET-121.",physical,Under Analysis,Sub-Inspector Nagesh Kori,,/evidence/416abfd1-997c-4bcb-a746-8c408b713b3f/physical_packet,demo,,,,3866ab22-1816-4a22-8b14-bb902267d090,2026-08-29 12:45:07,2026-08-29 12:45:07
e67e95d0-83d2-48f1-a371-cb6eff0670f7,Case Evidence — CR-2026-DET-233,Supporting documentation and evidence for CR-2026-DET-233.,document,Under Analysis,Sub-Inspector Fakirappa Doddamani,,/evidence/e67e95d0-83d2-48f1-a371-cb6eff0670f7/document_packet,demo,,,,39268784-f9ec-4bf9-be1a-e44e952130f9,2026-08-29 12:45:08,2026-08-29 12:45:08
3aa0053c-30fb-479a-aaf9-c1d27e7eb317,Narcotics Seizure Kit — CR-2026-DET-012,"Physical evidence including seized substances, packaging materials, and transport vehicle documentation for CR-2026-DET-012.",physical,Pending,Inspector Shanthappa K,,/evidence/3aa0053c-30fb-479a-aaf9-c1d27e7eb317/physical_packet,demo,,,,39696ab5-1827-4fbc-8e1b-6a21c01a8537,2026-08-29 12:45:07,2026-08-29 12:45:07
5ff67582-1a09-4371-b144-c9551861c08d,Narcotics Seizure Kit — CR-2026-DET-266,"Physical evidence including seized substances, packaging materials, and transport vehicle documentation for CR-2026-DET-266.",physical,Under Analysis,Inspector Shanthappa K,,/evidence/5ff67582-1a09-4371-b144-c9551861c08d/physical_packet,demo,,,,3b26d9af-578d-4d75-a328-8182bcacf83a,2026-08-29 12:45:08,2026-08-29 12:45:08
36b4aeec-60b5-46e7-ad34-357ba32499c6,Digital Forensics — CR-2026-DET-058,"Digital evidence including device images, network logs, and transaction records for CR-2026-DET-058.",digital,Pending,Sub-Inspector Lokesh Biradar,,/evidence/36b4aeec-60b5-46e7-ad34-357ba32499c6/digital_packet,demo,,,,3bd7a95a-e122-401c-b196-a45286d4a857,2026-08-29 12:45:07,2026-08-29 12:45:07
0779cceb-7288-48f2-9cf4-85657dbc850d,Narcotics Seizure Kit — CR-2026-DET-222,"Physical evidence including seized substances, packaging materials, and transport vehicle documentation for CR-2026-DET-222.",physical,Under Analysis,Inspector Meera Sen,,/evidence/0779cceb-7288-48f2-9cf4-85657dbc850d/physical_packet,demo,,,,3ffd49e2-12c6-4141-bbae-1b040ac6dfd9,2026-08-29 12:45:08,2026-08-29 12:45:08
01e3b8cb-6369-4fa5-b43e-aa07b4547d71,DV Case Evidence — CR-2026-DET-189,"Medical examination reports, complaint statements, and photographic evidence for CR-2026-DET-189.",document,Under Analysis,Inspector Santosh Mudiraj,,/evidence/01e3b8cb-6369-4fa5-b43e-aa07b4547d71/document_packet,demo,,,,402c33ee-4aae-4080-994a-6cb2d6b7ecf0,2026-08-29 12:45:08,2026-08-29 12:45:08
98ce8246-963f-4e06-af05-3111177221d2,Case Evidence — CR-2026-DET-283,Supporting documentation and evidence for CR-2026-DET-283.,document,Pending,Inspector Ravi Shankar Bhat,,/evidence/98ce8246-963f-4e06-af05-3111177221d2/document_packet,demo,,,,40a163cb-e1d2-459b-99bf-beb4f5602e5f,2026-08-29 12:45:08,2026-08-29 12:45:08
ca3276e6-d405-41cc-ab0b-327ec78e7909,Burglary Evidence Packet — CR-2026-DET-168,"Physical evidence including tool marks, fingerprints, and stolen property inventory for CR-2026-DET-168.",physical,Pending,Inspector Kavitha Prasad,,/evidence/ca3276e6-d405-41cc-ab0b-327ec78e7909/physical_packet,demo,,,,40b52f5d-5f2a-42d8-9089-591551cccfd9,2026-08-29 12:45:08,2026-08-29 12:45:08
8cfd7fb0-19e8-4d5a-b3f8-2a5841aaac64,Mining Violation Records — CR-2026-DET-129,"Satellite imagery, transit manifests, and forged permits for illegal mining case CR-2026-DET-129.",document,Under Analysis,Sub-Inspector Mallikarjun Swamy,,/evidence/8cfd7fb0-19e8-4d5a-b3f8-2a5841aaac64/document_packet,demo,,,,40ffa22b-1fe3-4686-a564-29c65b3a24fd,2026-08-29 12:45:07,2026-08-29 12:45:07
d4f49f4d-d42a-4772-a24a-1970dfa67542,Burglary Evidence Packet — CR-2026-DET-252,"Physical evidence including tool marks, fingerprints, and stolen property inventory for CR-2026-DET-252.",physical,Under Analysis,Inspector Basavaraj Kolkar,,/evidence/d4f49f4d-d42a-4772-a24a-1970dfa67542/physical_packet,demo,,,,413e6b2d-8f1e-47bd-9941-2097cc4dae1b,2026-08-29 12:45:08,2026-08-29 12:45:08
9af383fb-d75d-4d5e-ac70-84dc15a9fc12,Digital Forensics — CR-2026-DET-023,"Digital evidence including device images, network logs, and transaction records for CR-2026-DET-023.",digital,Under Analysis,Inspector Ravi Shankar Bhat,,/evidence/9af383fb-d75d-4d5e-ac70-84dc15a9fc12/digital_packet,demo,,,,424b5f98-5232-464f-ab4d-53c394f778a7,2026-08-29 12:45:07,2026-08-29 12:45:07
b3d07a00-54d4-443e-a8dd-144d3cd1735f,Narcotics Seizure Kit — CR-2026-DWD-002,"Physical evidence including seized substances, packaging materials, and transport vehicle documentation for CR-2026-DWD-002.",physical,Pending,Inspector Manoj Biradar,,/evidence/b3d07a00-54d4-443e-a8dd-144d3cd1735f/physical_packet,demo,,,,42dd02e0-1ede-427f-afc5-044cf0165373,2026-08-29 12:45:07,2026-08-29 12:45:07
f2f09272-8a21-4522-9c77-7e8b51b36cce,Digital Forensics — CR-2026-DET-210,"Digital evidence including device images, network logs, and transaction records for CR-2026-DET-210.",digital,Under Analysis,Sub-Inspector Anitha Kulkarni,,/evidence/f2f09272-8a21-4522-9c77-7e8b51b36cce/digital_packet,demo,,,,4343a2a5-db4a-40a9-b12a-b6dd5e5e9c10,2026-08-29 12:45:08,2026-08-29 12:45:08
96d54f82-4425-479b-8238-3048ef0e0c42,Narcotics Seizure Kit — CR-2026-BLR-002,"Physical evidence including seized substances, packaging materials, and transport vehicle documentation for CR-2026-BLR-002.",physical,Under Analysis,Inspector Siddharamaiah Pujari,,/evidence/96d54f82-4425-479b-8238-3048ef0e0c42/physical_packet,demo,,,,43b98736-8718-4566-9f98-62cac8a63eee,2026-08-29 12:45:07,2026-08-29 12:45:07
88a3aa18-c4e3-4421-b40c-6cada51abdd5,Narcotics Seizure Kit — CR-2026-DET-094,"Physical evidence including seized substances, packaging materials, and transport vehicle documentation for CR-2026-DET-094.",physical,Under Analysis,Sub-Inspector Sharanabasappa Deshpande,,/evidence/88a3aa18-c4e3-4421-b40c-6cada51abdd5/physical_packet,demo,,,,457fedff-dcfc-47e0-ae61-3135d2f7ef9c,2026-08-29 12:45:07,2026-08-29 12:45:07
0061975f-241e-4ae3-b312-78d327b56cde,Case Evidence — CR-2026-DET-307,Supporting documentation and evidence for CR-2026-DET-307.,document,Under Analysis,Sub-Inspector Sharanabasappa Deshpande,,/evidence/0061975f-241e-4ae3-b312-78d327b56cde/document_packet,demo,,,,46b11277-c8d0-46db-97fa-15ed9890b1a1,2026-08-29 12:45:08,2026-08-29 12:45:08
dc35f15f-5d13-4fe4-9382-03d6de3bd6d0,Burglary Evidence Packet — CR-2026-DET-192,"Physical evidence including tool marks, fingerprints, and stolen property inventory for CR-2026-DET-192.",physical,Analyzed,Inspector Basavaraj Kolkar,,/evidence/dc35f15f-5d13-4fe4-9382-03d6de3bd6d0/physical_packet,demo,,,,478e98b7-4fb9-40b4-b3bc-148bdb6f23fa,2026-08-29 12:45:08,2026-08-29 12:45:08
5285c41d-5381-4ec1-961d-b22b482e9cb5,Mining Violation Records — CR-2026-DET-264,"Satellite imagery, transit manifests, and forged permits for illegal mining case CR-2026-DET-264.",document,Analyzed,Sub-Inspector Venkatesh Kulkarni,,/evidence/5285c41d-5381-4ec1-961d-b22b482e9cb5/document_packet,demo,,,,49e44f63-c569-44aa-80ff-15aedf35ef7c,2026-08-29 12:45:08,2026-08-29 12:45:08
986c244c-4d59-457a-aa8b-a18f4738ff7e,Case Evidence — CR-2026-CMR-002,Supporting documentation and evidence for CR-2026-CMR-002.,document,Under Analysis,Sub-Inspector Pushpa Lakshmi,,/evidence/986c244c-4d59-457a-aa8b-a18f4738ff7e/document_packet,demo,,,,49e6f858-5cee-4ca9-9b00-c2196ecfe116,2026-08-29 12:45:07,2026-08-29 12:45:07
a096c3ab-bf86-4217-a4ac-b8c7faa9ea97,Assault Case Documentation — CR-2026-MNG-004,"Medical reports, witness statements, and scene photographs for assault case CR-2026-MNG-004.",document,Analyzed,Inspector Irfan Hassan,,/evidence/a096c3ab-bf86-4217-a4ac-b8c7faa9ea97/document_packet,demo,,,,4adc6930-1100-4400-816a-daa458856005,2026-08-29 12:45:07,2026-08-29 12:45:07
a4eaef36-0e75-4812-8abc-5a82272586b3,Burglary Evidence Packet — CR-2026-DET-251,"Physical evidence including tool marks, fingerprints, and stolen property inventory for CR-2026-DET-251.",physical,Analyzed,Sub-Inspector Lokesh Biradar,,/evidence/a4eaef36-0e75-4812-8abc-5a82272586b3/physical_packet,demo,,,,4b08a98b-8103-4b97-a7d6-0167b19a4c36,2026-08-29 12:45:08,2026-08-29 12:45:08
09206f14-67b1-45df-a004-f505cc4df7cd,Mining Violation Records — CR-2026-DET-246,"Satellite imagery, transit manifests, and forged permits for illegal mining case CR-2026-DET-246.",document,Analyzed,Inspector Farooq Nadaf,,/evidence/09206f14-67b1-45df-a004-f505cc4df7cd/document_packet,demo,,,,4b15d87f-b9ab-4c79-90ec-2bf7e03bc25b,2026-08-29 12:45:08,2026-08-29 12:45:08
dcac688f-9d4c-4f2d-b9ef-525c65c5b504,DV Case Evidence — CR-2026-DET-046,"Medical examination reports, complaint statements, and photographic evidence for CR-2026-DET-046.",document,Pending,Sub-Inspector Nagesh Kori,,/evidence/dcac688f-9d4c-4f2d-b9ef-525c65c5b504/document_packet,demo,,,,4b550da8-ad2a-4460-b117-72e59bdac041,2026-08-29 12:45:07,2026-08-29 12:45:07
9b077177-574d-4bc5-b048-19251435274f,DV Case Evidence — CR-2026-DET-218,"Medical examination reports, complaint statements, and photographic evidence for CR-2026-DET-218.",document,Under Analysis,Inspector Raju Patil,,/evidence/9b077177-574d-4bc5-b048-19251435274f/document_packet,demo,,,,4b67698c-642a-4445-90df-dd5da620dcbc,2026-08-29 12:45:08,2026-08-29 12:45:08
11b2fd3f-02c4-4877-8297-aeecf94990af,Narcotics Seizure Kit — CR-2026-DET-149,"Physical evidence including seized substances, packaging materials, and transport vehicle documentation for CR-2026-DET-149.",physical,Pending,Sub-Inspector Anitha Kulkarni,,/evidence/11b2fd3f-02c4-4877-8297-aeecf94990af/physical_packet,demo,,,,4b7380bc-f16d-41a8-a061-d31706b7d298,2026-08-29 12:45:08,2026-08-29 12:45:08
d1889cad-710d-43df-a3b2-12ca8952bbbb,Assault Case Documentation — CR-2026-DET-150,"Medical reports, witness statements, and scene photographs for assault case CR-2026-DET-150.",document,Under Analysis,Sub-Inspector Yogesh Shetty,,/evidence/d1889cad-710d-43df-a3b2-12ca8952bbbb/document_packet,demo,,,,4b8082c9-eac2-48bb-a207-1606a047de11,2026-08-29 12:45:08,2026-08-29 12:45:08
70afdf6f-d75e-4215-be22-0bdc80427de7,Burglary Evidence Packet — CR-2026-DET-305,"Physical evidence including tool marks, fingerprints, and stolen property inventory for CR-2026-DET-305.",physical,Under Analysis,Inspector Kavitha Prasad,,/evidence/70afdf6f-d75e-4215-be22-0bdc80427de7/physical_packet,demo,,,,4c6caac7-ba23-42c6-bdd3-73193660f5e9,2026-08-29 12:45:08,2026-08-29 12:45:08
b0b63b06-4410-4332-8905-00c7167b4713,Narcotics Seizure Kit — CR-2026-DET-017,"Physical evidence including seized substances, packaging materials, and transport vehicle documentation for CR-2026-DET-017.",physical,Pending,Sub-Inspector Nagesh Kori,,/evidence/b0b63b06-4410-4332-8905-00c7167b4713/physical_packet,demo,,,,4ce18ce5-3217-49a9-91bd-41fc0f3aa8f9,2026-08-29 12:45:07,2026-08-29 12:45:07
30aecfc2-d880-40d5-a683-1a291a328b2e,Case Evidence — CR-2026-DET-276,Supporting documentation and evidence for CR-2026-DET-276.,document,Pending,Inspector Farooq Nadaf,,/evidence/30aecfc2-d880-40d5-a683-1a291a328b2e/document_packet,demo,,,,4dce4995-8bc7-4150-ada5-bbe06d03ade8,2026-08-29 12:45:08,2026-08-29 12:45:08
418e9816-4f54-4ab1-b70a-380e5cd6f363,DV Case Evidence — CR-2026-DET-244,"Medical examination reports, complaint statements, and photographic evidence for CR-2026-DET-244.",document,Pending,Sub-Inspector Mallikarjun Swamy,,/evidence/418e9816-4f54-4ab1-b70a-380e5cd6f363/document_packet,demo,,,,4ead6bea-f35b-491a-8670-e40340284327,2026-08-29 12:45:08,2026-08-29 12:45:08
d86624fb-5a6f-42df-aedf-dfd931c3218b,Assault Case Documentation — CR-2026-DET-256,"Medical reports, witness statements, and scene photographs for assault case CR-2026-DET-256.",document,Pending,Inspector Ganesh Haldipur,,/evidence/d86624fb-5a6f-42df-aedf-dfd931c3218b/document_packet,demo,,,,4ecdf67b-7d2d-4e2c-8d1b-07e71494dd60,2026-08-29 12:45:08,2026-08-29 12:45:08
170c323e-97cf-49dc-85bf-26d2f6692e70,Narcotics Seizure Kit — CR-2026-DET-197,"Physical evidence including seized substances, packaging materials, and transport vehicle documentation for CR-2026-DET-197.",physical,Pending,Inspector Santosh Mudiraj,,/evidence/170c323e-97cf-49dc-85bf-26d2f6692e70/physical_packet,demo,,,,4f22af4d-b114-4ccb-8745-348a479b8615,2026-08-29 12:45:08,2026-08-29 12:45:08
95b25f75-3901-42ab-aeae-f905b4dd51f7,Burglary Evidence Packet — CR-2026-DET-258,"Physical evidence including tool marks, fingerprints, and stolen property inventory for CR-2026-DET-258.",physical,Under Analysis,Inspector Ravi Shankar Bhat,,/evidence/95b25f75-3901-42ab-aeae-f905b4dd51f7/physical_packet,demo,,,,4fbbb8c9-9b96-474e-a8ea-da4c154f490c,2026-08-29 12:45:08,2026-08-29 12:45:08
c40d8cdf-0193-40f6-8098-3d23b6e3503b,Burglary Evidence Packet — CR-2026-CTD-002,"Physical evidence including tool marks, fingerprints, and stolen property inventory for CR-2026-CTD-002.",physical,Pending,Inspector Ravi Shankar Bhat,,/evidence/c40d8cdf-0193-40f6-8098-3d23b6e3503b/physical_packet,demo,,,,4ff259c1-d82f-45ad-b391-c4dbe8b5f6b4,2026-08-29 12:45:07,2026-08-29 12:45:07
3b4df870-093f-4f58-801b-9dd818088fc8,Narcotics Seizure Kit — CR-2026-DVG-002,"Physical evidence including seized substances, packaging materials, and transport vehicle documentation for CR-2026-DVG-002.",physical,Pending,Inspector Santosh Mudiraj,,/evidence/3b4df870-093f-4f58-801b-9dd818088fc8/physical_packet,demo,,,,4ff687d3-6209-4429-aa8a-3330fe3f5b96,2026-08-29 12:45:07,2026-08-29 12:45:07
1c33147e-6d08-4391-8adb-c69d2872d473,Digital Forensics — CR-2026-BNG-001,"Digital evidence including device images, network logs, and transaction records for CR-2026-BNG-001.",digital,Under Analysis,Inspector Kavitha Prasad,,/evidence/1c33147e-6d08-4391-8adb-c69d2872d473/digital_packet,demo,,,,503c0545-344f-4a9f-bc4c-db956e62366d,2026-08-29 12:45:07,2026-08-29 12:45:07
638924aa-c05b-4003-8a0d-44a968e1f23a,Burglary Evidence Packet — CR-2026-DET-201,"Physical evidence including tool marks, fingerprints, and stolen property inventory for CR-2026-DET-201.",physical,Under Analysis,Inspector Irfan Hassan,,/evidence/638924aa-c05b-4003-8a0d-44a968e1f23a/physical_packet,demo,,,,5193fd14-0c7e-4a3b-8334-b6e42c3b4868,2026-08-29 12:45:08,2026-08-29 12:45:08
27c7cce2-e904-4b01-a2ab-22cb39a67af8,Burglary Evidence Packet — CR-2026-DET-006,"Physical evidence including tool marks, fingerprints, and stolen property inventory for CR-2026-DET-006.",physical,Under Analysis,Inspector Santosh Mudiraj,,/evidence/27c7cce2-e904-4b01-a2ab-22cb39a67af8/physical_packet,demo,,,,51dc9c9f-e703-4a21-9cfd-22d451bb1813,2026-08-29 12:45:07,2026-08-29 12:45:07
a2ca6f13-5dc6-4d3c-9ca9-33dfb8deb5d4,Narcotics Seizure Kit — CR-2026-DET-237,"Physical evidence including seized substances, packaging materials, and transport vehicle documentation for CR-2026-DET-237.",physical,Analyzed,Inspector Santosh Mudiraj,,/evidence/a2ca6f13-5dc6-4d3c-9ca9-33dfb8deb5d4/physical_packet,demo,,,,54927003-698a-4095-b6c5-1a4ad88709d9,2026-08-29 12:45:08,2026-08-29 12:45:08
ea067cc1-1c97-4507-8bf8-6b2b9c80db50,Case Evidence — CR-2026-CB-001,Supporting documentation and evidence for CR-2026-CB-001.,document,Under Analysis,Sub-Inspector Manjunath Reddy,,/evidence/ea067cc1-1c97-4507-8bf8-6b2b9c80db50/document_packet,demo,,,,55ba347f-be27-4ebf-86e8-0b79527ac0b2,2026-08-29 12:45:07,2026-08-29 12:45:07
b36cc217-9b8b-49df-96ac-79e887a7a0aa,Burglary Evidence Packet — CR-2026-DET-309,"Physical evidence including tool marks, fingerprints, and stolen property inventory for CR-2026-DET-309.",physical,Pending,Inspector Mohammed Irfan,,/evidence/b36cc217-9b8b-49df-96ac-79e887a7a0aa/physical_packet,demo,,,,56185976-d318-46d2-905c-bef243bd3158,2026-08-29 12:45:08,2026-08-29 12:45:08
87306f68-eeb5-4bdc-80bd-c1c335ffa5d4,Assault Case Documentation — CR-2026-DET-270,"Medical reports, witness statements, and scene photographs for assault case CR-2026-DET-270.",document,Under Analysis,Sub-Inspector Yashoda Patil,,/evidence/87306f68-eeb5-4bdc-80bd-c1c335ffa5d4/document_packet,demo,,,,5655573a-4c15-4e9f-bf33-d55f3f5a2945,2026-08-29 12:45:08,2026-08-29 12:45:08
5036ba37-3381-4b0e-a436-e83965cf6242,DV Case Evidence — CR-2026-DET-212,"Medical examination reports, complaint statements, and photographic evidence for CR-2026-DET-212.",document,Under Analysis,Inspector Meera Sen,,/evidence/5036ba37-3381-4b0e-a436-e83965cf6242/document_packet,demo,,,,56bc6e27-06e1-43d9-bd96-24e09bf08e07,2026-08-29 12:45:08,2026-08-29 12:45:08
c4cc3101-4ba9-4e5a-80be-885e3af6992e,Mining Violation Records — CR-2026-DET-312,"Satellite imagery, transit manifests, and forged permits for illegal mining case CR-2026-DET-312.",document,Under Analysis,Inspector Mohammed Irfan,,/evidence/c4cc3101-4ba9-4e5a-80be-885e3af6992e/document_packet,demo,,,,56c01d24-8078-400b-9d4e-85c25fb04a9b,2026-08-29 12:45:08,2026-08-29 12:45:08
47469a30-247f-4b31-9001-e95abd0863d8,Assault Case Documentation — CR-2026-BNG-006,"Medical reports, witness statements, and scene photographs for assault case CR-2026-BNG-006.",document,Analyzed,Inspector Kavitha Prasad,,/evidence/47469a30-247f-4b31-9001-e95abd0863d8/document_packet,demo,,,,5719710d-57f9-4bd0-8938-28f17c6bf13f,2026-08-29 12:45:07,2026-08-29 12:45:07
17d7c3cb-7fcf-49d5-94e3-c4def941e570,Narcotics Seizure Kit — CR-2026-UKN-002,"Physical evidence including seized substances, packaging materials, and transport vehicle documentation for CR-2026-UKN-002.",physical,Pending,Sub-Inspector Lokesh Biradar,,/evidence/17d7c3cb-7fcf-49d5-94e3-c4def941e570/physical_packet,demo,,,,575da2d3-23a3-4c0f-b88b-caa998e0be68,2026-08-29 12:45:07,2026-08-29 12:45:07
98c9d1f0-6abb-4bcb-b938-43dffd403871,Assault Case Documentation — CR-2026-DET-182,"Medical reports, witness statements, and scene photographs for assault case CR-2026-DET-182.",document,Under Analysis,Sub-Inspector Venkatesh Kulkarni,,/evidence/98c9d1f0-6abb-4bcb-b938-43dffd403871/document_packet,demo,,,,57760272-bd6a-4547-8b84-9be7db76255e,2026-08-29 12:45:08,2026-08-29 12:45:08
e6cf52f1-d95e-42b5-accb-594646a1cf50,Mining Violation Records — CR-2026-DET-170,"Satellite imagery, transit manifests, and forged permits for illegal mining case CR-2026-DET-170.",document,Under Analysis,Sub-Inspector Pushpa Lakshmi,,/evidence/e6cf52f1-d95e-42b5-accb-594646a1cf50/document_packet,demo,,,,5a1456da-fa11-416c-8668-2c2e181b1065,2026-08-29 12:45:08,2026-08-29 12:45:08
f28bff49-9bd4-4471-9a83-1b5c733116e3,Assault Case Documentation — CR-2026-DET-287,"Medical reports, witness statements, and scene photographs for assault case CR-2026-DET-287.",document,Pending,Sub-Inspector Prakash Naik,,/evidence/f28bff49-9bd4-4471-9a83-1b5c733116e3/document_packet,demo,,,,5a4d442c-ff86-4d0d-8fc2-772d3c32015b,2026-08-29 12:45:08,2026-08-29 12:45:08
0742ce48-10b4-4c00-b028-a26687e17c6c,Narcotics Seizure Kit — CR-2026-DET-249,"Physical evidence including seized substances, packaging materials, and transport vehicle documentation for CR-2026-DET-249.",physical,Analyzed,Inspector Ganesh Haldipur,,/evidence/0742ce48-10b4-4c00-b028-a26687e17c6c/physical_packet,demo,,,,5b50830d-e92d-463f-a010-7fb15edfb035,2026-08-29 12:45:08,2026-08-29 12:45:08
ba401153-a203-4d3c-97bc-6657669fcfd2,Narcotics Seizure Kit — CR-2026-DET-052,"Physical evidence including seized substances, packaging materials, and transport vehicle documentation for CR-2026-DET-052.",physical,Under Analysis,Sub-Inspector Fakirappa Doddamani,,/evidence/ba401153-a203-4d3c-97bc-6657669fcfd2/physical_packet,demo,,,,5b53672a-c193-466a-b123-d118f2bcff11,2026-08-29 12:45:07,2026-08-29 12:45:07
1f7d7e2c-6c3e-4b70-b572-848ea0f2e3ba,Digital Forensics — CR-2026-DET-119,"Digital evidence including device images, network logs, and transaction records for CR-2026-DET-119.",digital,Analyzed,Sub-Inspector Pushpa Lakshmi,,/evidence/1f7d7e2c-6c3e-4b70-b572-848ea0f2e3ba/digital_packet,demo,,,,5b55b10e-9852-4078-9ea0-02377ad8ff7c,2026-08-29 12:45:07,2026-08-29 12:45:07
18588e5e-9a47-4026-9420-d42729daad8a,Case Evidence — CR-2026-RCR-002,Supporting documentation and evidence for CR-2026-RCR-002.,document,Under Analysis,Sub-Inspector Mallikarjun Swamy,,/evidence/18588e5e-9a47-4026-9420-d42729daad8a/document_packet,demo,,,,5ba3a4e9-53a3-44d4-808e-89d45aec68b0,2026-08-29 12:45:07,2026-08-29 12:45:07
580a3a56-4418-47d0-a4a2-89423ea37223,Burglary Evidence Packet — CR-2026-KDG-002,"Physical evidence including tool marks, fingerprints, and stolen property inventory for CR-2026-KDG-002.",physical,Under Analysis,Inspector Kiran Bhat,,/evidence/580a3a56-4418-47d0-a4a2-89423ea37223/physical_packet,demo,,,,5bf06572-07af-431c-8f03-a66cccf7e59d,2026-08-29 12:45:07,2026-08-29 12:45:07
f8eeedc4-d280-47fc-adbe-048a0ba88423,Narcotics Seizure Kit — CR-2026-DET-268,"Physical evidence including seized substances, packaging materials, and transport vehicle documentation for CR-2026-DET-268.",physical,Under Analysis,Sub-Inspector Vinayak Kulkarni,,/evidence/f8eeedc4-d280-47fc-adbe-048a0ba88423/physical_packet,demo,,,,5c5d8121-6023-4931-b95b-ee3663d16d62,2026-08-29 12:45:08,2026-08-29 12:45:08
4b45b569-d7f9-41d4-8bcd-914bc703bc46,DV Case Evidence — CR-2026-DET-088,"Medical examination reports, complaint statements, and photographic evidence for CR-2026-DET-088.",document,Under Analysis,Inspector Siddharamaiah Pujari,,/evidence/4b45b569-d7f9-41d4-8bcd-914bc703bc46/document_packet,demo,,,,5c82878a-430a-4c07-aace-87a01f99bde8,2026-08-29 12:45:07,2026-08-29 12:45:07
31612598-9f3d-4032-a2d1-4dde33b5ff73,Burglary Evidence Packet — CR-2026-MYS-001,"Physical evidence including tool marks, fingerprints, and stolen property inventory for CR-2026-MYS-001.",physical,Under Analysis,Inspector Meera Sen,,/evidence/31612598-9f3d-4032-a2d1-4dde33b5ff73/physical_packet,demo,,,,5c8657db-8734-40f2-921a-19419292d1b2,2026-08-29 12:45:07,2026-08-29 12:45:07
61dc397d-9b57-406c-9940-825a6d943315,Narcotics Seizure Kit — CR-2026-DET-027,"Physical evidence including seized substances, packaging materials, and transport vehicle documentation for CR-2026-DET-027.",physical,Under Analysis,Inspector Kiran Bhat,,/evidence/61dc397d-9b57-406c-9940-825a6d943315/physical_packet,demo,,,,5cde74ae-0e30-45ff-baf5-2734a05b153e,2026-08-29 12:45:07,2026-08-29 12:45:07
85480888-3872-402c-b20c-82cfb9837fde,Digital Forensics — CR-2026-DET-001,"Digital evidence including device images, network logs, and transaction records for CR-2026-DET-001.",digital,Pending,Inspector Siddharamaiah Pujari,,/evidence/85480888-3872-402c-b20c-82cfb9837fde/digital_packet,demo,,,,5d751122-c8d1-4b93-96a0-b455e54989e3,2026-08-29 12:45:07,2026-08-29 12:45:07
2d67db3f-33a3-45a1-aa83-3e003159aab8,Narcotics Seizure Kit — CR-2026-DET-286,"Physical evidence including seized substances, packaging materials, and transport vehicle documentation for CR-2026-DET-286.",physical,Under Analysis,Inspector Siddharamaiah Pujari,,/evidence/2d67db3f-33a3-45a1-aa83-3e003159aab8/physical_packet,demo,,,,5ddfc35f-f3ba-4dd6-bbdb-cd9d067ef097,2026-08-29 12:45:08,2026-08-29 12:45:08
b8046ec9-4cd8-4840-b55b-425690c71195,Burglary Evidence Packet — CR-2026-MNG-002,"Physical evidence including tool marks, fingerprints, and stolen property inventory for CR-2026-MNG-002.",physical,Under Analysis,Inspector Irfan Hassan,,/evidence/b8046ec9-4cd8-4840-b55b-425690c71195/physical_packet,demo,,,,5e88e411-fb05-45f0-8865-494ca45756e5,2026-08-29 12:45:07,2026-08-29 12:45:07
c0494c63-45a0-4d33-9726-f66a6c13b3c7,DV Case Evidence — CR-2026-DET-231,"Medical examination reports, complaint statements, and photographic evidence for CR-2026-DET-231.",document,Under Analysis,Inspector Kavitha Prasad,,/evidence/c0494c63-45a0-4d33-9726-f66a6c13b3c7/document_packet,demo,,,,5ede10fa-8aab-485b-a620-5b1569f858d9,2026-08-29 12:45:08,2026-08-29 12:45:08
f0bf7f35-c3ff-4f8b-9068-5c47020f713f,DV Case Evidence — CR-2026-DET-306,"Medical examination reports, complaint statements, and photographic evidence for CR-2026-DET-306.",document,Under Analysis,Inspector Farooq Nadaf,,/evidence/f0bf7f35-c3ff-4f8b-9068-5c47020f713f/document_packet,demo,,,,5ef22c42-876f-4c04-8da7-c156ef30cbca,2026-08-29 12:45:08,2026-08-29 12:45:08
aabf2b87-b00f-4c70-a5a0-23f28b027fed,Assault Case Documentation — CR-2026-BDR-002,"Medical reports, witness statements, and scene photographs for assault case CR-2026-BDR-002.",document,Analyzed,Inspector Farooq Nadaf,,/evidence/aabf2b87-b00f-4c70-a5a0-23f28b027fed/document_packet,demo,,,,5f5197e8-a3f8-4a70-8808-3db248367098,2026-08-29 12:45:07,2026-08-29 12:45:07
78185305-270e-4b64-b9b5-7cc36b5b6333,Case Evidence — CR-2026-DET-042,Supporting documentation and evidence for CR-2026-DET-042.,document,Analyzed,Sub-Inspector Sharanabasappa Deshpande,,/evidence/78185305-270e-4b64-b9b5-7cc36b5b6333/document_packet,demo,,,,61a667d2-d65c-4bd5-badc-65e0c80e629a,2026-08-29 12:45:07,2026-08-29 12:45:07
867c4a68-08ca-4301-89ac-97e87ea54e1a,Burglary Evidence Packet — CR-2026-DET-215,"Physical evidence including tool marks, fingerprints, and stolen property inventory for CR-2026-DET-215.",physical,Under Analysis,Sub-Inspector Yashoda Patil,,/evidence/867c4a68-08ca-4301-89ac-97e87ea54e1a/physical_packet,demo,,,,61ccbfbf-3c62-428a-af4e-a8cb310fb8af,2026-08-29 12:45:08,2026-08-29 12:45:08
ece61a3e-de45-4d9a-ac70-ab2a42b6e42c,Assault Case Documentation — CR-2026-DET-029,"Medical reports, witness statements, and scene photographs for assault case CR-2026-DET-029.",document,Under Analysis,Inspector Sameer Patel,,/evidence/ece61a3e-de45-4d9a-ac70-ab2a42b6e42c/document_packet,demo,,,,6210f391-52ef-4e31-987e-f01406203716,2026-08-29 12:45:07,2026-08-29 12:45:07
6d24fd4c-97fd-47ae-aea9-a0c2cddf9673,Burglary Evidence Packet — CR-2026-DET-040,"Physical evidence including tool marks, fingerprints, and stolen property inventory for CR-2026-DET-040.",physical,Under Analysis,Sub-Inspector Anitha Kulkarni,,/evidence/6d24fd4c-97fd-47ae-aea9-a0c2cddf9673/physical_packet,demo,,,,633c02e3-7713-49a5-a83a-cca81eaf0693,2026-08-29 12:45:07,2026-08-29 12:45:07
f498e3ed-f7ee-4d83-9a0d-0a1e6edac627,Mining Violation Records — CR-2026-KLB-002,"Satellite imagery, transit manifests, and forged permits for illegal mining case CR-2026-KLB-002.",document,Pending,Sub-Inspector Fakirappa Doddamani,,/evidence/f498e3ed-f7ee-4d83-9a0d-0a1e6edac627/document_packet,demo,,,,63d4cb71-e571-4fdc-b07a-78d3d29df734,2026-08-29 12:45:07,2026-08-29 12:45:07
5d3ef5e7-c277-4ca7-977f-8c418f57599b,Mining Violation Records — CR-2026-DET-157,"Satellite imagery, transit manifests, and forged permits for illegal mining case CR-2026-DET-157.",document,Under Analysis,Inspector Ravi Shankar Bhat,,/evidence/5d3ef5e7-c277-4ca7-977f-8c418f57599b/document_packet,demo,,,,64872efb-a8f1-40f1-80ff-cd5b2948e9b5,2026-08-29 12:45:08,2026-08-29 12:45:08
42582c4e-5a1c-4e16-9cec-75c9fbe01bbd,Narcotics Seizure Kit — CR-2026-MYS-004,"Physical evidence including seized substances, packaging materials, and transport vehicle documentation for CR-2026-MYS-004.",physical,Pending,Inspector Meera Sen,,/evidence/42582c4e-5a1c-4e16-9cec-75c9fbe01bbd/physical_packet,demo,,,,64a54be8-4501-4a55-914b-61de02efe519,2026-08-29 12:45:07,2026-08-29 12:45:07
a6a751da-b91f-4820-a206-35d6fa32dc8c,Digital Forensics — CR-2026-DET-248,"Digital evidence including device images, network logs, and transaction records for CR-2026-DET-248.",digital,Under Analysis,Sub-Inspector Yogesh Shetty,,/evidence/a6a751da-b91f-4820-a206-35d6fa32dc8c/digital_packet,demo,,,,64b6af8b-df48-42c5-a39d-a7d4433f4064,2026-08-29 12:45:08,2026-08-29 12:45:08
6022d8b1-b67d-49f5-bd44-85eb98d5ac65,Narcotics Seizure Kit — CR-2026-DET-211,"Physical evidence including seized substances, packaging materials, and transport vehicle documentation for CR-2026-DET-211.",physical,Under Analysis,Inspector Ravi Shankar Bhat,,/evidence/6022d8b1-b67d-49f5-bd44-85eb98d5ac65/physical_packet,demo,,,,64c010e7-07fa-4d12-8943-483092f8c8d0,2026-08-29 12:45:08,2026-08-29 12:45:08
f7b0378a-f608-4ce9-8e4d-3225a17c8fc3,Assault Case Documentation — CR-2026-DET-099,"Medical reports, witness statements, and scene photographs for assault case CR-2026-DET-099.",document,Pending,Inspector Kavitha Prasad,,/evidence/f7b0378a-f608-4ce9-8e4d-3225a17c8fc3/document_packet,demo,,,,65cd572a-b2cf-4dab-8b15-b078a0a0a20d,2026-08-29 12:45:07,2026-08-29 12:45:07
9c1a7ab3-78e4-4be4-8b2d-719adda23594,Digital Forensics — CR-2026-DET-291,"Digital evidence including device images, network logs, and transaction records for CR-2026-DET-291.",digital,Pending,Sub-Inspector Prakash Naik,,/evidence/9c1a7ab3-78e4-4be4-8b2d-719adda23594/digital_packet,demo,,,,660cf5b6-c8b8-48c9-bf59-e570c709a2ca,2026-08-29 12:45:08,2026-08-29 12:45:08
a731184f-93d6-40c0-8fd3-5688b379a177,Assault Case Documentation — CR-2026-DET-003,"Medical reports, witness statements, and scene photographs for assault case CR-2026-DET-003.",document,Under Analysis,Inspector Virupakshi Hallur,,/evidence/a731184f-93d6-40c0-8fd3-5688b379a177/document_packet,demo,,,,66329887-c1fd-42c9-b13c-a5fdec26318c,2026-08-29 12:45:07,2026-08-29 12:45:07
968a492b-8c08-484b-be53-e245f0d54f04,DV Case Evidence — CR-2026-DET-255,"Medical examination reports, complaint statements, and photographic evidence for CR-2026-DET-255.",document,Analyzed,Inspector Kiran Bhat,,/evidence/968a492b-8c08-484b-be53-e245f0d54f04/document_packet,demo,,,,6669178e-4e99-46e5-8285-49a66f7432f6,2026-08-29 12:45:08,2026-08-29 12:45:08
43a741bf-613e-420a-bd4c-7783d03b0304,Case Evidence — CR-2026-DET-111,Supporting documentation and evidence for CR-2026-DET-111.,document,Under Analysis,Sub-Inspector Vinayak Kulkarni,,/evidence/43a741bf-613e-420a-bd4c-7783d03b0304/document_packet,demo,,,,674271d6-3074-47ee-813e-d77fcc0f0e9b,2026-08-29 12:45:07,2026-08-29 12:45:07
d753dca9-1fd0-496d-8982-e6848a861821,Assault Case Documentation — CR-2026-RMN-002,"Medical reports, witness statements, and scene photographs for assault case CR-2026-RMN-002.",document,Analyzed,Sub-Inspector Yashoda Patil,,/evidence/d753dca9-1fd0-496d-8982-e6848a861821/document_packet,demo,,,,67ebbb1d-cd44-4b9f-a4e4-e085c2946cad,2026-08-29 12:45:07,2026-08-29 12:45:07
72d921e4-e748-42fa-ae81-8d586a05b74b,Assault Case Documentation — CR-2026-DET-300,"Medical reports, witness statements, and scene photographs for assault case CR-2026-DET-300.",document,Pending,Inspector Ravi Shankar Bhat,,/evidence/72d921e4-e748-42fa-ae81-8d586a05b74b/document_packet,demo,,,,688c8619-92c4-4d36-949d-ff3a7718bb32,2026-08-29 12:45:08,2026-08-29 12:45:08
9a88a0ad-a2ac-424b-a4d2-f7ad76a84304,Narcotics Seizure Kit — CR-2026-MND-002,"Physical evidence including seized substances, packaging materials, and transport vehicle documentation for CR-2026-MND-002.",physical,Pending,Sub-Inspector Prakash Naik,,/evidence/9a88a0ad-a2ac-424b-a4d2-f7ad76a84304/physical_packet,demo,,,,68aedf49-d23f-4d34-82d0-bf0597a8bb37,2026-08-29 12:45:07,2026-08-29 12:45:07
a9d3a055-8219-4e8c-9d9b-ad03bc6ffb57,Digital Forensics — CR-2026-BNG-004,"Digital evidence including device images, network logs, and transaction records for CR-2026-BNG-004.",digital,Under Analysis,Inspector Kavitha Prasad,,/evidence/a9d3a055-8219-4e8c-9d9b-ad03bc6ffb57/digital_packet,demo,,,,68df99ae-8997-4ab0-8e35-e2fe83207180,2026-08-29 12:45:07,2026-08-29 12:45:07
f394225d-055f-4dd8-ab3f-daa8950bb908,DV Case Evidence — CR-2026-DET-226,"Medical examination reports, complaint statements, and photographic evidence for CR-2026-DET-226.",document,Pending,Inspector Meera Sen,,/evidence/f394225d-055f-4dd8-ab3f-daa8950bb908/document_packet,demo,,,,691bbc43-432c-4cae-bd1d-5937c0e3836b,2026-08-29 12:45:08,2026-08-29 12:45:08
bfa69473-c007-460c-9cfe-7ea32bfadfed,Narcotics Seizure Kit — CR-2026-DET-132,"Physical evidence including seized substances, packaging materials, and transport vehicle documentation for CR-2026-DET-132.",physical,Under Analysis,Inspector Manoj Biradar,,/evidence/bfa69473-c007-460c-9cfe-7ea32bfadfed/physical_packet,demo,,,,6a1e87cd-b970-4b41-9ae7-05a0c5d293a2,2026-08-29 12:45:07,2026-08-29 12:45:07
fda38189-3bdb-46a3-b249-71427e089477,Mining Violation Records — CR-2026-VJN-001,"Satellite imagery, transit manifests, and forged permits for illegal mining case CR-2026-VJN-001.",document,Pending,Inspector Shanthappa K,,/evidence/fda38189-3bdb-46a3-b249-71427e089477/document_packet,demo,,,,6b2831dc-5e70-485b-9da3-2a7310b1bc35,2026-08-29 12:45:07,2026-08-29 12:45:07
237fc4c6-a0df-4e01-b5f6-0625668c5f09,DV Case Evidence — CR-2026-DET-301,"Medical examination reports, complaint statements, and photographic evidence for CR-2026-DET-301.",document,Under Analysis,Sub-Inspector Fakirappa Doddamani,,/evidence/237fc4c6-a0df-4e01-b5f6-0625668c5f09/document_packet,demo,,,,6b93d8db-f8d1-4b4b-8144-a7d42db83ddb,2026-08-29 12:45:08,2026-08-29 12:45:08
de24f080-9816-4242-b058-caf5d20b7385,Mining Violation Records — CR-2026-BRL-002,"Satellite imagery, transit manifests, and forged permits for illegal mining case CR-2026-BRL-002.",document,Pending,Sub-Inspector Lakshmi Devi,,/evidence/de24f080-9816-4242-b058-caf5d20b7385/document_packet,demo,,,,6d23a49c-2c1e-4d8a-8e82-5d27dd73b026,2026-08-29 12:45:07,2026-08-29 12:45:07
7beda5c5-9a29-4e56-ae71-d0abc7620804,Burglary Evidence Packet — CR-2026-UDP-001,"Physical evidence including tool marks, fingerprints, and stolen property inventory for CR-2026-UDP-001.",physical,Under Analysis,Inspector Sameer Patel,,/evidence/7beda5c5-9a29-4e56-ae71-d0abc7620804/physical_packet,demo,,,,6d312e11-5fd5-4a7d-9496-07294802ec23,2026-08-29 12:45:07,2026-08-29 12:45:07
970780ec-3992-456c-b1c5-06b12b5a0a1e,Narcotics Seizure Kit — CR-2026-DET-117,"Physical evidence including seized substances, packaging materials, and transport vehicle documentation for CR-2026-DET-117.",physical,Pending,Sub-Inspector Anitha Kulkarni,,/evidence/970780ec-3992-456c-b1c5-06b12b5a0a1e/physical_packet,demo,,,,6e3b84ac-605e-43ca-81cc-cc19fa32094a,2026-08-29 12:45:07,2026-08-29 12:45:07
a0af1336-8a0e-4208-88cc-59fe766a4b72,Case Evidence — CR-2026-DET-143,Supporting documentation and evidence for CR-2026-DET-143.,document,Under Analysis,Sub-Inspector Sharanabasappa Deshpande,,/evidence/a0af1336-8a0e-4208-88cc-59fe766a4b72/document_packet,demo,,,,6ec28c27-b52e-4a6d-8ac5-64fd96ec440c,2026-08-29 12:45:08,2026-08-29 12:45:08
7c9faae7-56b8-4e72-bb86-48c80986d689,Case Evidence — CR-2026-KLB-001,Supporting documentation and evidence for CR-2026-KLB-001.,document,Analyzed,Sub-Inspector Fakirappa Doddamani,,/evidence/7c9faae7-56b8-4e72-bb86-48c80986d689/document_packet,demo,,,,6f58fe3a-3fc1-4076-85ba-102132f82ce5,2026-08-29 12:45:07,2026-08-29 12:45:07
3339fd01-e192-4ded-b89e-5c23449a2387,Narcotics Seizure Kit — CR-2026-DET-007,"Physical evidence including seized substances, packaging materials, and transport vehicle documentation for CR-2026-DET-007.",physical,Under Analysis,Inspector Kavitha Prasad,,/evidence/3339fd01-e192-4ded-b89e-5c23449a2387/physical_packet,demo,,,,6fadf846-cbd6-4d54-8abf-a7714092bae0,2026-08-29 12:45:07,2026-08-29 12:45:07
da58ba3a-f8e1-4bc2-bf42-84546fad927c,Narcotics Seizure Kit — CR-2026-DET-285,"Physical evidence including seized substances, packaging materials, and transport vehicle documentation for CR-2026-DET-285.",physical,Under Analysis,Sub-Inspector Fakirappa Doddamani,,/evidence/da58ba3a-f8e1-4bc2-bf42-84546fad927c/physical_packet,demo,,,,7034518e-5e69-4b44-91f7-ce90af8d367f,2026-08-29 12:45:08,2026-08-29 12:45:08
6f86c7cb-a222-4e96-b851-c4c39e81a566,Narcotics Seizure Kit — CR-2026-BNG-005,"Physical evidence including seized substances, packaging materials, and transport vehicle documentation for CR-2026-BNG-005.",physical,Pending,Inspector Kavitha Prasad,,/evidence/6f86c7cb-a222-4e96-b851-c4c39e81a566/physical_packet,demo,,,,70932c84-b49e-405b-a31e-08338bdcc413,2026-08-29 12:45:07,2026-08-29 12:45:07
40c51206-86f9-4d36-ab9e-5225fe4255c3,Narcotics Seizure Kit — CR-2026-DET-313,"Physical evidence including seized substances, packaging materials, and transport vehicle documentation for CR-2026-DET-313.",physical,Pending,Sub-Inspector Lokesh Biradar,,/evidence/40c51206-86f9-4d36-ab9e-5225fe4255c3/physical_packet,demo,,,,7125fc0a-f9df-41d2-a96d-3fdd204d96e2,2026-08-29 12:45:08,2026-08-29 12:45:08
e3d492ee-6687-4dec-bbca-1be827fd4615,Burglary Evidence Packet — CR-2026-DET-004,"Physical evidence including tool marks, fingerprints, and stolen property inventory for CR-2026-DET-004.",physical,Under Analysis,Sub-Inspector Pushpa Lakshmi,,/evidence/e3d492ee-6687-4dec-bbca-1be827fd4615/physical_packet,demo,,,,71712685-785d-42e5-9777-77db2b441aaf,2026-08-29 12:45:07,2026-08-29 12:45:07
3aee9cbb-4270-44e6-a54f-e92908b5ce4c,Mining Violation Records — CR-2026-DET-092,"Satellite imagery, transit manifests, and forged permits for illegal mining case CR-2026-DET-092.",document,Pending,Inspector Basavaraj Kolkar,,/evidence/3aee9cbb-4270-44e6-a54f-e92908b5ce4c/document_packet,demo,,,,73435434-5df7-4d24-a769-581d2dcea323,2026-08-29 12:45:07,2026-08-29 12:45:07
426fafd3-f48f-4e75-bd3a-e501a00dcf8c,DV Case Evidence — CR-2026-DET-066,"Medical examination reports, complaint statements, and photographic evidence for CR-2026-DET-066.",document,Analyzed,Inspector Ravi Shankar Bhat,,/evidence/426fafd3-f48f-4e75-bd3a-e501a00dcf8c/document_packet,demo,,,,74e2feb0-a648-4cb2-b0de-40d3209e63a3,2026-08-29 12:45:07,2026-08-29 12:45:07
13261cc4-fc9d-49c1-b2a8-5d7c09aa3c00,Digital Forensics — CR-2026-DET-054,"Digital evidence including device images, network logs, and transaction records for CR-2026-DET-054.",digital,Analyzed,Sub-Inspector Pushpa Lakshmi,,/evidence/13261cc4-fc9d-49c1-b2a8-5d7c09aa3c00/digital_packet,demo,,,,7546dbe7-df03-4160-95dc-cf5fd9d0f0b5,2026-08-29 12:45:07,2026-08-29 12:45:07
f6d16c6e-78d2-4cce-9bc5-9d181abce25c,Assault Case Documentation — CR-2026-UKN-003,"Medical reports, witness statements, and scene photographs for assault case CR-2026-UKN-003.",document,Analyzed,Sub-Inspector Lokesh Biradar,,/evidence/f6d16c6e-78d2-4cce-9bc5-9d181abce25c/document_packet,demo,,,,75d49b83-3c12-40e7-b215-41b17c45576b,2026-08-29 12:45:07,2026-08-29 12:45:07
43b40974-46d0-41f9-a8e0-14109cb2097e,Mining Violation Records — CR-2026-DET-302,"Satellite imagery, transit manifests, and forged permits for illegal mining case CR-2026-DET-302.",document,Under Analysis,Sub-Inspector Yogesh Shetty,,/evidence/43b40974-46d0-41f9-a8e0-14109cb2097e/document_packet,demo,,,,761ecdc0-2321-4df9-adf2-7503ea126bf5,2026-08-29 12:45:08,2026-08-29 12:45:08
56def3c5-be60-4c44-bd3b-5531b37ee67a,Burglary Evidence Packet — CR-2026-DET-269,"Physical evidence including tool marks, fingerprints, and stolen property inventory for CR-2026-DET-269.",physical,Analyzed,Inspector Basavaraj Kolkar,,/evidence/56def3c5-be60-4c44-bd3b-5531b37ee67a/physical_packet,demo,,,,76fc4176-cff8-4942-8df9-cfd7a7b275bb,2026-08-29 12:45:08,2026-08-29 12:45:08
83863ac9-745a-44e3-9c03-9e975872e3b6,Narcotics Seizure Kit — CR-2026-DET-176,"Physical evidence including seized substances, packaging materials, and transport vehicle documentation for CR-2026-DET-176.",physical,Pending,Inspector Manoj Biradar,,/evidence/83863ac9-745a-44e3-9c03-9e975872e3b6/physical_packet,demo,,,,778364db-c45e-4f8d-9350-1eabe5ac363f,2026-08-29 12:45:08,2026-08-29 12:45:08
b13ac356-bb2e-4655-a8a3-9fcaa708c031,Burglary Evidence Packet — CR-2026-DET-071,"Physical evidence including tool marks, fingerprints, and stolen property inventory for CR-2026-DET-071.",physical,Under Analysis,Sub-Inspector Anitha Kulkarni,,/evidence/b13ac356-bb2e-4655-a8a3-9fcaa708c031/physical_packet,demo,,,,778c5782-b203-4911-9c21-38cfaaba4d72,2026-08-29 12:45:07,2026-08-29 12:45:07
725e83f1-126e-41bd-ab08-90875c087b35,Narcotics Seizure Kit — CR-2026-DET-154,"Physical evidence including seized substances, packaging materials, and transport vehicle documentation for CR-2026-DET-154.",physical,Under Analysis,Inspector Kavitha Prasad,,/evidence/725e83f1-126e-41bd-ab08-90875c087b35/physical_packet,demo,,,,785a290c-9f81-4cc8-bb57-773e207e5fcb,2026-08-29 12:45:08,2026-08-29 12:45:08
1be27dd3-49d6-4b52-a916-64be6aebe9df,Narcotics Seizure Kit — CR-2026-DET-147,"Physical evidence including seized substances, packaging materials, and transport vehicle documentation for CR-2026-DET-147.",physical,Under Analysis,Inspector Mohammed Irfan,,/evidence/1be27dd3-49d6-4b52-a916-64be6aebe9df/physical_packet,demo,,,,78c65a75-346a-45ea-bd93-a50f7cd4e45f,2026-08-29 12:45:08,2026-08-29 12:45:08
f60415dd-abe6-4296-a6b2-d34d6c2d5f8c,Assault Case Documentation — CR-2026-DET-078,"Medical reports, witness statements, and scene photographs for assault case CR-2026-DET-078.",document,Under Analysis,Sub-Inspector Vinayak Kulkarni,,/evidence/f60415dd-abe6-4296-a6b2-d34d6c2d5f8c/document_packet,demo,,,,79de35ba-3b7d-4401-bda7-9ef2681b420a,2026-08-29 12:45:07,2026-08-29 12:45:07
0e366b40-5de8-4aa8-89ab-739df17e3b28,Case Evidence — CR-2026-DET-087,Supporting documentation and evidence for CR-2026-DET-087.,document,Under Analysis,Sub-Inspector Prakash Naik,,/evidence/0e366b40-5de8-4aa8-89ab-739df17e3b28/document_packet,demo,,,,7a54eb76-8a0f-433c-aa0e-0c22a1cb77c3,2026-08-29 12:45:07,2026-08-29 12:45:07
d5e01849-f37d-489c-8bcb-7371b8449b98,Digital Forensics — CR-2026-DET-083,"Digital evidence including device images, network logs, and transaction records for CR-2026-DET-083.",digital,Under Analysis,Sub-Inspector Nagesh Kori,,/evidence/d5e01849-f37d-489c-8bcb-7371b8449b98/digital_packet,demo,,,,7b14637c-2143-4983-bbf8-0c9f9ae9a823,2026-08-29 12:45:07,2026-08-29 12:45:07
09e63973-add2-4269-b2b6-2e107969cbaf,Case Evidence — CR-2026-DET-133,Supporting documentation and evidence for CR-2026-DET-133.,document,Analyzed,Sub-Inspector Mallikarjun Swamy,,/evidence/09e63973-add2-4269-b2b6-2e107969cbaf/document_packet,demo,,,,7b68e0fd-eab9-4143-9362-2c58e905d567,2026-08-29 12:45:07,2026-08-29 12:45:07
8a6403ce-54d2-4fa3-9914-3ac9902cb92b,Narcotics Seizure Kit — CR-2026-DET-041,"Physical evidence including seized substances, packaging materials, and transport vehicle documentation for CR-2026-DET-041.",physical,Under Analysis,Inspector Santosh Mudiraj,,/evidence/8a6403ce-54d2-4fa3-9914-3ac9902cb92b/physical_packet,demo,,,,7be8128e-d71d-4735-821d-9f5ac86eff0f,2026-08-29 12:45:07,2026-08-29 12:45:07
5e353ba3-3c0c-4ca0-b589-f98d0b7cb90c,Burglary Evidence Packet — CR-2026-HSN-003,"Physical evidence including tool marks, fingerprints, and stolen property inventory for CR-2026-HSN-003.",physical,Analyzed,Inspector Siddharamaiah Pujari,,/evidence/5e353ba3-3c0c-4ca0-b589-f98d0b7cb90c/physical_packet,demo,,,,7c24c6ec-f739-489a-9993-f43e9532f476,2026-08-29 12:45:07,2026-08-29 12:45:07
5ca76092-c8d7-44d3-b4b8-372470b90ee0,Mining Violation Records — CR-2026-DET-050,"Satellite imagery, transit manifests, and forged permits for illegal mining case CR-2026-DET-050.",document,Under Analysis,Inspector Santosh Mudiraj,,/evidence/5ca76092-c8d7-44d3-b4b8-372470b90ee0/document_packet,demo,,,,7d478a82-a37e-49f8-a9b2-1471a8b0f127,2026-08-29 12:45:07,2026-08-29 12:45:07
fff3a7f9-3c36-4ed2-9e97-3c57508fe2b0,Narcotics Seizure Kit — CR-2026-DET-167,"Physical evidence including seized substances, packaging materials, and transport vehicle documentation for CR-2026-DET-167.",physical,Analyzed,Sub-Inspector Sharanabasappa Deshpande,,/evidence/fff3a7f9-3c36-4ed2-9e97-3c57508fe2b0/physical_packet,demo,,,,8030806d-2c67-41b5-9291-73a3aa99186c,2026-08-29 12:45:08,2026-08-29 12:45:08
70c3ff85-aa77-4a64-bae1-d6288e43ed8b,DV Case Evidence — CR-2026-DET-225,"Medical examination reports, complaint statements, and photographic evidence for CR-2026-DET-225.",document,Under Analysis,Inspector Manoj Biradar,,/evidence/70c3ff85-aa77-4a64-bae1-d6288e43ed8b/document_packet,demo,,,,845bcfa0-a74a-45b9-b911-b8999da4b764,2026-08-29 12:45:08,2026-08-29 12:45:08
fea4b61a-0925-4053-a8d7-62e4a6e03401,DV Case Evidence — CR-2026-DET-290,"Medical examination reports, complaint statements, and photographic evidence for CR-2026-DET-290.",document,Under Analysis,Inspector Kavitha Prasad,,/evidence/fea4b61a-0925-4053-a8d7-62e4a6e03401/document_packet,demo,,,,85926773-d092-4a11-b2f8-d96ae7de639a,2026-08-29 12:45:08,2026-08-29 12:45:08
05e5c375-6d9b-4758-afff-60745eb3fafe,Digital Forensics — CR-2026-DET-195,"Digital evidence including device images, network logs, and transaction records for CR-2026-DET-195.",digital,Under Analysis,Sub-Inspector Pushpa Lakshmi,,/evidence/05e5c375-6d9b-4758-afff-60745eb3fafe/digital_packet,demo,,,,85a2b298-b747-46c7-b11c-a376347cb082,2026-08-29 12:45:08,2026-08-29 12:45:08
bb1fbdd7-ffdd-4961-abb1-237a83bf56f7,Narcotics Seizure Kit — CR-2026-KLR-002,"Physical evidence including seized substances, packaging materials, and transport vehicle documentation for CR-2026-KLR-002.",physical,Pending,Sub-Inspector Anitha Kulkarni,,/evidence/bb1fbdd7-ffdd-4961-abb1-237a83bf56f7/physical_packet,demo,,,,86af2ac9-1198-4082-8dfd-ef8c8bd5478a,2026-08-29 12:45:07,2026-08-29 12:45:07
c3db2e8e-6b48-4373-94b4-9860bc7d63c1,Assault Case Documentation — CR-2026-DET-068,"Medical reports, witness statements, and scene photographs for assault case CR-2026-DET-068.",document,Pending,Inspector Shanthappa K,,/evidence/c3db2e8e-6b48-4373-94b4-9860bc7d63c1/document_packet,demo,,,,8730233b-2091-4040-aa20-e07b74160f39,2026-08-29 12:45:07,2026-08-29 12:45:07
3f62c70e-8a44-4c51-ad8f-2f5ed5c2a677,Mining Violation Records — CR-2026-DET-043,"Satellite imagery, transit manifests, and forged permits for illegal mining case CR-2026-DET-043.",document,Analyzed,Sub-Inspector Mallikarjun Swamy,,/evidence/3f62c70e-8a44-4c51-ad8f-2f5ed5c2a677/document_packet,demo,,,,87eba85c-c942-455e-bd86-6d86789772d6,2026-08-29 12:45:07,2026-08-29 12:45:07
70a10b2b-fe0b-4b48-9408-f9ace396e4c4,Case Evidence — CR-2026-DET-130,Supporting documentation and evidence for CR-2026-DET-130.,document,Analyzed,Inspector Kiran Bhat,,/evidence/70a10b2b-fe0b-4b48-9408-f9ace396e4c4/document_packet,demo,,,,88152dd7-f501-4e7a-b613-15556c65179f,2026-08-29 12:45:07,2026-08-29 12:45:07
d2707903-2037-4788-9db7-292b24c1a317,Case Evidence — CR-2026-DET-018,Supporting documentation and evidence for CR-2026-DET-018.,document,Under Analysis,Sub-Inspector Manjunath Reddy,,/evidence/d2707903-2037-4788-9db7-292b24c1a317/document_packet,demo,,,,887722ea-52c0-444d-933b-a977b2c41e04,2026-08-29 12:45:07,2026-08-29 12:45:07
6c4c089e-0824-4f22-a9fe-0b5599a008ba,Narcotics Seizure Kit — CR-2026-TMK-002,"Physical evidence including seized substances, packaging materials, and transport vehicle documentation for CR-2026-TMK-002.",physical,Under Analysis,Inspector Ganesh Haldipur,,/evidence/6c4c089e-0824-4f22-a9fe-0b5599a008ba/physical_packet,demo,,,,88c30633-be71-4ea8-870d-95dd8a449b9b,2026-08-29 12:45:07,2026-08-29 12:45:07
5a49844a-e771-44c1-8e10-6dd146834f64,Case Evidence — CR-2026-DET-223,Supporting documentation and evidence for CR-2026-DET-223.,document,Under Analysis,Sub-Inspector Lakshmi Devi,,/evidence/5a49844a-e771-44c1-8e10-6dd146834f64/document_packet,demo,,,,88f535c6-8bf8-4b8a-8807-39c5c0464019,2026-08-29 12:45:08,2026-08-29 12:45:08
af70248b-91fe-4541-be51-6ad518eb9ec7,Digital Forensics — CR-2026-DET-169,"Digital evidence including device images, network logs, and transaction records for CR-2026-DET-169.",digital,Analyzed,Inspector Farooq Nadaf,,/evidence/af70248b-91fe-4541-be51-6ad518eb9ec7/digital_packet,demo,,,,8a5cb3bc-db30-474d-b084-8686b00f7126,2026-08-29 12:45:08,2026-08-29 12:45:08
15c96b81-475b-449b-8436-a108d8fe4f18,Assault Case Documentation — CR-2026-DET-103,"Medical reports, witness statements, and scene photographs for assault case CR-2026-DET-103.",document,Analyzed,Inspector Shanthappa K,,/evidence/15c96b81-475b-449b-8436-a108d8fe4f18/document_packet,demo,,,,8a7d2eea-6580-4cc3-9f9d-bba0b69b003f,2026-08-29 12:45:07,2026-08-29 12:45:07
5211efc7-6c7b-4d21-b168-c1066e17b6a2,Burglary Evidence Packet — CR-2026-DET-028,"Physical evidence including tool marks, fingerprints, and stolen property inventory for CR-2026-DET-028.",physical,Under Analysis,Inspector Farooq Nadaf,,/evidence/5211efc7-6c7b-4d21-b168-c1066e17b6a2/physical_packet,demo,,,,8b076053-0e78-44e8-9f4e-96672f33328b,2026-08-29 12:45:07,2026-08-29 12:45:07
af78b4d7-8868-43d5-b0de-a69fa644a598,Digital Forensics — CR-2026-DET-145,"Digital evidence including device images, network logs, and transaction records for CR-2026-DET-145.",digital,Under Analysis,Inspector Hanumanthappa Naik,,/evidence/af78b4d7-8868-43d5-b0de-a69fa644a598/digital_packet,demo,,,,8c275ca8-2906-497d-9f16-f3908932ea3b,2026-08-29 12:45:08,2026-08-29 12:45:08
a1e6f5c9-7041-4bc3-b9e2-b1542469509f,Narcotics Seizure Kit — CR-2026-DET-033,"Physical evidence including seized substances, packaging materials, and transport vehicle documentation for CR-2026-DET-033.",physical,Under Analysis,Sub-Inspector Fakirappa Doddamani,,/evidence/a1e6f5c9-7041-4bc3-b9e2-b1542469509f/physical_packet,demo,,,,8d1e963b-eaee-4f6e-b8eb-00c21942dc18,2026-08-29 12:45:07,2026-08-29 12:45:07
adc133e7-4aa1-4239-983f-0e1c036c4200,Burglary Evidence Packet — CR-2026-DET-261,"Physical evidence including tool marks, fingerprints, and stolen property inventory for CR-2026-DET-261.",physical,Under Analysis,Inspector Sameer Patel,,/evidence/adc133e7-4aa1-4239-983f-0e1c036c4200/physical_packet,demo,,,,8dd7f5e7-1dcc-4d7d-8608-7c9918f054a2,2026-08-29 12:45:08,2026-08-29 12:45:08
25c799cd-e971-4437-9c5e-0d76fc07c672,Assault Case Documentation — CR-2026-DET-044,"Medical reports, witness statements, and scene photographs for assault case CR-2026-DET-044.",document,Under Analysis,Sub-Inspector Lokesh Biradar,,/evidence/25c799cd-e971-4437-9c5e-0d76fc07c672/document_packet,demo,,,,8f351651-5d0f-4a9f-861d-56a591bc0459,2026-08-29 12:45:07,2026-08-29 12:45:07
78ff1be6-ebd4-4dfc-b678-cb3e3740ba69,Narcotics Seizure Kit — CR-2026-DET-267,"Physical evidence including seized substances, packaging materials, and transport vehicle documentation for CR-2026-DET-267.",physical,Pending,Sub-Inspector Pushpa Lakshmi,,/evidence/78ff1be6-ebd4-4dfc-b678-cb3e3740ba69/physical_packet,demo,,,,9132baae-5f2d-4d71-b5b9-19ed30bcc1dd,2026-08-29 12:45:08,2026-08-29 12:45:08
3f37c4dc-5b3a-40f8-ae41-ee7169171f0c,Mining Violation Records — CR-2026-DET-037,"Satellite imagery, transit manifests, and forged permits for illegal mining case CR-2026-DET-037.",document,Under Analysis,Sub-Inspector Venkatesh Kulkarni,,/evidence/3f37c4dc-5b3a-40f8-ae41-ee7169171f0c/document_packet,demo,,,,9145d756-6270-434e-aed1-672bf822c5a3,2026-08-29 12:45:07,2026-08-29 12:45:07
902976d5-0f45-4a8a-b385-8d6c94df2888,Digital Forensics — CR-2026-DET-034,"Digital evidence including device images, network logs, and transaction records for CR-2026-DET-034.",digital,Under Analysis,Inspector Kavitha Prasad,,/evidence/902976d5-0f45-4a8a-b385-8d6c94df2888/digital_packet,demo,,,,937b0fd5-2903-4f1b-9955-c96a08a8133d,2026-08-29 12:45:07,2026-08-29 12:45:07
9fa879d3-a095-44a2-996b-2f82394e8924,Burglary Evidence Packet — CR-2026-DET-116,"Physical evidence including tool marks, fingerprints, and stolen property inventory for CR-2026-DET-116.",physical,Under Analysis,Sub-Inspector Yogesh Shetty,,/evidence/9fa879d3-a095-44a2-996b-2f82394e8924/physical_packet,demo,,,,940b839d-c5ef-4a71-b6e3-36ea85498f9b,2026-08-29 12:45:07,2026-08-29 12:45:07
eea938a2-b182-418f-909a-f1de6ee3cf5f,Narcotics Seizure Kit — CR-2026-DET-220,"Physical evidence including seized substances, packaging materials, and transport vehicle documentation for CR-2026-DET-220.",physical,Pending,Inspector Shanthappa K,,/evidence/eea938a2-b182-418f-909a-f1de6ee3cf5f/physical_packet,demo,,,,9435169c-f7c7-42cf-857f-64fedcd502a3,2026-08-29 12:45:08,2026-08-29 12:45:08
86161a59-57eb-4644-9bd0-1e5472e9177e,Digital Forensics — CR-2026-DET-051,"Digital evidence including device images, network logs, and transaction records for CR-2026-DET-051.",digital,Under Analysis,Sub-Inspector Manjunath Reddy,,/evidence/86161a59-57eb-4644-9bd0-1e5472e9177e/digital_packet,demo,,,,95334815-43eb-45de-a597-86ce273c57d5,2026-08-29 12:45:07,2026-08-29 12:45:07
bc10eda1-7c9a-473c-a1b5-0be86b966815,Mining Violation Records — CR-2026-DET-162,"Satellite imagery, transit manifests, and forged permits for illegal mining case CR-2026-DET-162.",document,Under Analysis,Inspector Mohammed Irfan,,/evidence/bc10eda1-7c9a-473c-a1b5-0be86b966815/document_packet,demo,,,,95a97d22-30c2-4342-9546-c4ab4a519d41,2026-08-29 12:45:08,2026-08-29 12:45:08
91e0ce1c-7cc9-450f-b188-3a892e9640fc,Mining Violation Records — CR-2026-DET-025,"Satellite imagery, transit manifests, and forged permits for illegal mining case CR-2026-DET-025.",document,Under Analysis,Sub-Inspector Yashoda Patil,,/evidence/91e0ce1c-7cc9-450f-b188-3a892e9640fc/document_packet,demo,,,,95be534c-6b91-4976-b26b-938c8ad238d0,2026-08-29 12:45:07,2026-08-29 12:45:07
bdffa3f1-47ac-447d-ab0d-9460e8658585,Assault Case Documentation — CR-2026-DET-253,"Medical reports, witness statements, and scene photographs for assault case CR-2026-DET-253.",document,Under Analysis,Inspector Manoj Biradar,,/evidence/bdffa3f1-47ac-447d-ab0d-9460e8658585/document_packet,demo,,,,97d1530f-7ad1-4d94-b644-a2a209d67cac,2026-08-29 12:45:08,2026-08-29 12:45:08
578c0f28-8307-4a85-b7b2-f62387821dce,Narcotics Seizure Kit — CR-2026-MNG-005,"Physical evidence including seized substances, packaging materials, and transport vehicle documentation for CR-2026-MNG-005.",physical,Pending,Inspector Irfan Hassan,,/evidence/578c0f28-8307-4a85-b7b2-f62387821dce/physical_packet,demo,,,,98baaafb-1cfb-4ef9-988b-7501eac3801a,2026-08-29 12:45:07,2026-08-29 12:45:07
1dfff8f2-2250-4cce-a299-1c329c604937,Narcotics Seizure Kit — CR-2026-DET-288,"Physical evidence including seized substances, packaging materials, and transport vehicle documentation for CR-2026-DET-288.",physical,Under Analysis,Inspector Meera Sen,,/evidence/1dfff8f2-2250-4cce-a299-1c329c604937/physical_packet,demo,,,,9939f8b0-5679-486d-99ae-3beb14e4f764,2026-08-29 12:45:08,2026-08-29 12:45:08
839e055f-ed6d-4aca-998f-9faff861318c,Narcotics Seizure Kit — CR-2026-DET-298,"Physical evidence including seized substances, packaging materials, and transport vehicle documentation for CR-2026-DET-298.",physical,Under Analysis,Inspector Irfan Hassan,,/evidence/839e055f-ed6d-4aca-998f-9faff861318c/physical_packet,demo,,,,9a7ed421-e2df-424e-abd6-5b1ce2eb3702,2026-08-29 12:45:08,2026-08-29 12:45:08
6f0ac6ad-fb12-482c-8d87-e10a9d53b3f2,Mining Violation Records — CR-2026-DET-060,"Satellite imagery, transit manifests, and forged permits for illegal mining case CR-2026-DET-060.",document,Under Analysis,Sub-Inspector Pushpa Lakshmi,,/evidence/6f0ac6ad-fb12-482c-8d87-e10a9d53b3f2/document_packet,demo,,,,9b162d40-237d-43c9-b0b6-5ec860a75a99,2026-08-29 12:45:07,2026-08-29 12:45:07
77b3a3a6-bd76-4f25-90f1-c1bb6290cc98,DV Case Evidence — CR-2026-DET-070,"Medical examination reports, complaint statements, and photographic evidence for CR-2026-DET-070.",document,Analyzed,Sub-Inspector Yashoda Patil,,/evidence/77b3a3a6-bd76-4f25-90f1-c1bb6290cc98/document_packet,demo,,,,9bdec599-1eb8-4f2d-ab10-c0f0cc95d132,2026-08-29 12:45:07,2026-08-29 12:45:07
16d8edb3-884a-446a-b0d5-938675ebf9a3,Narcotics Seizure Kit — CR-2026-DET-069,"Physical evidence including seized substances, packaging materials, and transport vehicle documentation for CR-2026-DET-069.",physical,Pending,Sub-Inspector Yashoda Patil,,/evidence/16d8edb3-884a-446a-b0d5-938675ebf9a3/physical_packet,demo,,,,9be9b10d-ef5b-4bb3-92da-90abe5b6a1a0,2026-08-29 12:45:07,2026-08-29 12:45:07
d1871ab1-15ba-4407-84cc-93fee2c7c555,Assault Case Documentation — CR-2026-TMK-001,"Medical reports, witness statements, and scene photographs for assault case CR-2026-TMK-001.",document,Analyzed,Inspector Ganesh Haldipur,,/evidence/d1871ab1-15ba-4407-84cc-93fee2c7c555/document_packet,demo,,,,9bea3b39-33be-4d65-bea2-5360b8d4f8fc,2026-08-29 12:45:07,2026-08-29 12:45:07
4fb2a197-94bd-4716-99f1-eace832517d9,Digital Forensics — CR-2026-DET-161,"Digital evidence including device images, network logs, and transaction records for CR-2026-DET-161.",digital,Under Analysis,Sub-Inspector Fakirappa Doddamani,,/evidence/4fb2a197-94bd-4716-99f1-eace832517d9/digital_packet,demo,,,,9c1af2b9-20e2-41f4-90fb-4730986fe371,2026-08-29 12:45:08,2026-08-29 12:45:08
ca85f5aa-73aa-430a-a4cb-320008b8004e,Case Evidence — CR-2026-DET-011,Supporting documentation and evidence for CR-2026-DET-011.,document,Under Analysis,Sub-Inspector Lokesh Biradar,,/evidence/ca85f5aa-73aa-430a-a4cb-320008b8004e/document_packet,demo,,,,9c1af562-ce49-4e82-9db9-5c4b3a181e8f,2026-08-29 12:45:07,2026-08-29 12:45:07
6c931000-715e-4245-bd70-b50d13c71f45,DV Case Evidence — CR-2026-HSN-001,"Medical examination reports, complaint statements, and photographic evidence for CR-2026-HSN-001.",document,Pending,Inspector Siddharamaiah Pujari,,/evidence/6c931000-715e-4245-bd70-b50d13c71f45/document_packet,demo,,,,9cff4bc2-0cd0-4f4d-aed5-3c753e2c1d1c,2026-08-29 12:45:07,2026-08-29 12:45:07
e7d97f9c-3d49-46d0-8a73-33254870a568,Burglary Evidence Packet — CR-2026-DET-016,"Physical evidence including tool marks, fingerprints, and stolen property inventory for CR-2026-DET-016.",physical,Pending,Sub-Inspector Manjunath Reddy,,/evidence/e7d97f9c-3d49-46d0-8a73-33254870a568/physical_packet,demo,,,,9d9f57c0-a0ea-4c37-8f03-f4e41058d3b7,2026-08-29 12:45:07,2026-08-29 12:45:07
b48cdc49-61ba-4b7e-a61f-d891a6c8b4b5,Case Evidence — CR-2026-DET-118,Supporting documentation and evidence for CR-2026-DET-118.,document,Under Analysis,Inspector Meera Sen,,/evidence/b48cdc49-61ba-4b7e-a61f-d891a6c8b4b5/document_packet,demo,,,,9e4b3920-60ba-48db-a8fe-05cfa700c5c7,2026-08-29 12:45:07,2026-08-29 12:45:07
e3f0c70e-ea9a-43ee-b8aa-0f739bd7be7a,Assault Case Documentation — CR-2026-MYS-005,"Medical reports, witness statements, and scene photographs for assault case CR-2026-MYS-005.",document,Analyzed,Inspector Meera Sen,,/evidence/e3f0c70e-ea9a-43ee-b8aa-0f739bd7be7a/document_packet,demo,,,,9f095f4e-628d-4eba-bbdd-56840c688f38,2026-08-29 12:45:07,2026-08-29 12:45:07
f4c0bb12-15ef-403b-ad9e-1e4d946b781b,Narcotics Seizure Kit — CR-2026-DET-067,"Physical evidence including seized substances, packaging materials, and transport vehicle documentation for CR-2026-DET-067.",physical,Analyzed,Inspector Kavitha Prasad,,/evidence/f4c0bb12-15ef-403b-ad9e-1e4d946b781b/physical_packet,demo,,,,9f2257f3-4e9f-46c2-ac00-a3bafe1ca43c,2026-08-29 12:45:07,2026-08-29 12:45:07
08c84fa9-c88a-4d2c-9977-d9bf1bfed258,Narcotics Seizure Kit — CR-2026-DET-208,"Physical evidence including seized substances, packaging materials, and transport vehicle documentation for CR-2026-DET-208.",physical,Under Analysis,Inspector Ganesh Haldipur,,/evidence/08c84fa9-c88a-4d2c-9977-d9bf1bfed258/physical_packet,demo,,,,9f68143d-f5d2-48c0-a7f2-92fbf61131f8,2026-08-29 12:45:08,2026-08-29 12:45:08
4911be4d-ec53-42fb-8136-162a1430e78b,Case Evidence — CR-2026-DET-096,Supporting documentation and evidence for CR-2026-DET-096.,document,Pending,Sub-Inspector Mallikarjun Swamy,,/evidence/4911be4d-ec53-42fb-8136-162a1430e78b/document_packet,demo,,,,9fc070f7-6a09-4d49-be70-ef590a75dc28,2026-08-29 12:45:07,2026-08-29 12:45:07
ed88ba7c-2233-4b54-8e66-de2b3ab7909c,Digital Forensics — CR-2026-DET-135,"Digital evidence including device images, network logs, and transaction records for CR-2026-DET-135.",digital,Analyzed,Sub-Inspector Lokesh Biradar,,/evidence/ed88ba7c-2233-4b54-8e66-de2b3ab7909c/digital_packet,demo,,,,a0cb31dc-3f27-4a57-8fe7-ddeda5bacdce,2026-08-29 12:45:07,2026-08-29 12:45:07
f1504c10-ba8d-4a6f-8627-a7e8eb75dc0f,Digital Forensics — CR-2026-DET-127,"Digital evidence including device images, network logs, and transaction records for CR-2026-DET-127.",digital,Pending,Inspector Meera Sen,,/evidence/f1504c10-ba8d-4a6f-8627-a7e8eb75dc0f/digital_packet,demo,,,,a125279e-bc8b-424c-9b4a-b8a23c54f594,2026-08-29 12:45:07,2026-08-29 12:45:07
31cb5498-3163-47f4-a8cb-40d288034942,Assault Case Documentation — CR-2026-DET-293,"Medical reports, witness statements, and scene photographs for assault case CR-2026-DET-293.",document,Under Analysis,Inspector Mohammed Irfan,,/evidence/31cb5498-3163-47f4-a8cb-40d288034942/document_packet,demo,,,,a16c06ec-e188-4fe5-842e-ed86db3d7cac,2026-08-29 12:45:08,2026-08-29 12:45:08
c475976f-48a1-4081-850f-db10550d77fa,Case Evidence — CR-2026-DET-064,Supporting documentation and evidence for CR-2026-DET-064.,document,Under Analysis,Sub-Inspector Fakirappa Doddamani,,/evidence/c475976f-48a1-4081-850f-db10550d77fa/document_packet,demo,,,,a19fc8b0-c2b2-4f51-a342-23fe585eb266,2026-08-29 12:45:07,2026-08-29 12:45:07
543857ba-0012-40fb-b353-6f0722a2613e,Digital Forensics — CR-2026-MYS-003,"Digital evidence including device images, network logs, and transaction records for CR-2026-MYS-003.",digital,Pending,Inspector Meera Sen,,/evidence/543857ba-0012-40fb-b353-6f0722a2613e/digital_packet,demo,,,,a2f99c5d-2e08-4a6e-8495-73932c49039c,2026-08-29 12:45:07,2026-08-29 12:45:07
76745a3e-3688-4601-97c6-aa5c46fc5f4f,Burglary Evidence Packet — CR-2026-DET-230,"Physical evidence including tool marks, fingerprints, and stolen property inventory for CR-2026-DET-230.",physical,Under Analysis,Inspector Kavitha Prasad,,/evidence/76745a3e-3688-4601-97c6-aa5c46fc5f4f/physical_packet,demo,,,,a3a3b948-505a-44db-8da3-7c2bde0985e6,2026-08-29 12:45:08,2026-08-29 12:45:08
534a3d81-3919-4448-b519-8f2c8e2176c7,Case Evidence — CR-2026-DET-196,Supporting documentation and evidence for CR-2026-DET-196.,document,Under Analysis,Sub-Inspector Anitha Kulkarni,,/evidence/534a3d81-3919-4448-b519-8f2c8e2176c7/document_packet,demo,,,,a41ba673-f2d2-4942-8f74-b43c0e90e3df,2026-08-29 12:45:08,2026-08-29 12:45:08
6d0bfb58-6d5a-4ac2-aae3-1a60f484594f,Burglary Evidence Packet — CR-2026-DET-093,"Physical evidence including tool marks, fingerprints, and stolen property inventory for CR-2026-DET-093.",physical,Under Analysis,Sub-Inspector Anitha Kulkarni,,/evidence/6d0bfb58-6d5a-4ac2-aae3-1a60f484594f/physical_packet,demo,,,,a5c2c0fa-e56a-4baa-ba90-cadc07c124cc,2026-08-29 12:45:07,2026-08-29 12:45:07
e61d0115-0d9c-4136-b020-65a6801fc866,DV Case Evidence — CR-2026-DET-217,"Medical examination reports, complaint statements, and photographic evidence for CR-2026-DET-217.",document,Pending,Sub-Inspector Fakirappa Doddamani,,/evidence/e61d0115-0d9c-4136-b020-65a6801fc866/document_packet,demo,,,,a6f2349a-8e14-44a3-aea1-8ec3e7d4de4d,2026-08-29 12:45:08,2026-08-29 12:45:08
fc6297c9-2143-4f21-be22-e298fcebd377,Digital Forensics — CR-2026-DET-137,"Digital evidence including device images, network logs, and transaction records for CR-2026-DET-137.",digital,Under Analysis,Inspector Santosh Mudiraj,,/evidence/fc6297c9-2143-4f21-be22-e298fcebd377/digital_packet,demo,,,,a7742ff0-039b-41d9-b7f0-50eed27fd9e9,2026-08-29 12:45:07,2026-08-29 12:45:07
cd756be4-72e1-4be4-a5fe-6711f5290942,Digital Forensics — CR-2026-DET-204,"Digital evidence including device images, network logs, and transaction records for CR-2026-DET-204.",digital,Pending,Inspector Raju Patil,,/evidence/cd756be4-72e1-4be4-a5fe-6711f5290942/digital_packet,demo,,,,a7e92ff8-eaf3-411e-9556-b4aa2d5d3a10,2026-08-29 12:45:08,2026-08-29 12:45:08
cb1f620f-34a4-41d4-a758-363ea5aca88d,Mining Violation Records — CR-2026-DET-183,"Satellite imagery, transit manifests, and forged permits for illegal mining case CR-2026-DET-183.",document,Under Analysis,Sub-Inspector Vinayak Kulkarni,,/evidence/cb1f620f-34a4-41d4-a758-363ea5aca88d/document_packet,demo,,,,a8028bb7-c8a0-4942-9b77-61d540e9faf0,2026-08-29 12:45:08,2026-08-29 12:45:08
5db30da3-1532-4445-9808-fbcc892337d4,Assault Case Documentation — CR-2026-DET-113,"Medical reports, witness statements, and scene photographs for assault case CR-2026-DET-113.",document,Under Analysis,Inspector Meera Sen,,/evidence/5db30da3-1532-4445-9808-fbcc892337d4/document_packet,demo,,,,a859b95c-0c2e-401e-84b9-94a55e6ff2c1,2026-08-29 12:45:07,2026-08-29 12:45:07
50d4cb6b-ea16-43e3-b200-02a5e9080135,Case Evidence — CR-2026-DET-022,Supporting documentation and evidence for CR-2026-DET-022.,document,Under Analysis,Inspector Mohammed Irfan,,/evidence/50d4cb6b-ea16-43e3-b200-02a5e9080135/document_packet,demo,,,,a8fa5101-097c-44cf-8b46-e7ca0a8a641f,2026-08-29 12:45:07,2026-08-29 12:45:07
e65b5651-58f9-4cb7-852b-61c66b43dda9,Narcotics Seizure Kit — CR-2026-DET-104,"Physical evidence including seized substances, packaging materials, and transport vehicle documentation for CR-2026-DET-104.",physical,Under Analysis,Sub-Inspector Yogesh Shetty,,/evidence/e65b5651-58f9-4cb7-852b-61c66b43dda9/physical_packet,demo,,,,a91933d5-94aa-49c3-ae61-ca9ee73592f0,2026-08-29 12:45:07,2026-08-29 12:45:07
4aeb6527-1185-47a9-bce5-26e2bcc1bcc5,Digital Forensics — CR-2026-DET-187,"Digital evidence including device images, network logs, and transaction records for CR-2026-DET-187.",digital,Analyzed,Inspector Ganesh Haldipur,,/evidence/4aeb6527-1185-47a9-bce5-26e2bcc1bcc5/digital_packet,demo,,,,a91d732d-0701-43eb-baa2-e6403ff9b815,2026-08-29 12:45:08,2026-08-29 12:45:08
e56cf4b7-4325-45d9-87b4-a66724921457,Assault Case Documentation — CR-2026-DET-194,"Medical reports, witness statements, and scene photographs for assault case CR-2026-DET-194.",document,Under Analysis,Inspector Hanumanthappa Naik,,/evidence/e56cf4b7-4325-45d9-87b4-a66724921457/document_packet,demo,,,,a92acf13-d1df-4b8c-bc4a-f19603e4ca57,2026-08-29 12:45:08,2026-08-29 12:45:08
0e593d17-5cb1-4101-b4ee-aa44efb46844,Mining Violation Records — CR-2026-DET-296,"Satellite imagery, transit manifests, and forged permits for illegal mining case CR-2026-DET-296.",document,Under Analysis,Inspector Kavitha Prasad,,/evidence/0e593d17-5cb1-4101-b4ee-aa44efb46844/document_packet,demo,,,,a97d514a-a0f9-41ee-a989-f4dff4cb6216,2026-08-29 12:45:08,2026-08-29 12:45:08
55a7bc73-50d6-4f17-839b-9d4ff8099146,Mining Violation Records — CR-2026-DET-095,"Satellite imagery, transit manifests, and forged permits for illegal mining case CR-2026-DET-095.",document,Analyzed,Sub-Inspector Vinayak Kulkarni,,/evidence/55a7bc73-50d6-4f17-839b-9d4ff8099146/document_packet,demo,,,,a99d685a-013c-4801-bc04-bd6b2570ddc3,2026-08-29 12:45:07,2026-08-29 12:45:07
236471e0-9aac-4fa6-ad52-7c2f44a3f9ca,Narcotics Seizure Kit — CR-2026-DET-072,"Physical evidence including seized substances, packaging materials, and transport vehicle documentation for CR-2026-DET-072.",physical,Pending,Inspector Siddharamaiah Pujari,,/evidence/236471e0-9aac-4fa6-ad52-7c2f44a3f9ca/physical_packet,demo,,,,aa5210a8-6efb-4fc6-95c4-b075412a2290,2026-08-29 12:45:07,2026-08-29 12:45:07
5802676d-7348-4bd3-ab33-52a51bce4ebd,Digital Forensics — CR-2026-DET-036,"Digital evidence including device images, network logs, and transaction records for CR-2026-DET-036.",digital,Under Analysis,Inspector Siddharamaiah Pujari,,/evidence/5802676d-7348-4bd3-ab33-52a51bce4ebd/digital_packet,demo,,,,abb5893d-9e56-4d0f-bd4b-05bda9abb388,2026-08-29 12:45:07,2026-08-29 12:45:07
b6ad8367-6640-44c9-be05-fb3647daa999,Case Evidence — CR-2026-DET-254,Supporting documentation and evidence for CR-2026-DET-254.,document,Under Analysis,Inspector Santosh Mudiraj,,/evidence/b6ad8367-6640-44c9-be05-fb3647daa999/document_packet,demo,,,,abceb0dd-cd0d-4a1d-967e-f014950aeb87,2026-08-29 12:45:08,2026-08-29 12:45:08
e332ed8e-85d3-414d-b933-b1a131bf5795,Narcotics Seizure Kit — CR-2026-DET-155,"Physical evidence including seized substances, packaging materials, and transport vehicle documentation for CR-2026-DET-155.",physical,Analyzed,Sub-Inspector Vinayak Kulkarni,,/evidence/e332ed8e-85d3-414d-b933-b1a131bf5795/physical_packet,demo,,,,ac990c4e-fe0e-43d3-9730-dff57ccde939,2026-08-29 12:45:08,2026-08-29 12:45:08
8c3af1c1-b5f0-4cda-974e-5fd2af961094,Digital Forensics — CR-2026-DET-181,"Digital evidence including device images, network logs, and transaction records for CR-2026-DET-181.",digital,Under Analysis,Sub-Inspector Yashoda Patil,,/evidence/8c3af1c1-b5f0-4cda-974e-5fd2af961094/digital_packet,demo,,,,ad794721-69d1-474b-8567-b1d7d4453a7f,2026-08-29 12:45:08,2026-08-29 12:45:08
cda5a07d-ebce-4a1b-b34f-953f3ad668db,Assault Case Documentation — CR-2026-DET-156,"Medical reports, witness statements, and scene photographs for assault case CR-2026-DET-156.",document,Pending,Inspector Shanthappa K,,/evidence/cda5a07d-ebce-4a1b-b34f-953f3ad668db/document_packet,demo,,,,ad79f33a-9ff9-4262-be9f-ea031b4c5bb3,2026-08-29 12:45:08,2026-08-29 12:45:08
a475f9d2-6252-4289-af18-97d242f42a71,Burglary Evidence Packet — CR-2026-DET-097,"Physical evidence including tool marks, fingerprints, and stolen property inventory for CR-2026-DET-097.",physical,Under Analysis,Inspector Ganesh Haldipur,,/evidence/a475f9d2-6252-4289-af18-97d242f42a71/physical_packet,demo,,,,af001a65-367c-42b2-9718-ca71b34e148b,2026-08-29 12:45:07,2026-08-29 12:45:07
089f7fc5-9ba1-4b43-8acd-a709c319111d,Narcotics Seizure Kit — CR-2026-DET-234,"Physical evidence including seized substances, packaging materials, and transport vehicle documentation for CR-2026-DET-234.",physical,Analyzed,Sub-Inspector Prakash Naik,,/evidence/089f7fc5-9ba1-4b43-8acd-a709c319111d/physical_packet,demo,,,,af942b2d-219e-45ca-9bd9-a1d8785c57e3,2026-08-29 12:45:08,2026-08-29 12:45:08
3e51ef62-f2c6-423f-b794-f9704632e915,Assault Case Documentation — CR-2026-CMG-002,"Medical reports, witness statements, and scene photographs for assault case CR-2026-CMG-002.",document,Analyzed,Sub-Inspector Vinayak Kulkarni,,/evidence/3e51ef62-f2c6-423f-b794-f9704632e915/document_packet,demo,,,,afe69959-7777-43e9-8ba8-fbfcd29dce57,2026-08-29 12:45:07,2026-08-29 12:45:07
7b660d9b-3286-4596-aba2-a065493d3053,Narcotics Seizure Kit — CR-2026-DET-053,"Physical evidence including seized substances, packaging materials, and transport vehicle documentation for CR-2026-DET-053.",physical,Analyzed,Inspector Raju Patil,,/evidence/7b660d9b-3286-4596-aba2-a065493d3053/physical_packet,demo,,,,b0ef9bdd-1e75-4984-b90c-88a67b4a2faa,2026-08-29 12:45:07,2026-08-29 12:45:07
35b2569f-5455-4562-b5e4-c7d82d59e21b,Narcotics Seizure Kit — CR-2026-DET-193,"Physical evidence including seized substances, packaging materials, and transport vehicle documentation for CR-2026-DET-193.",physical,Pending,Sub-Inspector Nagesh Kori,,/evidence/35b2569f-5455-4562-b5e4-c7d82d59e21b/physical_packet,demo,,,,b1e98f1b-4eb2-4300-8c87-20b69dcddf5a,2026-08-29 12:45:08,2026-08-29 12:45:08
36c78dbd-07f1-4d09-9d1e-128102354ab3,Case Evidence — CR-2026-DET-010,Supporting documentation and evidence for CR-2026-DET-010.,document,Pending,Inspector Basavaraj Kolkar,,/evidence/36c78dbd-07f1-4d09-9d1e-128102354ab3/document_packet,demo,,,,b32ec798-0f94-4f17-81fe-f9f6bd86e11d,2026-08-29 12:45:07,2026-08-29 12:45:07
db622ba3-91af-435c-bf1a-36161400ede6,Assault Case Documentation — CR-2026-DET-062,"Medical reports, witness statements, and scene photographs for assault case CR-2026-DET-062.",document,Under Analysis,Sub-Inspector Anitha Kulkarni,,/evidence/db622ba3-91af-435c-bf1a-36161400ede6/document_packet,demo,,,,b3610e06-53ff-4b56-a2f5-e5268424bae9,2026-08-29 12:45:07,2026-08-29 12:45:07
c334a8a4-988d-4354-9c14-39c5ea7a4c54,Narcotics Seizure Kit — CR-2026-BLG-001,"Physical evidence including seized substances, packaging materials, and transport vehicle documentation for CR-2026-BLG-001.",physical,Under Analysis,Inspector Virupakshi Hallur,,/evidence/c334a8a4-988d-4354-9c14-39c5ea7a4c54/physical_packet,demo,,,,b37556c3-009c-4f18-921b-35f34f7c7f78,2026-08-29 12:45:07,2026-08-29 12:45:07
cc8dbbbd-3e61-426f-98e9-0efcfc7af91e,Digital Forensics — CR-2026-KPL-001,"Digital evidence including device images, network logs, and transaction records for CR-2026-KPL-001.",digital,Pending,Inspector Hanumanthappa Naik,,/evidence/cc8dbbbd-3e61-426f-98e9-0efcfc7af91e/digital_packet,demo,,,,b3a254b4-0aa9-4e58-b9d0-44708aa1cbd8,2026-08-29 12:45:07,2026-08-29 12:45:07
7f993f6b-7b3d-459b-99c6-d0b8602e8e13,Narcotics Seizure Kit — CR-2026-UKN-001,"Physical evidence including seized substances, packaging materials, and transport vehicle documentation for CR-2026-UKN-001.",physical,Pending,Sub-Inspector Lokesh Biradar,,/evidence/7f993f6b-7b3d-459b-99c6-d0b8602e8e13/physical_packet,demo,,,,b48de7fd-f70a-4f7c-8816-85d0ce1bd5de,2026-08-29 12:45:07,2026-08-29 12:45:07
8cf71d0e-5390-408c-afc0-d35b0f916f03,Mining Violation Records — CR-2026-DET-163,"Satellite imagery, transit manifests, and forged permits for illegal mining case CR-2026-DET-163.",document,Analyzed,Inspector Meera Sen,,/evidence/8cf71d0e-5390-408c-afc0-d35b0f916f03/document_packet,demo,,,,b4bbbd19-f717-49ae-a147-c3f6ddd874a2,2026-08-29 12:45:08,2026-08-29 12:45:08
1a23043e-157a-47ac-b591-1acbfb762a9a,Case Evidence — CR-2026-DET-086,Supporting documentation and evidence for CR-2026-DET-086.,document,Under Analysis,Sub-Inspector Manjunath Reddy,,/evidence/1a23043e-157a-47ac-b591-1acbfb762a9a/document_packet,demo,,,,b62e363a-0b22-4725-98dd-318c2ff2c82a,2026-08-29 12:45:07,2026-08-29 12:45:07
833e7c39-16c9-492f-a342-218ca34091b9,Digital Forensics — CR-2026-DET-245,"Digital evidence including device images, network logs, and transaction records for CR-2026-DET-245.",digital,Under Analysis,Inspector Basavaraj Kolkar,,/evidence/833e7c39-16c9-492f-a342-218ca34091b9/digital_packet,demo,,,,b67e8f85-1a0b-4b07-8504-2aa055740797,2026-08-29 12:45:08,2026-08-29 12:45:08
5d0d1b7d-4ac6-469f-a10c-058e45daa83c,Case Evidence — CR-2026-DET-229,Supporting documentation and evidence for CR-2026-DET-229.,document,Under Analysis,Inspector Basavaraj Kolkar,,/evidence/5d0d1b7d-4ac6-469f-a10c-058e45daa83c/document_packet,demo,,,,b77054e7-591f-4827-a6ef-e92719cb55f2,2026-08-29 12:45:08,2026-08-29 12:45:08
09fe6c49-e47a-4e73-9929-ed7c9520a38b,Mining Violation Records — CR-2026-DET-279,"Satellite imagery, transit manifests, and forged permits for illegal mining case CR-2026-DET-279.",document,Analyzed,Inspector Irfan Hassan,,/evidence/09fe6c49-e47a-4e73-9929-ed7c9520a38b/document_packet,demo,,,,b78a3f3e-a758-4e67-9731-832906457c29,2026-08-29 12:45:08,2026-08-29 12:45:08
6c083b1b-5679-4ab6-ae29-574c979abe92,Burglary Evidence Packet — CR-2026-DET-316,"Physical evidence including tool marks, fingerprints, and stolen property inventory for CR-2026-DET-316.",physical,Under Analysis,Inspector Ganesh Haldipur,,/evidence/6c083b1b-5679-4ab6-ae29-574c979abe92/physical_packet,demo,,,,b8e3ef4b-3ade-43ba-9cc7-aa57feb0ebbf,2026-08-29 12:45:08,2026-08-29 12:45:08
f00fcacb-361b-4785-a0e5-de264ec6cdbb,Digital Forensics — CR-2026-DET-310,"Digital evidence including device images, network logs, and transaction records for CR-2026-DET-310.",digital,Under Analysis,Inspector Virupakshi Hallur,,/evidence/f00fcacb-361b-4785-a0e5-de264ec6cdbb/digital_packet,demo,,,,b91a4300-89c2-484f-846d-00bd85866a33,2026-08-29 12:45:08,2026-08-29 12:45:08
c45182a5-de5f-4cf1-9018-fa511d65b60a,Burglary Evidence Packet — CR-2026-DET-271,"Physical evidence including tool marks, fingerprints, and stolen property inventory for CR-2026-DET-271.",physical,Under Analysis,Inspector Hanumanthappa Naik,,/evidence/c45182a5-de5f-4cf1-9018-fa511d65b60a/physical_packet,demo,,,,b92a2d13-de3b-4f44-9843-0df03a7f337b,2026-08-29 12:45:08,2026-08-29 12:45:08
6e37397e-e931-4b33-ac19-0cb47545ed56,Digital Forensics — CR-2026-DET-319,"Digital evidence including device images, network logs, and transaction records for CR-2026-DET-319.",digital,Under Analysis,Inspector Virupakshi Hallur,,/evidence/6e37397e-e931-4b33-ac19-0cb47545ed56/digital_packet,demo,,,,b97e6bfb-7fa5-466b-8027-99f80acc3f47,2026-08-29 12:45:08,2026-08-29 12:45:08
f8bdcac4-4fc8-4897-8c99-7744d8c2e186,Narcotics Seizure Kit — CR-2026-DET-243,"Physical evidence including seized substances, packaging materials, and transport vehicle documentation for CR-2026-DET-243.",physical,Pending,Sub-Inspector Manjunath Reddy,,/evidence/f8bdcac4-4fc8-4897-8c99-7744d8c2e186/physical_packet,demo,,,,ba6e7ab8-fa4f-45ac-9ca2-be0b107c3c4b,2026-08-29 12:45:08,2026-08-29 12:45:08
1a850195-143c-47c9-8c15-9d2f9cc82634,DV Case Evidence — CR-2026-DET-275,"Medical examination reports, complaint statements, and photographic evidence for CR-2026-DET-275.",document,Pending,Inspector Kiran Bhat,,/evidence/1a850195-143c-47c9-8c15-9d2f9cc82634/document_packet,demo,,,,bad84e89-407f-454b-a1c7-aef925611e7f,2026-08-29 12:45:08,2026-08-29 12:45:08
5f5d8683-9fb7-47be-aefa-3692e799e461,Case Evidence — CR-2026-DET-079,Supporting documentation and evidence for CR-2026-DET-079.,document,Under Analysis,Inspector Irfan Hassan,,/evidence/5f5d8683-9fb7-47be-aefa-3692e799e461/document_packet,demo,,,,bb1a0c46-0133-4492-b916-b824aecc3d64,2026-08-29 12:45:07,2026-08-29 12:45:07
d886f95c-3c74-4622-98bb-494d34eea3e6,DV Case Evidence — CR-2026-DET-202,"Medical examination reports, complaint statements, and photographic evidence for CR-2026-DET-202.",document,Pending,Sub-Inspector Prakash Naik,,/evidence/d886f95c-3c74-4622-98bb-494d34eea3e6/document_packet,demo,,,,bb40e654-3161-4069-954e-e62318ac8729,2026-08-29 12:45:08,2026-08-29 12:45:08
8db6093c-0848-4823-bb9b-e3d44f844f55,Digital Forensics — CR-2026-DET-080,"Digital evidence including device images, network logs, and transaction records for CR-2026-DET-080.",digital,Under Analysis,Inspector Ravi Shankar Bhat,,/evidence/8db6093c-0848-4823-bb9b-e3d44f844f55/digital_packet,demo,,,,bb72002d-8378-4325-a8b4-0813c16f406c,2026-08-29 12:45:07,2026-08-29 12:45:07
0851b794-9c41-41b0-860c-9e7a77c3b3fd,DV Case Evidence — CR-2026-HVR-001,"Medical examination reports, complaint statements, and photographic evidence for CR-2026-HVR-001.",document,Pending,Sub-Inspector Nagesh Kori,,/evidence/0851b794-9c41-41b0-860c-9e7a77c3b3fd/document_packet,demo,,,,bbf6aeb9-692c-495a-8ddd-46d7c65821a9,2026-08-29 12:45:07,2026-08-29 12:45:07
f03647a9-db61-4d05-ab67-9fb2768fa09d,Case Evidence — CR-2026-DET-074,Supporting documentation and evidence for CR-2026-DET-074.,document,Under Analysis,Sub-Inspector Yogesh Shetty,,/evidence/f03647a9-db61-4d05-ab67-9fb2768fa09d/document_packet,demo,,,,bc422527-c134-4c3b-8913-6a3b4755feca,2026-08-29 12:45:07,2026-08-29 12:45:07
3b88028e-efad-4691-87bd-d46b81e1c349,Burglary Evidence Packet — CR-2026-DET-014,"Physical evidence including tool marks, fingerprints, and stolen property inventory for CR-2026-DET-014.",physical,Pending,Inspector Raju Patil,,/evidence/3b88028e-efad-4691-87bd-d46b81e1c349/physical_packet,demo,,,,bcfef3eb-cc4f-42a0-b3ad-8f9ccebd3741,2026-08-29 12:45:07,2026-08-29 12:45:07
08183f6b-2a28-47a7-b04d-3b320049a228,Digital Forensics — CR-2026-DET-259,"Digital evidence including device images, network logs, and transaction records for CR-2026-DET-259.",digital,Under Analysis,Inspector Ravi Shankar Bhat,,/evidence/08183f6b-2a28-47a7-b04d-3b320049a228/digital_packet,demo,,,,bd1629ef-ff18-446d-9508-2dd7b2b5cb72,2026-08-29 12:45:08,2026-08-29 12:45:08
6709ce29-2e17-40f4-b707-3bf4c72279e0,DV Case Evidence — CR-2026-DET-314,"Medical examination reports, complaint statements, and photographic evidence for CR-2026-DET-314.",document,Under Analysis,Sub-Inspector Yogesh Shetty,,/evidence/6709ce29-2e17-40f4-b707-3bf4c72279e0/document_packet,demo,,,,bd445f44-53f4-4645-a279-ecae5a771356,2026-08-29 12:45:08,2026-08-29 12:45:08
e6fc639f-f04c-43b8-97fc-4ee36ce71bc3,Burglary Evidence Packet — CR-2026-DET-153,"Physical evidence including tool marks, fingerprints, and stolen property inventory for CR-2026-DET-153.",physical,Under Analysis,Sub-Inspector Manjunath Reddy,,/evidence/e6fc639f-f04c-43b8-97fc-4ee36ce71bc3/physical_packet,demo,,,,bdc3172c-4d67-45eb-8d91-f9bf797b3ecf,2026-08-29 12:45:08,2026-08-29 12:45:08
48ca3932-5a03-453e-a977-ef714179601a,Narcotics Seizure Kit — CR-2026-DET-315,"Physical evidence including seized substances, packaging materials, and transport vehicle documentation for CR-2026-DET-315.",physical,Under Analysis,Inspector Kavitha Prasad,,/evidence/48ca3932-5a03-453e-a977-ef714179601a/physical_packet,demo,,,,be753b8f-bc5d-47f3-b139-534cfabb96f3,2026-08-29 12:45:08,2026-08-29 12:45:08
67353674-7691-4520-8f59-eac0a4da8e88,Narcotics Seizure Kit — CR-2026-DET-164,"Physical evidence including seized substances, packaging materials, and transport vehicle documentation for CR-2026-DET-164.",physical,Under Analysis,Inspector Meera Sen,,/evidence/67353674-7691-4520-8f59-eac0a4da8e88/physical_packet,demo,,,,bfc8963b-fffb-4728-abc3-db4098dbba93,2026-08-29 12:45:08,2026-08-29 12:45:08
a1480d60-21b2-4c7e-a4c2-b1b7227e87ed,Burglary Evidence Packet — CR-2026-DET-297,"Physical evidence including tool marks, fingerprints, and stolen property inventory for CR-2026-DET-297.",physical,Under Analysis,Sub-Inspector Pushpa Lakshmi,,/evidence/a1480d60-21b2-4c7e-a4c2-b1b7227e87ed/physical_packet,demo,,,,c0458ec7-0a24-4340-b369-7d1f83ff9ada,2026-08-29 12:45:08,2026-08-29 12:45:08
ee391c87-8837-4252-8d1b-1ef31dc3bc53,Assault Case Documentation — CR-2026-DET-199,"Medical reports, witness statements, and scene photographs for assault case CR-2026-DET-199.",document,Pending,Inspector Virupakshi Hallur,,/evidence/ee391c87-8837-4252-8d1b-1ef31dc3bc53/document_packet,demo,,,,c0e124a3-53d6-42e4-99c6-6afdf1190143,2026-08-29 12:45:08,2026-08-29 12:45:08
38bd8253-f622-46b3-b108-f2fac229ad72,Case Evidence — CR-2026-DET-209,Supporting documentation and evidence for CR-2026-DET-209.,document,Under Analysis,Sub-Inspector Nagesh Kori,,/evidence/38bd8253-f622-46b3-b108-f2fac229ad72/document_packet,demo,,,,c1a2d29a-6631-4fa3-b742-2e5926e0043d,2026-08-29 12:45:08,2026-08-29 12:45:08
b5d84e84-99b6-4bad-b8dc-2c5c3889abc3,Narcotics Seizure Kit — CR-2026-DET-061,"Physical evidence including seized substances, packaging materials, and transport vehicle documentation for CR-2026-DET-061.",physical,Under Analysis,Inspector Kavitha Prasad,,/evidence/b5d84e84-99b6-4bad-b8dc-2c5c3889abc3/physical_packet,demo,,,,c2072eb6-d311-4a4d-bd83-e097f30dbd57,2026-08-29 12:45:07,2026-08-29 12:45:07
d45fc58a-68e0-4aae-8196-e290b45f4495,Narcotics Seizure Kit — CR-2026-DET-085,"Physical evidence including seized substances, packaging materials, and transport vehicle documentation for CR-2026-DET-085.",physical,Analyzed,Inspector Raju Patil,,/evidence/d45fc58a-68e0-4aae-8196-e290b45f4495/physical_packet,demo,,,,c27a871f-3743-43bf-bfea-9761dbb262bf,2026-08-29 12:45:07,2026-08-29 12:45:07
608ec7d1-8d99-4725-b0a5-8189d140c381,Burglary Evidence Packet — CR-2026-DET-158,"Physical evidence including tool marks, fingerprints, and stolen property inventory for CR-2026-DET-158.",physical,Under Analysis,Sub-Inspector Yashoda Patil,,/evidence/608ec7d1-8d99-4725-b0a5-8189d140c381/physical_packet,demo,,,,c28cd8f2-8fb3-4136-ba36-4546d4c07fca,2026-08-29 12:45:08,2026-08-29 12:45:08
fe9cbc33-c022-45d4-93fb-b7877791dc86,Narcotics Seizure Kit — CR-2026-DET-221,"Physical evidence including seized substances, packaging materials, and transport vehicle documentation for CR-2026-DET-221.",physical,Under Analysis,Sub-Inspector Prakash Naik,,/evidence/fe9cbc33-c022-45d4-93fb-b7877791dc86/physical_packet,demo,,,,c2fd2df6-6e97-4564-9dbf-71e53699ca7f,2026-08-29 12:45:08,2026-08-29 12:45:08
89411188-e3ec-4273-9021-6c4c8d8fd456,Mining Violation Records — CR-2026-DET-128,"Satellite imagery, transit manifests, and forged permits for illegal mining case CR-2026-DET-128.",document,Under Analysis,Sub-Inspector Anitha Kulkarni,,/evidence/89411188-e3ec-4273-9021-6c4c8d8fd456/document_packet,demo,,,,c2fe672d-bd3f-44f7-98bb-eedf4d671352,2026-08-29 12:45:07,2026-08-29 12:45:07
0bfac0ed-4420-4578-9171-cfb3a6807d73,Assault Case Documentation — CR-2026-DET-009,"Medical reports, witness statements, and scene photographs for assault case CR-2026-DET-009.",document,Under Analysis,Inspector Farooq Nadaf,,/evidence/0bfac0ed-4420-4578-9171-cfb3a6807d73/document_packet,demo,,,,c569224b-a6a9-47aa-a9d6-603f12245de7,2026-08-29 12:45:07,2026-08-29 12:45:07
df703ad9-2e0f-4a0a-bd22-877a3e84e0ed,Digital Forensics — CR-2026-DET-049,"Digital evidence including device images, network logs, and transaction records for CR-2026-DET-049.",digital,Pending,Inspector Raju Patil,,/evidence/df703ad9-2e0f-4a0a-bd22-877a3e84e0ed/digital_packet,demo,,,,c615fb7f-dbd8-4e19-a746-0620a591a487,2026-08-29 12:45:07,2026-08-29 12:45:07
0ab05469-c5ce-46d6-b804-e45ab1c10ac8,DV Case Evidence — CR-2026-DET-109,"Medical examination reports, complaint statements, and photographic evidence for CR-2026-DET-109.",document,Under Analysis,Sub-Inspector Nagesh Kori,,/evidence/0ab05469-c5ce-46d6-b804-e45ab1c10ac8/document_packet,demo,,,,c6e8e3ec-0493-454e-a79e-952a5168efda,2026-08-29 12:45:07,2026-08-29 12:45:07
27e38e27-2326-4800-8aa9-adebe6f7adb3,Assault Case Documentation — CR-2026-DET-100,"Medical reports, witness statements, and scene photographs for assault case CR-2026-DET-100.",document,Under Analysis,Sub-Inspector Sharanabasappa Deshpande,,/evidence/27e38e27-2326-4800-8aa9-adebe6f7adb3/document_packet,demo,,,,c7094e09-4539-499d-a079-e93eb774591d,2026-08-29 12:45:07,2026-08-29 12:45:07
63824aa9-48d6-48ed-bba0-fe8189236d8f,Narcotics Seizure Kit — CR-2026-DET-089,"Physical evidence including seized substances, packaging materials, and transport vehicle documentation for CR-2026-DET-089.",physical,Analyzed,Inspector Kavitha Prasad,,/evidence/63824aa9-48d6-48ed-bba0-fe8189236d8f/physical_packet,demo,,,,c79fc86a-b543-4605-adf6-4f106b3652ed,2026-08-29 12:45:07,2026-08-29 12:45:07
8517a5db-ec0f-4044-8b16-ae050c06c213,Digital Forensics — CR-2026-DET-138,"Digital evidence including device images, network logs, and transaction records for CR-2026-DET-138.",digital,Analyzed,Sub-Inspector Pushpa Lakshmi,,/evidence/8517a5db-ec0f-4044-8b16-ae050c06c213/digital_packet,demo,,,,c7afd526-8f50-48c3-823a-96ab86c5ba5f,2026-08-29 12:45:07,2026-08-29 12:45:07
ff68bd94-05d7-4cd9-85de-85bcbaed7af0,Mining Violation Records — CR-2026-DET-200,"Satellite imagery, transit manifests, and forged permits for illegal mining case CR-2026-DET-200.",document,Under Analysis,Inspector Mohammed Irfan,,/evidence/ff68bd94-05d7-4cd9-85de-85bcbaed7af0/document_packet,demo,,,,c82a7dc1-aafa-44f9-9742-0dc0a1b0eab3,2026-08-29 12:45:08,2026-08-29 12:45:08
d7027968-a609-4a83-88ec-71a7623afb14,DV Case Evidence — CR-2026-DET-175,"Medical examination reports, complaint statements, and photographic evidence for CR-2026-DET-175.",document,Under Analysis,Inspector Irfan Hassan,,/evidence/d7027968-a609-4a83-88ec-71a7623afb14/document_packet,demo,,,,c86dcf17-8b18-46c1-b956-ec8f55868ebb,2026-08-29 12:45:08,2026-08-29 12:45:08
85edf476-0108-48c7-bcb4-88c7d0304f4b,Mining Violation Records — CR-2026-DET-110,"Satellite imagery, transit manifests, and forged permits for illegal mining case CR-2026-DET-110.",document,Under Analysis,Inspector Ravi Shankar Bhat,,/evidence/85edf476-0108-48c7-bcb4-88c7d0304f4b/document_packet,demo,,,,ca213bdd-c7dd-4b86-a9ee-2faedd386dfe,2026-08-29 12:45:07,2026-08-29 12:45:07
6f05fc73-7ddf-4f3d-8462-d98c62b7bd64,Narcotics Seizure Kit — CR-2026-DET-224,"Physical evidence including seized substances, packaging materials, and transport vehicle documentation for CR-2026-DET-224.",physical,Under Analysis,Sub-Inspector Manjunath Reddy,,/evidence/6f05fc73-7ddf-4f3d-8462-d98c62b7bd64/physical_packet,demo,,,,ca3203f7-f4f1-42b9-922c-9bdeab9a2853,2026-08-29 12:45:08,2026-08-29 12:45:08
fa36523d-1030-4b0b-b182-2245ccc3983b,Burglary Evidence Packet — CR-2026-CMG-001,"Physical evidence including tool marks, fingerprints, and stolen property inventory for CR-2026-CMG-001.",physical,Pending,Sub-Inspector Vinayak Kulkarni,,/evidence/fa36523d-1030-4b0b-b182-2245ccc3983b/physical_packet,demo,,,,cb17edee-0801-4443-8a84-d3c9037b7b50,2026-08-29 12:45:07,2026-08-29 12:45:07
c9465472-2a6a-4245-b855-a987c10bd2e7,Digital Forensics — CR-2026-DET-057,"Digital evidence including device images, network logs, and transaction records for CR-2026-DET-057.",digital,Under Analysis,Inspector Sameer Patel,,/evidence/c9465472-2a6a-4245-b855-a987c10bd2e7/digital_packet,demo,,,,cbc08f90-24c1-4d86-bcfb-069fa3e554d2,2026-08-29 12:45:07,2026-08-29 12:45:07
d3c30489-7451-4036-b0c8-220e5ebb31e4,Case Evidence — CR-2026-DET-151,Supporting documentation and evidence for CR-2026-DET-151.,document,Under Analysis,Inspector Shanthappa K,,/evidence/d3c30489-7451-4036-b0c8-220e5ebb31e4/document_packet,demo,,,,cc5c05ce-68ea-405c-8587-a4f79e380801,2026-08-29 12:45:08,2026-08-29 12:45:08
dafd2917-c168-465f-9e36-2b8bc9a12490,Burglary Evidence Packet — CR-2026-DET-055,"Physical evidence including tool marks, fingerprints, and stolen property inventory for CR-2026-DET-055.",physical,Under Analysis,Inspector Siddharamaiah Pujari,,/evidence/dafd2917-c168-465f-9e36-2b8bc9a12490/physical_packet,demo,,,,ccb2fbfe-9bf3-4988-80f8-8c0a9de9c16b,2026-08-29 12:45:07,2026-08-29 12:45:07
2d16dbbc-5259-4655-807c-583e2ef6e199,Narcotics Seizure Kit — CR-2026-DET-142,"Physical evidence including seized substances, packaging materials, and transport vehicle documentation for CR-2026-DET-142.",physical,Under Analysis,Sub-Inspector Prakash Naik,,/evidence/2d16dbbc-5259-4655-807c-583e2ef6e199/physical_packet,demo,,,,cd18c356-aa5c-4d02-a188-65f6a7cddc82,2026-08-29 12:45:08,2026-08-29 12:45:08
b20efcb4-e499-496e-8907-7b88690f5f4a,Narcotics Seizure Kit — CR-2026-DET-159,"Physical evidence including seized substances, packaging materials, and transport vehicle documentation for CR-2026-DET-159.",physical,Under Analysis,Inspector Kavitha Prasad,,/evidence/b20efcb4-e499-496e-8907-7b88690f5f4a/physical_packet,demo,,,,cd20aad7-09a2-4eb1-8332-129a6423b361,2026-08-29 12:45:08,2026-08-29 12:45:08
50d86cf4-6f84-42b9-a0d9-57fd9e565103,DV Case Evidence — CR-2026-DET-038,"Medical examination reports, complaint statements, and photographic evidence for CR-2026-DET-038.",document,Analyzed,Inspector Kavitha Prasad,,/evidence/50d86cf4-6f84-42b9-a0d9-57fd9e565103/document_packet,demo,,,,cd7274d4-c9d8-4e1d-abc4-511adf7269f4,2026-08-29 12:45:07,2026-08-29 12:45:07
0f3c325e-9ef4-4d82-afe4-16918e066317,Digital Forensics — CR-2026-DET-198,"Digital evidence including device images, network logs, and transaction records for CR-2026-DET-198.",digital,Under Analysis,Sub-Inspector Yashoda Patil,,/evidence/0f3c325e-9ef4-4d82-afe4-16918e066317/digital_packet,demo,,,,cd80697f-8608-4e68-8b2b-bf19d70ef4c5,2026-08-29 12:45:08,2026-08-29 12:45:08
2fb8f4d0-451d-4197-ae22-ff0474657938,Burglary Evidence Packet — CR-2026-DVG-001,"Physical evidence including tool marks, fingerprints, and stolen property inventory for CR-2026-DVG-001.",physical,Pending,Inspector Santosh Mudiraj,,/evidence/2fb8f4d0-451d-4197-ae22-ff0474657938/physical_packet,demo,,,,cdb58c2a-3051-4c26-a88d-287b78702f72,2026-08-29 12:45:07,2026-08-29 12:45:07
b1d72b14-3c34-4d29-a5c9-0e4c9780c9d5,Burglary Evidence Packet — CR-2026-DET-148,"Physical evidence including tool marks, fingerprints, and stolen property inventory for CR-2026-DET-148.",physical,Under Analysis,Sub-Inspector Prakash Naik,,/evidence/b1d72b14-3c34-4d29-a5c9-0e4c9780c9d5/physical_packet,demo,,,,ce8686f6-ddee-4e5c-bf4c-6fddcee4dd68,2026-08-29 12:45:08,2026-08-29 12:45:08
cb525e2b-3ef9-4dc4-876f-271b395f55cf,Mining Violation Records — CR-2026-DET-081,"Satellite imagery, transit manifests, and forged permits for illegal mining case CR-2026-DET-081.",document,Pending,Inspector Basavaraj Kolkar,,/evidence/cb525e2b-3ef9-4dc4-876f-271b395f55cf/document_packet,demo,,,,ceb2f9a4-d3b8-4bc2-8739-0217d06fed38,2026-08-29 12:45:07,2026-08-29 12:45:07
cf421489-fd55-4775-8121-1cc633022c2c,Digital Forensics — CR-2026-UDP-002,"Digital evidence including device images, network logs, and transaction records for CR-2026-UDP-002.",digital,Pending,Inspector Sameer Patel,,/evidence/cf421489-fd55-4775-8121-1cc633022c2c/digital_packet,demo,,,,cfea6a97-0110-46d4-9d1d-2cf156b79ba8,2026-08-29 12:45:07,2026-08-29 12:45:07
c1ba78d0-13da-475b-809b-574932e46ee4,Digital Forensics — CR-2026-DET-108,"Digital evidence including device images, network logs, and transaction records for CR-2026-DET-108.",digital,Pending,Sub-Inspector Yashoda Patil,,/evidence/c1ba78d0-13da-475b-809b-574932e46ee4/digital_packet,demo,,,,d3f81b4b-cfe7-473f-8032-4636754d7748,2026-08-29 12:45:07,2026-08-29 12:45:07
1f6e726b-7f62-41fa-bfb1-6d5389b9dab6,Digital Forensics — CR-2026-BLG-003,"Digital evidence including device images, network logs, and transaction records for CR-2026-BLG-003.",digital,Pending,Inspector Virupakshi Hallur,,/evidence/1f6e726b-7f62-41fa-bfb1-6d5389b9dab6/digital_packet,demo,,,,d46f495d-b3a5-4fab-8f12-252e415ff0a2,2026-08-29 12:45:07,2026-08-29 12:45:07
79dc196d-dd74-4350-a5fe-7b2e8dee41de,Burglary Evidence Packet — CR-2026-DWD-001,"Physical evidence including tool marks, fingerprints, and stolen property inventory for CR-2026-DWD-001.",physical,Analyzed,Inspector Manoj Biradar,,/evidence/79dc196d-dd74-4350-a5fe-7b2e8dee41de/physical_packet,demo,,,,d491808e-a66e-465a-9295-b787bb9e08a4,2026-08-29 12:45:07,2026-08-29 12:45:07
e24de8f5-ac73-474c-be96-1e8a77f2bcff,Case Evidence — CR-2026-DET-178,Supporting documentation and evidence for CR-2026-DET-178.,document,Pending,Sub-Inspector Yashoda Patil,,/evidence/e24de8f5-ac73-474c-be96-1e8a77f2bcff/document_packet,demo,,,,d4ce8238-1bd8-41ff-812c-2337458ac092,2026-08-29 12:45:08,2026-08-29 12:45:08
25117bce-b422-4250-8f44-05d31a9f55a6,Assault Case Documentation — CR-2026-BGT-001,"Medical reports, witness statements, and scene photographs for assault case CR-2026-BGT-001.",document,Pending,Inspector Raju Patil,,/evidence/25117bce-b422-4250-8f44-05d31a9f55a6/document_packet,demo,,,,d5dfe833-b242-479f-91a2-fc22e2ba09c5,2026-08-29 12:45:07,2026-08-29 12:45:07
ba4ff860-8003-477b-b987-1e482e31424f,Narcotics Seizure Kit — CR-2026-DET-250,"Physical evidence including seized substances, packaging materials, and transport vehicle documentation for CR-2026-DET-250.",physical,Pending,Inspector Santosh Mudiraj,,/evidence/ba4ff860-8003-477b-b987-1e482e31424f/physical_packet,demo,,,,d6dd9f23-dd2a-4354-b5ee-df64b45977b6,2026-08-29 12:45:08,2026-08-29 12:45:08
127f47f2-650f-46c0-b531-4f9d2695d0d5,DV Case Evidence — CR-2026-DET-120,"Medical examination reports, complaint statements, and photographic evidence for CR-2026-DET-120.",document,Analyzed,Inspector Shanthappa K,,/evidence/127f47f2-650f-46c0-b531-4f9d2695d0d5/document_packet,demo,,,,d862b0d8-4de6-47a7-abd9-1a76fba29025,2026-08-29 12:45:07,2026-08-29 12:45:07
bed6105d-a151-43cc-b713-a3715c85b712,Narcotics Seizure Kit — CR-2026-DET-075,"Physical evidence including seized substances, packaging materials, and transport vehicle documentation for CR-2026-DET-075.",physical,Under Analysis,Inspector Mohammed Irfan,,/evidence/bed6105d-a151-43cc-b713-a3715c85b712/physical_packet,demo,,,,d93b5eb9-4323-4f36-989f-3c9dd2ba939d,2026-08-29 12:45:07,2026-08-29 12:45:07
93bb26e2-3115-4ba0-a6db-d494f415fe04,Digital Forensics — CR-2026-DET-177,"Digital evidence including device images, network logs, and transaction records for CR-2026-DET-177.",digital,Analyzed,Sub-Inspector Prakash Naik,,/evidence/93bb26e2-3115-4ba0-a6db-d494f415fe04/digital_packet,demo,,,,db1305d2-e39d-40bc-a039-9af60f9916ec,2026-08-29 12:45:08,2026-08-29 12:45:08
8a2c9fcc-d6a2-4cc4-87ac-031e622db58d,Burglary Evidence Packet — CR-2026-DET-228,"Physical evidence including tool marks, fingerprints, and stolen property inventory for CR-2026-DET-228.",physical,Pending,Sub-Inspector Fakirappa Doddamani,,/evidence/8a2c9fcc-d6a2-4cc4-87ac-031e622db58d/physical_packet,demo,,,,db59b775-1e05-4d8d-8084-52fad9567134,2026-08-29 12:45:08,2026-08-29 12:45:08
3ddc3b2a-b02e-4391-9abb-157f70b670ae,Digital Forensics — CR-2026-SHG-002,"Digital evidence including device images, network logs, and transaction records for CR-2026-SHG-002.",digital,Pending,Sub-Inspector Yogesh Shetty,,/evidence/3ddc3b2a-b02e-4391-9abb-157f70b670ae/digital_packet,demo,,,,dc021a5e-741c-445c-a57c-e9d08ff2aef9,2026-08-29 12:45:07,2026-08-29 12:45:07
17e086cc-2142-4352-a52f-d9e06461e386,Narcotics Seizure Kit — CR-2026-DET-235,"Physical evidence including seized substances, packaging materials, and transport vehicle documentation for CR-2026-DET-235.",physical,Under Analysis,Inspector Kiran Bhat,,/evidence/17e086cc-2142-4352-a52f-d9e06461e386/physical_packet,demo,,,,dc3d959f-067d-44b2-a5d3-53dd0d079e67,2026-08-29 12:45:08,2026-08-29 12:45:08
16a90dc1-c0a2-4ffa-b3cb-5d4b90dd981f,Burglary Evidence Packet — CR-2026-RMN-001,"Physical evidence including tool marks, fingerprints, and stolen property inventory for CR-2026-RMN-001.",physical,Pending,Sub-Inspector Yashoda Patil,,/evidence/16a90dc1-c0a2-4ffa-b3cb-5d4b90dd981f/physical_packet,demo,,,,dcefa57e-e019-4c3b-a577-80f4072d146b,2026-08-29 12:45:07,2026-08-29 12:45:07
780d8fe8-4bdb-44c4-bdac-3380802011ff,Case Evidence — CR-2026-DET-188,Supporting documentation and evidence for CR-2026-DET-188.,document,Under Analysis,Inspector Manoj Biradar,,/evidence/780d8fe8-4bdb-44c4-bdac-3380802011ff/document_packet,demo,,,,dd086460-e5dd-465a-b6f2-2567a95c5387,2026-08-29 12:45:08,2026-08-29 12:45:08
1f0a7559-da64-478f-a2a3-8c2a38ce84d9,Narcotics Seizure Kit — CR-2026-DET-136,"Physical evidence including seized substances, packaging materials, and transport vehicle documentation for CR-2026-DET-136.",physical,Analyzed,Inspector Raju Patil,,/evidence/1f0a7559-da64-478f-a2a3-8c2a38ce84d9/physical_packet,demo,,,,dd17086f-cf6a-4391-a3a8-6e6d8b669d44,2026-08-29 12:45:07,2026-08-29 12:45:07
2c15a262-7c7f-4c59-aee2-7230ccfe5b34,Case Evidence — CR-2026-DET-292,Supporting documentation and evidence for CR-2026-DET-292.,document,Under Analysis,Inspector Manoj Biradar,,/evidence/2c15a262-7c7f-4c59-aee2-7230ccfe5b34/document_packet,demo,,,,de44ee37-44df-4ce6-8dd6-02006bcb332e,2026-08-29 12:45:08,2026-08-29 12:45:08
32f2faf4-4b48-46c2-bae2-2a3d846f04da,Mining Violation Records — CR-2026-DET-008,"Satellite imagery, transit manifests, and forged permits for illegal mining case CR-2026-DET-008.",document,Under Analysis,Sub-Inspector Yogesh Shetty,,/evidence/32f2faf4-4b48-46c2-bae2-2a3d846f04da/document_packet,demo,,,,de7ae201-7b7d-4197-94e7-f67c20c0fad7,2026-08-29 12:45:07,2026-08-29 12:45:07
7fecd226-94e1-4f58-899c-b5af56418aa6,Narcotics Seizure Kit — CR-2026-DET-174,"Physical evidence including seized substances, packaging materials, and transport vehicle documentation for CR-2026-DET-174.",physical,Under Analysis,Sub-Inspector Anitha Kulkarni,,/evidence/7fecd226-94e1-4f58-899c-b5af56418aa6/physical_packet,demo,,,,deeb80e5-b678-4751-bef7-69cc02f9e793,2026-08-29 12:45:08,2026-08-29 12:45:08
31e9d6dc-ed22-4268-ae00-c2defc1c039b,Narcotics Seizure Kit — CR-2026-KDG-001,"Physical evidence including seized substances, packaging materials, and transport vehicle documentation for CR-2026-KDG-001.",physical,Pending,Inspector Kiran Bhat,,/evidence/31e9d6dc-ed22-4268-ae00-c2defc1c039b/physical_packet,demo,,,,df4c4b4f-9970-4d8f-929f-7ed5613ce75d,2026-08-29 12:45:07,2026-08-29 12:45:07
5d07b0f1-d38c-42ff-aceb-33167841fb51,Assault Case Documentation — CR-2026-DET-171,"Medical reports, witness statements, and scene photographs for assault case CR-2026-DET-171.",document,Under Analysis,Inspector Mohammed Irfan,,/evidence/5d07b0f1-d38c-42ff-aceb-33167841fb51/document_packet,demo,,,,e00dd8f8-9939-40f8-acd2-83f08a5507ca,2026-08-29 12:45:08,2026-08-29 12:45:08
bd8f548a-3cd5-4846-9aff-ff4cf930ac29,Assault Case Documentation — CR-2026-DET-030,"Medical reports, witness statements, and scene photographs for assault case CR-2026-DET-030.",document,Under Analysis,Inspector Kavitha Prasad,,/evidence/bd8f548a-3cd5-4846-9aff-ff4cf930ac29/document_packet,demo,,,,e113c123-7d70-4169-9c37-8a85ea036bb3,2026-08-29 12:45:07,2026-08-29 12:45:07
aee8d751-5384-4854-abe7-356c7d38c074,Narcotics Seizure Kit — CR-2026-DET-179,"Physical evidence including seized substances, packaging materials, and transport vehicle documentation for CR-2026-DET-179.",physical,Analyzed,Inspector Kavitha Prasad,,/evidence/aee8d751-5384-4854-abe7-356c7d38c074/physical_packet,demo,,,,e2d6a8a8-9732-451b-8233-a9d7f7d89ba4,2026-08-29 12:45:08,2026-08-29 12:45:08
f29e3bf3-3736-4481-9212-3a17322545c0,Narcotics Seizure Kit — CR-2026-DET-240,"Physical evidence including seized substances, packaging materials, and transport vehicle documentation for CR-2026-DET-240.",physical,Under Analysis,Sub-Inspector Prakash Naik,,/evidence/f29e3bf3-3736-4481-9212-3a17322545c0/physical_packet,demo,,,,e37ad692-32e5-48d6-a71a-cf92f71d1080,2026-08-29 12:45:08,2026-08-29 12:45:08
84f79fe6-54f7-4ff0-baef-5488318d562e,Case Evidence — CR-2026-DET-019,Supporting documentation and evidence for CR-2026-DET-019.,document,Pending,Sub-Inspector Sharanabasappa Deshpande,,/evidence/84f79fe6-54f7-4ff0-baef-5488318d562e/document_packet,demo,,,,e5b53ace-14d7-46fd-aa3b-bd01c7deccf1,2026-08-29 12:45:07,2026-08-29 12:45:07
e5b20dbe-cc36-4197-af86-23ca596500cb,Burglary Evidence Packet — CR-2026-DET-213,"Physical evidence including tool marks, fingerprints, and stolen property inventory for CR-2026-DET-213.",physical,Analyzed,Inspector Meera Sen,,/evidence/e5b20dbe-cc36-4197-af86-23ca596500cb/physical_packet,demo,,,,e5f5cbb1-d96e-42ee-b82d-60397e17b1b2,2026-08-29 12:45:08,2026-08-29 12:45:08
7b9f348a-37c0-40e8-89f9-9349f0de34ee,Burglary Evidence Packet — CR-2026-DET-045,"Physical evidence including tool marks, fingerprints, and stolen property inventory for CR-2026-DET-045.",physical,Pending,Inspector Farooq Nadaf,,/evidence/7b9f348a-37c0-40e8-89f9-9349f0de34ee/physical_packet,demo,,,,e5f5eabf-ec6e-449a-8088-92a4556db205,2026-08-29 12:45:07,2026-08-29 12:45:07
5acafa13-6059-455f-ac2a-8c3cea9372ab,Digital Forensics — CR-2026-DET-160,"Digital evidence including device images, network logs, and transaction records for CR-2026-DET-160.",digital,Under Analysis,Inspector Basavaraj Kolkar,,/evidence/5acafa13-6059-455f-ac2a-8c3cea9372ab/digital_packet,demo,,,,e6101836-3d8c-45fd-ac52-caa8cfd7c16d,2026-08-29 12:45:08,2026-08-29 12:45:08
010e73db-0e47-42ac-ba10-c9574ce6c7eb,DV Case Evidence — CR-2026-DET-214,"Medical examination reports, complaint statements, and photographic evidence for CR-2026-DET-214.",document,Under Analysis,Inspector Siddharamaiah Pujari,,/evidence/010e73db-0e47-42ac-ba10-c9574ce6c7eb/document_packet,demo,,,,e86e92b2-4645-4146-83d9-8b7fb3c1723c,2026-08-29 12:45:08,2026-08-29 12:45:08
cd7d7548-f9bf-4a30-b08b-1578429670a8,DV Case Evidence — CR-2026-DET-131,"Medical examination reports, complaint statements, and photographic evidence for CR-2026-DET-131.",document,Pending,Inspector Basavaraj Kolkar,,/evidence/cd7d7548-f9bf-4a30-b08b-1578429670a8/document_packet,demo,,,,e875c74d-5122-4a09-8656-bec750511adc,2026-08-29 12:45:07,2026-08-29 12:45:07
3f2f47d0-bdf2-4e4b-9522-b0817a98cf12,Burglary Evidence Packet — CR-2026-DET-239,"Physical evidence including tool marks, fingerprints, and stolen property inventory for CR-2026-DET-239.",physical,Under Analysis,Sub-Inspector Fakirappa Doddamani,,/evidence/3f2f47d0-bdf2-4e4b-9522-b0817a98cf12/physical_packet,demo,,,,e8b37181-c12e-4f6e-82b7-6d62894b1845,2026-08-29 12:45:08,2026-08-29 12:45:08
d5a5ea16-cede-4fbc-b423-2f09e43f96a1,Case Evidence — CR-2026-DET-295,Supporting documentation and evidence for CR-2026-DET-295.,document,Under Analysis,Sub-Inspector Fakirappa Doddamani,,/evidence/d5a5ea16-cede-4fbc-b423-2f09e43f96a1/document_packet,demo,,,,e8ec3141-3907-4125-a89d-936a72a6e4ed,2026-08-29 12:45:08,2026-08-29 12:45:08
5b6a97bd-5655-4b68-a860-47e63888c105,Narcotics Seizure Kit — CR-2026-DET-280,"Physical evidence including seized substances, packaging materials, and transport vehicle documentation for CR-2026-DET-280.",physical,Pending,Inspector Manoj Biradar,,/evidence/5b6a97bd-5655-4b68-a860-47e63888c105/physical_packet,demo,,,,e94bdf44-8e6d-48b5-a3bb-a238a97277c2,2026-08-29 12:45:08,2026-08-29 12:45:08
d5a23002-b93b-42db-b0f6-ac4d44e147f8,Digital Forensics — CR-2026-MNG-003,"Digital evidence including device images, network logs, and transaction records for CR-2026-MNG-003.",digital,Pending,Inspector Irfan Hassan,,/evidence/d5a23002-b93b-42db-b0f6-ac4d44e147f8/digital_packet,demo,,,,eaeb3d6f-7180-4a6d-ba80-e2355dfcf6b8,2026-08-29 12:45:07,2026-08-29 12:45:07
eba3ce79-9437-4393-b2ce-6fae88680030,Mining Violation Records — CR-2026-DET-166,"Satellite imagery, transit manifests, and forged permits for illegal mining case CR-2026-DET-166.",document,Under Analysis,Sub-Inspector Fakirappa Doddamani,,/evidence/eba3ce79-9437-4393-b2ce-6fae88680030/document_packet,demo,,,,eb0af730-acad-48da-a45f-08c8153caff4,2026-08-29 12:45:08,2026-08-29 12:45:08
01c76242-6624-4500-b169-efc11178973e,Case Evidence — CR-2026-GDG-001,Supporting documentation and evidence for CR-2026-GDG-001.,document,Under Analysis,Sub-Inspector Sharanabasappa Deshpande,,/evidence/01c76242-6624-4500-b169-efc11178973e/document_packet,demo,,,,ec25ef76-bbcb-4554-9d43-78331ae6cf73,2026-08-29 12:45:07,2026-08-29 12:45:07
0d2222e9-9dc7-4723-b6af-1cd72129586b,Burglary Evidence Packet — CR-2026-DET-024,"Physical evidence including tool marks, fingerprints, and stolen property inventory for CR-2026-DET-024.",physical,Under Analysis,Sub-Inspector Anitha Kulkarni,,/evidence/0d2222e9-9dc7-4723-b6af-1cd72129586b/physical_packet,demo,,,,ecf1d779-f715-49de-aded-1c9ffa1ff5e5,2026-08-29 12:45:07,2026-08-29 12:45:07
b3308fd6-e7fb-4749-aaa1-afa2b939d48c,Digital Forensics — CR-2026-DET-026,"Digital evidence including device images, network logs, and transaction records for CR-2026-DET-026.",digital,Analyzed,Inspector Shanthappa K,,/evidence/b3308fd6-e7fb-4749-aaa1-afa2b939d48c/digital_packet,demo,,,,ed627d56-720b-4e4a-b890-092cd85a5982,2026-08-29 12:45:07,2026-08-29 12:45:07
4521b6ff-0fe6-4507-b957-0380fd411ffe,Assault Case Documentation — CR-2026-DET-219,"Medical reports, witness statements, and scene photographs for assault case CR-2026-DET-219.",document,Pending,Inspector Sameer Patel,,/evidence/4521b6ff-0fe6-4507-b957-0380fd411ffe/document_packet,demo,,,,f074cd85-232a-45f8-8f17-b0d60a255523,2026-08-29 12:45:08,2026-08-29 12:45:08
4ef85708-ef65-4357-ad83-7c3a1e0c0af7,DV Case Evidence — CR-2026-DET-311,"Medical examination reports, complaint statements, and photographic evidence for CR-2026-DET-311.",document,Under Analysis,Inspector Santosh Mudiraj,,/evidence/4ef85708-ef65-4357-ad83-7c3a1e0c0af7/document_packet,demo,,,,f0b33b2b-8641-4e05-81b4-887be96fad6d,2026-08-29 12:45:08,2026-08-29 12:45:08
562887bc-fc12-4365-b5a8-4255c01fd4ac,Assault Case Documentation — CR-2026-DET-091,"Medical reports, witness statements, and scene photographs for assault case CR-2026-DET-091.",document,Under Analysis,Inspector Kavitha Prasad,,/evidence/562887bc-fc12-4365-b5a8-4255c01fd4ac/document_packet,demo,,,,f11a22ae-ec0d-4e45-8ab2-4a0270124b4e,2026-08-29 12:45:07,2026-08-29 12:45:07
6abe80cb-0582-47c9-b1ed-d9516cb1274a,Assault Case Documentation — CR-2026-DET-146,"Medical reports, witness statements, and scene photographs for assault case CR-2026-DET-146.",document,Pending,Sub-Inspector Manjunath Reddy,,/evidence/6abe80cb-0582-47c9-b1ed-d9516cb1274a/document_packet,demo,,,,f1d29431-8339-4347-9258-481bf6547b36,2026-08-29 12:45:08,2026-08-29 12:45:08
6c716e55-de62-4314-96e9-2986e1fb5031,Case Evidence — CR-2026-DET-274,Supporting documentation and evidence for CR-2026-DET-274.,document,Pending,Sub-Inspector Manjunath Reddy,,/evidence/6c716e55-de62-4314-96e9-2986e1fb5031/document_packet,demo,,,,f30f04fd-bad7-4e4e-977a-b936a2b4d8b7,2026-08-29 12:45:08,2026-08-29 12:45:08
3d5d48c7-5acf-4071-9f1c-b0e5131df756,Narcotics Seizure Kit — CR-2026-SHG-001,"Physical evidence including seized substances, packaging materials, and transport vehicle documentation for CR-2026-SHG-001.",physical,Pending,Sub-Inspector Yogesh Shetty,,/evidence/3d5d48c7-5acf-4071-9f1c-b0e5131df756/physical_packet,demo,,,,f323ecc9-4fa9-49cf-be12-5762b102fb9a,2026-08-29 12:45:07,2026-08-29 12:45:07
eb432492-c10b-40fe-a04a-3c66d8a6173f,DV Case Evidence — CR-2026-DET-303,"Medical examination reports, complaint statements, and photographic evidence for CR-2026-DET-303.",document,Under Analysis,Inspector Manoj Biradar,,/evidence/eb432492-c10b-40fe-a04a-3c66d8a6173f/document_packet,demo,,,,f3638b09-0c54-41aa-a7d1-461a449a486b,2026-08-29 12:45:08,2026-08-29 12:45:08
439da41d-8a87-4d9b-a501-c1b845b16ae5,Narcotics Seizure Kit — CR-2026-DET-107,"Physical evidence including seized substances, packaging materials, and transport vehicle documentation for CR-2026-DET-107.",physical,Under Analysis,Inspector Hanumanthappa Naik,,/evidence/439da41d-8a87-4d9b-a501-c1b845b16ae5/physical_packet,demo,,,,f41e76b5-07cf-4199-bcbf-3e43124a9c8a,2026-08-29 12:45:07,2026-08-29 12:45:07
84ba8e8c-cb5b-4a19-bc72-4e1ea49d6c2e,Case Evidence — CR-2026-DET-140,Supporting documentation and evidence for CR-2026-DET-140.,document,Pending,Sub-Inspector Manjunath Reddy,,/evidence/84ba8e8c-cb5b-4a19-bc72-4e1ea49d6c2e/document_packet,demo,,,,f57e22da-64c4-49d0-880a-e70cb36eee4d,2026-08-29 12:45:07,2026-08-29 12:45:07
c54ec6ca-5ae3-420b-ba5e-9d53bdcb87e0,Narcotics Seizure Kit — CR-2026-DET-263,"Physical evidence including seized substances, packaging materials, and transport vehicle documentation for CR-2026-DET-263.",physical,Analyzed,Inspector Manoj Biradar,,/evidence/c54ec6ca-5ae3-420b-ba5e-9d53bdcb87e0/physical_packet,demo,,,,f597b422-223d-4686-938b-33fd23b38029,2026-08-29 12:45:08,2026-08-29 12:45:08
bfa52435-215f-436d-9743-dbfdbe7f986b,DV Case Evidence — CR-2026-DET-015,"Medical examination reports, complaint statements, and photographic evidence for CR-2026-DET-015.",document,Analyzed,Inspector Ganesh Haldipur,,/evidence/bfa52435-215f-436d-9743-dbfdbe7f986b/document_packet,demo,,,,f5c9536d-9899-4d60-b920-49bb4b8f2bdb,2026-08-29 12:45:07,2026-08-29 12:45:07
bc0088d9-6cc7-4054-a197-da3345ffb276,Burglary Evidence Packet — CR-2026-KLR-001,"Physical evidence including tool marks, fingerprints, and stolen property inventory for CR-2026-KLR-001.",physical,Under Analysis,Sub-Inspector Anitha Kulkarni,,/evidence/bc0088d9-6cc7-4054-a197-da3345ffb276/physical_packet,demo,,,,f65a0fc9-e837-43de-b24f-6be2b31172e3,2026-08-29 12:45:07,2026-08-29 12:45:07
fd03cbae-f186-44d9-a36f-e8c808d610c5,Digital Forensics — CR-2026-DET-114,"Digital evidence including device images, network logs, and transaction records for CR-2026-DET-114.",digital,Pending,Inspector Siddharamaiah Pujari,,/evidence/fd03cbae-f186-44d9-a36f-e8c808d610c5/digital_packet,demo,,,,fa102a6f-255f-46e7-92ae-6bb6e3d2650d,2026-08-29 12:45:07,2026-08-29 12:45:07
bd97266d-7b7a-4c3b-a1d3-954cbce5d01e,Burglary Evidence Packet — CR-2026-VJN-002,"Physical evidence including tool marks, fingerprints, and stolen property inventory for CR-2026-VJN-002.",physical,Pending,Inspector Shanthappa K,,/evidence/bd97266d-7b7a-4c3b-a1d3-954cbce5d01e/physical_packet,demo,,,,fa25b698-0a04-41c1-8f9c-2caaaf888491,2026-08-29 12:45:07,2026-08-29 12:45:07
0a1287b2-4b8e-478a-adce-bdd80ad30777,Case Evidence — CR-2026-DET-247,Supporting documentation and evidence for CR-2026-DET-247.,document,Pending,Inspector Shanthappa K,,/evidence/0a1287b2-4b8e-478a-adce-bdd80ad30777/document_packet,demo,,,,fa429a39-cb3e-4a31-9766-c6f50305a184,2026-08-29 12:45:08,2026-08-29 12:45:08
a0f5fce0-36ae-4068-9dbf-80165deb9439,Digital Forensics — CR-2026-DET-317,"Digital evidence including device images, network logs, and transaction records for CR-2026-DET-317.",digital,Under Analysis,Inspector Raju Patil,,/evidence/a0f5fce0-36ae-4068-9dbf-80165deb9439/digital_packet,demo,,,,fd444b6c-43bf-4da2-8fde-039b9fa53e7d,2026-08-29 12:45:08,2026-08-29 12:45:08
293e651a-d6bd-4fcb-adfb-12ce7f9d579c,DV Case Evidence — CR-2026-DET-073,"Medical examination reports, complaint statements, and photographic evidence for CR-2026-DET-073.",document,Under Analysis,Inspector Manoj Biradar,,/evidence/293e651a-d6bd-4fcb-adfb-12ce7f9d579c/document_packet,demo,,,,fd733ead-e58f-44fd-a07e-5d4a098fb777,2026-08-29 12:45:07,2026-08-29 12:45:07
948c25b6-2d40-4a3d-9ab7-1d3ddebc22b1,DV Case Evidence — CR-2026-DET-294,"Medical examination reports, complaint statements, and photographic evidence for CR-2026-DET-294.",document,Under Analysis,Inspector Basavaraj Kolkar,,/evidence/948c25b6-2d40-4a3d-9ab7-1d3ddebc22b1/document_packet,demo,,,,fd98708e-8404-4da9-bbce-2297116abd6f,2026-08-29 12:45:08,2026-08-29 12:45:08
741e2f67-5d4b-4ca3-941d-c8ca0b50df9e,Narcotics Seizure Kit — CR-2026-DET-125,"Physical evidence including seized substances, packaging materials, and transport vehicle documentation for CR-2026-DET-125.",physical,Under Analysis,Sub-Inspector Lokesh Biradar,,/evidence/741e2f67-5d4b-4ca3-941d-c8ca0b50df9e/physical_packet,demo,,,,fddff847-1da3-4720-b58b-92bd6843abaf,2026-08-29 12:45:07,2026-08-29 12:45:07
fab15ece-56be-4bfb-84cc-8b416d987f19,Digital Forensics — CR-2026-DET-090,"Digital evidence including device images, network logs, and transaction records for CR-2026-DET-090.",digital,Pending,Inspector Kiran Bhat,,/evidence/fab15ece-56be-4bfb-84cc-8b416d987f19/digital_packet,demo,,,,fe54a424-3e52-4d68-ab56-55eb7bf2de61,2026-08-29 12:45:07,2026-08-29 12:45:07
2ef9a461-06d3-4c4f-acfd-a190d359a0aa,Digital Forensics — CR-2026-DET-284,"Digital evidence including device images, network logs, and transaction records for CR-2026-DET-284.",digital,Analyzed,Inspector Meera Sen,,/evidence/2ef9a461-06d3-4c4f-acfd-a190d359a0aa/digital_packet,demo,,,,fe664e12-8a74-46eb-8b0f-fce71382f146,2026-08-29 12:45:08,2026-08-29 12:45:08
7ce4d244-d2cf-4f7e-9c62-341bfc29df4f,DV Case Evidence — CR-2026-DET-277,"Medical examination reports, complaint statements, and photographic evidence for CR-2026-DET-277.",document,Pending,Sub-Inspector Vinayak Kulkarni,,/evidence/7ce4d244-d2cf-4f7e-9c62-341bfc29df4f/document_packet,demo,,,,fe6f1a45-b115-4de7-83a0-c796f39a87c9,2026-08-29 12:45:08,2026-08-29 12:45:08
43e7f41e-0a9d-4283-94e0-569e5d2de88f,Narcotics Seizure Kit — CR-2026-DET-124,"Physical evidence including seized substances, packaging materials, and transport vehicle documentation for CR-2026-DET-124.",physical,Under Analysis,Sub-Inspector Pushpa Lakshmi,,/evidence/43e7f41e-0a9d-4283-94e0-569e5d2de88f/physical_packet,demo,,,,ffecacf7-b242-4792-b6cd-d1e8237615ab,2026-08-29 12:45:07,2026-08-29 12:45:07
