case_number,category_id,location_id,occurred_at,reported_at,description,mo_tags,status,priority,progress,assigned_officer_id,dataset_provenance,source_import_job_id,source_file,source_row_ref,id,created_at,updated_at
CR-2026-DET-307,537eee7f-7c4d-415e-b9be-792c02658f23,e64fc5b2-4ce1-4c28-b5c3-8a24843777c5,2026-07-20 17:55:00,2026-07-20 22:10:00,"Property Disputes reported at Betageri Cross, Gadag",darknet forum coordination,investigating,critical,52,b19d0b00-458c-4d08-b530-342a4d4f368b,demo,,,,0061975f-241e-4ae3-b312-78d327b56cde,2026-08-29 12:45:08,2026-08-29 12:45:08
CR-2026-YDG-001,e8dd85a6-421f-452c-811a-c3bed4e9a18b,42d2be64-dfc5-47d2-afd1-a3dcde829269,2026-08-09 22:40:00,2026-08-09 23:45:00,"Theft & Burglaries reported at Yadagir Town Center, Yadagir",cash van robbery attempt,investigating,critical,35,27fea9ae-f398-4c45-a286-94af0bd08807,demo,,,,009b99b2-c746-4ba7-b006-3df88e02f79f,2026-08-29 12:45:07,2026-08-29 12:45:07
CR-2026-DET-214,019ae936-623e-4279-8981-d5b369e400f3,e1cb5409-f69e-45e2-b587-aed5764741bd,2025-10-12 19:55:00,2025-10-13 00:20:00,"Domestic Violence reported at Ballari Mines Sector B, Ballari","interstate transit, concealed false compartment, synthetic MDMA, dead drop",open,critical,42,35ec4bb7-90e0-43a2-9e8a-289e1339f1a0,demo,,,,010e73db-0e47-42ac-ba10-c9574ce6c7eb,2026-08-29 12:45:08,2026-08-29 12:45:08
CR-2026-GDG-001,537eee7f-7c4d-415e-b9be-792c02658f23,8fed2fe8-53a5-43e6-a4f8-64dc40e0e239,2026-08-07 18:20:00,2026-08-07 19:55:00,"Property Disputes reported at Gadag Town Center, Gadag","forged property deed, witness intimidation",investigating,medium,45,b19d0b00-458c-4d08-b530-342a4d4f368b,demo,,,,01c76242-6624-4500-b169-efc11178973e,2026-08-29 12:45:07,2026-08-29 12:45:07
CR-2026-DET-189,019ae936-623e-4279-8981-d5b369e400f3,32956681-9c4f-455d-a6b2-256d984f22ce,2025-07-28 19:30:00,2025-07-28 22:40:00,"Domestic Violence reported at Davanagere Market Road, Davanagere","distillery raid, illicit arrac transport, unbranded glass bottles",open,critical,47,c31cd5b1-71b1-4e9d-a06b-9fadde8f9e6f,demo,,,,01e3b8cb-6369-4fa5-b43e-aa07b4547d71,2026-08-29 12:45:08,2026-08-29 12:45:08
CR-2026-DET-184,1b770b27-4234-44c6-836f-811c4b1b0dca,8534693e-6e1d-4a29-aeae-e35baf000f0a,2025-07-12 23:00:00,2025-07-13 00:50:00,"Illegal Mining Violations reported at Bagalkote Main Road, Bagalkote","distillery raid, illicit arrac transport, unbranded glass bottles",closed,low,100,b9af6e21-ff39-4174-bce7-d4fcdcfc9a9d,demo,,,,034a10c5-3ff7-49bc-923a-c306609ec396,2026-08-29 12:45:08,2026-08-29 12:45:08
CR-2026-DET-195,7da8b3f7-e772-4580-b901-3beb7e65454c,aee07501-43c6-40b9-8cad-266365912cc2,2025-08-15 16:30:00,2025-08-15 20:15:00,"Cyber Crime & Online Fraud reported at Chamarajanagar Town, Chamarajanagar","night riverbed extraction, forged transit permit, heavy excavator used",appealed,critical,58,a42d03ad-0de6-4b92-96ef-5ab3f60aff1e,demo,,,,05e5c375-6d9b-4758-afff-60745eb3fafe,2026-08-29 12:45:08,2026-08-29 12:45:08
CR-2026-DET-249,b832740f-0285-496a-8ae7-c0ba3fce708b,0b55e0d6-42ee-4a1f-9bc0-435f5210decf,2026-01-27 21:05:00,2026-01-27 23:45:00,"Narcotics Smuggling Services reported at Tiptur Market Area, Tumkuru","fake identity documents, warehouse hideout used",closed,critical,100,32ef8189-db8a-47c3-b687-3bf34a097b2b,demo,,,,0742ce48-10b4-4c00-b028-a26687e17c6c,2026-08-29 12:45:08,2026-08-29 12:45:08
CR-2026-DET-222,9fe65fd9-5b8c-4ac3-9804-84fbe22d9b1f,f08b6675-bdea-4824-ab7b-02bc87e80982,2025-11-03 01:45:00,2025-11-03 04:15:00,"Smuggling & Excise Violations reported at Devaraja Market Zone, Mysuru","distillery raid, illicit arrac transport, unbranded glass bottles",investigating,medium,65,6d399214-9acb-4a0b-98c8-ae0b2a17b775,demo,,,,0779cceb-7288-48f2-9cf4-85657dbc850d,2026-08-29 12:45:08,2026-08-29 12:45:08
CR-2026-DET-259,7da8b3f7-e772-4580-b901-3beb7e65454c,eadefec7-c66a-4a79-a719-3e5c4741de09,2026-02-22 16:15:00,2026-02-22 20:40:00,"Cyber Crime & Online Fraud reported at Chitradurga Fort Area, Chitradurga","land document forgery, witness intimidation, fake power of attorney",appealed,critical,32,cf8c9086-2c1f-460b-86ae-70194c545cf9,demo,,,,08183f6b-2a28-47a7-b04d-3b320049a228,2026-08-29 12:45:08,2026-08-29 12:45:08
CR-2026-HVR-001,019ae936-623e-4279-8981-d5b369e400f3,9886a1e3-8a71-4d49-aad5-bbfe6e8c7a98,2026-08-01 18:45:00,2026-08-01 21:40:00,"Domestic Violence reported at Haveri Bus Stand Area, Haveri",repeat domestic assault complaint,open,medium,15,c64ed64b-cdd0-4f79-9a2a-f2df9ce61320,demo,,,,0851b794-9c41-41b0-860c-9e7a77c3b3fd,2026-08-29 12:45:07,2026-08-29 12:45:07
CR-2026-DET-234,b832740f-0285-496a-8ae7-c0ba3fce708b,5746881f-84f3-4219-92fb-0ed29d4d8936,2025-12-10 20:40:00,2025-12-10 21:50:00,"Narcotics Smuggling Services reported at Mysuru-Mandya Highway, Mandya","temple crowd chain snatching, getaway bike, gold targeting",closed,high,100,f36f5a0e-c026-4c91-9ec4-02b25920283e,demo,,,,089f7fc5-9ba1-4b43-8acd-a709c319111d,2026-08-29 12:45:08,2026-08-29 12:45:08
CR-2026-DET-208,9fe65fd9-5b8c-4ac3-9804-84fbe22d9b1f,0b55e0d6-42ee-4a1f-9bc0-435f5210decf,2025-09-23 23:55:00,2025-09-24 04:00:00,"Smuggling & Excise Violations reported at Tiptur Market Area, Tumkuru","highway cargo truck hijacking, driver assault, remote warehouse offload",investigating,critical,45,32ef8189-db8a-47c3-b687-3bf34a097b2b,demo,,,,08c84fa9-c88a-4d2c-9977-d9bf1bfed258,2026-08-29 12:45:08,2026-08-29 12:45:08
CR-2026-DET-246,1b770b27-4234-44c6-836f-811c4b1b0dca,79a998be-1c0c-4399-9e2d-af98b8223fd6,2026-01-16 00:35:00,2026-01-16 04:40:00,"Illegal Mining Violations reported at Bidar Fort Road, Bidar","night operation, vehicle reconnaissance",closed,high,100,2fd383db-cd0b-4cca-9161-74533c0a3647,demo,,,,09206f14-67b1-45df-a004-f505cc4df7cd,2026-08-29 12:45:08,2026-08-29 12:45:08
CR-2026-RCR-001,b832740f-0285-496a-8ae7-c0ba3fce708b,135c6677-bd43-49e4-a2e3-7cff53d3bbd2,2026-08-14 23:15:00,2026-08-15 03:15:00,"Narcotics Smuggling Services reported at Raichur Town Center, Raichur",cross-border cannabis smuggling via train,open,critical,20,4c15aede-a2ad-4322-bb3e-1264d9593b53,demo,,,,0980717a-92ad-4653-baa9-303a0348e076,2026-08-29 12:45:07,2026-08-29 12:45:07
CR-2026-DET-133,537eee7f-7c4d-415e-b9be-792c02658f23,2080054b-41b4-46be-898f-9dc406809e4e,2025-02-12 14:00:00,2025-02-12 15:30:00,"Property Disputes reported at Yadgir Road Junction, Raichur","crowbar lock bypass, modified vehicle plates, vehicle reconnaissance",closed,low,100,4c15aede-a2ad-4322-bb3e-1264d9593b53,demo,,,,09e63973-add2-4269-b2b6-2e107969cbaf,2026-08-29 12:45:07,2026-08-29 12:45:07
CR-2026-DET-279,1b770b27-4234-44c6-836f-811c4b1b0dca,f07ae8af-ace2-4c71-a2dc-af921c23b8c5,2026-04-24 04:25:00,2026-04-24 07:20:00,"Illegal Mining Violations reported at Surathkal Beach Road, Dakshina Kannada","scooter reconnaissance, crowbar entry, night operation, cash targeting",closed,high,100,83c263dd-8664-438d-8f3e-f73f66c623f9,demo,,,,09fe6c49-e47a-4e73-9929-ed7c9520a38b,2026-08-29 12:45:08,2026-08-29 12:45:08
CR-2026-DET-247,537eee7f-7c4d-415e-b9be-792c02658f23,1886a491-3bc5-4de7-aeb6-2350e5a560d0,2026-01-20 08:00:00,2026-01-20 09:00:00,"Property Disputes reported at Hospet Town Center, Vijayanagara","vehicle reconnaissance, cash-only transactions",open,high,17,219a87ba-850b-48e5-8a33-2151a3337db0,demo,,,,0a1287b2-4b8e-478a-adce-bdd80ad30777,2026-08-29 12:45:08,2026-08-29 12:45:08
CR-2026-DET-260,53249216-9af1-450e-b498-547d83a6ba26,271adc05-a0ac-410d-be2b-33fba2ee0a3e,2026-02-25 15:15:00,2026-02-25 20:00:00,"Assault reported at KR Puram Transit Corridor, Bengaluru Urban","crowbar lock bypass, vehicle reconnaissance",investigating,medium,57,643e99ee-2480-49cb-b1b0-23ff69b53493,demo,,,,0a808b82-d793-480f-b201-370a197b6f01,2026-08-29 12:45:08,2026-08-29 12:45:08
CR-2026-DET-109,019ae936-623e-4279-8981-d5b369e400f3,dc4b7077-3bfc-44e2-91fc-ac9c2ed3bf06,2024-11-29 22:10:00,2024-11-30 02:00:00,"Domestic Violence reported at Ranebennur Cross, Haveri","land document forgery, witness intimidation, fake power of attorney",open,critical,45,c64ed64b-cdd0-4f79-9a2a-f2df9ce61320,demo,,,,0ab05469-c5ce-46d6-b804-e45ab1c10ac8,2026-08-29 12:45:07,2026-08-29 12:45:07
CR-2026-DET-009,53249216-9af1-450e-b498-547d83a6ba26,af5fa199-cce9-4618-b574-e182e434dd6f,2024-02-06 08:40:00,2024-02-06 10:20:00,"Assault reported at Homnabad Cross, Bidar","interstate transit, concealed false compartment, synthetic MDMA, dead drop",open,critical,40,2fd383db-cd0b-4cca-9161-74533c0a3647,demo,,,,0bfac0ed-4420-4578-9171-cfb3a6807d73,2026-08-29 12:45:07,2026-08-29 12:45:07
CR-2026-DET-024,e8dd85a6-421f-452c-811a-c3bed4e9a18b,4e91e45a-2b03-406d-808b-cf92fa79f91d,2024-03-23 22:35:00,2024-03-24 03:05:00,"Theft & Burglaries reported at Bangarapet Station Road, Kolar","forest boundary timber smuggling, midnight log transport",investigating,low,76,314c456a-4c37-43b1-99a0-4b6239463b6f,demo,,,,0d2222e9-9dc7-4723-b6af-1cd72129586b,2026-08-29 12:45:07,2026-08-29 12:45:07
CR-2026-DET-087,537eee7f-7c4d-415e-b9be-792c02658f23,5746881f-84f3-4219-92fb-0ed29d4d8936,2024-09-26 15:35:00,2024-09-26 19:40:00,"Property Disputes reported at Mysuru-Mandya Highway, Mandya","temple crowd chain snatching, getaway bike, gold targeting",open,high,35,f36f5a0e-c026-4c91-9ec4-02b25920283e,demo,,,,0e366b40-5de8-4aa8-89ab-739df17e3b28,2026-08-29 12:45:07,2026-08-29 12:45:07
CR-2026-DET-296,1b770b27-4234-44c6-836f-811c4b1b0dca,595f8b31-6c92-4d7b-868e-311497cbda34,2026-06-14 01:40:00,2026-06-14 03:00:00,"Illegal Mining Violations reported at HSR Layout Beat, Bengaluru Urban","night riverbed extraction, forged transit permit, heavy excavator used",investigating,low,56,643e99ee-2480-49cb-b1b0-23ff69b53493,demo,,,,0e593d17-5cb1-4101-b4ee-aa44efb46844,2026-08-29 12:45:08,2026-08-29 12:45:08
CR-2026-DET-198,7da8b3f7-e772-4580-b901-3beb7e65454c,03b9d756-8425-4ffb-b5a2-04eb70a3d54d,2025-08-26 13:45:00,2025-08-26 16:30:00,"Cyber Crime & Online Fraud reported at Channapatna Bus Stand, Ramanagara","interstate transit, concealed false compartment, synthetic MDMA, dead drop",investigating,critical,78,5121147d-f1ba-4bf4-9391-f5b7bb9124fb,demo,,,,0f3c325e-9ef4-4d82-afe4-16918e066317,2026-08-29 12:45:08,2026-08-29 12:45:08
CR-2026-BNG-002,7da8b3f7-e772-4580-b901-3beb7e65454c,271adc05-a0ac-410d-be2b-33fba2ee0a3e,2026-08-21 16:30:00,2026-08-21 19:40:00,"Cyber Crime & Online Fraud reported at KR Puram Transit Corridor, Bengaluru Urban","wallet mule routing, call spoofing",open,medium,25,643e99ee-2480-49cb-b1b0-23ff69b53493,demo,,,,104d2caa-241c-4d84-8754-de7b375d6f8e,2026-08-29 12:45:07,2026-08-29 12:45:07
CR-2026-DET-149,b832740f-0285-496a-8ae7-c0ba3fce708b,4e91e45a-2b03-406d-808b-cf92fa79f91d,2025-04-01 23:35:00,2025-04-02 04:05:00,"Narcotics Smuggling Services reported at Bangarapet Station Road, Kolar","crypto mule routing, fake KYC, call spoofing, high-yield investment scam",unsolved,high,13,314c456a-4c37-43b1-99a0-4b6239463b6f,demo,,,,11b2fd3f-02c4-4877-8297-aeecf94990af,2026-08-29 12:45:08,2026-08-29 12:45:08
CR-2026-DET-120,019ae936-623e-4279-8981-d5b369e400f3,9fcb383c-3e94-43ff-a9da-349c924f7167,2025-01-05 19:15:00,2025-01-06 00:00:00,"Domestic Violence reported at Bellary-Hospet Road, Vijayanagara","fake customer care portal, OTP interception, remote access app",closed,high,100,219a87ba-850b-48e5-8a33-2151a3337db0,demo,,,,127f47f2-650f-46c0-b531-4f9d2695d0d5,2026-08-29 12:45:07,2026-08-29 12:45:07
CR-2026-DET-054,7da8b3f7-e772-4580-b901-3beb7e65454c,aee07501-43c6-40b9-8cad-266365912cc2,2024-06-21 17:05:00,2024-06-21 19:45:00,"Cyber Crime & Online Fraud reported at Chamarajanagar Town, Chamarajanagar","highway cargo truck hijacking, driver assault, remote warehouse offload",closed,high,100,a42d03ad-0de6-4b92-96ef-5ab3f60aff1e,demo,,,,13261cc4-fc9d-49c1-b2a8-5d7c09aa3c00,2026-08-29 12:45:07,2026-08-29 12:45:07
CR-2026-DET-320,019ae936-623e-4279-8981-d5b369e400f3,8ceccb58-8b23-43f4-8675-a91354ac86bf,2026-08-27 18:50:00,2026-08-27 21:55:00,"Domestic Violence reported at Kadur Junction, Chikkamagaluru",cash-only transactions,investigating,high,70,ca5236a4-32f9-4a78-8e38-29bb36d03874,demo,,,,133f4980-ae05-4f12-bdee-6006d0984ab5,2026-08-29 12:45:08,2026-08-29 12:45:08
CR-2026-DET-282,9fe65fd9-5b8c-4ac3-9804-84fbe22d9b1f,8cc97cfd-82fe-492f-b5e9-b66d17ce4a58,2026-05-05 20:00:00,2026-05-05 21:30:00,"Smuggling & Excise Violations reported at Hiriyur Junction, Chitradurga","forest boundary timber smuggling, midnight log transport",unsolved,critical,55,cf8c9086-2c1f-460b-86ae-70194c545cf9,demo,,,,14e88047-1331-46de-9b4b-c47f45d0204b,2026-08-29 12:45:08,2026-08-29 12:45:08
CR-2026-DET-103,53249216-9af1-450e-b498-547d83a6ba26,1886a491-3bc5-4de7-aeb6-2350e5a560d0,2024-11-11 11:45:00,2024-11-11 14:15:00,"Assault reported at Hospet Town Center, Vijayanagara",modified vehicle plates,closed,high,100,219a87ba-850b-48e5-8a33-2151a3337db0,demo,,,,15c96b81-475b-449b-8436-a108d8fe4f18,2026-08-29 12:45:07,2026-08-29 12:45:07
CR-2026-RMN-001,e8dd85a6-421f-452c-811a-c3bed4e9a18b,088c09b4-a045-45b9-80b7-a9c61158ce49,2026-08-13 02:55:00,2026-08-13 07:25:00,"Theft & Burglaries reported at Ramanagara Town Center, Ramanagara",highway cargo truck hijacking,investigating,critical,30,5121147d-f1ba-4bf4-9391-f5b7bb9124fb,demo,,,,16a90dc1-c0a2-4ffa-b3cb-5d4b90dd981f,2026-08-29 12:45:07,2026-08-29 12:45:07
CR-2026-DET-069,b832740f-0285-496a-8ae7-c0ba3fce708b,03b9d756-8425-4ffb-b5a2-04eb70a3d54d,2024-08-04 23:55:00,2024-08-05 04:35:00,"Narcotics Smuggling Services reported at Channapatna Bus Stand, Ramanagara","vehicle reconnaissance, warehouse hideout used",unsolved,medium,19,5121147d-f1ba-4bf4-9391-f5b7bb9124fb,demo,,,,16d8edb3-884a-446a-b0d5-938675ebf9a3,2026-08-29 12:45:07,2026-08-29 12:45:07
CR-2026-DET-197,b832740f-0285-496a-8ae7-c0ba3fce708b,d4a7d6da-b132-4b42-a3fd-2a3d537a912f,2025-08-20 00:20:00,2025-08-20 01:55:00,"Narcotics Smuggling Services reported at Harpanahalli Junction, Davanagere",crowbar lock bypass,open,medium,18,c31cd5b1-71b1-4e9d-a06b-9fadde8f9e6f,demo,,,,170c323e-97cf-49dc-85bf-26d2f6692e70,2026-08-29 12:45:08,2026-08-29 12:45:08
CR-2026-UKN-002,b832740f-0285-496a-8ae7-c0ba3fce708b,f28f2835-1a22-40c8-8155-aa4de5555767,2026-08-09 02:30:00,2026-08-09 05:30:00,"Narcotics Smuggling Services reported at Sirsi Town Center, Uttara Kannada",ganja cultivation in forest fringe area,open,critical,15,8e38105b-15a3-48cb-8fe4-88a34542ccfa,demo,,,,17d7c3cb-7fcf-49d5-94e3-c4def941e570,2026-08-29 12:45:07,2026-08-29 12:45:07
CR-2026-DET-235,b832740f-0285-496a-8ae7-c0ba3fce708b,cc8f38c8-f592-4a9b-826d-f047fb83c593,2025-12-16 22:30:00,2025-12-17 01:40:00,"Narcotics Smuggling Services reported at Virajpet Cross Road, Kodagu","fake customer care portal, OTP interception, remote access app",appealed,medium,75,e44eac9d-cdbe-4431-b175-c6dd48feca28,demo,,,,17e086cc-2142-4352-a52f-d9e06461e386,2026-08-29 12:45:08,2026-08-29 12:45:08
CR-2026-RCR-002,537eee7f-7c4d-415e-b9be-792c02658f23,2080054b-41b4-46be-898f-9dc406809e4e,2026-08-04 13:15:00,2026-08-04 18:05:00,"Property Disputes reported at Yadgir Road Junction, Raichur",temple land encroachment by builder,investigating,medium,40,4c15aede-a2ad-4322-bb3e-1264d9593b53,demo,,,,18588e5e-9a47-4026-9420-d42729daad8a,2026-08-29 12:45:07,2026-08-29 12:45:07
CR-2026-DET-086,537eee7f-7c4d-415e-b9be-792c02658f23,b3cbd8d6-4a2b-412c-aa14-22d9f749ee8f,2024-09-23 21:45:00,2024-09-24 00:30:00,"Property Disputes reported at Gauribidanur Cross, Chikkaballapura","darknet forum coordination, modified vehicle plates",appealed,low,69,bf35b187-ebe7-4b59-8410-4293f883621a,demo,,,,1a23043e-157a-47ac-b591-1acbfb762a9a,2026-08-29 12:45:07,2026-08-29 12:45:07
CR-2026-DET-275,019ae936-623e-4279-8981-d5b369e400f3,cc8f38c8-f592-4a9b-826d-f047fb83c593,2026-04-14 22:00:00,2026-04-14 23:50:00,"Domestic Violence reported at Virajpet Cross Road, Kodagu","crypto mule routing, fake KYC, call spoofing, high-yield investment scam",appealed,critical,20,e44eac9d-cdbe-4431-b175-c6dd48feca28,demo,,,,1a850195-143c-47c9-8c15-9d2f9cc82634,2026-08-29 12:45:08,2026-08-29 12:45:08
CR-2026-DET-147,9fe65fd9-5b8c-4ac3-9804-84fbe22d9b1f,3388760d-ac61-45c4-bb24-2bca38f6d13e,2025-03-24 01:05:00,2025-03-24 03:05:00,"Smuggling & Excise Violations reported at Arsikere Town Road, Hassan","vehicle reconnaissance, cash-only transactions",appealed,high,35,d90df2b2-c392-4aed-8af3-1024b8d7e0a0,demo,,,,1be27dd3-49d6-4b52-a916-64be6aebe9df,2026-08-29 12:45:08,2026-08-29 12:45:08
CR-2026-BNG-001,7da8b3f7-e772-4580-b901-3beb7e65454c,0b019361-8ffd-49d7-b619-c58ae2b3a90f,2026-08-26 16:45:00,2026-08-26 19:00:00,"Cyber Crime & Online Fraud reported at Whitefield Cyber Cell Beat, Bengaluru Urban","forged biometric login, micro-lending extortion",open,high,45,643e99ee-2480-49cb-b1b0-23ff69b53493,demo,,,,1c33147e-6d08-4391-8adb-c69d2872d473,2026-08-29 12:45:07,2026-08-29 12:45:07
CR-2026-DET-288,b832740f-0285-496a-8ae7-c0ba3fce708b,0201b9e3-394f-47ca-8471-2c0dd1078fb0,2026-05-21 21:45:00,2026-05-21 23:50:00,"Narcotics Smuggling Services reported at Nazar Mohalla Beat, Mysuru",darknet forum coordination,appealed,low,40,6d399214-9acb-4a0b-98c8-ae0b2a17b775,demo,,,,1dfff8f2-2250-4cce-a299-1c329c604937,2026-08-29 12:45:08,2026-08-29 12:45:08
CR-2026-DET-136,b832740f-0285-496a-8ae7-c0ba3fce708b,3d6a60ba-8f85-4f78-8477-37b0aca20425,2025-02-19 20:40:00,2025-02-19 22:25:00,"Narcotics Smuggling Services reported at Jamakhandi Station Road, Bagalkote","crowbar lock bypass, night operation, modified vehicle plates",closed,medium,100,b9af6e21-ff39-4174-bce7-d4fcdcfc9a9d,demo,,,,1f0a7559-da64-478f-a2a3-8c2a38ce84d9,2026-08-29 12:45:07,2026-08-29 12:45:07
CR-2026-BLG-003,7da8b3f7-e772-4580-b901-3beb7e65454c,a90cc06e-9010-4775-a321-a35cd380281d,2026-08-22 12:25:00,2026-08-22 15:10:00,"Cyber Crime & Online Fraud reported at Tilakwadi Beat, Belagavi",fake banking portal phishing,open,high,15,31d37711-b1aa-44be-b8fd-c1a4355577d9,demo,,,,1f6e726b-7f62-41fa-bfb1-6d5389b9dab6,2026-08-29 12:45:07,2026-08-29 12:45:07
CR-2026-DET-119,7da8b3f7-e772-4580-b901-3beb7e65454c,a78860ab-f799-443b-8a88-1698ef2a4c5c,2024-12-31 11:05:00,2024-12-31 13:40:00,"Cyber Crime & Online Fraud reported at Gundlupet Junction, Chamarajanagar",darknet forum coordination,closed,low,100,a42d03ad-0de6-4b92-96ef-5ab3f60aff1e,demo,,,,1f7d7e2c-6c3e-4b70-b572-848ea0f2e3ba,2026-08-29 12:45:07,2026-08-29 12:45:07
CR-2026-DET-072,b832740f-0285-496a-8ae7-c0ba3fce708b,e1cb5409-f69e-45e2-b587-aed5764741bd,2024-08-12 21:25:00,2024-08-13 00:20:00,"Narcotics Smuggling Services reported at Ballari Mines Sector B, Ballari","modified vehicle plates, warehouse hideout used",appealed,high,21,35ec4bb7-90e0-43a2-9e8a-289e1339f1a0,demo,,,,236471e0-9aac-4fa6-ad52-7c2f44a3f9ca,2026-08-29 12:45:07,2026-08-29 12:45:07
CR-2026-DET-301,019ae936-623e-4279-8981-d5b369e400f3,ee3d6a63-af53-4c1c-b088-c69307792f39,2026-06-28 18:10:00,2026-06-28 21:50:00,"Domestic Violence reported at Gulbarga University Road, Kalaburagi","crypto mule routing, fake KYC, call spoofing, high-yield investment scam, [ANOMALY_FLAGGED: unexpected high-severity off-hour spike]",investigating,critical,49,c01b3bfb-4c1b-4e70-bd24-9411fd4745f0,demo,,,,237fc4c6-a0df-4e01-b5f6-0625668c5f09,2026-08-29 12:45:08,2026-08-29 12:45:08
CR-2026-BGT-001,53249216-9af1-450e-b498-547d83a6ba26,8534693e-6e1d-4a29-aeae-e35baf000f0a,2026-08-11 14:50:00,2026-08-11 18:10:00,"Assault reported at Bagalkote Main Road, Bagalkote",road rage assault near bus stand,open,medium,20,b9af6e21-ff39-4174-bce7-d4fcdcfc9a9d,demo,,,,25117bce-b422-4250-8f44-05d31a9f55a6,2026-08-29 12:45:07,2026-08-29 12:45:07
CR-2026-DET-044,53249216-9af1-450e-b498-547d83a6ba26,f28f2835-1a22-40c8-8155-aa4de5555767,2024-05-21 21:15:00,2024-05-22 01:30:00,"Assault reported at Sirsi Town Center, Uttara Kannada","land document forgery, witness intimidation, fake power of attorney",investigating,critical,55,8e38105b-15a3-48cb-8fe4-88a34542ccfa,demo,,,,25c799cd-e971-4437-9c5e-0d76fc07c672,2026-08-29 12:45:07,2026-08-29 12:45:07
CR-2026-DET-006,e8dd85a6-421f-452c-811a-c3bed4e9a18b,32956681-9c4f-455d-a6b2-256d984f22ce,2024-01-28 02:25:00,2024-01-28 04:25:00,"Theft & Burglaries reported at Davanagere Market Road, Davanagere","darknet forum coordination, vehicle reconnaissance, fake identity documents",investigating,high,80,c31cd5b1-71b1-4e9d-a06b-9fadde8f9e6f,demo,,,,27c7cce2-e904-4b01-a2ab-22cb39a67af8,2026-08-29 12:45:07,2026-08-29 12:45:07
CR-2026-DET-100,53249216-9af1-450e-b498-547d83a6ba26,e64fc5b2-4ce1-4c28-b5c3-8a24843777c5,2024-11-05 15:15:00,2024-11-05 20:00:00,"Assault reported at Betageri Cross, Gadag","phishing URL SMS, vehicle reconnaissance, warehouse hideout used",open,critical,31,b19d0b00-458c-4d08-b530-342a4d4f368b,demo,,,,27e38e27-2326-4800-8aa9-adebe6f7adb3,2026-08-29 12:45:07,2026-08-29 12:45:07
CR-2026-DET-238,7da8b3f7-e772-4580-b901-3beb7e65454c,0b55e0d6-42ee-4a1f-9bc0-435f5210decf,2025-12-25 11:50:00,2025-12-25 15:20:00,"Cyber Crime & Online Fraud reported at Tiptur Market Area, Tumkuru","fake customer care portal, OTP interception, remote access app",investigating,low,57,32ef8189-db8a-47c3-b687-3bf34a097b2b,demo,,,,27ea1b5c-4a2f-449b-a65e-3e19e777bca0,2026-08-29 12:45:08,2026-08-29 12:45:08
CR-2026-DET-144,7da8b3f7-e772-4580-b901-3beb7e65454c,e781c2c2-bc8a-4871-883d-091dc864adb0,2025-03-17 13:15:00,2025-03-17 18:05:00,"Cyber Crime & Online Fraud reported at Koppal Town Center, Koppal","cash-only transactions, modified vehicle plates",unsolved,high,66,f477b6e3-1f4a-46d7-a02e-bb78a32dd82b,demo,,,,28b3122f-7ceb-4d4e-bdef-4665211ff616,2026-08-29 12:45:08,2026-08-29 12:45:08
CR-2026-DET-073,019ae936-623e-4279-8981-d5b369e400f3,8ca968cd-085f-4ed9-a02e-90b26d1f329a,2024-08-15 20:10:00,2024-08-15 23:45:00,"Domestic Violence reported at Hubli Traffic Island, Dharwad","distillery raid, illicit arrac transport, unbranded glass bottles",investigating,low,60,905faca5-a4ac-49a1-bc88-1d5e1907b6cb,demo,,,,293e651a-d6bd-4fcb-adfb-12ce7f9d579c,2026-08-29 12:45:07,2026-08-29 12:45:07
CR-2026-DET-292,537eee7f-7c4d-415e-b9be-792c02658f23,1c7e41d2-86d7-41f1-8877-d22fd4eb2a6b,2026-06-03 12:10:00,2026-06-03 16:00:00,"Property Disputes reported at Dharwad Market Yard, Dharwad","interstate transit, concealed false compartment, synthetic MDMA, dead drop",investigating,critical,50,905faca5-a4ac-49a1-bc88-1d5e1907b6cb,demo,,,,2c15a262-7c7f-4c59-aee2-7230ccfe5b34,2026-08-29 12:45:08,2026-08-29 12:45:08
CR-2026-DET-142,b832740f-0285-496a-8ae7-c0ba3fce708b,9f99dfc3-9d40-4c97-832b-59260dfdad8a,2025-03-08 01:25:00,2025-03-08 04:00:00,"Narcotics Smuggling Services reported at Mandya Town Center, Mandya","fake identity documents, warehouse hideout used",investigating,low,45,f36f5a0e-c026-4c91-9ec4-02b25920283e,demo,,,,2d16dbbc-5259-4655-807c-583e2ef6e199,2026-08-29 12:45:08,2026-08-29 12:45:08
CR-2026-DET-286,b832740f-0285-496a-8ae7-c0ba3fce708b,e1cb5409-f69e-45e2-b587-aed5764741bd,2026-05-17 02:10:00,2026-05-17 05:10:00,"Narcotics Smuggling Services reported at Ballari Mines Sector B, Ballari","cash-only transactions, coordinated group activity, fake identity documents",unsolved,critical,72,35ec4bb7-90e0-43a2-9e8a-289e1339f1a0,demo,,,,2d67db3f-33a3-45a1-aa83-3e003159aab8,2026-08-29 12:45:08,2026-08-29 12:45:08
CR-2026-DET-284,7da8b3f7-e772-4580-b901-3beb7e65454c,0201b9e3-394f-47ca-8471-2c0dd1078fb0,2026-05-09 10:30:00,2026-05-09 14:05:00,"Cyber Crime & Online Fraud reported at Nazar Mohalla Beat, Mysuru","night riverbed extraction, forged transit permit, heavy excavator used",closed,medium,100,6d399214-9acb-4a0b-98c8-ae0b2a17b775,demo,,,,2ef9a461-06d3-4c4f-acfd-a190d359a0aa,2026-08-29 12:45:08,2026-08-29 12:45:08
CR-2026-DET-126,537eee7f-7c4d-415e-b9be-792c02658f23,39c5202a-873d-4ce4-b993-90e8e720913a,2025-01-21 14:00:00,2025-01-21 15:30:00,"Property Disputes reported at Jayanagar 4th Block, Bengaluru Urban","distillery raid, illicit arrac transport, unbranded glass bottles, [ANOMALY_FLAGGED: unexpected high-severity off-hour spike]",open,critical,14,643e99ee-2480-49cb-b1b0-23ff69b53493,demo,,,,2f531eac-763d-47ff-83a0-3b5751400768,2026-08-29 12:45:07,2026-08-29 12:45:07
CR-2026-DVG-001,e8dd85a6-421f-452c-811a-c3bed4e9a18b,32956681-9c4f-455d-a6b2-256d984f22ce,2026-08-16 02:25:00,2026-08-16 04:25:00,"Theft & Burglaries reported at Davanagere Market Road, Davanagere","textile shop break-in, goods worth 12L stolen",open,high,30,c31cd5b1-71b1-4e9d-a06b-9fadde8f9e6f,demo,,,,2fb8f4d0-451d-4197-ae22-ff0474657938,2026-08-29 12:45:07,2026-08-29 12:45:07
CR-2026-BLG-002,e8dd85a6-421f-452c-811a-c3bed4e9a18b,3733d8bd-c340-422a-b303-10f2e7871b5b,2026-08-14 00:45:00,2026-08-14 03:15:00,"Theft & Burglaries reported at Camp Area Patrol, Belagavi","night residential break-in, crowbar used",open,medium,25,31d37711-b1aa-44be-b8fd-c1a4355577d9,demo,,,,300f0f43-7a03-411b-b872-dd00cbf9c141,2026-08-29 12:45:07,2026-08-29 12:45:07
CR-2026-DET-063,53249216-9af1-450e-b498-547d83a6ba26,79a998be-1c0c-4399-9e2d-af98b8223fd6,2024-07-14 08:00:00,2024-07-14 09:00:00,"Assault reported at Bidar Fort Road, Bidar","scooter reconnaissance, crowbar entry, night operation, cash targeting",appealed,high,23,2fd383db-cd0b-4cca-9161-74533c0a3647,demo,,,,3081447a-6053-416e-a9f9-18f68721ecb5,2026-08-29 12:45:07,2026-08-29 12:45:07
CR-2026-DET-276,537eee7f-7c4d-415e-b9be-792c02658f23,79a998be-1c0c-4399-9e2d-af98b8223fd6,2026-04-17 13:05:00,2026-04-17 15:45:00,"Property Disputes reported at Bidar Fort Road, Bidar","modified vehicle plates, warehouse hideout used, [ANOMALY_FLAGGED: unexpected high-severity off-hour spike]",open,critical,12,2fd383db-cd0b-4cca-9161-74533c0a3647,demo,,,,30aecfc2-d880-40d5-a683-1a291a328b2e,2026-08-29 12:45:08,2026-08-29 12:45:08
CR-2026-MYS-001,e8dd85a6-421f-452c-811a-c3bed4e9a18b,f08b6675-bdea-4824-ab7b-02bc87e80982,2026-08-23 00:25:00,2026-08-23 02:35:00,"Theft & Burglaries reported at Devaraja Market Zone, Mysuru","late night lock break, scooter reconnaissance",open,high,60,6d399214-9acb-4a0b-98c8-ae0b2a17b775,demo,,,,31612598-9f3d-4032-a2d1-4dde33b5ff73,2026-08-29 12:45:07,2026-08-29 12:45:07
CR-2026-DET-293,53249216-9af1-450e-b498-547d83a6ba26,3388760d-ac61-45c4-bb24-2bca38f6d13e,2026-06-05 08:40:00,2026-06-05 10:20:00,"Assault reported at Arsikere Town Road, Hassan","land document forgery, witness intimidation, fake power of attorney",investigating,medium,46,d90df2b2-c392-4aed-8af3-1024b8d7e0a0,demo,,,,31cb5498-3163-47f4-a8cb-40d288034942,2026-08-29 12:45:08,2026-08-29 12:45:08
CR-2026-KDG-001,9fe65fd9-5b8c-4ac3-9804-84fbe22d9b1f,1b75697a-1226-432a-aaff-763cc0bee9d2,2026-08-18 20:40:00,2026-08-18 22:10:00,"Smuggling & Excise Violations reported at Madikeri Town Center, Kodagu","coffee estate timber smuggling, midnight transport",open,high,25,e44eac9d-cdbe-4431-b175-c6dd48feca28,demo,,,,31e9d6dc-ed22-4268-ae00-c2defc1c039b,2026-08-29 12:45:07,2026-08-29 12:45:07
CR-2026-DET-008,1b770b27-4234-44c6-836f-811c4b1b0dca,609d0027-23c1-4b74-9863-3c4b8ed81adc,2024-02-04 23:30:00,2024-02-05 03:00:00,"Illegal Mining Violations reported at Sagara Main Road, Shimoga","fake customer care portal, OTP interception, remote access app",investigating,low,53,19ac4d07-7b48-4c0f-b27c-c36fdb9bf801,demo,,,,32f2faf4-4b48-46c2-bae2-2a3d846f04da,2026-08-29 12:45:07,2026-08-29 12:45:07
CR-2026-DET-020,537eee7f-7c4d-415e-b9be-792c02658f23,af5fa199-cce9-4618-b574-e182e434dd6f,2024-03-07 17:45:00,2024-03-07 19:50:00,"Property Disputes reported at Homnabad Cross, Bidar","distillery raid, illicit arrac transport, unbranded glass bottles",investigating,medium,57,2fd383db-cd0b-4cca-9161-74533c0a3647,demo,,,,3329fe53-50e1-4898-9157-245c1a89c94a,2026-08-29 12:45:07,2026-08-29 12:45:07
CR-2026-DET-007,9fe65fd9-5b8c-4ac3-9804-84fbe22d9b1f,0b019361-8ffd-49d7-b619-c58ae2b3a90f,2024-01-28 22:10:00,2024-01-29 01:50:00,"Smuggling & Excise Violations reported at Whitefield Cyber Cell Beat, Bengaluru Urban",coordinated group activity,investigating,high,57,643e99ee-2480-49cb-b1b0-23ff69b53493,demo,,,,3339fd01-e192-4ded-b89e-5c23449a2387,2026-08-29 12:45:07,2026-08-29 12:45:07
CR-2026-DET-193,9fe65fd9-5b8c-4ac3-9804-84fbe22d9b1f,9886a1e3-8a71-4d49-aad5-bbfe6e8c7a98,2025-08-08 20:20:00,2025-08-08 21:30:00,"Smuggling & Excise Violations reported at Haveri Bus Stand Area, Haveri","land document forgery, witness intimidation, fake power of attorney",open,high,23,c64ed64b-cdd0-4f79-9a2a-f2df9ce61320,demo,,,,35b2569f-5455-4562-b5e4-c7d82d59e21b,2026-08-29 12:45:08,2026-08-29 12:45:08
CR-2026-DET-139,b832740f-0285-496a-8ae7-c0ba3fce708b,dc4b7077-3bfc-44e2-91fc-ac9c2ed3bf06,2025-03-02 20:40:00,2025-03-02 21:50:00,"Narcotics Smuggling Services reported at Ranebennur Cross, Haveri","electronic surveillance evasion, crowbar lock bypass",appealed,high,14,c64ed64b-cdd0-4f79-9a2a-f2df9ce61320,demo,,,,35c7de15-3727-4e72-94e1-f7b47a9d60fd,2026-08-29 12:45:07,2026-08-29 12:45:07
CR-2026-DET-058,7da8b3f7-e772-4580-b901-3beb7e65454c,f28f2835-1a22-40c8-8155-aa4de5555767,2024-07-01 11:05:00,2024-07-01 13:20:00,"Cyber Crime & Online Fraud reported at Sirsi Town Center, Uttara Kannada","warehouse hideout used, night operation",open,low,20,8e38105b-15a3-48cb-8fe4-88a34542ccfa,demo,,,,36b4aeec-60b5-46e7-ad34-357ba32499c6,2026-08-29 12:45:07,2026-08-29 12:45:07
CR-2026-DET-010,537eee7f-7c4d-415e-b9be-792c02658f23,d9061461-6426-4fd4-861a-d5528957c9c3,2024-02-09 14:40:00,2024-02-09 15:50:00,"Property Disputes reported at Vijayapura Fort Area, Vijayapura","vehicle reconnaissance, modified vehicle plates, phishing URL SMS",unsolved,low,24,5bbc94f3-51a0-47de-802a-dd4b4ccedab1,demo,,,,36c78dbd-07f1-4d09-9d1e-128102354ab3,2026-08-29 12:45:07,2026-08-29 12:45:07
CR-2026-DET-209,537eee7f-7c4d-415e-b9be-792c02658f23,9886a1e3-8a71-4d49-aad5-bbfe6e8c7a98,2025-09-25 15:35:00,2025-09-25 19:40:00,"Property Disputes reported at Haveri Bus Stand Area, Haveri","crypto mule routing, fake KYC, call spoofing, high-yield investment scam",appealed,low,31,c64ed64b-cdd0-4f79-9a2a-f2df9ce61320,demo,,,,38bd8253-f622-46b3-b108-f2fac229ad72,2026-08-29 12:45:08,2026-08-29 12:45:08
CR-2026-DET-012,b832740f-0285-496a-8ae7-c0ba3fce708b,1886a491-3bc5-4de7-aeb6-2350e5a560d0,2024-02-13 20:40:00,2024-02-13 21:45:00,"Narcotics Smuggling Services reported at Hospet Town Center, Vijayanagara","phishing URL SMS, coordinated group activity, fake identity documents",open,critical,21,219a87ba-850b-48e5-8a33-2151a3337db0,demo,,,,3aa0053c-30fb-479a-aaf9-c1d27e7eb317,2026-08-29 12:45:07,2026-08-29 12:45:07
CR-2026-DET-092,1b770b27-4234-44c6-836f-811c4b1b0dca,d9061461-6426-4fd4-861a-d5528957c9c3,2024-10-10 03:20:00,2024-10-10 04:55:00,"Illegal Mining Violations reported at Vijayapura Fort Area, Vijayapura","electronic surveillance evasion, phishing URL SMS, modified vehicle plates",unsolved,high,11,5bbc94f3-51a0-47de-802a-dd4b4ccedab1,demo,,,,3aee9cbb-4270-44e6-a54f-e92908b5ce4c,2026-08-29 12:45:07,2026-08-29 12:45:07
CR-2026-DET-216,53249216-9af1-450e-b498-547d83a6ba26,135c6677-bd43-49e4-a2e3-7cff53d3bbd2,2025-10-20 15:25:00,2025-10-20 18:20:00,"Assault reported at Raichur Town Center, Raichur","distillery raid, illicit arrac transport, unbranded glass bottles",investigating,medium,46,4c15aede-a2ad-4322-bb3e-1264d9593b53,demo,,,,3af16f78-17d3-4868-ab09-0412a3102fac,2026-08-29 12:45:08,2026-08-29 12:45:08
CR-2026-DVG-002,b832740f-0285-496a-8ae7-c0ba3fce708b,d4a7d6da-b132-4b42-a3fd-2a3d537a912f,2026-08-21 02:10:00,2026-08-21 05:45:00,"Narcotics Smuggling Services reported at Harpanahalli Junction, Davanagere",ganja supply chain from Goa route,investigating,critical,15,c31cd5b1-71b1-4e9d-a06b-9fadde8f9e6f,demo,,,,3b4df870-093f-4f58-801b-9dd818088fc8,2026-08-29 12:45:07,2026-08-29 12:45:07
CR-2026-DET-014,e8dd85a6-421f-452c-811a-c3bed4e9a18b,3d6a60ba-8f85-4f78-8477-37b0aca20425,2024-02-21 00:55:00,2024-02-21 05:35:00,"Theft & Burglaries reported at Jamakhandi Station Road, Bagalkote","distillery raid, illicit arrac transport, unbranded glass bottles",appealed,high,18,b9af6e21-ff39-4174-bce7-d4fcdcfc9a9d,demo,,,,3b88028e-efad-4691-87bd-d46b81e1c349,2026-08-29 12:45:07,2026-08-29 12:45:07
CR-2026-SHG-001,9fe65fd9-5b8c-4ac3-9804-84fbe22d9b1f,60a1ce7d-e7ff-4d1b-8b91-39b289f3bfa9,2026-08-12 23:55:00,2026-08-13 04:50:00,"Smuggling & Excise Violations reported at Shimoga City Center, Shimoga",illegal sand mining from Tunga riverbed,open,high,20,19ac4d07-7b48-4c0f-b27c-c36fdb9bf801,demo,,,,3d5d48c7-5acf-4071-9f1c-b0e5131df756,2026-08-29 12:45:07,2026-08-29 12:45:07
CR-2026-SHG-002,7da8b3f7-e772-4580-b901-3beb7e65454c,609d0027-23c1-4b74-9863-3c4b8ed81adc,2026-08-07 10:45:00,2026-08-07 13:40:00,"Cyber Crime & Online Fraud reported at Sagara Main Road, Shimoga","online ticket booking scam, festival rush",open,medium,15,19ac4d07-7b48-4c0f-b27c-c36fdb9bf801,demo,,,,3ddc3b2a-b02e-4391-9abb-157f70b670ae,2026-08-29 12:45:07,2026-08-29 12:45:07
CR-2026-CMG-002,53249216-9af1-450e-b498-547d83a6ba26,8ceccb58-8b23-43f4-8675-a91354ac86bf,2026-08-01 09:35:00,2026-08-01 14:05:00,"Assault reported at Kadur Junction, Chikkamagaluru","property dispute assault, hospitalisation",closed,medium,100,ca5236a4-32f9-4a78-8e38-29bb36d03874,demo,,,,3e51ef62-f2c6-423f-b794-f9704632e915,2026-08-29 12:45:07,2026-08-29 12:45:07
CR-2026-DET-239,e8dd85a6-421f-452c-811a-c3bed4e9a18b,ee3d6a63-af53-4c1c-b088-c69307792f39,2025-12-24 01:00:00,2025-12-24 02:40:00,"Theft & Burglaries reported at Gulbarga University Road, Kalaburagi","highway cargo truck hijacking, driver assault, remote warehouse offload",investigating,high,63,c01b3bfb-4c1b-4e70-bd24-9411fd4745f0,demo,,,,3f2f47d0-bdf2-4e4b-9522-b0817a98cf12,2026-08-29 12:45:08,2026-08-29 12:45:08
CR-2026-DET-037,1b770b27-4234-44c6-836f-811c4b1b0dca,42d2be64-dfc5-47d2-afd1-a3dcde829269,2024-04-27 23:00:00,2024-04-28 00:00:00,"Illegal Mining Violations reported at Yadagir Town Center, Yadagir","interstate transit, concealed false compartment, synthetic MDMA, dead drop",appealed,medium,74,27fea9ae-f398-4c45-a286-94af0bd08807,demo,,,,3f37c4dc-5b3a-40f8-ae41-ee7169171f0c,2026-08-29 12:45:07,2026-08-29 12:45:07
CR-2026-DET-043,1b770b27-4234-44c6-836f-811c4b1b0dca,135c6677-bd43-49e4-a2e3-7cff53d3bbd2,2024-05-15 02:45:00,2024-05-15 05:15:00,"Illegal Mining Violations reported at Raichur Town Center, Raichur","warehouse hideout used, electronic surveillance evasion",closed,critical,100,4c15aede-a2ad-4322-bb3e-1264d9593b53,demo,,,,3f62c70e-8a44-4c51-ad8f-2f5ed5c2a677,2026-08-29 12:45:07,2026-08-29 12:45:07
CR-2026-DET-313,b832740f-0285-496a-8ae7-c0ba3fce708b,f28f2835-1a22-40c8-8155-aa4de5555767,2026-08-06 01:25:00,2026-08-06 04:20:00,"Narcotics Smuggling Services reported at Sirsi Town Center, Uttara Kannada","night operation, warehouse hideout used, electronic surveillance evasion",unsolved,medium,17,8e38105b-15a3-48cb-8fe4-88a34542ccfa,demo,,,,40c51206-86f9-4d36-ab9e-5225fe4255c3,2026-08-29 12:45:08,2026-08-29 12:45:08
CR-2026-DET-121,b832740f-0285-496a-8ae7-c0ba3fce708b,9886a1e3-8a71-4d49-aad5-bbfe6e8c7a98,2025-01-04 01:05:00,2025-01-04 03:40:00,"Narcotics Smuggling Services reported at Haveri Bus Stand Area, Haveri","fake customer care portal, OTP interception, remote access app",investigating,low,61,c64ed64b-cdd0-4f79-9a2a-f2df9ce61320,demo,,,,416abfd1-997c-4bcb-a746-8c408b713b3f,2026-08-29 12:45:07,2026-08-29 12:45:07
CR-2026-DET-244,019ae936-623e-4279-8981-d5b369e400f3,2080054b-41b4-46be-898f-9dc406809e4e,2026-01-09 21:30:00,2026-01-10 01:00:00,"Domestic Violence reported at Yadgir Road Junction, Raichur","fake customer care portal, OTP interception, remote access app",open,critical,10,4c15aede-a2ad-4322-bb3e-1264d9593b53,demo,,,,418e9816-4f54-4ab1-b70a-380e5cd6f363,2026-08-29 12:45:08,2026-08-29 12:45:08
CR-2026-MYS-004,b832740f-0285-496a-8ae7-c0ba3fce708b,7eb21de1-5854-4fe8-aa0b-1ec6865450bd,2026-08-25 20:00:00,2026-08-25 21:30:00,"Narcotics Smuggling Services reported at Vani Vilas Mohalla, Mysuru","MDMA delivery via dark web, dead drop",open,critical,10,6d399214-9acb-4a0b-98c8-ae0b2a17b775,demo,,,,42582c4e-5a1c-4e16-9cec-75c9fbe01bbd,2026-08-29 12:45:07,2026-08-29 12:45:07
CR-2026-DET-066,019ae936-623e-4279-8981-d5b369e400f3,eadefec7-c66a-4a79-a719-3e5c4741de09,2024-07-25 19:15:00,2024-07-26 00:05:00,"Domestic Violence reported at Chitradurga Fort Area, Chitradurga","darknet forum coordination, vehicle reconnaissance",closed,high,100,cf8c9086-2c1f-460b-86ae-70194c545cf9,demo,,,,426fafd3-f48f-4e75-bd3a-e501a00dcf8c,2026-08-29 12:45:07,2026-08-29 12:45:07
CR-2026-DET-107,9fe65fd9-5b8c-4ac3-9804-84fbe22d9b1f,03fdd948-c6fe-4bcb-9aba-ce5ba867ee5c,2024-11-23 03:55:00,2024-11-23 08:10:00,"Smuggling & Excise Violations reported at Gangavathi Road, Koppal","coordinated group activity, modified vehicle plates, crowbar lock bypass",appealed,high,38,f477b6e3-1f4a-46d7-a02e-bb78a32dd82b,demo,,,,439da41d-8a87-4d9b-a501-c1b845b16ae5,2026-08-29 12:45:07,2026-08-29 12:45:07
CR-2026-DET-111,537eee7f-7c4d-415e-b9be-792c02658f23,58514cca-e5de-4726-8e67-d0daff330f62,2024-12-06 16:50:00,2024-12-06 20:05:00,"Property Disputes reported at Chikkamagaluru Town, Chikkamagaluru","warehouse hideout used, crowbar lock bypass, electronic surveillance evasion",investigating,medium,72,ca5236a4-32f9-4a78-8e38-29bb36d03874,demo,,,,43a741bf-613e-420a-bd4c-7783d03b0304,2026-08-29 12:45:07,2026-08-29 12:45:07
CR-2026-DET-302,1b770b27-4234-44c6-836f-811c4b1b0dca,eae4b1c0-00d0-44ed-9400-af7999f23e15,2026-07-03 23:30:00,2026-07-04 02:40:00,"Illegal Mining Violations reported at Tirthahalli Cross, Shimoga","night riverbed extraction, forged transit permit, heavy excavator used",investigating,high,81,19ac4d07-7b48-4c0f-b27c-c36fdb9bf801,demo,,,,43b40974-46d0-41f9-a8e0-14109cb2097e,2026-08-29 12:45:08,2026-08-29 12:45:08
CR-2026-DET-124,b832740f-0285-496a-8ae7-c0ba3fce708b,aee07501-43c6-40b9-8cad-266365912cc2,2025-01-13 21:45:00,2025-01-14 00:40:00,"Narcotics Smuggling Services reported at Chamarajanagar Town, Chamarajanagar","crowbar lock bypass, modified vehicle plates",investigating,critical,84,a42d03ad-0de6-4b92-96ef-5ab3f60aff1e,demo,,,,43e7f41e-0a9d-4283-94e0-569e5d2de88f,2026-08-29 12:45:07,2026-08-29 12:45:07
CR-2026-DET-106,1b770b27-4234-44c6-836f-811c4b1b0dca,42d2be64-dfc5-47d2-afd1-a3dcde829269,2024-11-24 00:35:00,2024-11-24 05:10:00,"Illegal Mining Violations reported at Yadagir Town Center, Yadagir","forest boundary timber smuggling, midnight log transport",investigating,medium,82,27fea9ae-f398-4c45-a286-94af0bd08807,demo,,,,4426bc25-e5fb-426f-8d50-679cfc5da621,2026-08-29 12:45:07,2026-08-29 12:45:07
CR-2026-DET-219,53249216-9af1-450e-b498-547d83a6ba26,97c577f1-e34f-4af8-8d26-4aa6cef67b53,2025-10-27 18:50:00,2025-10-27 21:55:00,"Assault reported at Udupi Krishna Math Road, Udupi","interstate transit, concealed false compartment, synthetic MDMA, dead drop",open,low,15,59c075bd-c5d7-48bc-b115-91f5b0d2cf7b,demo,,,,4521b6ff-0fe6-4507-b957-0380fd411ffe,2026-08-29 12:45:08,2026-08-29 12:45:08
CR-2026-BNG-006,53249216-9af1-450e-b498-547d83a6ba26,0b019361-8ffd-49d7-b619-c58ae2b3a90f,2026-08-04 11:15:00,2026-08-04 15:15:00,"Assault reported at Whitefield Cyber Cell Beat, Bengaluru Urban","gated community altercation, weapon recovered",closed,medium,100,643e99ee-2480-49cb-b1b0-23ff69b53493,demo,,,,47469a30-247f-4b31-9001-e95abd0863d8,2026-08-29 12:45:07,2026-08-29 12:45:07
CR-2026-DET-315,b832740f-0285-496a-8ae7-c0ba3fce708b,595f8b31-6c92-4d7b-868e-311497cbda34,2026-08-11 21:05:00,2026-08-11 23:40:00,"Narcotics Smuggling Services reported at HSR Layout Beat, Bengaluru Urban",darknet forum coordination,investigating,low,70,643e99ee-2480-49cb-b1b0-23ff69b53493,demo,,,,48ca3932-5a03-453e-a977-ef714179601a,2026-08-29 12:45:08,2026-08-29 12:45:08
CR-2026-DET-056,53249216-9af1-450e-b498-547d83a6ba26,f08b6675-bdea-4824-ab7b-02bc87e80982,2024-06-23 10:10:00,2024-06-23 13:10:00,"Assault reported at Devaraja Market Zone, Mysuru","highway cargo truck hijacking, driver assault, remote warehouse offload",unsolved,medium,21,6d399214-9acb-4a0b-98c8-ae0b2a17b775,demo,,,,48f8ed2c-ce1b-4021-884b-d73e071295c4,2026-08-29 12:45:07,2026-08-29 12:45:07
CR-2026-DET-096,537eee7f-7c4d-415e-b9be-792c02658f23,135c6677-bd43-49e4-a2e3-7cff53d3bbd2,2024-10-24 13:15:00,2024-10-24 18:05:00,"Property Disputes reported at Raichur Town Center, Raichur","crypto mule routing, fake KYC, call spoofing, high-yield investment scam",open,medium,11,4c15aede-a2ad-4322-bb3e-1264d9593b53,demo,,,,4911be4d-ec53-42fb-8136-162a1430e78b,2026-08-29 12:45:07,2026-08-29 12:45:07
CR-2026-DET-059,53249216-9af1-450e-b498-547d83a6ba26,0b55e0d6-42ee-4a1f-9bc0-435f5210decf,2024-07-06 09:35:00,2024-07-06 14:05:00,"Assault reported at Tiptur Market Area, Tumkuru","highway cargo truck hijacking, driver assault, remote warehouse offload",investigating,critical,55,32ef8189-db8a-47c3-b687-3bf34a097b2b,demo,,,,49137ef0-5a6e-4655-978a-1ceb29fc1f9a,2026-08-29 12:45:07,2026-08-29 12:45:07
CR-2026-DET-123,1b770b27-4234-44c6-836f-811c4b1b0dca,5198ddb4-ccc1-4850-87eb-9de79acea356,2025-01-14 02:15:00,2025-01-14 06:50:00,"Illegal Mining Violations reported at Indi Town Center, Vijayapura","fake identity documents, cash-only transactions, vehicle reconnaissance",closed,critical,100,5bbc94f3-51a0-47de-802a-dd4b4ccedab1,demo,,,,499cb651-d391-4947-952f-470508a1bfd1,2026-08-29 12:45:07,2026-08-29 12:45:07
CR-2026-DET-187,7da8b3f7-e772-4580-b901-3beb7e65454c,0981e5d1-2018-463a-8b8a-1e5fdcf2506b,2025-07-23 17:35:00,2025-07-23 22:20:00,"Cyber Crime & Online Fraud reported at Tumkuru Industrial Road, Tumkuru","scooter reconnaissance, crowbar entry, night operation, cash targeting",closed,low,100,32ef8189-db8a-47c3-b687-3bf34a097b2b,demo,,,,4aeb6527-1185-47a9-bce5-26e2bcc1bcc5,2026-08-29 12:45:08,2026-08-29 12:45:08
CR-2026-DET-084,7da8b3f7-e772-4580-b901-3beb7e65454c,f08b6675-bdea-4824-ab7b-02bc87e80982,2024-09-19 13:15:00,2024-09-19 18:05:00,"Cyber Crime & Online Fraud reported at Devaraja Market Zone, Mysuru","night riverbed extraction, forged transit permit, heavy excavator used",unsolved,low,47,6d399214-9acb-4a0b-98c8-ae0b2a17b775,demo,,,,4b2e8ec6-f3a8-4449-8aa4-1a6f5587c41e,2026-08-29 12:45:07,2026-08-29 12:45:07
CR-2026-DET-088,019ae936-623e-4279-8981-d5b369e400f3,d4bbaa84-6a09-47e5-a52d-738e27f8db20,2024-10-01 20:25:00,2024-10-01 23:10:00,"Domestic Violence reported at Bellary City Center, Ballari",phishing URL SMS,open,high,48,35ec4bb7-90e0-43a2-9e8a-289e1339f1a0,demo,,,,4b45b569-d7f9-41d4-8bcd-914bc703bc46,2026-08-29 12:45:07,2026-08-29 12:45:07
CR-2026-DET-262,e8dd85a6-421f-452c-811a-c3bed4e9a18b,10bd2f3d-caec-4202-8ed8-5efd2c067854,2026-03-03 22:35:00,2026-03-04 03:05:00,"Theft & Burglaries reported at Kolar Gold Fields Road, Kolar","highway cargo truck hijacking, driver assault, remote warehouse offload",appealed,high,10,314c456a-4c37-43b1-99a0-4b6239463b6f,demo,,,,4b494b74-1784-464a-9f68-872ca01fdb07,2026-08-29 12:45:08,2026-08-29 12:45:08
CR-2026-DET-190,b832740f-0285-496a-8ae7-c0ba3fce708b,0b55e0d6-42ee-4a1f-9bc0-435f5210decf,2025-07-31 02:10:00,2025-07-31 05:25:00,"Narcotics Smuggling Services reported at Tiptur Market Area, Tumkuru","interstate transit, concealed false compartment, synthetic MDMA, dead drop",unsolved,low,12,32ef8189-db8a-47c3-b687-3bf34a097b2b,demo,,,,4e3fa34d-7046-457c-a308-6d9c7a1fe4d2,2026-08-29 12:45:08,2026-08-29 12:45:08
CR-2026-DET-311,019ae936-623e-4279-8981-d5b369e400f3,32956681-9c4f-455d-a6b2-256d984f22ce,2026-07-30 22:55:00,2026-07-31 03:10:00,"Domestic Violence reported at Davanagere Market Road, Davanagere","phishing URL SMS, vehicle reconnaissance",unsolved,medium,68,c31cd5b1-71b1-4e9d-a06b-9fadde8f9e6f,demo,,,,4ef85708-ef65-4357-ad83-7c3a1e0c0af7,2026-08-29 12:45:08,2026-08-29 12:45:08
CR-2026-DET-161,7da8b3f7-e772-4580-b901-3beb7e65454c,a4bedd52-a3dc-4a90-8569-dca5662935e5,2025-05-06 13:30:00,2025-05-06 17:15:00,"Cyber Crime & Online Fraud reported at Chowk Survey Layout, Kalaburagi","distillery raid, illicit arrac transport, unbranded glass bottles",investigating,medium,56,c01b3bfb-4c1b-4e70-bd24-9411fd4745f0,demo,,,,4fb2a197-94bd-4716-99f1-eace832517d9,2026-08-29 12:45:08,2026-08-29 12:45:08
CR-2026-DET-212,019ae936-623e-4279-8981-d5b369e400f3,0201b9e3-394f-47ca-8471-2c0dd1078fb0,2025-10-07 20:45:00,2025-10-07 22:50:00,"Domestic Violence reported at Nazar Mohalla Beat, Mysuru","highway cargo truck hijacking, driver assault, remote warehouse offload",investigating,critical,48,6d399214-9acb-4a0b-98c8-ae0b2a17b775,demo,,,,5036ba37-3381-4b0e-a436-e83965cf6242,2026-08-29 12:45:08,2026-08-29 12:45:08
CR-2026-DET-022,537eee7f-7c4d-415e-b9be-792c02658f23,3388760d-ac61-45c4-bb24-2bca38f6d13e,2024-03-15 14:40:00,2024-03-15 15:50:00,"Property Disputes reported at Arsikere Town Road, Hassan","scooter reconnaissance, crowbar entry, night operation, cash targeting",investigating,critical,75,d90df2b2-c392-4aed-8af3-1024b8d7e0a0,demo,,,,50d4cb6b-ea16-43e3-b200-02a5e9080135,2026-08-29 12:45:07,2026-08-29 12:45:07
CR-2026-DET-038,019ae936-623e-4279-8981-d5b369e400f3,7a1fcf66-da18-4fde-936f-31906c9a83f4,2024-05-01 22:20:00,2024-05-01 23:20:00,"Domestic Violence reported at Koramangala Layout, Bengaluru Urban","highway cargo truck hijacking, driver assault, remote warehouse offload",closed,high,100,643e99ee-2480-49cb-b1b0-23ff69b53493,demo,,,,50d86cf4-6f84-42b9-a0d9-57fd9e565103,2026-08-29 12:45:07,2026-08-29 12:45:07
CR-2026-DET-028,e8dd85a6-421f-452c-811a-c3bed4e9a18b,af5fa199-cce9-4618-b574-e182e434dd6f,2024-04-02 02:00:00,2024-04-02 03:05:00,"Theft & Burglaries reported at Homnabad Cross, Bidar","land document forgery, witness intimidation, fake power of attorney",investigating,low,46,2fd383db-cd0b-4cca-9161-74533c0a3647,demo,,,,5211efc7-6c7b-4d21-b168-c1066e17b6a2,2026-08-29 12:45:07,2026-08-29 12:45:07
CR-2026-DET-264,1b770b27-4234-44c6-836f-811c4b1b0dca,42d2be64-dfc5-47d2-afd1-a3dcde829269,2026-03-09 23:30:00,2026-03-10 02:40:00,"Illegal Mining Violations reported at Yadagir Town Center, Yadagir","fake customer care portal, OTP interception, remote access app",closed,critical,100,27fea9ae-f398-4c45-a286-94af0bd08807,demo,,,,5285c41d-5381-4ec1-961d-b22b482e9cb5,2026-08-29 12:45:08,2026-08-29 12:45:08
CR-2026-DET-196,537eee7f-7c4d-415e-b9be-792c02658f23,4e91e45a-2b03-406d-808b-cf92fa79f91d,2025-08-17 17:45:00,2025-08-17 19:50:00,"Property Disputes reported at Bangarapet Station Road, Kolar","highway cargo truck hijacking, driver assault, remote warehouse offload",unsolved,medium,48,314c456a-4c37-43b1-99a0-4b6239463b6f,demo,,,,534a3d81-3919-4448-b519-8f2c8e2176c7,2026-08-29 12:45:08,2026-08-29 12:45:08
CR-2026-MYS-003,7da8b3f7-e772-4580-b901-3beb7e65454c,0201b9e3-394f-47ca-8471-2c0dd1078fb0,2026-08-20 14:20:00,2026-08-20 16:10:00,"Cyber Crime & Online Fraud reported at Nazar Mohalla Beat, Mysuru",UPI fraud via fake merchant QR codes,open,high,30,6d399214-9acb-4a0b-98c8-ae0b2a17b775,demo,,,,543857ba-0012-40fb-b353-6f0722a2613e,2026-08-29 12:45:07,2026-08-29 12:45:07
CR-2026-DET-095,1b770b27-4234-44c6-836f-811c4b1b0dca,58514cca-e5de-4726-8e67-d0daff330f62,2024-10-19 01:40:00,2024-10-19 03:35:00,"Illegal Mining Violations reported at Chikkamagaluru Town, Chikkamagaluru","night operation, cash-only transactions",closed,critical,100,ca5236a4-32f9-4a78-8e38-29bb36d03874,demo,,,,55a7bc73-50d6-4f17-839b-9d4ff8099146,2026-08-29 12:45:07,2026-08-29 12:45:07
CR-2026-DET-091,53249216-9af1-450e-b498-547d83a6ba26,271adc05-a0ac-410d-be2b-33fba2ee0a3e,2024-10-08 10:20:00,2024-10-08 11:30:00,"Assault reported at KR Puram Transit Corridor, Bengaluru Urban",coordinated group activity,investigating,high,58,643e99ee-2480-49cb-b1b0-23ff69b53493,demo,,,,562887bc-fc12-4365-b5a8-4255c01fd4ac,2026-08-29 12:45:07,2026-08-29 12:45:07
CR-2026-DET-269,e8dd85a6-421f-452c-811a-c3bed4e9a18b,5198ddb4-ccc1-4850-87eb-9de79acea356,2026-03-25 02:40:00,2026-03-25 04:25:00,"Theft & Burglaries reported at Indi Town Center, Vijayapura","night riverbed extraction, forged transit permit, heavy excavator used",closed,medium,100,5bbc94f3-51a0-47de-802a-dd4b4ccedab1,demo,,,,56def3c5-be60-4c44-bd3b-5531b37ee67a,2026-08-29 12:45:08,2026-08-29 12:45:08
CR-2026-MNG-005,9fe65fd9-5b8c-4ac3-9804-84fbe22d9b1f,bafdb499-eb05-4f1a-99d6-f9eeed47fd2e,2026-08-15 22:50:00,2026-08-16 02:10:00,"Smuggling & Excise Violations reported at Puttur Town Center, Dakshina Kannada","illicit cashew nut export, forged manifests",open,medium,25,83c263dd-8664-438d-8f3e-f73f66c623f9,demo,,,,578c0f28-8307-4a85-b7b2-f62387821dce,2026-08-29 12:45:07,2026-08-29 12:45:07
CR-2026-DET-036,7da8b3f7-e772-4580-b901-3beb7e65454c,e1cb5409-f69e-45e2-b587-aed5764741bd,2024-04-26 18:55:00,2024-04-26 23:45:00,"Cyber Crime & Online Fraud reported at Ballari Mines Sector B, Ballari","land document forgery, witness intimidation, fake power of attorney",open,high,39,35ec4bb7-90e0-43a2-9e8a-289e1339f1a0,demo,,,,5802676d-7348-4bd3-ab33-52a51bce4ebd,2026-08-29 12:45:07,2026-08-29 12:45:07
CR-2026-KDG-002,e8dd85a6-421f-452c-811a-c3bed4e9a18b,cc8f38c8-f592-4a9b-826d-f047fb83c593,2026-08-09 22:15:00,2026-08-10 02:25:00,"Theft & Burglaries reported at Virajpet Cross Road, Kodagu","resort burglary, tourist valuables stolen",open,medium,35,e44eac9d-cdbe-4431-b175-c6dd48feca28,demo,,,,580a3a56-4418-47d0-a4a2-89423ea37223,2026-08-29 12:45:07,2026-08-29 12:45:07
CR-2026-DET-223,537eee7f-7c4d-415e-b9be-792c02658f23,277b9f6d-cf59-4273-9358-a66c894a8f65,2025-11-10 15:35:00,2025-11-10 19:40:00,"Property Disputes reported at Hoskote Junction, Bengaluru Rural",darknet forum coordination,investigating,medium,84,f4d572c8-e03b-4fe6-ac9e-c227c2dd9d4c,demo,,,,5a49844a-e771-44c1-8e10-6dd146834f64,2026-08-29 12:45:08,2026-08-29 12:45:08
CR-2026-DET-112,9fe65fd9-5b8c-4ac3-9804-84fbe22d9b1f,60a1ce7d-e7ff-4d1b-8b91-39b289f3bfa9,2024-12-12 02:50:00,2024-12-12 06:10:00,"Smuggling & Excise Violations reported at Shimoga City Center, Shimoga","night riverbed extraction, forged transit permit, heavy excavator used",closed,low,100,19ac4d07-7b48-4c0f-b27c-c36fdb9bf801,demo,,,,5ab902e6-9335-449e-9308-4b92aca920f2,2026-08-29 12:45:07,2026-08-29 12:45:07
CR-2026-DET-160,7da8b3f7-e772-4580-b901-3beb7e65454c,d9061461-6426-4fd4-861a-d5528957c9c3,2025-05-02 13:00:00,2025-05-02 14:40:00,"Cyber Crime & Online Fraud reported at Vijayapura Fort Area, Vijayapura","fake customer care portal, OTP interception, remote access app",investigating,high,69,5bbc94f3-51a0-47de-802a-dd4b4ccedab1,demo,,,,5acafa13-6059-455f-ac2a-8c3cea9372ab,2026-08-29 12:45:08,2026-08-29 12:45:08
CR-2026-DET-115,1b770b27-4234-44c6-836f-811c4b1b0dca,271adc05-a0ac-410d-be2b-33fba2ee0a3e,2024-12-21 00:35:00,2024-12-21 04:40:00,"Illegal Mining Violations reported at KR Puram Transit Corridor, Bengaluru Urban","highway cargo truck hijacking, driver assault, remote warehouse offload",unsolved,high,68,643e99ee-2480-49cb-b1b0-23ff69b53493,demo,,,,5b544337-8c42-491f-969e-14bcb77a23f4,2026-08-29 12:45:07,2026-08-29 12:45:07
CR-2026-DET-280,9fe65fd9-5b8c-4ac3-9804-84fbe22d9b1f,1c7e41d2-86d7-41f1-8877-d22fd4eb2a6b,2026-04-28 00:40:00,2026-04-28 02:10:00,"Smuggling & Excise Violations reported at Dharwad Market Yard, Dharwad",vehicle reconnaissance,unsolved,medium,17,905faca5-a4ac-49a1-bc88-1d5e1907b6cb,demo,,,,5b6a97bd-5655-4b68-a860-47e63888c105,2026-08-29 12:45:08,2026-08-29 12:45:08
CR-2026-DET-050,1b770b27-4234-44c6-836f-811c4b1b0dca,32956681-9c4f-455d-a6b2-256d984f22ce,2024-06-07 04:55:00,2024-06-07 09:35:00,"Illegal Mining Violations reported at Davanagere Market Road, Davanagere","coordinated group activity, vehicle reconnaissance",investigating,high,56,c31cd5b1-71b1-4e9d-a06b-9fadde8f9e6f,demo,,,,5ca76092-c8d7-44d3-b4b8-372470b90ee0,2026-08-29 12:45:07,2026-08-29 12:45:07
CR-2026-DET-141,019ae936-623e-4279-8981-d5b369e400f3,135c6677-bd43-49e4-a2e3-7cff53d3bbd2,2025-03-06 22:40:00,2025-03-06 23:50:00,"Domestic Violence reported at Raichur Town Center, Raichur","modified vehicle plates, vehicle reconnaissance, darknet forum coordination",investigating,medium,51,4c15aede-a2ad-4322-bb3e-1264d9593b53,demo,,,,5ce46ded-d665-4f33-82df-1c7b5da1d3bb,2026-08-29 12:45:08,2026-08-29 12:45:08
CR-2026-DET-171,53249216-9af1-450e-b498-547d83a6ba26,3388760d-ac61-45c4-bb24-2bca38f6d13e,2025-06-06 17:25:00,2025-06-06 20:10:00,"Assault reported at Arsikere Town Road, Hassan","vehicle reconnaissance, phishing URL SMS",appealed,medium,72,d90df2b2-c392-4aed-8af3-1024b8d7e0a0,demo,,,,5d07b0f1-d38c-42ff-aceb-33167841fb51,2026-08-29 12:45:08,2026-08-29 12:45:08
CR-2026-DET-229,537eee7f-7c4d-415e-b9be-792c02658f23,5198ddb4-ccc1-4850-87eb-9de79acea356,2025-11-26 13:45:00,2025-11-26 16:05:00,"Property Disputes reported at Indi Town Center, Vijayapura",night operation,investigating,critical,84,5bbc94f3-51a0-47de-802a-dd4b4ccedab1,demo,,,,5d0d1b7d-4ac6-469f-a10c-058e45daa83c,2026-08-29 12:45:08,2026-08-29 12:45:08
CR-2026-DET-157,1b770b27-4234-44c6-836f-811c4b1b0dca,8cc97cfd-82fe-492f-b5e9-b66d17ce4a58,2025-04-25 01:40:00,2025-04-25 03:35:00,"Illegal Mining Violations reported at Hiriyur Junction, Chitradurga","interstate transit, concealed false compartment, synthetic MDMA, dead drop",appealed,medium,61,cf8c9086-2c1f-460b-86ae-70194c545cf9,demo,,,,5d3ef5e7-c277-4ca7-977f-8c418f57599b,2026-08-29 12:45:08,2026-08-29 12:45:08
CR-2026-DET-021,e8dd85a6-421f-452c-811a-c3bed4e9a18b,4e91e45a-2b03-406d-808b-cf92fa79f91d,2024-03-14 03:40:00,2024-03-14 04:50:00,"Theft & Burglaries reported at Bangarapet Station Road, Kolar","highway cargo truck hijacking, driver assault, remote warehouse offload",open,high,36,314c456a-4c37-43b1-99a0-4b6239463b6f,demo,,,,5d5b45d4-5dc9-4f52-9839-9c2f1bc7fa07,2026-08-29 12:45:07,2026-08-29 12:45:07
CR-2026-DET-113,53249216-9af1-450e-b498-547d83a6ba26,f08b6675-bdea-4824-ab7b-02bc87e80982,2024-12-13 11:45:00,2024-12-13 14:15:00,"Assault reported at Devaraja Market Zone, Mysuru","crowbar lock bypass, cash-only transactions, vehicle reconnaissance",open,low,36,6d399214-9acb-4a0b-98c8-ae0b2a17b775,demo,,,,5db30da3-1532-4445-9808-fbcc892337d4,2026-08-29 12:45:07,2026-08-29 12:45:07
CR-2026-DET-180,b832740f-0285-496a-8ae7-c0ba3fce708b,f07ae8af-ace2-4c71-a2dc-af921c23b8c5,2025-07-03 01:45:00,2025-07-03 03:50:00,"Narcotics Smuggling Services reported at Surathkal Beach Road, Dakshina Kannada","land document forgery, witness intimidation, fake power of attorney",investigating,medium,40,83c263dd-8664-438d-8f3e-f73f66c623f9,demo,,,,5dcb6acd-40a6-48f9-831d-bf74a3885551,2026-08-29 12:45:08,2026-08-29 12:45:08
CR-2026-HSN-003,e8dd85a6-421f-452c-811a-c3bed4e9a18b,d4bbaa84-6a09-47e5-a52d-738e27f8db20,2026-07-27 23:15:00,2026-07-28 03:50:00,"Theft & Burglaries reported at Bellary City Center, Ballari","temple hundi theft, CCTV footage recovered",closed,medium,100,35ec4bb7-90e0-43a2-9e8a-289e1339f1a0,demo,,,,5e353ba3-3c0c-4ca0-b589-f98d0b7cb90c,2026-08-29 12:45:07,2026-08-29 12:45:07
CR-2026-DET-272,537eee7f-7c4d-415e-b9be-792c02658f23,088c09b4-a045-45b9-80b7-a9c61158ce49,2026-04-04 10:10:00,2026-04-04 13:10:00,"Property Disputes reported at Ramanagara Town Center, Ramanagara","land document forgery, witness intimidation, fake power of attorney",unsolved,low,21,5121147d-f1ba-4bf4-9391-f5b7bb9124fb,demo,,,,5e85bde6-5324-4234-8077-af8bf8c03dc8,2026-08-29 12:45:08,2026-08-29 12:45:08
CR-2026-DET-079,537eee7f-7c4d-415e-b9be-792c02658f23,f07ae8af-ace2-4c71-a2dc-af921c23b8c5,2024-09-03 13:35:00,2024-09-03 17:45:00,"Property Disputes reported at Surathkal Beach Road, Dakshina Kannada","interstate transit, concealed false compartment, synthetic MDMA, dead drop",investigating,medium,75,83c263dd-8664-438d-8f3e-f73f66c623f9,demo,,,,5f5d8683-9fb7-47be-aefa-3692e799e461,2026-08-29 12:45:07,2026-08-29 12:45:07
CR-2026-DET-266,9fe65fd9-5b8c-4ac3-9804-84fbe22d9b1f,9fcb383c-3e94-43ff-a9da-349c924f7167,2026-03-15 21:25:00,2026-03-15 23:25:00,"Smuggling & Excise Violations reported at Bellary-Hospet Road, Vijayanagara","highway cargo truck hijacking, driver assault, remote warehouse offload",investigating,high,71,219a87ba-850b-48e5-8a33-2151a3337db0,demo,,,,5ff67582-1a09-4371-b144-c9551861c08d,2026-08-29 12:45:08,2026-08-29 12:45:08
CR-2026-DET-211,b832740f-0285-496a-8ae7-c0ba3fce708b,8cc97cfd-82fe-492f-b5e9-b66d17ce4a58,2025-10-05 23:15:00,2025-10-06 03:30:00,"Narcotics Smuggling Services reported at Hiriyur Junction, Chitradurga","fake identity documents, phishing URL SMS",open,medium,42,cf8c9086-2c1f-460b-86ae-70194c545cf9,demo,,,,6022d8b1-b67d-49f5-bd44-85eb98d5ac65,2026-08-29 12:45:08,2026-08-29 12:45:08
CR-2026-DET-158,e8dd85a6-421f-452c-811a-c3bed4e9a18b,03b9d756-8425-4ffb-b5a2-04eb70a3d54d,2025-04-26 23:15:00,2025-04-27 03:50:00,"Theft & Burglaries reported at Channapatna Bus Stand, Ramanagara","forest boundary timber smuggling, midnight log transport",investigating,medium,49,5121147d-f1ba-4bf4-9391-f5b7bb9124fb,demo,,,,608ec7d1-8d99-4725-b0a5-8189d140c381,2026-08-29 12:45:08,2026-08-29 12:45:08
CR-2026-DET-027,9fe65fd9-5b8c-4ac3-9804-84fbe22d9b1f,cc8f38c8-f592-4a9b-826d-f047fb83c593,2024-04-01 21:45:00,2024-04-02 00:05:00,"Smuggling & Excise Violations reported at Virajpet Cross Road, Kodagu","distillery raid, illicit arrac transport, unbranded glass bottles",investigating,medium,68,e44eac9d-cdbe-4431-b175-c6dd48feca28,demo,,,,61dc397d-9b57-406c-9940-825a6d943315,2026-08-29 12:45:07,2026-08-29 12:45:07
CR-2026-DET-089,9fe65fd9-5b8c-4ac3-9804-84fbe22d9b1f,39c5202a-873d-4ce4-b993-90e8e720913a,2024-10-02 22:50:00,2024-10-03 02:30:00,"Smuggling & Excise Violations reported at Jayanagar 4th Block, Bengaluru Urban","darknet forum coordination, night operation, electronic surveillance evasion",closed,medium,100,643e99ee-2480-49cb-b1b0-23ff69b53493,demo,,,,63824aa9-48d6-48ed-bba0-fe8189236d8f,2026-08-29 12:45:07,2026-08-29 12:45:07
CR-2026-DET-201,e8dd85a6-421f-452c-811a-c3bed4e9a18b,16f21049-399e-4ccc-bbb9-a42983811b9c,2025-09-02 22:10:00,2025-09-03 01:45:00,"Theft & Burglaries reported at Harbor Gate A, Dakshina Kannada","electronic surveillance evasion, [ANOMALY_FLAGGED: unexpected high-severity off-hour spike]",unsolved,critical,36,83c263dd-8664-438d-8f3e-f73f66c623f9,demo,,,,638924aa-c05b-4003-8a0d-44a968e1f23a,2026-08-29 12:45:08,2026-08-29 12:45:08
CR-2026-DET-122,b832740f-0285-496a-8ae7-c0ba3fce708b,1b75697a-1226-432a-aaff-763cc0bee9d2,2025-01-08 20:40:00,2025-01-08 22:20:00,"Narcotics Smuggling Services reported at Madikeri Town Center, Kodagu","land document forgery, witness intimidation, fake power of attorney",investigating,medium,64,e44eac9d-cdbe-4431-b175-c6dd48feca28,demo,,,,657d9afd-d7c1-48ff-a48c-2ef7f3e2d52c,2026-08-29 12:45:07,2026-08-29 12:45:07
CR-2026-DET-077,537eee7f-7c4d-415e-b9be-792c02658f23,16f21049-399e-4ccc-bbb9-a42983811b9c,2024-08-26 09:55:00,2024-08-26 14:45:00,"Property Disputes reported at Harbor Gate A, Dakshina Kannada","night riverbed extraction, forged transit permit, heavy excavator used",open,high,40,83c263dd-8664-438d-8f3e-f73f66c623f9,demo,,,,65cd4c20-1fb9-4c02-aaeb-6ad8a3fd4563,2026-08-29 12:45:07,2026-08-29 12:45:07
CR-2026-DET-105,b832740f-0285-496a-8ae7-c0ba3fce708b,16f21049-399e-4ccc-bbb9-a42983811b9c,2024-11-19 23:35:00,2024-11-20 03:45:00,"Narcotics Smuggling Services reported at Harbor Gate A, Dakshina Kannada",crowbar lock bypass,open,low,10,83c263dd-8664-438d-8f3e-f73f66c623f9,demo,,,,6669187f-ab62-4144-8a9e-4e685cc57f10,2026-08-29 12:45:07,2026-08-29 12:45:07
CR-2026-DET-314,019ae936-623e-4279-8981-d5b369e400f3,609d0027-23c1-4b74-9863-3c4b8ed81adc,2026-08-08 20:15:00,2026-08-09 00:30:00,"Domestic Violence reported at Sagara Main Road, Shimoga","warehouse hideout used, cash-only transactions, crowbar lock bypass",investigating,critical,42,19ac4d07-7b48-4c0f-b27c-c36fdb9bf801,demo,,,,6709ce29-2e17-40f4-b707-3bf4c72279e0,2026-08-29 12:45:08,2026-08-29 12:45:08
CR-2026-DET-164,b832740f-0285-496a-8ae7-c0ba3fce708b,0201b9e3-394f-47ca-8471-2c0dd1078fb0,2025-05-17 21:25:00,2025-05-18 00:10:00,"Narcotics Smuggling Services reported at Nazar Mohalla Beat, Mysuru","forest boundary timber smuggling, midnight log transport",unsolved,high,76,6d399214-9acb-4a0b-98c8-ae0b2a17b775,demo,,,,67353674-7691-4520-8f59-eac0a4da8e88,2026-08-29 12:45:08,2026-08-29 12:45:08
CR-2026-DET-146,53249216-9af1-450e-b498-547d83a6ba26,304c385e-8058-4cac-afa7-ad6cf9798c15,2025-03-22 11:05:00,2025-03-22 13:55:00,"Assault reported at Chikkaballapura Town, Chikkaballapura","temple crowd chain snatching, getaway bike, gold targeting",open,low,16,bf35b187-ebe7-4b59-8410-4293f883621a,demo,,,,6abe80cb-0582-47c9-b1ed-d9516cb1274a,2026-08-29 12:45:08,2026-08-29 12:45:08
CR-2026-DET-236,b832740f-0285-496a-8ae7-c0ba3fce708b,271adc05-a0ac-410d-be2b-33fba2ee0a3e,2025-12-15 21:45:00,2025-12-16 00:15:00,"Narcotics Smuggling Services reported at KR Puram Transit Corridor, Bengaluru Urban",warehouse hideout used,investigating,medium,48,643e99ee-2480-49cb-b1b0-23ff69b53493,demo,,,,6b58a460-5cd0-4155-995d-5898573e5905,2026-08-29 12:45:08,2026-08-29 12:45:08
CR-2026-DET-316,e8dd85a6-421f-452c-811a-c3bed4e9a18b,0b55e0d6-42ee-4a1f-9bc0-435f5210decf,2026-08-14 02:40:00,2026-08-14 04:25:00,"Theft & Burglaries reported at Tiptur Market Area, Tumkuru","crypto mule routing, fake KYC, call spoofing, high-yield investment scam",investigating,medium,59,32ef8189-db8a-47c3-b687-3bf34a097b2b,demo,,,,6c083b1b-5679-4ab6-ae29-574c979abe92,2026-08-29 12:45:08,2026-08-29 12:45:08
CR-2026-TMK-002,9fe65fd9-5b8c-4ac3-9804-84fbe22d9b1f,0b55e0d6-42ee-4a1f-9bc0-435f5210decf,2026-08-10 22:50:00,2026-08-11 01:55:00,"Smuggling & Excise Violations reported at Tiptur Market Area, Tumkuru",illicit liquor distillery raid,open,medium,35,32ef8189-db8a-47c3-b687-3bf34a097b2b,demo,,,,6c4c089e-0824-4f22-a9fe-0b5599a008ba,2026-08-29 12:45:07,2026-08-29 12:45:07
CR-2026-DET-274,537eee7f-7c4d-415e-b9be-792c02658f23,304c385e-8058-4cac-afa7-ad6cf9798c15,2026-04-09 21:05:00,2026-04-09 23:10:00,"Property Disputes reported at Chikkaballapura Town, Chikkaballapura",fake identity documents,open,high,11,bf35b187-ebe7-4b59-8410-4293f883621a,demo,,,,6c716e55-de62-4314-96e9-2986e1fb5031,2026-08-29 12:45:08,2026-08-29 12:45:08
CR-2026-HSN-001,019ae936-623e-4279-8981-d5b369e400f3,d4bbaa84-6a09-47e5-a52d-738e27f8db20,2026-08-06 18:35:00,2026-08-06 23:20:00,"Domestic Violence reported at Bellary City Center, Ballari",repeat household assault complaint,open,medium,30,35ec4bb7-90e0-43a2-9e8a-289e1339f1a0,demo,,,,6c931000-715e-4245-bd70-b50d13c71f45,2026-08-29 12:45:07,2026-08-29 12:45:07
CR-2026-DET-186,537eee7f-7c4d-415e-b9be-792c02658f23,9886a1e3-8a71-4d49-aad5-bbfe6e8c7a98,2025-07-18 09:15:00,2025-07-18 13:25:00,"Property Disputes reported at Haveri Bus Stand Area, Haveri","night operation, modified vehicle plates",investigating,medium,72,c64ed64b-cdd0-4f79-9a2a-f2df9ce61320,demo,,,,6caba650-21c3-4bd0-8c8a-7884b6038189,2026-08-29 12:45:08,2026-08-29 12:45:08
CR-2026-DET-093,e8dd85a6-421f-452c-811a-c3bed4e9a18b,10bd2f3d-caec-4202-8ed8-5efd2c067854,2024-10-14 02:55:00,2024-10-14 07:25:00,"Theft & Burglaries reported at Kolar Gold Fields Road, Kolar","electronic surveillance evasion, modified vehicle plates",investigating,low,79,314c456a-4c37-43b1-99a0-4b6239463b6f,demo,,,,6d0bfb58-6d5a-4ac2-aae3-1a60f484594f,2026-08-29 12:45:07,2026-08-29 12:45:07
CR-2026-DET-040,e8dd85a6-421f-452c-811a-c3bed4e9a18b,4e91e45a-2b03-406d-808b-cf92fa79f91d,2024-05-08 02:10:00,2024-05-08 05:25:00,"Theft & Burglaries reported at Bangarapet Station Road, Kolar","vehicle reconnaissance, warehouse hideout used, modified vehicle plates",appealed,medium,38,314c456a-4c37-43b1-99a0-4b6239463b6f,demo,,,,6d24fd4c-97fd-47ae-aea9-a0c2cddf9673,2026-08-29 12:45:07,2026-08-29 12:45:07
CR-2026-DET-048,7da8b3f7-e772-4580-b901-3beb7e65454c,d4a7d6da-b132-4b42-a3fd-2a3d537a912f,2024-05-31 13:00:00,2024-05-31 14:25:00,"Cyber Crime & Online Fraud reported at Harpanahalli Junction, Davanagere","highway cargo truck hijacking, driver assault, remote warehouse offload",investigating,critical,83,c31cd5b1-71b1-4e9d-a06b-9fadde8f9e6f,demo,,,,6d5a8bf5-44a6-48af-be5f-ccb198942eea,2026-08-29 12:45:07,2026-08-29 12:45:07
CR-2026-DET-319,7da8b3f7-e772-4580-b901-3beb7e65454c,6df48abb-bec2-46fd-b5f2-fedb99cfbb11,2026-08-23 10:30:00,2026-08-23 14:15:00,"Cyber Crime & Online Fraud reported at Khade Bazar Checkpoint, Belagavi","crypto mule routing, fake KYC, call spoofing, high-yield investment scam",investigating,medium,53,31d37711-b1aa-44be-b8fd-c1a4355577d9,demo,,,,6e37397e-e931-4b33-ac19-0cb47545ed56,2026-08-29 12:45:08,2026-08-29 12:45:08
CR-2026-DET-224,9fe65fd9-5b8c-4ac3-9804-84fbe22d9b1f,b3cbd8d6-4a2b-412c-aa14-22d9f749ee8f,2025-11-11 23:15:00,2025-11-12 03:50:00,"Smuggling & Excise Violations reported at Gauribidanur Cross, Chikkaballapura","distillery raid, illicit arrac transport, unbranded glass bottles",appealed,medium,64,bf35b187-ebe7-4b59-8410-4293f883621a,demo,,,,6f05fc73-7ddf-4f3d-8462-d98c62b7bd64,2026-08-29 12:45:08,2026-08-29 12:45:08
CR-2026-DET-060,1b770b27-4234-44c6-836f-811c4b1b0dca,a78860ab-f799-443b-8a88-1698ef2a4c5c,2024-07-05 00:35:00,2024-07-05 05:05:00,"Illegal Mining Violations reported at Gundlupet Junction, Chamarajanagar","crypto mule routing, fake KYC, call spoofing, high-yield investment scam",appealed,high,44,a42d03ad-0de6-4b92-96ef-5ab3f60aff1e,demo,,,,6f0ac6ad-fb12-482c-8d87-e10a9d53b3f2,2026-08-29 12:45:07,2026-08-29 12:45:07
CR-2026-DET-039,1b770b27-4234-44c6-836f-811c4b1b0dca,9fcb383c-3e94-43ff-a9da-349c924f7167,2024-05-03 02:15:00,2024-05-03 06:25:00,"Illegal Mining Violations reported at Bellary-Hospet Road, Vijayanagara","crowbar lock bypass, phishing URL SMS",investigating,high,83,219a87ba-850b-48e5-8a33-2151a3337db0,demo,,,,6f710a76-70d5-4886-8bba-0639bbcd1ae8,2026-08-29 12:45:07,2026-08-29 12:45:07
CR-2026-BNG-005,b832740f-0285-496a-8ae7-c0ba3fce708b,39c5202a-873d-4ce4-b993-90e8e720913a,2026-08-18 01:05:00,2026-08-18 03:55:00,"Narcotics Smuggling Services reported at Jayanagar 4th Block, Bengaluru Urban","MDMA distribution network, college area",open,high,20,643e99ee-2480-49cb-b1b0-23ff69b53493,demo,,,,6f86c7cb-a222-4e96-b851-c4c39e81a566,2026-08-29 12:45:07,2026-08-29 12:45:07
CR-2026-DET-130,537eee7f-7c4d-415e-b9be-792c02658f23,cc8f38c8-f592-4a9b-826d-f047fb83c593,2025-02-04 11:55:00,2025-02-04 16:35:00,"Property Disputes reported at Virajpet Cross Road, Kodagu","warehouse hideout used, crowbar lock bypass",closed,low,100,e44eac9d-cdbe-4431-b175-c6dd48feca28,demo,,,,70a10b2b-fe0b-4b48-9408-f9ace396e4c4,2026-08-29 12:45:07,2026-08-29 12:45:07
CR-2026-DET-305,e8dd85a6-421f-452c-811a-c3bed4e9a18b,39c5202a-873d-4ce4-b993-90e8e720913a,2026-07-10 03:50:00,2026-07-10 07:10:00,"Theft & Burglaries reported at Jayanagar 4th Block, Bengaluru Urban",electronic surveillance evasion,investigating,medium,66,643e99ee-2480-49cb-b1b0-23ff69b53493,demo,,,,70afdf6f-d75e-4215-be22-0bdc80427de7,2026-08-29 12:45:08,2026-08-29 12:45:08
CR-2026-DET-225,019ae936-623e-4279-8981-d5b369e400f3,8ca968cd-085f-4ed9-a02e-90b26d1f329a,2025-11-12 19:10:00,2025-11-12 22:10:00,"Domestic Violence reported at Hubli Traffic Island, Dharwad","forest boundary timber smuggling, midnight log transport",unsolved,medium,78,905faca5-a4ac-49a1-bc88-1d5e1907b6cb,demo,,,,70c3ff85-aa77-4a64-bae1-d6288e43ed8b,2026-08-29 12:45:08,2026-08-29 12:45:08
CR-2026-DET-154,b832740f-0285-496a-8ae7-c0ba3fce708b,271adc05-a0ac-410d-be2b-33fba2ee0a3e,2025-04-13 20:20:00,2025-04-13 21:30:00,"Narcotics Smuggling Services reported at KR Puram Transit Corridor, Bengaluru Urban","forest boundary timber smuggling, midnight log transport",appealed,high,87,643e99ee-2480-49cb-b1b0-23ff69b53493,demo,,,,725e83f1-126e-41bd-ab08-90875c087b35,2026-08-29 12:45:08,2026-08-29 12:45:08
CR-2026-DET-300,53249216-9af1-450e-b498-547d83a6ba26,8cc97cfd-82fe-492f-b5e9-b66d17ce4a58,2026-06-28 09:05:00,2026-06-28 11:05:00,"Assault reported at Hiriyur Junction, Chitradurga","scooter reconnaissance, crowbar entry, night operation, cash targeting",appealed,low,21,cf8c9086-2c1f-460b-86ae-70194c545cf9,demo,,,,72d921e4-e748-42fa-ae81-8d586a05b74b,2026-08-29 12:45:08,2026-08-29 12:45:08
CR-2026-DET-308,9fe65fd9-5b8c-4ac3-9804-84fbe22d9b1f,cc8f38c8-f592-4a9b-826d-f047fb83c593,2026-07-23 03:55:00,2026-07-23 08:25:00,"Smuggling & Excise Violations reported at Virajpet Cross Road, Kodagu","night riverbed extraction, forged transit permit, heavy excavator used",investigating,high,68,e44eac9d-cdbe-4431-b175-c6dd48feca28,demo,,,,734c2c88-b1d6-4118-933c-84e15c59f1fd,2026-08-29 12:45:08,2026-08-29 12:45:08
CR-2026-DET-125,b832740f-0285-496a-8ae7-c0ba3fce708b,dad870c6-c84b-4236-96b9-96b945aef839,2025-01-18 22:50:00,2025-01-19 01:55:00,"Narcotics Smuggling Services reported at Yellapur Junction, Uttara Kannada","interstate transit, concealed false compartment, synthetic MDMA, dead drop",open,critical,47,8e38105b-15a3-48cb-8fe4-88a34542ccfa,demo,,,,741e2f67-5d4b-4ca3-941d-c8ca0b50df9e,2026-08-29 12:45:07,2026-08-29 12:45:07
CR-2026-DET-172,019ae936-623e-4279-8981-d5b369e400f3,60a1ce7d-e7ff-4d1b-8b91-39b289f3bfa9,2025-06-06 22:10:00,2025-06-07 01:10:00,"Domestic Violence reported at Shimoga City Center, Shimoga","fake customer care portal, OTP interception, remote access app",unsolved,medium,28,19ac4d07-7b48-4c0f-b27c-c36fdb9bf801,demo,,,,748fc5b2-5e9d-479e-ac85-9e9b675dd7e4,2026-08-29 12:45:08,2026-08-29 12:45:08
CR-2026-DET-203,537eee7f-7c4d-415e-b9be-792c02658f23,bafdb499-eb05-4f1a-99d6-f9eeed47fd2e,2025-09-09 14:00:00,2025-09-09 15:30:00,"Property Disputes reported at Puttur Town Center, Dakshina Kannada","distillery raid, illicit arrac transport, unbranded glass bottles",investigating,medium,62,83c263dd-8664-438d-8f3e-f73f66c623f9,demo,,,,74a6f585-8307-4485-9def-e5a95fcb20cb,2026-08-29 12:45:08,2026-08-29 12:45:08
CR-2026-DET-230,e8dd85a6-421f-452c-811a-c3bed4e9a18b,271adc05-a0ac-410d-be2b-33fba2ee0a3e,2025-11-29 02:40:00,2025-11-29 04:25:00,"Theft & Burglaries reported at KR Puram Transit Corridor, Bengaluru Urban","fake customer care portal, OTP interception, remote access app",appealed,medium,76,643e99ee-2480-49cb-b1b0-23ff69b53493,demo,,,,76745a3e-3688-4601-97c6-aa5c46fc5f4f,2026-08-29 12:45:08,2026-08-29 12:45:08
CR-2026-DET-070,019ae936-623e-4279-8981-d5b369e400f3,03b9d756-8425-4ffb-b5a2-04eb70a3d54d,2024-08-06 20:50:00,2024-08-07 00:20:00,"Domestic Violence reported at Channapatna Bus Stand, Ramanagara","cash-only transactions, phishing URL SMS, electronic surveillance evasion",closed,high,100,5121147d-f1ba-4bf4-9391-f5b7bb9124fb,demo,,,,77b3a3a6-bd76-4f25-90f1-c1bb6290cc98,2026-08-29 12:45:07,2026-08-29 12:45:07
CR-2026-DET-188,537eee7f-7c4d-415e-b9be-792c02658f23,8ca968cd-085f-4ed9-a02e-90b26d1f329a,2025-07-28 21:55:00,2025-07-29 02:50:00,"Property Disputes reported at Hubli Traffic Island, Dharwad","highway cargo truck hijacking, driver assault, remote warehouse offload",investigating,high,51,905faca5-a4ac-49a1-bc88-1d5e1907b6cb,demo,,,,780d8fe8-4bdb-44c4-bdac-3380802011ff,2026-08-29 12:45:08,2026-08-29 12:45:08
CR-2026-DET-042,537eee7f-7c4d-415e-b9be-792c02658f23,e64fc5b2-4ce1-4c28-b5c3-8a24843777c5,2024-05-12 08:40:00,2024-05-12 10:20:00,"Property Disputes reported at Betageri Cross, Gadag","distillery raid, illicit arrac transport, unbranded glass bottles",closed,medium,100,b19d0b00-458c-4d08-b530-342a4d4f368b,demo,,,,78185305-270e-4b64-b9b5-7cc36b5b6333,2026-08-29 12:45:07,2026-08-29 12:45:07
CR-2026-DET-267,9fe65fd9-5b8c-4ac3-9804-84fbe22d9b1f,aee07501-43c6-40b9-8cad-266365912cc2,2026-03-22 22:30:00,2026-03-23 02:00:00,"Smuggling & Excise Violations reported at Chamarajanagar Town, Chamarajanagar",coordinated group activity,appealed,critical,11,a42d03ad-0de6-4b92-96ef-5ab3f60aff1e,demo,,,,78ff1be6-ebd4-4dfc-b678-cb3e3740ba69,2026-08-29 12:45:08,2026-08-29 12:45:08
CR-2026-DWD-001,e8dd85a6-421f-452c-811a-c3bed4e9a18b,1c7e41d2-86d7-41f1-8877-d22fd4eb2a6b,2026-07-25 21:15:00,2026-07-26 02:00:00,"Theft & Burglaries reported at Dharwad Market Yard, Dharwad",market yard attempted theft,closed,low,100,905faca5-a4ac-49a1-bc88-1d5e1907b6cb,demo,,,,79dc196d-dd74-4350-a5fe-7b2e8dee41de,2026-08-29 12:45:07,2026-08-29 12:45:07
CR-2026-DET-053,9fe65fd9-5b8c-4ac3-9804-84fbe22d9b1f,8534693e-6e1d-4a29-aeae-e35baf000f0a,2024-06-15 03:15:00,2024-06-15 07:50:00,"Smuggling & Excise Violations reported at Bagalkote Main Road, Bagalkote","forest boundary timber smuggling, midnight log transport",closed,critical,100,b9af6e21-ff39-4174-bce7-d4fcdcfc9a9d,demo,,,,7b660d9b-3286-4596-aba2-a065493d3053,2026-08-29 12:45:07,2026-08-29 12:45:07
CR-2026-DET-045,e8dd85a6-421f-452c-811a-c3bed4e9a18b,af5fa199-cce9-4618-b574-e182e434dd6f,2024-05-23 02:55:00,2024-05-23 07:25:00,"Theft & Burglaries reported at Homnabad Cross, Bidar","distillery raid, illicit arrac transport, unbranded glass bottles",open,medium,29,2fd383db-cd0b-4cca-9161-74533c0a3647,demo,,,,7b9f348a-37c0-40e8-89f9-9349f0de34ee,2026-08-29 12:45:07,2026-08-29 12:45:07
CR-2026-DET-318,b832740f-0285-496a-8ae7-c0ba3fce708b,25e8655a-f500-4610-ba59-751d5d20a246,2026-08-21 01:45:00,2026-08-21 04:25:00,"Narcotics Smuggling Services reported at Devanahalli Checkpost, Bengaluru Rural","night riverbed extraction, forged transit permit, heavy excavator used",investigating,high,76,f4d572c8-e03b-4fe6-ac9e-c227c2dd9d4c,demo,,,,7bd6b47f-e7d7-4b39-9230-8834d9114d12,2026-08-29 12:45:08,2026-08-29 12:45:08
CR-2026-UDP-001,e8dd85a6-421f-452c-811a-c3bed4e9a18b,97c577f1-e34f-4af8-8d26-4aa6cef67b53,2026-08-13 21:30:00,2026-08-14 01:00:00,"Theft & Burglaries reported at Udupi Krishna Math Road, Udupi","temple treasury theft, inner sanctum access",investigating,high,40,59c075bd-c5d7-48bc-b115-91f5b0d2cf7b,demo,,,,7beda5c5-9a29-4e56-ae71-d0abc7620804,2026-08-29 12:45:07,2026-08-29 12:45:07
CR-2026-KLB-001,537eee7f-7c4d-415e-b9be-792c02658f23,a4bedd52-a3dc-4a90-8569-dca5662935e5,2026-08-14 13:05:00,2026-08-14 15:45:00,"Property Disputes reported at Chowk Survey Layout, Kalaburagi","survey intimidation, prior offender density",closed,low,100,c01b3bfb-4c1b-4e70-bd24-9411fd4745f0,demo,,,,7c9faae7-56b8-4e72-bb86-48c80986d689,2026-08-29 12:45:07,2026-08-29 12:45:07
CR-2026-DET-277,019ae936-623e-4279-8981-d5b369e400f3,8ceccb58-8b23-43f4-8675-a91354ac86bf,2026-04-21 18:50:00,2026-04-21 21:55:00,"Domestic Violence reported at Kadur Junction, Chikkamagaluru","coordinated group activity, electronic surveillance evasion, warehouse hideout used",open,medium,18,ca5236a4-32f9-4a78-8e38-29bb36d03874,demo,,,,7ce4d244-d2cf-4f7e-9c62-341bfc29df4f,2026-08-29 12:45:08,2026-08-29 12:45:08
CR-2026-DET-289,537eee7f-7c4d-415e-b9be-792c02658f23,3733d8bd-c340-422a-b303-10f2e7871b5b,2026-05-25 14:50:00,2026-05-25 18:10:00,"Property Disputes reported at Camp Area Patrol, Belagavi",modified vehicle plates,investigating,medium,55,31d37711-b1aa-44be-b8fd-c1a4355577d9,demo,,,,7e0575ff-38a6-4530-adb1-3abbdf59260e,2026-08-29 12:45:08,2026-08-29 12:45:08
CR-2026-DET-299,b832740f-0285-496a-8ae7-c0ba3fce708b,0981e5d1-2018-463a-8b8a-1e5fdcf2506b,2026-06-25 00:40:00,2026-06-25 02:20:00,"Narcotics Smuggling Services reported at Tumkuru Industrial Road, Tumkuru",darknet forum coordination,unsolved,medium,26,32ef8189-db8a-47c3-b687-3bf34a097b2b,demo,,,,7e2bb549-4e67-48fe-ba6a-8c2d44e35f11,2026-08-29 12:45:08,2026-08-29 12:45:08
CR-2026-UKN-001,9fe65fd9-5b8c-4ac3-9804-84fbe22d9b1f,2c06e756-6fb1-4a05-8b94-d5ba3ead5d65,2026-08-16 23:15:00,2026-08-17 04:05:00,"Smuggling & Excise Violations reported at Karwar Port Road, Uttara Kannada",coastal smuggling of electronics via fishing boats,open,high,30,8e38105b-15a3-48cb-8fe4-88a34542ccfa,demo,,,,7f993f6b-7b3d-459b-99c6-d0b8602e8e13,2026-08-29 12:45:07,2026-08-29 12:45:07
CR-2026-DET-174,9fe65fd9-5b8c-4ac3-9804-84fbe22d9b1f,10bd2f3d-caec-4202-8ed8-5efd2c067854,2025-06-12 22:10:00,2025-06-13 01:50:00,"Smuggling & Excise Violations reported at Kolar Gold Fields Road, Kolar","distillery raid, illicit arrac transport, unbranded glass bottles",open,low,31,314c456a-4c37-43b1-99a0-4b6239463b6f,demo,,,,7fecd226-94e1-4f58-899c-b5af56418aa6,2026-08-29 12:45:08,2026-08-29 12:45:08
CR-2026-MNG-001,b832740f-0285-496a-8ae7-c0ba3fce708b,16f21049-399e-4ccc-bbb9-a42983811b9c,2026-08-25 22:30:00,2026-08-26 02:00:00,"Narcotics Smuggling Services reported at Harbor Gate A, Dakshina Kannada",synthetic MDMA harbor handoff,open,critical,15,83c263dd-8664-438d-8f3e-f73f66c623f9,demo,,,,804aaae9-fb24-404f-9a1e-169b2ed82cd1,2026-08-29 12:45:07,2026-08-29 12:45:07
CR-2026-DET-098,9fe65fd9-5b8c-4ac3-9804-84fbe22d9b1f,0981e5d1-2018-463a-8b8a-1e5fdcf2506b,2024-10-27 01:05:00,2024-10-27 03:05:00,"Smuggling & Excise Violations reported at Tumkuru Industrial Road, Tumkuru",fake identity documents,unsolved,medium,52,32ef8189-db8a-47c3-b687-3bf34a097b2b,demo,,,,819c1e7f-8395-49d6-acfa-a99492ad4e04,2026-08-29 12:45:07,2026-08-29 12:45:07
CR-2026-DET-245,7da8b3f7-e772-4580-b901-3beb7e65454c,d9061461-6426-4fd4-861a-d5528957c9c3,2026-01-13 18:55:00,2026-01-13 23:35:00,"Cyber Crime & Online Fraud reported at Vijayapura Fort Area, Vijayapura","electronic surveillance evasion, cash-only transactions",appealed,high,55,5bbc94f3-51a0-47de-802a-dd4b4ccedab1,demo,,,,833e7c39-16c9-492f-a342-218ca34091b9,2026-08-29 12:45:08,2026-08-29 12:45:08
CR-2026-DET-176,9fe65fd9-5b8c-4ac3-9804-84fbe22d9b1f,8ca968cd-085f-4ed9-a02e-90b26d1f329a,2025-06-18 21:45:00,2025-06-19 00:30:00,"Smuggling & Excise Violations reported at Hubli Traffic Island, Dharwad","temple crowd chain snatching, getaway bike, gold targeting, [ANOMALY_FLAGGED: unexpected high-severity off-hour spike]",open,critical,16,905faca5-a4ac-49a1-bc88-1d5e1907b6cb,demo,,,,83863ac9-745a-44e3-9c03-9e975872e3b6,2026-08-29 12:45:08,2026-08-29 12:45:08
CR-2026-DET-298,9fe65fd9-5b8c-4ac3-9804-84fbe22d9b1f,16f21049-399e-4ccc-bbb9-a42983811b9c,2026-06-20 03:55:00,2026-06-20 08:35:00,"Smuggling & Excise Violations reported at Harbor Gate A, Dakshina Kannada","fake identity documents, vehicle reconnaissance, warehouse hideout used",investigating,low,65,83c263dd-8664-438d-8f3e-f73f66c623f9,demo,,,,839e055f-ed6d-4aca-998f-9faff861318c,2026-08-29 12:45:08,2026-08-29 12:45:08
CR-2026-DET-140,537eee7f-7c4d-415e-b9be-792c02658f23,b3cbd8d6-4a2b-412c-aa14-22d9f749ee8f,2025-03-03 19:45:00,2025-03-03 22:40:00,"Property Disputes reported at Gauribidanur Cross, Chikkaballapura","land document forgery, witness intimidation, fake power of attorney",open,critical,17,bf35b187-ebe7-4b59-8410-4293f883621a,demo,,,,84ba8e8c-cb5b-4a19-bc72-4e1ea49d6c2e,2026-08-29 12:45:07,2026-08-29 12:45:07
CR-2026-DET-019,537eee7f-7c4d-415e-b9be-792c02658f23,e64fc5b2-4ce1-4c28-b5c3-8a24843777c5,2024-03-05 17:55:00,2024-03-05 22:10:00,"Property Disputes reported at Betageri Cross, Gadag","interstate transit, concealed false compartment, synthetic MDMA, dead drop",appealed,critical,22,b19d0b00-458c-4d08-b530-342a4d4f368b,demo,,,,84f79fe6-54f7-4ff0-baef-5488318d562e,2026-08-29 12:45:07,2026-08-29 12:45:07
CR-2026-DET-138,7da8b3f7-e772-4580-b901-3beb7e65454c,a78860ab-f799-443b-8a88-1698ef2a4c5c,2025-02-27 13:00:00,2025-02-27 14:25:00,"Cyber Crime & Online Fraud reported at Gundlupet Junction, Chamarajanagar","fake customer care portal, OTP interception, remote access app",closed,medium,100,a42d03ad-0de6-4b92-96ef-5ab3f60aff1e,demo,,,,8517a5db-ec0f-4044-8b16-ae050c06c213,2026-08-29 12:45:07,2026-08-29 12:45:07
CR-2026-DET-013,b832740f-0285-496a-8ae7-c0ba3fce708b,dad870c6-c84b-4236-96b9-96b945aef839,2024-02-17 22:10:00,2024-02-18 01:25:00,"Narcotics Smuggling Services reported at Yellapur Junction, Uttara Kannada","coordinated group activity, night operation",open,high,25,8e38105b-15a3-48cb-8fe4-88a34542ccfa,demo,,,,853c974f-c0ff-4a7f-88b3-da03a02c4207,2026-08-29 12:45:07,2026-08-29 12:45:07
CR-2026-DET-001,7da8b3f7-e772-4580-b901-3beb7e65454c,d4bbaa84-6a09-47e5-a52d-738e27f8db20,2024-01-14 11:05:00,2024-01-14 13:45:00,"Cyber Crime & Online Fraud reported at Bellary City Center, Ballari","scooter reconnaissance, crowbar entry, night operation, cash targeting, [ANOMALY_FLAGGED: unexpected high-severity off-hour spike]",open,critical,13,35ec4bb7-90e0-43a2-9e8a-289e1339f1a0,demo,,,,85480888-3872-402c-b20c-82cfb9837fde,2026-08-29 12:45:07,2026-08-29 12:45:07
CR-2026-DET-110,1b770b27-4234-44c6-836f-811c4b1b0dca,eadefec7-c66a-4a79-a719-3e5c4741de09,2024-12-05 00:05:00,2024-12-05 02:45:00,"Illegal Mining Violations reported at Chitradurga Fort Area, Chitradurga","warehouse hideout used, modified vehicle plates",appealed,medium,82,cf8c9086-2c1f-460b-86ae-70194c545cf9,demo,,,,85edf476-0108-48c7-bcb4-88c7d0304f4b,2026-08-29 12:45:07,2026-08-29 12:45:07
CR-2026-DET-051,7da8b3f7-e772-4580-b901-3beb7e65454c,304c385e-8058-4cac-afa7-ad6cf9798c15,2024-06-12 15:10:00,2024-06-12 18:50:00,"Cyber Crime & Online Fraud reported at Chikkaballapura Town, Chikkaballapura","coordinated group activity, warehouse hideout used, electronic surveillance evasion, [ANOMALY_FLAGGED: unexpected high-severity off-hour spike]",open,critical,44,bf35b187-ebe7-4b59-8410-4293f883621a,demo,,,,86161a59-57eb-4644-9bd0-1e5472e9177e,2026-08-29 12:45:07,2026-08-29 12:45:07
CR-2026-DET-215,e8dd85a6-421f-452c-811a-c3bed4e9a18b,03b9d756-8425-4ffb-b5a2-04eb70a3d54d,2025-10-17 01:50:00,2025-10-17 05:20:00,"Theft & Burglaries reported at Channapatna Bus Stand, Ramanagara","crypto mule routing, fake KYC, call spoofing, high-yield investment scam",open,high,50,5121147d-f1ba-4bf4-9391-f5b7bb9124fb,demo,,,,867c4a68-08ca-4301-89ac-97e87ea54e1a,2026-08-29 12:45:08,2026-08-29 12:45:08
CR-2026-DET-270,53249216-9af1-450e-b498-547d83a6ba26,088c09b4-a045-45b9-80b7-a9c61158ce49,2026-03-30 16:00:00,2026-03-30 17:25:00,"Assault reported at Ramanagara Town Center, Ramanagara","interstate transit, concealed false compartment, synthetic MDMA, dead drop",unsolved,medium,60,5121147d-f1ba-4bf4-9391-f5b7bb9124fb,demo,,,,87306f68-eeb5-4bdc-80bd-c1c335ffa5d4,2026-08-29 12:45:08,2026-08-29 12:45:08
CR-2026-DET-031,b832740f-0285-496a-8ae7-c0ba3fce708b,e1cb5409-f69e-45e2-b587-aed5764741bd,2024-04-09 03:35:00,2024-04-09 07:45:00,"Narcotics Smuggling Services reported at Ballari Mines Sector B, Ballari","vehicle reconnaissance, cash-only transactions, crowbar lock bypass",open,low,24,35ec4bb7-90e0-43a2-9e8a-289e1339f1a0,demo,,,,886fe6b7-2b1f-46ff-8886-ce82f0b0b667,2026-08-29 12:45:07,2026-08-29 12:45:07
CR-2026-DET-094,b832740f-0285-496a-8ae7-c0ba3fce708b,8fed2fe8-53a5-43e6-a4f8-64dc40e0e239,2024-10-19 21:25:00,2024-10-19 23:50:00,"Narcotics Smuggling Services reported at Gadag Town Center, Gadag","highway cargo truck hijacking, driver assault, remote warehouse offload",open,medium,36,b19d0b00-458c-4d08-b530-342a4d4f368b,demo,,,,88a3aa18-c4e3-4421-b40c-6cada51abdd5,2026-08-29 12:45:07,2026-08-29 12:45:07
CR-2026-HSN-002,7da8b3f7-e772-4580-b901-3beb7e65454c,3388760d-ac61-45c4-bb24-2bca38f6d13e,2026-08-19 16:15:00,2026-08-19 21:05:00,"Cyber Crime & Online Fraud reported at Arsikere Town Road, Hassan",fake customer care scam targeting farmers,open,medium,20,d90df2b2-c392-4aed-8af3-1024b8d7e0a0,demo,,,,8900e353-d4dd-4b14-9d4b-ac36327f8af7,2026-08-29 12:45:07,2026-08-29 12:45:07
CR-2026-DET-128,1b770b27-4234-44c6-836f-811c4b1b0dca,4e91e45a-2b03-406d-808b-cf92fa79f91d,2025-01-26 04:55:00,2025-01-26 09:45:00,"Illegal Mining Violations reported at Bangarapet Station Road, Kolar","fake customer care portal, OTP interception, remote access app",investigating,high,58,314c456a-4c37-43b1-99a0-4b6239463b6f,demo,,,,89411188-e3ec-4273-9021-6c4c8d8fd456,2026-08-29 12:45:07,2026-08-29 12:45:07
CR-2026-DET-232,7da8b3f7-e772-4580-b901-3beb7e65454c,0981e5d1-2018-463a-8b8a-1e5fdcf2506b,2025-12-04 16:00:00,2025-12-04 17:30:00,"Cyber Crime & Online Fraud reported at Tumkuru Industrial Road, Tumkuru","land document forgery, witness intimidation, fake power of attorney",open,medium,50,32ef8189-db8a-47c3-b687-3bf34a097b2b,demo,,,,895591a2-c075-4faf-8c77-9b6769eb3ed4,2026-08-29 12:45:08,2026-08-29 12:45:08
CR-2026-DET-165,b832740f-0285-496a-8ae7-c0ba3fce708b,60a1ce7d-e7ff-4d1b-8b91-39b289f3bfa9,2025-05-18 03:55:00,2025-05-18 08:25:00,"Narcotics Smuggling Services reported at Shimoga City Center, Shimoga","warehouse hideout used, night operation",closed,critical,100,19ac4d07-7b48-4c0f-b27c-c36fdb9bf801,demo,,,,89d60a18-d531-4bc7-9fc6-1604cb50e586,2026-08-29 12:45:08,2026-08-29 12:45:08
CR-2026-DET-228,e8dd85a6-421f-452c-811a-c3bed4e9a18b,ee3d6a63-af53-4c1c-b088-c69307792f39,2025-11-22 23:25:00,2025-11-23 02:10:00,"Theft & Burglaries reported at Gulbarga University Road, Kalaburagi","fake customer care portal, OTP interception, remote access app",unsolved,critical,28,c01b3bfb-4c1b-4e70-bd24-9411fd4745f0,demo,,,,8a2c9fcc-d6a2-4cc4-87ac-031e622db58d,2026-08-29 12:45:08,2026-08-29 12:45:08
CR-2026-DET-041,9fe65fd9-5b8c-4ac3-9804-84fbe22d9b1f,d4a7d6da-b132-4b42-a3fd-2a3d537a912f,2024-05-09 03:55:00,2024-05-09 08:45:00,"Smuggling & Excise Violations reported at Harpanahalli Junction, Davanagere",fake identity documents,investigating,high,55,c31cd5b1-71b1-4e9d-a06b-9fadde8f9e6f,demo,,,,8a6403ce-54d2-4fa3-9914-3ac9902cb92b,2026-08-29 12:45:07,2026-08-29 12:45:07
CR-2026-DET-082,537eee7f-7c4d-415e-b9be-792c02658f23,088c09b4-a045-45b9-80b7-a9c61158ce49,2024-09-13 08:20:00,2024-09-13 09:40:00,"Property Disputes reported at Ramanagara Town Center, Ramanagara","modified vehicle plates, cash-only transactions, warehouse hideout used",investigating,high,84,5121147d-f1ba-4bf4-9391-f5b7bb9124fb,demo,,,,8b69f6f9-d0f8-4baa-8b11-f7c34519a4eb,2026-08-29 12:45:07,2026-08-29 12:45:07
CR-2026-DET-181,7da8b3f7-e772-4580-b901-3beb7e65454c,088c09b4-a045-45b9-80b7-a9c61158ce49,2025-07-05 17:05:00,2025-07-05 19:30:00,"Cyber Crime & Online Fraud reported at Ramanagara Town Center, Ramanagara","highway cargo truck hijacking, driver assault, remote warehouse offload",appealed,medium,40,5121147d-f1ba-4bf4-9391-f5b7bb9124fb,demo,,,,8c3af1c1-b5f0-4cda-974e-5fd2af961094,2026-08-29 12:45:08,2026-08-29 12:45:08
CR-2026-DET-163,1b770b27-4234-44c6-836f-811c4b1b0dca,7eb21de1-5854-4fe8-aa0b-1ec6865450bd,2025-05-11 03:20:00,2025-05-11 04:20:00,"Illegal Mining Violations reported at Vani Vilas Mohalla, Mysuru","scooter reconnaissance, crowbar entry, night operation, cash targeting",closed,medium,100,6d399214-9acb-4a0b-98c8-ae0b2a17b775,demo,,,,8cf71d0e-5390-408c-afc0-d35b0f916f03,2026-08-29 12:45:08,2026-08-29 12:45:08
CR-2026-DET-129,1b770b27-4234-44c6-836f-811c4b1b0dca,135c6677-bd43-49e4-a2e3-7cff53d3bbd2,2025-01-31 03:20:00,2025-01-31 05:05:00,"Illegal Mining Violations reported at Raichur Town Center, Raichur",electronic surveillance evasion,investigating,medium,64,4c15aede-a2ad-4322-bb3e-1264d9593b53,demo,,,,8cfd7fb0-19e8-4d5a-b3f8-2a5841aaac64,2026-08-29 12:45:07,2026-08-29 12:45:07
CR-2026-DET-134,9fe65fd9-5b8c-4ac3-9804-84fbe22d9b1f,5746881f-84f3-4219-92fb-0ed29d4d8936,2025-02-14 03:35:00,2025-02-14 08:10:00,"Smuggling & Excise Violations reported at Mysuru-Mandya Highway, Mandya","fake customer care portal, OTP interception, remote access app",open,low,20,f36f5a0e-c026-4c91-9ec4-02b25920283e,demo,,,,8d8effd6-7045-4ee8-989c-036db6be4ea3,2026-08-29 12:45:07,2026-08-29 12:45:07
CR-2026-DET-080,7da8b3f7-e772-4580-b901-3beb7e65454c,8cc97cfd-82fe-492f-b5e9-b66d17ce4a58,2024-09-04 15:40:00,2024-09-04 16:50:00,"Cyber Crime & Online Fraud reported at Hiriyur Junction, Chitradurga","scooter reconnaissance, crowbar entry, night operation, cash targeting",appealed,high,58,cf8c9086-2c1f-460b-86ae-70194c545cf9,demo,,,,8db6093c-0848-4823-bb9b-e3d44f844f55,2026-08-29 12:45:07,2026-08-29 12:45:07
CR-2026-MYS-002,e8dd85a6-421f-452c-811a-c3bed4e9a18b,f08b6675-bdea-4824-ab7b-02bc87e80982,2026-08-11 01:10:00,2026-08-11 05:00:00,"Theft & Burglaries reported at Devaraja Market Zone, Mysuru","repeat balcony entry, jewellery targeting",closed,medium,100,6d399214-9acb-4a0b-98c8-ae0b2a17b775,demo,,,,8ef3f28f-fb5b-40ac-9f29-df82186fb78c,2026-08-29 12:45:07,2026-08-29 12:45:07
CR-2026-DET-034,7da8b3f7-e772-4580-b901-3beb7e65454c,39c5202a-873d-4ce4-b993-90e8e720913a,2024-04-21 15:40:00,2024-04-21 16:45:00,"Cyber Crime & Online Fraud reported at Jayanagar 4th Block, Bengaluru Urban","cash-only transactions, night operation, vehicle reconnaissance",investigating,medium,57,643e99ee-2480-49cb-b1b0-23ff69b53493,demo,,,,902976d5-0f45-4a8a-b385-8d6c94df2888,2026-08-29 12:45:07,2026-08-29 12:45:07
CR-2026-DET-025,1b770b27-4234-44c6-836f-811c4b1b0dca,088c09b4-a045-45b9-80b7-a9c61158ce49,2024-03-22 04:55:00,2024-03-22 09:45:00,"Illegal Mining Violations reported at Ramanagara Town Center, Ramanagara","warehouse hideout used, cash-only transactions",open,critical,50,5121147d-f1ba-4bf4-9391-f5b7bb9124fb,demo,,,,91e0ce1c-7cc9-450f-b188-3a892e9640fc,2026-08-29 12:45:07,2026-08-29 12:45:07
CR-2026-DET-002,9fe65fd9-5b8c-4ac3-9804-84fbe22d9b1f,10bd2f3d-caec-4202-8ed8-5efd2c067854,2024-01-17 23:35:00,2024-01-18 03:55:00,"Smuggling & Excise Violations reported at Kolar Gold Fields Road, Kolar","modified vehicle plates, coordinated group activity, warehouse hideout used",closed,high,100,314c456a-4c37-43b1-99a0-4b6239463b6f,demo,,,,934f2bc5-1911-4678-9619-563d30dc484e,2026-08-29 12:45:07,2026-08-29 12:45:07
CR-2026-DET-177,7da8b3f7-e772-4580-b901-3beb7e65454c,5746881f-84f3-4219-92fb-0ed29d4d8936,2025-06-25 17:05:00,2025-06-25 19:55:00,"Cyber Crime & Online Fraud reported at Mysuru-Mandya Highway, Mandya","crowbar lock bypass, warehouse hideout used, fake identity documents",closed,high,100,f36f5a0e-c026-4c91-9ec4-02b25920283e,demo,,,,93bb26e2-3115-4ba0-a6db-d494f415fe04,2026-08-29 12:45:08,2026-08-29 12:45:08
CR-2026-DET-294,019ae936-623e-4279-8981-d5b369e400f3,d9061461-6426-4fd4-861a-d5528957c9c3,2026-06-11 19:15:00,2026-06-11 23:40:00,"Domestic Violence reported at Vijayapura Fort Area, Vijayapura","temple crowd chain snatching, getaway bike, gold targeting",investigating,critical,80,5bbc94f3-51a0-47de-802a-dd4b4ccedab1,demo,,,,948c25b6-2d40-4a3d-9ab7-1d3ddebc22b1,2026-08-29 12:45:08,2026-08-29 12:45:08
CR-2026-DET-258,e8dd85a6-421f-452c-811a-c3bed4e9a18b,eadefec7-c66a-4a79-a719-3e5c4741de09,2026-02-19 00:25:00,2026-02-19 02:35:00,"Theft & Burglaries reported at Chitradurga Fort Area, Chitradurga","fake customer care portal, OTP interception, remote access app",appealed,high,40,cf8c9086-2c1f-460b-86ae-70194c545cf9,demo,,,,95b25f75-3901-42ab-aeae-f905b4dd51f7,2026-08-29 12:45:08,2026-08-29 12:45:08
CR-2026-DET-255,019ae936-623e-4279-8981-d5b369e400f3,1b75697a-1226-432a-aaff-763cc0bee9d2,2026-02-10 19:50:00,2026-02-10 23:10:00,"Domestic Violence reported at Madikeri Town Center, Kodagu","crypto mule routing, fake KYC, call spoofing, high-yield investment scam",closed,critical,100,e44eac9d-cdbe-4431-b175-c6dd48feca28,demo,,,,968a492b-8c08-484b-be53-e245f0d54f04,2026-08-29 12:45:08,2026-08-29 12:45:08
CR-2026-DET-278,537eee7f-7c4d-415e-b9be-792c02658f23,9886a1e3-8a71-4d49-aad5-bbfe6e8c7a98,2026-04-21 08:40:00,2026-04-21 10:20:00,"Property Disputes reported at Haveri Bus Stand Area, Haveri","coordinated group activity, crowbar lock bypass, night operation",open,medium,29,c64ed64b-cdd0-4f79-9a2a-f2df9ce61320,demo,,,,96943fd5-c225-4eb9-9487-64ecc9b83be2,2026-08-29 12:45:08,2026-08-29 12:45:08
CR-2026-BLR-002,b832740f-0285-496a-8ae7-c0ba3fce708b,d4bbaa84-6a09-47e5-a52d-738e27f8db20,2026-08-19 20:20:00,2026-08-19 22:10:00,"Narcotics Smuggling Services reported at Bellary City Center, Ballari",pharmaceutical drug diversion ring,open,high,35,35ec4bb7-90e0-43a2-9e8a-289e1339f1a0,demo,,,,96d54f82-4425-479b-8238-3048ef0e0c42,2026-08-29 12:45:07,2026-08-29 12:45:07
CR-2026-DET-117,b832740f-0285-496a-8ae7-c0ba3fce708b,4e91e45a-2b03-406d-808b-cf92fa79f91d,2024-12-25 21:25:00,2024-12-26 00:20:00,"Narcotics Smuggling Services reported at Bangarapet Station Road, Kolar","fake customer care portal, OTP interception, remote access app",open,medium,21,314c456a-4c37-43b1-99a0-4b6239463b6f,demo,,,,970780ec-3992-456c-b1c5-06b12b5a0a1e,2026-08-29 12:45:07,2026-08-29 12:45:07
CR-2026-CMR-002,537eee7f-7c4d-415e-b9be-792c02658f23,a78860ab-f799-443b-8a88-1698ef2a4c5c,2026-08-05 15:35:00,2026-08-05 19:40:00,"Property Disputes reported at Gundlupet Junction, Chamarajanagar","encroachment of SC/ST land, forged title",investigating,medium,40,a42d03ad-0de6-4b92-96ef-5ab3f60aff1e,demo,,,,986c244c-4d59-457a-aa8b-a18f4738ff7e,2026-08-29 12:45:07,2026-08-29 12:45:07
CR-2026-DET-182,53249216-9af1-450e-b498-547d83a6ba26,42d2be64-dfc5-47d2-afd1-a3dcde829269,2025-07-06 10:00:00,2025-07-06 11:50:00,"Assault reported at Yadagir Town Center, Yadagir","fake customer care portal, OTP interception, remote access app",appealed,medium,57,27fea9ae-f398-4c45-a286-94af0bd08807,demo,,,,98c9d1f0-6abb-4bcb-b938-43dffd403871,2026-08-29 12:45:08,2026-08-29 12:45:08
CR-2026-DET-283,537eee7f-7c4d-415e-b9be-792c02658f23,eadefec7-c66a-4a79-a719-3e5c4741de09,2026-05-08 12:40:00,2026-05-08 14:00:00,"Property Disputes reported at Chitradurga Fort Area, Chitradurga","distillery raid, illicit arrac transport, unbranded glass bottles",open,high,7,cf8c9086-2c1f-460b-86ae-70194c545cf9,demo,,,,98ce8246-963f-4e06-af05-3111177221d2,2026-08-29 12:45:08,2026-08-29 12:45:08
CR-2026-DET-304,53249216-9af1-450e-b498-547d83a6ba26,bafdb499-eb05-4f1a-99d6-f9eeed47fd2e,2026-07-09 20:00:00,2026-07-09 21:05:00,"Assault reported at Puttur Town Center, Dakshina Kannada","electronic surveillance evasion, modified vehicle plates",unsolved,critical,22,83c263dd-8664-438d-8f3e-f73f66c623f9,demo,,,,99524326-e554-4306-9104-3ed8a06a40ba,2026-08-29 12:45:08,2026-08-29 12:45:08
CR-2026-MND-001,019ae936-623e-4279-8981-d5b369e400f3,9f99dfc3-9d40-4c97-832b-59260dfdad8a,2026-08-15 19:25:00,2026-08-15 21:25:00,"Domestic Violence reported at Mandya Town Center, Mandya",dowry harassment and physical assault,open,medium,25,f36f5a0e-c026-4c91-9ec4-02b25920283e,demo,,,,9965c0e3-2400-46ae-bdfe-cab1444de54b,2026-08-29 12:45:07,2026-08-29 12:45:07
CR-2026-DET-076,019ae936-623e-4279-8981-d5b369e400f3,d9061461-6426-4fd4-861a-d5528957c9c3,2024-08-22 18:35:00,2024-08-22 22:40:00,"Domestic Violence reported at Vijayapura Fort Area, Vijayapura","temple crowd chain snatching, getaway bike, gold targeting, [ANOMALY_FLAGGED: unexpected high-severity off-hour spike]",open,critical,34,5bbc94f3-51a0-47de-802a-dd4b4ccedab1,demo,,,,9a24f941-d25f-45c1-9360-8c8627fb6e83,2026-08-29 12:45:07,2026-08-29 12:45:07
CR-2026-MND-002,9fe65fd9-5b8c-4ac3-9804-84fbe22d9b1f,5746881f-84f3-4219-92fb-0ed29d4d8936,2026-08-08 23:55:00,2026-08-09 04:50:00,"Smuggling & Excise Violations reported at Mysuru-Mandya Highway, Mandya",illicit arrac transport via highway,open,medium,30,f36f5a0e-c026-4c91-9ec4-02b25920283e,demo,,,,9a88a0ad-a2ac-424b-a4d2-f7ad76a84304,2026-08-29 12:45:07,2026-08-29 12:45:07
CR-2026-DET-023,7da8b3f7-e772-4580-b901-3beb7e65454c,8cc97cfd-82fe-492f-b5e9-b66d17ce4a58,2024-03-16 17:05:00,2024-03-16 19:10:00,"Cyber Crime & Online Fraud reported at Hiriyur Junction, Chitradurga",fake identity documents,open,low,42,cf8c9086-2c1f-460b-86ae-70194c545cf9,demo,,,,9af383fb-d75d-4d5e-ac70-84dc15a9fc12,2026-08-29 12:45:07,2026-08-29 12:45:07
CR-2026-DET-218,019ae936-623e-4279-8981-d5b369e400f3,3d6a60ba-8f85-4f78-8477-37b0aca20425,2025-10-23 22:15:00,2025-10-24 02:40:00,"Domestic Violence reported at Jamakhandi Station Road, Bagalkote","temple crowd chain snatching, getaway bike, gold targeting",appealed,high,41,b9af6e21-ff39-4174-bce7-d4fcdcfc9a9d,demo,,,,9b077177-574d-4bc5-b048-19251435274f,2026-08-29 12:45:08,2026-08-29 12:45:08
CR-2026-DET-291,7da8b3f7-e772-4580-b901-3beb7e65454c,9f99dfc3-9d40-4c97-832b-59260dfdad8a,2026-06-02 16:30:00,2026-06-02 20:05:00,"Cyber Crime & Online Fraud reported at Mandya Town Center, Mandya","crypto mule routing, fake KYC, call spoofing, high-yield investment scam",open,medium,21,f36f5a0e-c026-4c91-9ec4-02b25920283e,demo,,,,9c1a7ab3-78e4-4be4-8b2d-719adda23594,2026-08-29 12:45:08,2026-08-29 12:45:08
CR-2026-CMR-001,53249216-9af1-450e-b498-547d83a6ba26,aee07501-43c6-40b9-8cad-266365912cc2,2026-08-13 09:15:00,2026-08-13 13:25:00,"Assault reported at Chamarajanagar Town, Chamarajanagar",village boundary dispute assault,open,medium,20,a42d03ad-0de6-4b92-96ef-5ab3f60aff1e,demo,,,,9c9dd48a-5386-4a1b-84fa-5cecec51ff38,2026-08-29 12:45:07,2026-08-29 12:45:07
CR-2026-DET-116,e8dd85a6-421f-452c-811a-c3bed4e9a18b,60a1ce7d-e7ff-4d1b-8b91-39b289f3bfa9,2024-12-20 23:20:00,2024-12-21 00:30:00,"Theft & Burglaries reported at Shimoga City Center, Shimoga","crowbar lock bypass, coordinated group activity, cash-only transactions",unsolved,medium,53,19ac4d07-7b48-4c0f-b27c-c36fdb9bf801,demo,,,,9fa879d3-a095-44a2-996b-2f82394e8924,2026-08-29 12:45:07,2026-08-29 12:45:07
CR-2026-DET-273,e8dd85a6-421f-452c-811a-c3bed4e9a18b,304c385e-8058-4cac-afa7-ad6cf9798c15,2026-04-08 21:30:00,2026-04-09 01:00:00,"Theft & Burglaries reported at Chikkaballapura Town, Chikkaballapura",night operation,investigating,high,72,bf35b187-ebe7-4b59-8410-4293f883621a,demo,,,,9fe6477f-a499-4e07-9862-f96059c28999,2026-08-29 12:45:08,2026-08-29 12:45:08
CR-2026-MNG-004,53249216-9af1-450e-b498-547d83a6ba26,f07ae8af-ace2-4c71-a2dc-af921c23b8c5,2026-08-02 10:20:00,2026-08-02 11:30:00,"Assault reported at Surathkal Beach Road, Dakshina Kannada",road rage assault with weapon,closed,medium,100,83c263dd-8664-438d-8f3e-f73f66c623f9,demo,,,,a096c3ab-bf86-4217-a4ac-b8c7faa9ea97,2026-08-29 12:45:07,2026-08-29 12:45:07
CR-2026-DET-143,537eee7f-7c4d-415e-b9be-792c02658f23,8fed2fe8-53a5-43e6-a4f8-64dc40e0e239,2025-03-13 19:05:00,2025-03-13 21:20:00,"Property Disputes reported at Gadag Town Center, Gadag","cash-only transactions, crowbar lock bypass",appealed,medium,88,b19d0b00-458c-4d08-b530-342a4d4f368b,demo,,,,a0af1336-8a0e-4208-88cc-59fe766a4b72,2026-08-29 12:45:08,2026-08-29 12:45:08
CR-2026-DET-317,7da8b3f7-e772-4580-b901-3beb7e65454c,8534693e-6e1d-4a29-aeae-e35baf000f0a,2026-08-16 16:00:00,2026-08-16 17:50:00,"Cyber Crime & Online Fraud reported at Bagalkote Main Road, Bagalkote","scooter reconnaissance, crowbar entry, night operation, cash targeting",investigating,medium,72,b9af6e21-ff39-4174-bce7-d4fcdcfc9a9d,demo,,,,a0f5fce0-36ae-4068-9dbf-80165deb9439,2026-08-29 12:45:08,2026-08-29 12:45:08
CR-2026-DET-297,e8dd85a6-421f-452c-811a-c3bed4e9a18b,aee07501-43c6-40b9-8cad-266365912cc2,2026-06-20 00:50:00,2026-06-20 03:55:00,"Theft & Burglaries reported at Chamarajanagar Town, Chamarajanagar","distillery raid, illicit arrac transport, unbranded glass bottles",unsolved,high,62,a42d03ad-0de6-4b92-96ef-5ab3f60aff1e,demo,,,,a1480d60-21b2-4c7e-a4c2-b1b7227e87ed,2026-08-29 12:45:08,2026-08-29 12:45:08
CR-2026-DET-033,b832740f-0285-496a-8ae7-c0ba3fce708b,a4bedd52-a3dc-4a90-8569-dca5662935e5,2024-04-17 21:45:00,2024-04-18 00:30:00,"Narcotics Smuggling Services reported at Chowk Survey Layout, Kalaburagi","interstate transit, concealed false compartment, synthetic MDMA, dead drop",investigating,low,70,c01b3bfb-4c1b-4e70-bd24-9411fd4745f0,demo,,,,a1e6f5c9-7041-4bc3-b9e2-b1542469509f,2026-08-29 12:45:07,2026-08-29 12:45:07
CR-2026-DET-237,9fe65fd9-5b8c-4ac3-9804-84fbe22d9b1f,d4a7d6da-b132-4b42-a3fd-2a3d537a912f,2025-12-21 23:55:00,2025-12-22 04:25:00,"Smuggling & Excise Violations reported at Harpanahalli Junction, Davanagere","warehouse hideout used, fake identity documents",closed,high,100,c31cd5b1-71b1-4e9d-a06b-9fadde8f9e6f,demo,,,,a2ca6f13-5dc6-4d3c-9ca9-33dfb8deb5d4,2026-08-29 12:45:08,2026-08-29 12:45:08
CR-2026-DET-097,e8dd85a6-421f-452c-811a-c3bed4e9a18b,0981e5d1-2018-463a-8b8a-1e5fdcf2506b,2024-10-25 01:50:00,2024-10-25 05:20:00,"Theft & Burglaries reported at Tumkuru Industrial Road, Tumkuru",vehicle reconnaissance,appealed,critical,86,32ef8189-db8a-47c3-b687-3bf34a097b2b,demo,,,,a475f9d2-6252-4289-af18-97d242f42a71,2026-08-29 12:45:07,2026-08-29 12:45:07
CR-2026-DET-251,e8dd85a6-421f-452c-811a-c3bed4e9a18b,dad870c6-c84b-4236-96b9-96b945aef839,2026-02-01 23:00:00,2026-02-02 00:50:00,"Theft & Burglaries reported at Yellapur Junction, Uttara Kannada","fake identity documents, modified vehicle plates, warehouse hideout used, [ANOMALY_FLAGGED: unexpected high-severity off-hour spike]",closed,critical,100,8e38105b-15a3-48cb-8fe4-88a34542ccfa,demo,,,,a4eaef36-0e75-4812-8abc-5a82272586b3,2026-08-29 12:45:08,2026-08-29 12:45:08
CR-2026-DET-248,7da8b3f7-e772-4580-b901-3beb7e65454c,60a1ce7d-e7ff-4d1b-8b91-39b289f3bfa9,2026-01-23 13:15:00,2026-01-23 17:40:00,"Cyber Crime & Online Fraud reported at Shimoga City Center, Shimoga","fake customer care portal, OTP interception, remote access app",appealed,medium,39,19ac4d07-7b48-4c0f-b27c-c36fdb9bf801,demo,,,,a6a751da-b91f-4820-a206-35d6fa32dc8c,2026-08-29 12:45:08,2026-08-29 12:45:08
CR-2026-DET-003,53249216-9af1-450e-b498-547d83a6ba26,6df48abb-bec2-46fd-b5f2-fedb99cfbb11,2024-01-16 12:10:00,2024-01-16 16:00:00,"Assault reported at Khade Bazar Checkpoint, Belagavi","crypto mule routing, fake KYC, call spoofing, high-yield investment scam",unsolved,medium,64,31d37711-b1aa-44be-b8fd-c1a4355577d9,demo,,,,a731184f-93d6-40c0-8fd3-5688b379a177,2026-08-29 12:45:07,2026-08-29 12:45:07
CR-2026-DET-281,9fe65fd9-5b8c-4ac3-9804-84fbe22d9b1f,03b9d756-8425-4ffb-b5a2-04eb70a3d54d,2026-05-02 02:50:00,2026-05-02 06:45:00,"Smuggling & Excise Violations reported at Channapatna Bus Stand, Ramanagara","cash-only transactions, fake identity documents",closed,critical,100,5121147d-f1ba-4bf4-9391-f5b7bb9124fb,demo,,,,a8a1f1e1-b03b-4022-a661-0ed582127ea5,2026-08-29 12:45:08,2026-08-29 12:45:08
CR-2026-BNG-004,7da8b3f7-e772-4580-b901-3beb7e65454c,595f8b31-6c92-4d7b-868e-311497cbda34,2026-08-15 17:50:00,2026-08-15 20:55:00,"Cyber Crime & Online Fraud reported at HSR Layout Beat, Bengaluru Urban",cryptocurrency exchange scam,investigating,critical,55,643e99ee-2480-49cb-b1b0-23ff69b53493,demo,,,,a9d3a055-8219-4e8c-9d9b-ad03bc6ffb57,2026-08-29 12:45:07,2026-08-29 12:45:07
CR-2026-BDR-002,53249216-9af1-450e-b498-547d83a6ba26,af5fa199-cce9-4618-b574-e182e434dd6f,2026-07-30 10:50:00,2026-07-30 14:30:00,"Assault reported at Homnabad Cross, Bidar",communal tension assault incident,closed,high,100,2fd383db-cd0b-4cca-9161-74533c0a3647,demo,,,,aabf2b87-b00f-4c70-a5a0-23f28b027fed,2026-08-29 12:45:07,2026-08-29 12:45:07
CR-2026-BLR-001,1b770b27-4234-44c6-836f-811c4b1b0dca,e1cb5409-f69e-45e2-b587-aed5764741bd,2026-08-16 23:30:00,2026-08-17 02:40:00,"Illegal Mining Violations reported at Ballari Mines Sector B, Ballari",night mineral transport convoy,open,high,80,35ec4bb7-90e0-43a2-9e8a-289e1339f1a0,demo,,,,ab3d83c8-3120-4812-a7c3-a5da8f1627e3,2026-08-29 12:45:07,2026-08-29 12:45:07
CR-2026-DET-185,b832740f-0285-496a-8ae7-c0ba3fce708b,f08b6675-bdea-4824-ab7b-02bc87e80982,2025-07-18 03:15:00,2025-07-18 08:00:00,"Narcotics Smuggling Services reported at Devaraja Market Zone, Mysuru","crypto mule routing, fake KYC, call spoofing, high-yield investment scam",unsolved,high,66,6d399214-9acb-4a0b-98c8-ae0b2a17b775,demo,,,,ac2390f8-2e3d-4974-96d2-3c1ec707b22e,2026-08-29 12:45:08,2026-08-29 12:45:08
CR-2026-DET-261,e8dd85a6-421f-452c-811a-c3bed4e9a18b,97c577f1-e34f-4af8-8d26-4aa6cef67b53,2026-03-02 22:40:00,2026-03-02 23:45:00,"Theft & Burglaries reported at Udupi Krishna Math Road, Udupi","crypto mule routing, fake KYC, call spoofing, high-yield investment scam",investigating,high,63,59c075bd-c5d7-48bc-b115-91f5b0d2cf7b,demo,,,,adc133e7-4aa1-4239-983f-0e1c036c4200,2026-08-29 12:45:08,2026-08-29 12:45:08
CR-2026-DET-047,53249216-9af1-450e-b498-547d83a6ba26,d4a7d6da-b132-4b42-a3fd-2a3d537a912f,2024-05-29 20:10:00,2024-05-29 23:25:00,"Assault reported at Harpanahalli Junction, Davanagere","highway cargo truck hijacking, driver assault, remote warehouse offload",unsolved,high,78,c31cd5b1-71b1-4e9d-a06b-9fadde8f9e6f,demo,,,,aec66443-14ab-4dd3-bb0c-35f16fa3eee9,2026-08-29 12:45:07,2026-08-29 12:45:07
CR-2026-DET-179,9fe65fd9-5b8c-4ac3-9804-84fbe22d9b1f,7a1fcf66-da18-4fde-936f-31906c9a83f4,2025-06-29 01:25:00,2025-06-29 04:20:00,"Smuggling & Excise Violations reported at Koramangala Layout, Bengaluru Urban","crypto mule routing, fake KYC, call spoofing, high-yield investment scam",closed,critical,100,643e99ee-2480-49cb-b1b0-23ff69b53493,demo,,,,aee8d751-5384-4854-abe7-356c7d38c074,2026-08-29 12:45:08,2026-08-29 12:45:08
CR-2026-DET-169,7da8b3f7-e772-4580-b901-3beb7e65454c,af5fa199-cce9-4618-b574-e182e434dd6f,2025-05-29 17:50:00,2025-05-29 21:10:00,"Cyber Crime & Online Fraud reported at Homnabad Cross, Bidar","night riverbed extraction, forged transit permit, heavy excavator used",closed,medium,100,2fd383db-cd0b-4cca-9161-74533c0a3647,demo,,,,af70248b-91fe-4541-be51-6ad518eb9ec7,2026-08-29 12:45:08,2026-08-29 12:45:08
CR-2026-DET-145,7da8b3f7-e772-4580-b901-3beb7e65454c,03fdd948-c6fe-4bcb-9aba-ce5ba867ee5c,2025-03-17 16:15:00,2025-03-17 20:25:00,"Cyber Crime & Online Fraud reported at Gangavathi Road, Koppal","highway cargo truck hijacking, driver assault, remote warehouse offload",appealed,high,57,f477b6e3-1f4a-46d7-a02e-bb78a32dd82b,demo,,,,af78b4d7-8868-43d5-b0de-a69fa644a598,2026-08-29 12:45:08,2026-08-29 12:45:08
CR-2026-BNG-003,e8dd85a6-421f-452c-811a-c3bed4e9a18b,7a1fcf66-da18-4fde-936f-31906c9a83f4,2026-08-23 22:05:00,2026-08-24 00:05:00,"Theft & Burglaries reported at Koramangala Layout, Bengaluru Urban","apartment burglary, smart lock bypass",open,medium,40,643e99ee-2480-49cb-b1b0-23ff69b53493,demo,,,,afce8adf-1722-477f-bcdc-4b72e8b78acc,2026-08-29 12:45:07,2026-08-29 12:45:07
CR-2026-DET-152,7da8b3f7-e772-4580-b901-3beb7e65454c,42d2be64-dfc5-47d2-afd1-a3dcde829269,2025-04-08 18:55:00,2025-04-08 23:00:00,"Cyber Crime & Online Fraud reported at Yadagir Town Center, Yadagir","distillery raid, illicit arrac transport, unbranded glass bottles",closed,medium,100,27fea9ae-f398-4c45-a286-94af0bd08807,demo,,,,b08a6b5b-647e-4aa3-b791-3cb404b65f4f,2026-08-29 12:45:08,2026-08-29 12:45:08
CR-2026-DET-017,9fe65fd9-5b8c-4ac3-9804-84fbe22d9b1f,dc4b7077-3bfc-44e2-91fc-ac9c2ed3bf06,2024-03-02 21:45:00,2024-03-03 00:05:00,"Smuggling & Excise Violations reported at Ranebennur Cross, Haveri","night riverbed extraction, forged transit permit, heavy excavator used",open,medium,9,c64ed64b-cdd0-4f79-9a2a-f2df9ce61320,demo,,,,b0b63b06-4410-4332-8905-00c7167b4713,2026-08-29 12:45:07,2026-08-29 12:45:07
CR-2026-DET-071,e8dd85a6-421f-452c-811a-c3bed4e9a18b,10bd2f3d-caec-4202-8ed8-5efd2c067854,2024-08-11 22:15:00,2024-08-12 02:25:00,"Theft & Burglaries reported at Kolar Gold Fields Road, Kolar","fake customer care portal, OTP interception, remote access app",appealed,high,85,314c456a-4c37-43b1-99a0-4b6239463b6f,demo,,,,b13ac356-bb2e-4655-a8a3-9fcaa708c031,2026-08-29 12:45:07,2026-08-29 12:45:07
CR-2026-DET-148,e8dd85a6-421f-452c-811a-c3bed4e9a18b,9f99dfc3-9d40-4c97-832b-59260dfdad8a,2025-03-28 00:35:00,2025-03-28 04:55:00,"Theft & Burglaries reported at Mandya Town Center, Mandya","crypto mule routing, fake KYC, call spoofing, high-yield investment scam",investigating,medium,85,f36f5a0e-c026-4c91-9ec4-02b25920283e,demo,,,,b1d72b14-3c34-4d29-a5c9-0e4c9780c9d5,2026-08-29 12:45:08,2026-08-29 12:45:08
CR-2026-DET-159,9fe65fd9-5b8c-4ac3-9804-84fbe22d9b1f,0b019361-8ffd-49d7-b619-c58ae2b3a90f,2025-04-29 03:55:00,2025-04-29 08:10:00,"Smuggling & Excise Violations reported at Whitefield Cyber Cell Beat, Bengaluru Urban","warehouse hideout used, electronic surveillance evasion",unsolved,medium,83,643e99ee-2480-49cb-b1b0-23ff69b53493,demo,,,,b20efcb4-e499-496e-8907-7b88690f5f4a,2026-08-29 12:45:08,2026-08-29 12:45:08
CR-2026-DET-035,b832740f-0285-496a-8ae7-c0ba3fce708b,088c09b4-a045-45b9-80b7-a9c61158ce49,2024-04-23 20:40:00,2024-04-23 22:25:00,"Narcotics Smuggling Services reported at Ramanagara Town Center, Ramanagara","vehicle reconnaissance, modified vehicle plates, coordinated group activity",open,low,43,5121147d-f1ba-4bf4-9391-f5b7bb9124fb,demo,,,,b22a67ec-5456-4e7a-848f-bac6ea8409ea,2026-08-29 12:45:07,2026-08-29 12:45:07
CR-2026-DET-026,7da8b3f7-e772-4580-b901-3beb7e65454c,1886a491-3bc5-4de7-aeb6-2350e5a560d0,2024-03-29 17:50:00,2024-03-29 21:10:00,"Cyber Crime & Online Fraud reported at Hospet Town Center, Vijayanagara","land document forgery, witness intimidation, fake power of attorney, [ANOMALY_FLAGGED: unexpected high-severity off-hour spike]",closed,critical,100,219a87ba-850b-48e5-8a33-2151a3337db0,demo,,,,b3308fd6-e7fb-4749-aaa1-afa2b939d48c,2026-08-29 12:45:07,2026-08-29 12:45:07
CR-2026-DET-309,e8dd85a6-421f-452c-811a-c3bed4e9a18b,3388760d-ac61-45c4-bb24-2bca38f6d13e,2026-07-24 03:45:00,2026-07-24 06:30:00,"Theft & Burglaries reported at Arsikere Town Road, Hassan","coordinated group activity, darknet forum coordination, electronic surveillance evasion",open,high,8,d90df2b2-c392-4aed-8af3-1024b8d7e0a0,demo,,,,b36cc217-9b8b-49df-96ac-79e887a7a0aa,2026-08-29 12:45:08,2026-08-29 12:45:08
CR-2026-DWD-002,b832740f-0285-496a-8ae7-c0ba3fce708b,8ca968cd-085f-4ed9-a02e-90b26d1f329a,2026-08-24 20:40:00,2026-08-24 22:35:00,"Narcotics Smuggling Services reported at Hubli Traffic Island, Dharwad",interstate drug courier via bus terminal,open,critical,10,905faca5-a4ac-49a1-bc88-1d5e1907b6cb,demo,,,,b3d07a00-54d4-443e-a8dd-144d3cd1735f,2026-08-29 12:45:07,2026-08-29 12:45:07
CR-2026-DET-118,537eee7f-7c4d-415e-b9be-792c02658f23,f08b6675-bdea-4824-ab7b-02bc87e80982,2024-12-27 09:05:00,2024-12-27 11:05:00,"Property Disputes reported at Devaraja Market Zone, Mysuru","temple crowd chain snatching, getaway bike, gold targeting",unsolved,critical,50,6d399214-9acb-4a0b-98c8-ae0b2a17b775,demo,,,,b48cdc49-61ba-4b7e-a61f-d891a6c8b4b5,2026-08-29 12:45:07,2026-08-29 12:45:07
CR-2026-DET-061,b832740f-0285-496a-8ae7-c0ba3fce708b,39c5202a-873d-4ce4-b993-90e8e720913a,2024-07-08 01:45:00,2024-07-08 03:50:00,"Narcotics Smuggling Services reported at Jayanagar 4th Block, Bengaluru Urban","crypto mule routing, fake KYC, call spoofing, high-yield investment scam",open,critical,35,643e99ee-2480-49cb-b1b0-23ff69b53493,demo,,,,b5d84e84-99b6-4bad-b8dc-2c5c3889abc3,2026-08-29 12:45:07,2026-08-29 12:45:07
CR-2026-DET-254,537eee7f-7c4d-415e-b9be-792c02658f23,d4a7d6da-b132-4b42-a3fd-2a3d537a912f,2026-02-10 16:00:00,2026-02-10 17:25:00,"Property Disputes reported at Harpanahalli Junction, Davanagere","fake identity documents, modified vehicle plates",open,medium,36,c31cd5b1-71b1-4e9d-a06b-9fadde8f9e6f,demo,,,,b6ad8367-6640-44c9-be05-fb3647daa999,2026-08-29 12:45:08,2026-08-29 12:45:08
CR-2026-DET-257,b832740f-0285-496a-8ae7-c0ba3fce708b,d4bbaa84-6a09-47e5-a52d-738e27f8db20,2026-02-20 01:45:00,2026-02-20 04:30:00,"Narcotics Smuggling Services reported at Bellary City Center, Ballari","highway cargo truck hijacking, driver assault, remote warehouse offload",open,medium,10,35ec4bb7-90e0-43a2-9e8a-289e1339f1a0,demo,,,,b79d5e0b-0a43-42e6-ae74-e8e5e1d5640c,2026-08-29 12:45:08,2026-08-29 12:45:08
CR-2026-DET-032,b832740f-0285-496a-8ae7-c0ba3fce708b,4e91e45a-2b03-406d-808b-cf92fa79f91d,2024-04-13 23:15:00,2024-04-14 04:00:00,"Narcotics Smuggling Services reported at Bangarapet Station Road, Kolar","darknet forum coordination, coordinated group activity",unsolved,medium,32,314c456a-4c37-43b1-99a0-4b6239463b6f,demo,,,,b7c3ef92-430b-4b3d-a85e-335af8d7000f,2026-08-29 12:45:07,2026-08-29 12:45:07
CR-2026-MNG-002,e8dd85a6-421f-452c-811a-c3bed4e9a18b,16f21049-399e-4ccc-bbb9-a42983811b9c,2026-08-17 23:25:00,2026-08-18 02:10:00,"Theft & Burglaries reported at Harbor Gate A, Dakshina Kannada",gold chain snatching at traffic signal,open,high,35,83c263dd-8664-438d-8f3e-f73f66c623f9,demo,,,,b8046ec9-4cd8-4840-b55b-425690c71195,2026-08-29 12:45:07,2026-08-29 12:45:07
CR-2026-DET-052,b832740f-0285-496a-8ae7-c0ba3fce708b,ee3d6a63-af53-4c1c-b088-c69307792f39,2024-06-13 03:35:00,2024-06-13 08:10:00,"Narcotics Smuggling Services reported at Gulbarga University Road, Kalaburagi","highway cargo truck hijacking, driver assault, remote warehouse offload",unsolved,medium,49,c01b3bfb-4c1b-4e70-bd24-9411fd4745f0,demo,,,,ba401153-a203-4d3c-97bc-6657669fcfd2,2026-08-29 12:45:07,2026-08-29 12:45:07
CR-2026-DET-250,9fe65fd9-5b8c-4ac3-9804-84fbe22d9b1f,d4a7d6da-b132-4b42-a3fd-2a3d537a912f,2026-01-30 21:45:00,2026-01-30 23:50:00,"Smuggling & Excise Violations reported at Harpanahalli Junction, Davanagere","night riverbed extraction, forged transit permit, heavy excavator used",open,critical,11,c31cd5b1-71b1-4e9d-a06b-9fadde8f9e6f,demo,,,,ba4ff860-8003-477b-b987-1e482e31424f,2026-08-29 12:45:08,2026-08-29 12:45:08
CR-2026-KLR-002,b832740f-0285-496a-8ae7-c0ba3fce708b,4e91e45a-2b03-406d-808b-cf92fa79f91d,2026-08-22 02:50:00,2026-08-22 06:20:00,"Narcotics Smuggling Services reported at Bangarapet Station Road, Kolar",cannabis supply chain from Andhra border,investigating,high,15,314c456a-4c37-43b1-99a0-4b6239463b6f,demo,,,,bb1fbdd7-ffdd-4961-abb1-237a83bf56f7,2026-08-29 12:45:07,2026-08-29 12:45:07
CR-2026-KLR-001,e8dd85a6-421f-452c-811a-c3bed4e9a18b,10bd2f3d-caec-4202-8ed8-5efd2c067854,2026-08-07 23:55:00,2026-08-08 04:10:00,"Theft & Burglaries reported at Kolar Gold Fields Road, Kolar",gold jewellery heist during festival,open,high,40,314c456a-4c37-43b1-99a0-4b6239463b6f,demo,,,,bc0088d9-6cc7-4054-a197-da3345ffb276,2026-08-29 12:45:07,2026-08-29 12:45:07
CR-2026-DET-162,1b770b27-4234-44c6-836f-811c4b1b0dca,3388760d-ac61-45c4-bb24-2bca38f6d13e,2025-05-10 03:50:00,2025-05-10 07:40:00,"Illegal Mining Violations reported at Arsikere Town Road, Hassan","crypto mule routing, fake KYC, call spoofing, high-yield investment scam",open,high,37,d90df2b2-c392-4aed-8af3-1024b8d7e0a0,demo,,,,bc10eda1-7c9a-473c-a1b5-0be86b966815,2026-08-29 12:45:08,2026-08-29 12:45:08
CR-2026-DET-030,53249216-9af1-450e-b498-547d83a6ba26,0b019361-8ffd-49d7-b619-c58ae2b3a90f,2024-04-09 12:20:00,2024-04-09 13:20:00,"Assault reported at Whitefield Cyber Cell Beat, Bengaluru Urban","land document forgery, witness intimidation, fake power of attorney",appealed,high,80,643e99ee-2480-49cb-b1b0-23ff69b53493,demo,,,,bd8f548a-3cd5-4846-9aff-ff4cf930ac29,2026-08-29 12:45:07,2026-08-29 12:45:07
CR-2026-VJN-002,e8dd85a6-421f-452c-811a-c3bed4e9a18b,9fcb383c-3e94-43ff-a9da-349c924f7167,2026-08-08 21:15:00,2026-08-09 02:00:00,"Theft & Burglaries reported at Bellary-Hospet Road, Vijayanagara",mining equipment theft from depot,open,medium,30,219a87ba-850b-48e5-8a33-2151a3337db0,demo,,,,bd97266d-7b7a-4c3b-a1d3-954cbce5d01e,2026-08-29 12:45:07,2026-08-29 12:45:07
CR-2026-DET-253,53249216-9af1-450e-b498-547d83a6ba26,1c7e41d2-86d7-41f1-8877-d22fd4eb2a6b,2026-02-07 14:50:00,2026-02-07 18:10:00,"Assault reported at Dharwad Market Yard, Dharwad","scooter reconnaissance, crowbar entry, night operation, cash targeting",unsolved,critical,48,905faca5-a4ac-49a1-bc88-1d5e1907b6cb,demo,,,,bdffa3f1-47ac-447d-ab0d-9460e8658585,2026-08-29 12:45:08,2026-08-29 12:45:08
CR-2026-DET-075,b832740f-0285-496a-8ae7-c0ba3fce708b,3388760d-ac61-45c4-bb24-2bca38f6d13e,2024-08-19 23:35:00,2024-08-20 04:30:00,"Narcotics Smuggling Services reported at Arsikere Town Road, Hassan","scooter reconnaissance, crowbar entry, night operation, cash targeting",investigating,critical,71,d90df2b2-c392-4aed-8af3-1024b8d7e0a0,demo,,,,bed6105d-a151-43cc-b713-a3715c85b712,2026-08-29 12:45:07,2026-08-29 12:45:07
CR-2026-DET-206,019ae936-623e-4279-8981-d5b369e400f3,3733d8bd-c340-422a-b303-10f2e7871b5b,2025-09-16 22:55:00,2025-09-17 03:50:00,"Domestic Violence reported at Camp Area Patrol, Belagavi","modified vehicle plates, fake identity documents, vehicle reconnaissance",open,high,22,31d37711-b1aa-44be-b8fd-c1a4355577d9,demo,,,,bf9c7ee9-a470-4826-a42c-852271d85dac,2026-08-29 12:45:08,2026-08-29 12:45:08
CR-2026-DET-015,019ae936-623e-4279-8981-d5b369e400f3,0981e5d1-2018-463a-8b8a-1e5fdcf2506b,2024-02-21 22:15:00,2024-02-22 02:40:00,"Domestic Violence reported at Tumkuru Industrial Road, Tumkuru","distillery raid, illicit arrac transport, unbranded glass bottles",closed,critical,100,32ef8189-db8a-47c3-b687-3bf34a097b2b,demo,,,,bfa52435-215f-436d-9743-dbfdbe7f986b,2026-08-29 12:45:07,2026-08-29 12:45:07
CR-2026-DET-132,9fe65fd9-5b8c-4ac3-9804-84fbe22d9b1f,1c7e41d2-86d7-41f1-8877-d22fd4eb2a6b,2025-02-08 02:10:00,2025-02-08 06:00:00,"Smuggling & Excise Violations reported at Dharwad Market Yard, Dharwad","fake customer care portal, OTP interception, remote access app",investigating,low,85,905faca5-a4ac-49a1-bc88-1d5e1907b6cb,demo,,,,bfa69473-c007-460c-9cfe-7ea32bfadfed,2026-08-29 12:45:07,2026-08-29 12:45:07
CR-2026-DET-231,019ae936-623e-4279-8981-d5b369e400f3,595f8b31-6c92-4d7b-868e-311497cbda34,2025-12-03 21:45:00,2025-12-04 00:00:00,"Domestic Violence reported at HSR Layout Beat, Bengaluru Urban","phishing URL SMS, modified vehicle plates",open,critical,47,643e99ee-2480-49cb-b1b0-23ff69b53493,demo,,,,c0494c63-45a0-4d33-9726-f66a6c13b3c7,2026-08-29 12:45:08,2026-08-29 12:45:08
CR-2026-DET-108,7da8b3f7-e772-4580-b901-3beb7e65454c,03b9d756-8425-4ffb-b5a2-04eb70a3d54d,2024-11-26 16:30:00,2024-11-26 19:40:00,"Cyber Crime & Online Fraud reported at Channapatna Bus Stand, Ramanagara","night riverbed extraction, forged transit permit, heavy excavator used",open,medium,22,5121147d-f1ba-4bf4-9391-f5b7bb9124fb,demo,,,,c1ba78d0-13da-475b-809b-574932e46ee4,2026-08-29 12:45:07,2026-08-29 12:45:07
CR-2026-BLG-001,9fe65fd9-5b8c-4ac3-9804-84fbe22d9b1f,6df48abb-bec2-46fd-b5f2-fedb99cfbb11,2026-08-19 20:20:00,2026-08-19 21:40:00,"Smuggling & Excise Violations reported at Khade Bazar Checkpoint, Belagavi",forged inter-state clearance slips,open,low,40,31d37711-b1aa-44be-b8fd-c1a4355577d9,demo,,,,c334a8a4-988d-4354-9c14-39c5ea7a4c54,2026-08-29 12:45:07,2026-08-29 12:45:07
CR-2026-DET-068,53249216-9af1-450e-b498-547d83a6ba26,1886a491-3bc5-4de7-aeb6-2350e5a560d0,2024-07-31 16:10:00,2024-07-31 19:45:00,"Assault reported at Hospet Town Center, Vijayanagara","distillery raid, illicit arrac transport, unbranded glass bottles",open,critical,19,219a87ba-850b-48e5-8a33-2151a3337db0,demo,,,,c3db2e8e-6b48-4373-94b4-9860bc7d63c1,2026-08-29 12:45:07,2026-08-29 12:45:07
CR-2026-CTD-002,e8dd85a6-421f-452c-811a-c3bed4e9a18b,8cc97cfd-82fe-492f-b5e9-b66d17ce4a58,2026-08-02 00:55:00,2026-08-02 05:35:00,"Theft & Burglaries reported at Hiriyur Junction, Chitradurga","warehouse break-in, power tools stolen",open,medium,15,cf8c9086-2c1f-460b-86ae-70194c545cf9,demo,,,,c40d8cdf-0193-40f6-8098-3d23b6e3503b,2026-08-29 12:45:07,2026-08-29 12:45:07
CR-2026-DET-271,e8dd85a6-421f-452c-811a-c3bed4e9a18b,03fdd948-c6fe-4bcb-9aba-ce5ba867ee5c,2026-04-02 21:20:00,2026-04-02 22:40:00,"Theft & Burglaries reported at Gangavathi Road, Koppal",warehouse hideout used,open,medium,33,f477b6e3-1f4a-46d7-a02e-bb78a32dd82b,demo,,,,c45182a5-de5f-4cf1-9018-fa511d65b60a,2026-08-29 12:45:08,2026-08-29 12:45:08
CR-2026-DET-064,537eee7f-7c4d-415e-b9be-792c02658f23,ee3d6a63-af53-4c1c-b088-c69307792f39,2024-07-19 10:50:00,2024-07-19 14:30:00,"Property Disputes reported at Gulbarga University Road, Kalaburagi","forest boundary timber smuggling, midnight log transport",unsolved,low,61,c01b3bfb-4c1b-4e70-bd24-9411fd4745f0,demo,,,,c475976f-48a1-4081-850f-db10550d77fa,2026-08-29 12:45:07,2026-08-29 12:45:07
CR-2026-DET-312,1b770b27-4234-44c6-836f-811c4b1b0dca,3388760d-ac61-45c4-bb24-2bca38f6d13e,2026-08-04 23:30:00,2026-08-05 03:25:00,"Illegal Mining Violations reported at Arsikere Town Road, Hassan","electronic surveillance evasion, darknet forum coordination",investigating,critical,46,d90df2b2-c392-4aed-8af3-1024b8d7e0a0,demo,,,,c4cc3101-4ba9-4e5a-80be-885e3af6992e,2026-08-29 12:45:08,2026-08-29 12:45:08
CR-2026-DET-263,b832740f-0285-496a-8ae7-c0ba3fce708b,8ca968cd-085f-4ed9-a02e-90b26d1f329a,2026-03-09 22:50:00,2026-03-10 02:45:00,"Narcotics Smuggling Services reported at Hubli Traffic Island, Dharwad","electronic surveillance evasion, vehicle reconnaissance",closed,critical,100,905faca5-a4ac-49a1-bc88-1d5e1907b6cb,demo,,,,c54ec6ca-5ae3-420b-ba5e-9d53bdcb87e0,2026-08-29 12:45:08,2026-08-29 12:45:08
CR-2026-CTD-001,1b770b27-4234-44c6-836f-811c4b1b0dca,eadefec7-c66a-4a79-a719-3e5c4741de09,2026-08-11 00:35:00,2026-08-11 04:40:00,"Illegal Mining Violations reported at Chitradurga Fort Area, Chitradurga",illegal iron ore extraction near highway,investigating,high,45,cf8c9086-2c1f-460b-86ae-70194c545cf9,demo,,,,c56d7133-f6ff-4ab2-95ba-f7f03611bb39,2026-08-29 12:45:07,2026-08-29 12:45:07
CR-2026-DET-173,537eee7f-7c4d-415e-b9be-792c02658f23,0981e5d1-2018-463a-8b8a-1e5fdcf2506b,2025-06-11 16:00:00,2025-06-11 17:25:00,"Property Disputes reported at Tumkuru Industrial Road, Tumkuru","scooter reconnaissance, crowbar entry, night operation, cash targeting",open,high,22,32ef8189-db8a-47c3-b687-3bf34a097b2b,demo,,,,c903f87d-df4a-449f-aeb0-0ae073728cd4,2026-08-29 12:45:08,2026-08-29 12:45:08
CR-2026-DET-057,7da8b3f7-e772-4580-b901-3beb7e65454c,97c577f1-e34f-4af8-8d26-4aa6cef67b53,2024-06-28 15:55:00,2024-06-28 20:25:00,"Cyber Crime & Online Fraud reported at Udupi Krishna Math Road, Udupi","forest boundary timber smuggling, midnight log transport",unsolved,medium,33,59c075bd-c5d7-48bc-b115-91f5b0d2cf7b,demo,,,,c9465472-2a6a-4245-b855-a987c10bd2e7,2026-08-29 12:45:07,2026-08-29 12:45:07
CR-2026-DET-168,e8dd85a6-421f-452c-811a-c3bed4e9a18b,39c5202a-873d-4ce4-b993-90e8e720913a,2025-05-29 02:10:00,2025-05-29 05:25:00,"Theft & Burglaries reported at Jayanagar 4th Block, Bengaluru Urban","forest boundary timber smuggling, midnight log transport",open,high,25,643e99ee-2480-49cb-b1b0-23ff69b53493,demo,,,,ca3276e6-d405-41cc-ab0b-327ec78e7909,2026-08-29 12:45:08,2026-08-29 12:45:08
CR-2026-DET-011,537eee7f-7c4d-415e-b9be-792c02658f23,dad870c6-c84b-4236-96b9-96b945aef839,2024-02-09 18:20:00,2024-02-09 19:55:00,"Property Disputes reported at Yellapur Junction, Uttara Kannada","cash-only transactions, vehicle reconnaissance, electronic surveillance evasion",investigating,high,40,8e38105b-15a3-48cb-8fe4-88a34542ccfa,demo,,,,ca85f5aa-73aa-430a-a4cb-320008b8004e,2026-08-29 12:45:07,2026-08-29 12:45:07
CR-2026-DET-183,1b770b27-4234-44c6-836f-811c4b1b0dca,58514cca-e5de-4726-8e67-d0daff330f62,2025-07-09 03:50:00,2025-07-09 07:20:00,"Illegal Mining Violations reported at Chikkamagaluru Town, Chikkamagaluru","vehicle reconnaissance, crowbar lock bypass, warehouse hideout used",appealed,high,70,ca5236a4-32f9-4a78-8e38-29bb36d03874,demo,,,,cb1f620f-34a4-41d4-a758-363ea5aca88d,2026-08-29 12:45:08,2026-08-29 12:45:08
CR-2026-DET-081,1b770b27-4234-44c6-836f-811c4b1b0dca,5198ddb4-ccc1-4850-87eb-9de79acea356,2024-09-09 01:10:00,2024-09-09 05:00:00,"Illegal Mining Violations reported at Indi Town Center, Vijayapura","night riverbed extraction, forged transit permit, heavy excavator used",unsolved,high,22,5bbc94f3-51a0-47de-802a-dd4b4ccedab1,demo,,,,cb525e2b-3ef9-4dc4-876f-271b395f55cf,2026-08-29 12:45:07,2026-08-29 12:45:07
CR-2026-BDR-001,b832740f-0285-496a-8ae7-c0ba3fce708b,79a998be-1c0c-4399-9e2d-af98b8223fd6,2026-08-17 22:50:00,2026-08-18 02:45:00,"Narcotics Smuggling Services reported at Bidar Fort Road, Bidar",synthetic drug manufacturing unit raided,open,critical,20,2fd383db-cd0b-4cca-9161-74533c0a3647,demo,,,,cc2bc4d0-234b-4b1a-94ea-470c86175eff,2026-08-29 12:45:07,2026-08-29 12:45:07
CR-2026-KPL-001,7da8b3f7-e772-4580-b901-3beb7e65454c,e781c2c2-bc8a-4871-883d-091dc864adb0,2026-08-20 11:35:00,2026-08-20 16:20:00,"Cyber Crime & Online Fraud reported at Koppal Town Center, Koppal",UPI payment fraud via fake QR code,open,high,10,f477b6e3-1f4a-46d7-a02e-bb78a32dd82b,demo,,,,cc8dbbbd-3e61-426f-98e9-0efcfc7af91e,2026-08-29 12:45:07,2026-08-29 12:45:07
CR-2026-DET-204,7da8b3f7-e772-4580-b901-3beb7e65454c,8534693e-6e1d-4a29-aeae-e35baf000f0a,2025-09-14 17:50:00,2025-09-14 21:10:00,"Cyber Crime & Online Fraud reported at Bagalkote Main Road, Bagalkote",coordinated group activity,unsolved,critical,16,b9af6e21-ff39-4174-bce7-d4fcdcfc9a9d,demo,,,,cd756be4-72e1-4be4-a5fe-6711f5290942,2026-08-29 12:45:08,2026-08-29 12:45:08
CR-2026-DET-131,019ae936-623e-4279-8981-d5b369e400f3,d9061461-6426-4fd4-861a-d5528957c9c3,2025-02-06 21:10:00,2025-02-07 00:45:00,"Domestic Violence reported at Vijayapura Fort Area, Vijayapura","crypto mule routing, fake KYC, call spoofing, high-yield investment scam",open,high,27,5bbc94f3-51a0-47de-802a-dd4b4ccedab1,demo,,,,cd7d7548-f9bf-4a30-b08b-1578429670a8,2026-08-29 12:45:07,2026-08-29 12:45:07
CR-2026-DET-156,53249216-9af1-450e-b498-547d83a6ba26,1886a491-3bc5-4de7-aeb6-2350e5a560d0,2025-04-20 14:00:00,2025-04-20 15:30:00,"Assault reported at Hospet Town Center, Vijayanagara","forest boundary timber smuggling, midnight log transport",open,critical,8,219a87ba-850b-48e5-8a33-2151a3337db0,demo,,,,cda5a07d-ebce-4a1b-b34f-953f3ad668db,2026-08-29 12:45:08,2026-08-29 12:45:08
CR-2026-DET-207,b832740f-0285-496a-8ae7-c0ba3fce708b,4e91e45a-2b03-406d-808b-cf92fa79f91d,2025-09-23 00:00:00,2025-09-23 01:15:00,"Narcotics Smuggling Services reported at Bangarapet Station Road, Kolar","highway cargo truck hijacking, driver assault, remote warehouse offload",open,high,38,314c456a-4c37-43b1-99a0-4b6239463b6f,demo,,,,ce291f42-fa02-45ef-842d-04310d74a733,2026-08-29 12:45:08,2026-08-29 12:45:08
CR-2026-UDP-002,7da8b3f7-e772-4580-b901-3beb7e65454c,d89164ee-fc7d-4a4c-b073-b925c429bd2c,2026-08-18 10:45:00,2026-08-18 13:25:00,"Cyber Crime & Online Fraud reported at Kapu Beach Junction, Udupi",fake fishing license portal scam,open,medium,15,59c075bd-c5d7-48bc-b115-91f5b0d2cf7b,demo,,,,cf421489-fd55-4775-8121-1cc633022c2c,2026-08-29 12:45:07,2026-08-29 12:45:07
CR-2026-TMK-001,53249216-9af1-450e-b498-547d83a6ba26,0981e5d1-2018-463a-8b8a-1e5fdcf2506b,2026-07-29 21:15:00,2026-07-30 01:30:00,"Assault reported at Tumkuru Industrial Road, Tumkuru",industrial road altercation,closed,medium,100,32ef8189-db8a-47c3-b687-3bf34a097b2b,demo,,,,d1871ab1-15ba-4407-84cc-93fee2c7c555,2026-08-29 12:45:07,2026-08-29 12:45:07
CR-2026-DET-150,53249216-9af1-450e-b498-547d83a6ba26,60a1ce7d-e7ff-4d1b-8b91-39b289f3bfa9,2025-04-05 13:55:00,2025-04-05 18:25:00,"Assault reported at Shimoga City Center, Shimoga","land document forgery, witness intimidation, fake power of attorney",appealed,critical,71,19ac4d07-7b48-4c0f-b27c-c36fdb9bf801,demo,,,,d1889cad-710d-43df-a3b2-12ca8952bbbb,2026-08-29 12:45:08,2026-08-29 12:45:08
CR-2026-DET-018,537eee7f-7c4d-415e-b9be-792c02658f23,304c385e-8058-4cac-afa7-ad6cf9798c15,2024-03-01 21:55:00,2024-03-02 02:50:00,"Property Disputes reported at Chikkaballapura Town, Chikkaballapura","highway cargo truck hijacking, driver assault, remote warehouse offload",unsolved,high,62,bf35b187-ebe7-4b59-8410-4293f883621a,demo,,,,d2707903-2037-4788-9db7-292b24c1a317,2026-08-29 12:45:07,2026-08-29 12:45:07
CR-2026-DET-151,537eee7f-7c4d-415e-b9be-792c02658f23,9fcb383c-3e94-43ff-a9da-349c924f7167,2025-04-08 16:30:00,2025-04-08 20:25:00,"Property Disputes reported at Bellary-Hospet Road, Vijayanagara","fake identity documents, [ANOMALY_FLAGGED: unexpected high-severity off-hour spike]",appealed,critical,54,219a87ba-850b-48e5-8a33-2151a3337db0,demo,,,,d3c30489-7451-4036-b0c8-220e5ebb31e4,2026-08-29 12:45:08,2026-08-29 12:45:08
CR-2026-DET-085,b832740f-0285-496a-8ae7-c0ba3fce708b,3d6a60ba-8f85-4f78-8477-37b0aca20425,2024-09-21 20:40:00,2024-09-21 22:20:00,"Narcotics Smuggling Services reported at Jamakhandi Station Road, Bagalkote","fake customer care portal, OTP interception, remote access app",closed,high,100,b9af6e21-ff39-4174-bce7-d4fcdcfc9a9d,demo,,,,d45fc58a-68e0-4aae-8196-e290b45f4495,2026-08-29 12:45:07,2026-08-29 12:45:07
CR-2026-DET-101,9fe65fd9-5b8c-4ac3-9804-84fbe22d9b1f,8fed2fe8-53a5-43e6-a4f8-64dc40e0e239,2024-11-05 21:25:00,2024-11-05 23:45:00,"Smuggling & Excise Violations reported at Gadag Town Center, Gadag","modified vehicle plates, vehicle reconnaissance, [ANOMALY_FLAGGED: unexpected high-severity off-hour spike]",appealed,critical,76,b19d0b00-458c-4d08-b530-342a4d4f368b,demo,,,,d48854cb-ed01-4856-a50e-229ec5ed648c,2026-08-29 12:45:07,2026-08-29 12:45:07
CR-2026-DET-252,e8dd85a6-421f-452c-811a-c3bed4e9a18b,5198ddb4-ccc1-4850-87eb-9de79acea356,2026-02-04 03:50:00,2026-02-04 07:10:00,"Theft & Burglaries reported at Indi Town Center, Vijayapura","crypto mule routing, fake KYC, call spoofing, high-yield investment scam",open,low,42,5bbc94f3-51a0-47de-802a-dd4b4ccedab1,demo,,,,d4f49f4d-d42a-4772-a24a-1970dfa67542,2026-08-29 12:45:08,2026-08-29 12:45:08
CR-2026-MNG-003,7da8b3f7-e772-4580-b901-3beb7e65454c,f07ae8af-ace2-4c71-a2dc-af921c23b8c5,2026-08-21 10:00:00,2026-08-21 11:00:00,"Cyber Crime & Online Fraud reported at Surathkal Beach Road, Dakshina Kannada",hawala money transfer via crypto,open,critical,20,83c263dd-8664-438d-8f3e-f73f66c623f9,demo,,,,d5a23002-b93b-42db-b0f6-ac4d44e147f8,2026-08-29 12:45:07,2026-08-29 12:45:07
CR-2026-DET-295,537eee7f-7c4d-415e-b9be-792c02658f23,ee3d6a63-af53-4c1c-b088-c69307792f39,2026-06-14 08:50:00,2026-06-14 12:40:00,"Property Disputes reported at Gulbarga University Road, Kalaburagi","land document forgery, witness intimidation, fake power of attorney",investigating,high,70,c01b3bfb-4c1b-4e70-bd24-9411fd4745f0,demo,,,,d5a5ea16-cede-4fbc-b423-2f09e43f96a1,2026-08-29 12:45:08,2026-08-29 12:45:08
CR-2026-DET-083,7da8b3f7-e772-4580-b901-3beb7e65454c,dc4b7077-3bfc-44e2-91fc-ac9c2ed3bf06,2024-09-12 11:20:00,2024-09-12 12:55:00,"Cyber Crime & Online Fraud reported at Ranebennur Cross, Haveri","temple crowd chain snatching, getaway bike, gold targeting",open,critical,48,c64ed64b-cdd0-4f79-9a2a-f2df9ce61320,demo,,,,d5e01849-f37d-489c-8bcb-7371b8449b98,2026-08-29 12:45:07,2026-08-29 12:45:07
CR-2026-BRL-001,e8dd85a6-421f-452c-811a-c3bed4e9a18b,25e8655a-f500-4610-ba59-751d5d20a246,2026-08-12 22:00:00,2026-08-12 23:25:00,"Theft & Burglaries reported at Devanahalli Checkpost, Bengaluru Rural","farm equipment theft, GPS trackers removed",open,medium,30,f4d572c8-e03b-4fe6-ac9e-c227c2dd9d4c,demo,,,,d6107abd-e01e-4b47-9fd3-63f2afadb3ff,2026-08-29 12:45:07,2026-08-29 12:45:07
CR-2026-DET-175,019ae936-623e-4279-8981-d5b369e400f3,16f21049-399e-4ccc-bbb9-a42983811b9c,2025-06-18 21:30:00,2025-06-19 01:00:00,"Domestic Violence reported at Harbor Gate A, Dakshina Kannada","crypto mule routing, fake KYC, call spoofing, high-yield investment scam",investigating,critical,52,83c263dd-8664-438d-8f3e-f73f66c623f9,demo,,,,d7027968-a609-4a83-88ec-71a7623afb14,2026-08-29 12:45:08,2026-08-29 12:45:08
CR-2026-RMN-002,53249216-9af1-450e-b498-547d83a6ba26,03b9d756-8425-4ffb-b5a2-04eb70a3d54d,2026-07-31 09:15:00,2026-07-31 13:25:00,"Assault reported at Channapatna Bus Stand, Ramanagara","political rally violence, multiple injuries",closed,high,100,5121147d-f1ba-4bf4-9391-f5b7bb9124fb,demo,,,,d753dca9-1fd0-496d-8982-e6848a861821,2026-08-29 12:45:07,2026-08-29 12:45:07
CR-2026-DET-256,53249216-9af1-450e-b498-547d83a6ba26,0981e5d1-2018-463a-8b8a-1e5fdcf2506b,2026-02-17 10:40:00,2026-02-17 12:10:00,"Assault reported at Tumkuru Industrial Road, Tumkuru","highway cargo truck hijacking, driver assault, remote warehouse offload",open,low,30,32ef8189-db8a-47c3-b687-3bf34a097b2b,demo,,,,d86624fb-5a6f-42df-aedf-dfd931c3218b,2026-08-29 12:45:08,2026-08-29 12:45:08
CR-2026-DET-202,019ae936-623e-4279-8981-d5b369e400f3,9f99dfc3-9d40-4c97-832b-59260dfdad8a,2025-09-04 20:25:00,2025-09-04 22:25:00,"Domestic Violence reported at Mandya Town Center, Mandya","land document forgery, witness intimidation, fake power of attorney",open,medium,26,f36f5a0e-c026-4c91-9ec4-02b25920283e,demo,,,,d886f95c-3c74-4622-98bb-494d34eea3e6,2026-08-29 12:45:08,2026-08-29 12:45:08
CR-2026-DET-285,b832740f-0285-496a-8ae7-c0ba3fce708b,ee3d6a63-af53-4c1c-b088-c69307792f39,2026-05-11 00:00:00,2026-05-11 01:25:00,"Narcotics Smuggling Services reported at Gulbarga University Road, Kalaburagi","land document forgery, witness intimidation, fake power of attorney",unsolved,high,56,c01b3bfb-4c1b-4e70-bd24-9411fd4745f0,demo,,,,da58ba3a-f8e1-4bc2-bf42-84546fad927c,2026-08-29 12:45:08,2026-08-29 12:45:08
CR-2026-DET-055,e8dd85a6-421f-452c-811a-c3bed4e9a18b,e1cb5409-f69e-45e2-b587-aed5764741bd,2024-06-21 22:00:00,2024-06-21 23:25:00,"Theft & Burglaries reported at Ballari Mines Sector B, Ballari","warehouse hideout used, darknet forum coordination, modified vehicle plates",investigating,critical,69,35ec4bb7-90e0-43a2-9e8a-289e1339f1a0,demo,,,,dafd2917-c168-465f-9e36-2b8bc9a12490,2026-08-29 12:45:07,2026-08-29 12:45:07
CR-2026-DET-102,537eee7f-7c4d-415e-b9be-792c02658f23,8534693e-6e1d-4a29-aeae-e35baf000f0a,2024-11-09 13:05:00,2024-11-09 15:45:00,"Property Disputes reported at Bagalkote Main Road, Bagalkote","crowbar lock bypass, cash-only transactions, modified vehicle plates",open,medium,43,b9af6e21-ff39-4174-bce7-d4fcdcfc9a9d,demo,,,,db0fb348-80cd-4574-bf14-d82ad5f1ab23,2026-08-29 12:45:07,2026-08-29 12:45:07
CR-2026-DET-062,53249216-9af1-450e-b498-547d83a6ba26,10bd2f3d-caec-4202-8ed8-5efd2c067854,2024-07-14 11:05:00,2024-07-14 13:55:00,"Assault reported at Kolar Gold Fields Road, Kolar","scooter reconnaissance, crowbar entry, night operation, cash targeting",investigating,medium,59,314c456a-4c37-43b1-99a0-4b6239463b6f,demo,,,,db622ba3-91af-435c-bf1a-36161400ede6,2026-08-29 12:45:07,2026-08-29 12:45:07
CR-2026-DET-192,e8dd85a6-421f-452c-811a-c3bed4e9a18b,5198ddb4-ccc1-4850-87eb-9de79acea356,2025-08-08 03:20:00,2025-08-08 05:10:00,"Theft & Burglaries reported at Indi Town Center, Vijayapura","warehouse hideout used, coordinated group activity",closed,low,100,5bbc94f3-51a0-47de-802a-dd4b4ccedab1,demo,,,,dc35f15f-5d13-4fe4-9382-03d6de3bd6d0,2026-08-29 12:45:08,2026-08-29 12:45:08
CR-2026-DET-065,e8dd85a6-421f-452c-811a-c3bed4e9a18b,304c385e-8058-4cac-afa7-ad6cf9798c15,2024-07-22 03:25:00,2024-07-22 05:50:00,"Theft & Burglaries reported at Chikkaballapura Town, Chikkaballapura","fake customer care portal, OTP interception, remote access app",open,high,31,bf35b187-ebe7-4b59-8410-4293f883621a,demo,,,,dc99d38b-165f-4f48-bf0c-54001a9c5993,2026-08-29 12:45:07,2026-08-29 12:45:07
CR-2026-DET-046,019ae936-623e-4279-8981-d5b369e400f3,9886a1e3-8a71-4d49-aad5-bbfe6e8c7a98,2024-05-25 19:00:00,2024-05-25 20:05:00,"Domestic Violence reported at Haveri Bus Stand Area, Haveri","scooter reconnaissance, crowbar entry, night operation, cash targeting",open,high,29,c64ed64b-cdd0-4f79-9a2a-f2df9ce61320,demo,,,,dcac688f-9d4c-4f2d-b9ef-525c65c5b504,2026-08-29 12:45:07,2026-08-29 12:45:07
CR-2026-DET-191,537eee7f-7c4d-415e-b9be-792c02658f23,aee07501-43c6-40b9-8cad-266365912cc2,2025-08-05 08:50:00,2025-08-05 12:40:00,"Property Disputes reported at Chamarajanagar Town, Chamarajanagar",coordinated group activity,open,medium,17,a42d03ad-0de6-4b92-96ef-5ab3f60aff1e,demo,,,,dd764888-d847-423f-bc86-9b2f19acb75b,2026-08-29 12:45:08,2026-08-29 12:45:08
CR-2026-BRL-002,1b770b27-4234-44c6-836f-811c4b1b0dca,277b9f6d-cf59-4273-9358-a66c894a8f65,2026-08-16 23:30:00,2026-08-17 02:30:00,"Illegal Mining Violations reported at Hoskote Junction, Bengaluru Rural",illegal granite quarry expansion,open,high,25,f4d572c8-e03b-4fe6-ac9e-c227c2dd9d4c,demo,,,,de24f080-9816-4242-b058-caf5d20b7385,2026-08-29 12:45:07,2026-08-29 12:45:07
CR-2026-DET-049,7da8b3f7-e772-4580-b901-3beb7e65454c,3d6a60ba-8f85-4f78-8477-37b0aca20425,2024-06-02 13:45:00,2024-06-02 16:00:00,"Cyber Crime & Online Fraud reported at Jamakhandi Station Road, Bagalkote","fake customer care portal, OTP interception, remote access app",appealed,high,27,b9af6e21-ff39-4174-bce7-d4fcdcfc9a9d,demo,,,,df703ad9-2e0f-4a0a-bd22-877a3e84e0ed,2026-08-29 12:45:07,2026-08-29 12:45:07
CR-2026-DET-241,1b770b27-4234-44c6-836f-811c4b1b0dca,8ceccb58-8b23-43f4-8675-a91354ac86bf,2025-12-30 04:55:00,2025-12-30 09:20:00,"Illegal Mining Violations reported at Kadur Junction, Chikkamagaluru","forest boundary timber smuggling, midnight log transport",open,high,13,ca5236a4-32f9-4a78-8e38-29bb36d03874,demo,,,,e1bcdee5-3a8f-4a70-af2e-c748d12e43ca,2026-08-29 12:45:08,2026-08-29 12:45:08
CR-2026-DET-178,537eee7f-7c4d-415e-b9be-792c02658f23,03b9d756-8425-4ffb-b5a2-04eb70a3d54d,2025-06-24 17:45:00,2025-06-24 19:50:00,"Property Disputes reported at Channapatna Bus Stand, Ramanagara",cash-only transactions,open,low,26,5121147d-f1ba-4bf4-9391-f5b7bb9124fb,demo,,,,e24de8f5-ac73-474c-be96-1e8a77f2bcff,2026-08-29 12:45:08,2026-08-29 12:45:08
CR-2026-DET-155,9fe65fd9-5b8c-4ac3-9804-84fbe22d9b1f,58514cca-e5de-4726-8e67-d0daff330f62,2025-04-18 01:25:00,2025-04-18 04:00:00,"Smuggling & Excise Violations reported at Chikkamagaluru Town, Chikkamagaluru","warehouse hideout used, coordinated group activity",closed,critical,100,ca5236a4-32f9-4a78-8e38-29bb36d03874,demo,,,,e332ed8e-85d3-414d-b933-b1a131bf5795,2026-08-29 12:45:08,2026-08-29 12:45:08
CR-2026-DET-004,e8dd85a6-421f-452c-811a-c3bed4e9a18b,a78860ab-f799-443b-8a88-1698ef2a4c5c,2024-01-20 02:10:00,2024-01-20 05:25:00,"Theft & Burglaries reported at Gundlupet Junction, Chamarajanagar","highway cargo truck hijacking, driver assault, remote warehouse offload",unsolved,medium,87,a42d03ad-0de6-4b92-96ef-5ab3f60aff1e,demo,,,,e3d492ee-6687-4dec-bbca-1be827fd4615,2026-08-29 12:45:07,2026-08-29 12:45:07
CR-2026-MYS-005,53249216-9af1-450e-b498-547d83a6ba26,f08b6675-bdea-4824-ab7b-02bc87e80982,2026-07-28 16:00:00,2026-07-28 17:25:00,"Assault reported at Devaraja Market Zone, Mysuru","market dispute turned violent, knife recovered",closed,medium,100,6d399214-9acb-4a0b-98c8-ae0b2a17b775,demo,,,,e3f0c70e-ea9a-43ee-b8aa-0f739bd7be7a,2026-08-29 12:45:07,2026-08-29 12:45:07
CR-2026-DET-005,53249216-9af1-450e-b498-547d83a6ba26,1b75697a-1226-432a-aaff-763cc0bee9d2,2024-01-26 16:50:00,2024-01-26 20:05:00,"Assault reported at Madikeri Town Center, Kodagu","crypto mule routing, fake KYC, call spoofing, high-yield investment scam",closed,medium,100,e44eac9d-cdbe-4431-b175-c6dd48feca28,demo,,,,e517a6e3-c8e1-48c0-b40e-4a26a41501de,2026-08-29 12:45:07,2026-08-29 12:45:07
CR-2026-DET-194,53249216-9af1-450e-b498-547d83a6ba26,e781c2c2-bc8a-4871-883d-091dc864adb0,2025-08-14 09:05:00,2025-08-14 11:05:00,"Assault reported at Koppal Town Center, Koppal","fake identity documents, modified vehicle plates, crowbar lock bypass",appealed,high,38,f477b6e3-1f4a-46d7-a02e-bb78a32dd82b,demo,,,,e56cf4b7-4325-45d9-87b4-a66724921457,2026-08-29 12:45:08,2026-08-29 12:45:08
CR-2026-DET-213,e8dd85a6-421f-452c-811a-c3bed4e9a18b,7eb21de1-5854-4fe8-aa0b-1ec6865450bd,2025-10-10 21:15:00,2025-10-11 02:00:00,"Theft & Burglaries reported at Vani Vilas Mohalla, Mysuru","warehouse hideout used, coordinated group activity",closed,high,100,6d399214-9acb-4a0b-98c8-ae0b2a17b775,demo,,,,e5b20dbe-cc36-4197-af86-23ca596500cb,2026-08-29 12:45:08,2026-08-29 12:45:08
CR-2026-DET-217,019ae936-623e-4279-8981-d5b369e400f3,a4bedd52-a3dc-4a90-8569-dca5662935e5,2025-10-19 18:00:00,2025-10-19 19:15:00,"Domestic Violence reported at Chowk Survey Layout, Kalaburagi",electronic surveillance evasion,open,low,27,c01b3bfb-4c1b-4e70-bd24-9411fd4745f0,demo,,,,e61d0115-0d9c-4136-b020-65a6801fc866,2026-08-29 12:45:08,2026-08-29 12:45:08
CR-2026-DET-104,9fe65fd9-5b8c-4ac3-9804-84fbe22d9b1f,eae4b1c0-00d0-44ed-9400-af7999f23e15,2024-11-15 03:15:00,2024-11-15 08:00:00,"Smuggling & Excise Violations reported at Tirthahalli Cross, Shimoga","temple crowd chain snatching, getaway bike, gold targeting",investigating,high,65,19ac4d07-7b48-4c0f-b27c-c36fdb9bf801,demo,,,,e65b5651-58f9-4cb7-852b-61c66b43dda9,2026-08-29 12:45:07,2026-08-29 12:45:07
CR-2026-DET-233,537eee7f-7c4d-415e-b9be-792c02658f23,ee3d6a63-af53-4c1c-b088-c69307792f39,2025-12-09 17:05:00,2025-12-09 19:30:00,"Property Disputes reported at Gulbarga University Road, Kalaburagi","vehicle reconnaissance, cash-only transactions, phishing URL SMS",investigating,critical,71,c01b3bfb-4c1b-4e70-bd24-9411fd4745f0,demo,,,,e67e95d0-83d2-48f1-a371-cb6eff0670f7,2026-08-29 12:45:08,2026-08-29 12:45:08
CR-2026-DET-170,1b770b27-4234-44c6-836f-811c4b1b0dca,a78860ab-f799-443b-8a88-1698ef2a4c5c,2025-06-01 23:30:00,2025-06-02 02:40:00,"Illegal Mining Violations reported at Gundlupet Junction, Chamarajanagar","temple crowd chain snatching, getaway bike, gold targeting",appealed,critical,43,a42d03ad-0de6-4b92-96ef-5ab3f60aff1e,demo,,,,e6cf52f1-d95e-42b5-accb-594646a1cf50,2026-08-29 12:45:08,2026-08-29 12:45:08
CR-2026-DET-153,e8dd85a6-421f-452c-811a-c3bed4e9a18b,b3cbd8d6-4a2b-412c-aa14-22d9f749ee8f,2025-04-12 00:30:00,2025-04-12 04:15:00,"Theft & Burglaries reported at Gauribidanur Cross, Chikkaballapura","night riverbed extraction, forged transit permit, heavy excavator used",open,critical,40,bf35b187-ebe7-4b59-8410-4293f883621a,demo,,,,e6fc639f-f04c-43b8-97fc-4ee36ce71bc3,2026-08-29 12:45:08,2026-08-29 12:45:08
CR-2026-DET-016,e8dd85a6-421f-452c-811a-c3bed4e9a18b,304c385e-8058-4cac-afa7-ad6cf9798c15,2024-02-25 02:30:00,2024-02-25 06:05:00,"Theft & Burglaries reported at Chikkaballapura Town, Chikkaballapura","crypto mule routing, fake KYC, call spoofing, high-yield investment scam",open,low,26,bf35b187-ebe7-4b59-8410-4293f883621a,demo,,,,e7d97f9c-3d49-46d0-8a73-33254870a568,2026-08-29 12:45:07,2026-08-29 12:45:07
CR-2026-CB-001,537eee7f-7c4d-415e-b9be-792c02658f23,304c385e-8058-4cac-afa7-ad6cf9798c15,2026-08-03 11:05:00,2026-08-03 13:55:00,"Property Disputes reported at Chikkaballapura Town, Chikkaballapura","temple land encroachment, forged records",open,low,50,bf35b187-ebe7-4b59-8410-4293f883621a,demo,,,,ea067cc1-1c97-4507-8bf8-6b2b9c80db50,2026-08-29 12:45:07,2026-08-29 12:45:07
CR-2026-DET-303,019ae936-623e-4279-8981-d5b369e400f3,8ca968cd-085f-4ed9-a02e-90b26d1f329a,2026-07-04 19:55:00,2026-07-05 00:10:00,"Domestic Violence reported at Hubli Traffic Island, Dharwad","temple crowd chain snatching, getaway bike, gold targeting",investigating,medium,84,905faca5-a4ac-49a1-bc88-1d5e1907b6cb,demo,,,,eb432492-c10b-40fe-a04a-3c66d8a6173f,2026-08-29 12:45:08,2026-08-29 12:45:08
CR-2026-DET-166,1b770b27-4234-44c6-836f-811c4b1b0dca,ee3d6a63-af53-4c1c-b088-c69307792f39,2025-05-21 01:40:00,2025-05-21 02:45:00,"Illegal Mining Violations reported at Gulbarga University Road, Kalaburagi","temple crowd chain snatching, getaway bike, gold targeting",investigating,high,59,c01b3bfb-4c1b-4e70-bd24-9411fd4745f0,demo,,,,eba3ce79-9437-4393-b2ce-6fae88680030,2026-08-29 12:45:08,2026-08-29 12:45:08
CR-2026-DET-029,53249216-9af1-450e-b498-547d83a6ba26,d89164ee-fc7d-4a4c-b073-b925c429bd2c,2024-04-06 20:20:00,2024-04-06 21:45:00,"Assault reported at Kapu Beach Junction, Udupi","land document forgery, witness intimidation, fake power of attorney",investigating,medium,43,59c075bd-c5d7-48bc-b115-91f5b0d2cf7b,demo,,,,ece61a3e-de45-4d9a-ac70-ab2a42b6e42c,2026-08-29 12:45:07,2026-08-29 12:45:07
CR-2026-DET-135,7da8b3f7-e772-4580-b901-3beb7e65454c,2c06e756-6fb1-4a05-8b94-d5ba3ead5d65,2025-02-15 12:10:00,2025-02-15 15:35:00,"Cyber Crime & Online Fraud reported at Karwar Port Road, Uttara Kannada","forest boundary timber smuggling, midnight log transport",closed,medium,100,8e38105b-15a3-48cb-8fe4-88a34542ccfa,demo,,,,ed88ba7c-2233-4b54-8e66-de2b3ab7909c,2026-08-29 12:45:07,2026-08-29 12:45:07
CR-2026-DET-199,53249216-9af1-450e-b498-547d83a6ba26,3733d8bd-c340-422a-b303-10f2e7871b5b,2025-08-28 14:50:00,2025-08-28 18:10:00,"Assault reported at Camp Area Patrol, Belagavi","interstate transit, concealed false compartment, synthetic MDMA, dead drop",open,medium,12,31d37711-b1aa-44be-b8fd-c1a4355577d9,demo,,,,ee391c87-8837-4252-8d1b-1ef31dc3bc53,2026-08-29 12:45:08,2026-08-29 12:45:08
CR-2026-DET-220,9fe65fd9-5b8c-4ac3-9804-84fbe22d9b1f,1886a491-3bc5-4de7-aeb6-2350e5a560d0,2025-10-29 01:25:00,2025-10-29 03:45:00,"Smuggling & Excise Violations reported at Hospet Town Center, Vijayanagara","warehouse hideout used, cash-only transactions",open,medium,24,219a87ba-850b-48e5-8a33-2151a3337db0,demo,,,,eea938a2-b182-418f-909a-f1de6ee3cf5f,2026-08-29 12:45:08,2026-08-29 12:45:08
CR-2026-DET-227,9fe65fd9-5b8c-4ac3-9804-84fbe22d9b1f,2080054b-41b4-46be-898f-9dc406809e4e,2025-11-18 02:50:00,2025-11-18 06:45:00,"Smuggling & Excise Violations reported at Yadgir Road Junction, Raichur","vehicle reconnaissance, electronic surveillance evasion",investigating,high,69,4c15aede-a2ad-4322-bb3e-1264d9593b53,demo,,,,efda7455-38e7-4356-8001-2c8c4dea4f99,2026-08-29 12:45:08,2026-08-29 12:45:08
CR-2026-DET-310,7da8b3f7-e772-4580-b901-3beb7e65454c,3733d8bd-c340-422a-b303-10f2e7871b5b,2026-07-26 17:35:00,2026-07-26 21:40:00,"Cyber Crime & Online Fraud reported at Camp Area Patrol, Belagavi","temple crowd chain snatching, getaway bike, gold targeting",investigating,medium,81,31d37711-b1aa-44be-b8fd-c1a4355577d9,demo,,,,f00fcacb-361b-4785-a0e5-de264ec6cdbb,2026-08-29 12:45:08,2026-08-29 12:45:08
CR-2026-DET-074,537eee7f-7c4d-415e-b9be-792c02658f23,eae4b1c0-00d0-44ed-9400-af7999f23e15,2024-08-20 08:40:00,2024-08-20 10:20:00,"Property Disputes reported at Tirthahalli Cross, Shimoga",electronic surveillance evasion,open,medium,38,19ac4d07-7b48-4c0f-b27c-c36fdb9bf801,demo,,,,f03647a9-db61-4d05-ab67-9fb2768fa09d,2026-08-29 12:45:07,2026-08-29 12:45:07
CR-2026-DET-306,019ae936-623e-4279-8981-d5b369e400f3,af5fa199-cce9-4618-b574-e182e434dd6f,2026-07-13 19:35:00,2026-07-14 00:30:00,"Domestic Violence reported at Homnabad Cross, Bidar",coordinated group activity,unsolved,high,82,2fd383db-cd0b-4cca-9161-74533c0a3647,demo,,,,f0bf7f35-c3ff-4f8b-9068-5c47020f713f,2026-08-29 12:45:08,2026-08-29 12:45:08
CR-2026-DET-127,7da8b3f7-e772-4580-b901-3beb7e65454c,7eb21de1-5854-4fe8-aa0b-1ec6865450bd,2025-01-22 12:40:00,2025-01-22 14:20:00,"Cyber Crime & Online Fraud reported at Vani Vilas Mohalla, Mysuru","fake identity documents, warehouse hideout used, night operation",unsolved,high,26,6d399214-9acb-4a0b-98c8-ae0b2a17b775,demo,,,,f1504c10-ba8d-4a6f-8627-a7e8eb75dc0f,2026-08-29 12:45:07,2026-08-29 12:45:07
CR-2026-DET-265,53249216-9af1-450e-b498-547d83a6ba26,f08b6675-bdea-4824-ab7b-02bc87e80982,2026-03-14 17:15:00,2026-03-14 21:50:00,"Assault reported at Devaraja Market Zone, Mysuru","temple crowd chain snatching, getaway bike, gold targeting",open,high,34,6d399214-9acb-4a0b-98c8-ae0b2a17b775,demo,,,,f20dce76-ae9f-4645-a0c0-499a7d392db7,2026-08-29 12:45:08,2026-08-29 12:45:08
CR-2026-DET-287,53249216-9af1-450e-b498-547d83a6ba26,9f99dfc3-9d40-4c97-832b-59260dfdad8a,2026-05-18 15:35:00,2026-05-18 19:40:00,"Assault reported at Mandya Town Center, Mandya","coordinated group activity, phishing URL SMS, vehicle reconnaissance",open,medium,5,f36f5a0e-c026-4c91-9ec4-02b25920283e,demo,,,,f28bff49-9bd4-4471-9a83-1b5c733116e3,2026-08-29 12:45:08,2026-08-29 12:45:08
CR-2026-DET-240,9fe65fd9-5b8c-4ac3-9804-84fbe22d9b1f,5746881f-84f3-4219-92fb-0ed29d4d8936,2025-12-31 20:40:00,2025-12-31 21:45:00,"Smuggling & Excise Violations reported at Mysuru-Mandya Highway, Mandya",coordinated group activity,unsolved,low,67,f36f5a0e-c026-4c91-9ec4-02b25920283e,demo,,,,f29e3bf3-3736-4481-9212-3a17322545c0,2026-08-29 12:45:08,2026-08-29 12:45:08
CR-2026-DET-210,7da8b3f7-e772-4580-b901-3beb7e65454c,10bd2f3d-caec-4202-8ed8-5efd2c067854,2025-09-28 10:15:00,2025-09-28 15:05:00,"Cyber Crime & Online Fraud reported at Kolar Gold Fields Road, Kolar","crowbar lock bypass, phishing URL SMS",open,critical,41,314c456a-4c37-43b1-99a0-4b6239463b6f,demo,,,,f2f09272-8a21-4522-9c77-7e8b51b36cce,2026-08-29 12:45:08,2026-08-29 12:45:08
CR-2026-DET-242,b832740f-0285-496a-8ae7-c0ba3fce708b,f08b6675-bdea-4824-ab7b-02bc87e80982,2026-01-02 20:00:00,2026-01-02 21:00:00,"Narcotics Smuggling Services reported at Devaraja Market Zone, Mysuru","night operation, electronic surveillance evasion",appealed,medium,47,6d399214-9acb-4a0b-98c8-ae0b2a17b775,demo,,,,f38ac969-4750-4c32-b56b-fe2316bf20f2,2026-08-29 12:45:08,2026-08-29 12:45:08
CR-2026-DET-226,019ae936-623e-4279-8981-d5b369e400f3,0201b9e3-394f-47ca-8471-2c0dd1078fb0,2025-11-19 18:05:00,2025-11-19 20:45:00,"Domestic Violence reported at Nazar Mohalla Beat, Mysuru","distillery raid, illicit arrac transport, unbranded glass bottles, [ANOMALY_FLAGGED: unexpected high-severity off-hour spike]",unsolved,critical,23,6d399214-9acb-4a0b-98c8-ae0b2a17b775,demo,,,,f394225d-055f-4dd8-ab3f-daa8950bb908,2026-08-29 12:45:08,2026-08-29 12:45:08
CR-2026-KLB-002,1b770b27-4234-44c6-836f-811c4b1b0dca,ee3d6a63-af53-4c1c-b088-c69307792f39,2026-08-21 03:50:00,2026-08-21 07:30:00,"Illegal Mining Violations reported at Gulbarga University Road, Kalaburagi",illegal sand mining from riverbed,open,high,30,c01b3bfb-4c1b-4e70-bd24-9411fd4745f0,demo,,,,f498e3ed-f7ee-4d83-9a0d-0a1e6edac627,2026-08-29 12:45:07,2026-08-29 12:45:07
CR-2026-DET-067,9fe65fd9-5b8c-4ac3-9804-84fbe22d9b1f,7a1fcf66-da18-4fde-936f-31906c9a83f4,2024-07-29 20:20:00,2024-07-29 21:30:00,"Smuggling & Excise Violations reported at Koramangala Layout, Bengaluru Urban","interstate transit, concealed false compartment, synthetic MDMA, dead drop",closed,low,100,643e99ee-2480-49cb-b1b0-23ff69b53493,demo,,,,f4c0bb12-15ef-403b-ad9e-1e4d946b781b,2026-08-29 12:45:07,2026-08-29 12:45:07
CR-2026-DET-078,53249216-9af1-450e-b498-547d83a6ba26,58514cca-e5de-4726-8e67-d0daff330f62,2024-09-01 12:10:00,2024-09-01 16:00:00,"Assault reported at Chikkamagaluru Town, Chikkamagaluru","fake customer care portal, OTP interception, remote access app",investigating,high,57,ca5236a4-32f9-4a78-8e38-29bb36d03874,demo,,,,f60415dd-abe6-4296-a6b2-d34d6c2d5f8c,2026-08-29 12:45:07,2026-08-29 12:45:07
CR-2026-DET-205,537eee7f-7c4d-415e-b9be-792c02658f23,cc8f38c8-f592-4a9b-826d-f047fb83c593,2025-09-13 18:10:00,2025-09-13 21:35:00,"Property Disputes reported at Virajpet Cross Road, Kodagu","distillery raid, illicit arrac transport, unbranded glass bottles",open,high,45,e44eac9d-cdbe-4431-b175-c6dd48feca28,demo,,,,f6764b0c-32d9-44a9-97d9-9f59e40ad00f,2026-08-29 12:45:08,2026-08-29 12:45:08
CR-2026-UKN-003,53249216-9af1-450e-b498-547d83a6ba26,dad870c6-c84b-4236-96b9-96b945aef839,2026-07-26 14:00:00,2026-07-26 15:30:00,"Assault reported at Yellapur Junction, Uttara Kannada",tribal land dispute violence,closed,medium,100,8e38105b-15a3-48cb-8fe4-88a34542ccfa,demo,,,,f6d16c6e-78d2-4cce-9bc5-9d181abce25c,2026-08-29 12:45:07,2026-08-29 12:45:07
CR-2026-DET-099,53249216-9af1-450e-b498-547d83a6ba26,7a1fcf66-da18-4fde-936f-31906c9a83f4,2024-10-30 19:05:00,2024-10-30 21:20:00,"Assault reported at Koramangala Layout, Bengaluru Urban","scooter reconnaissance, crowbar entry, night operation, cash targeting",open,critical,6,643e99ee-2480-49cb-b1b0-23ff69b53493,demo,,,,f7b0378a-f608-4ce9-8e4d-3225a17c8fc3,2026-08-29 12:45:07,2026-08-29 12:45:07
CR-2026-DET-243,b832740f-0285-496a-8ae7-c0ba3fce708b,304c385e-8058-4cac-afa7-ad6cf9798c15,2026-01-08 23:35:00,2026-01-09 04:05:00,"Narcotics Smuggling Services reported at Chikkaballapura Town, Chikkaballapura","temple crowd chain snatching, getaway bike, gold targeting",open,critical,25,bf35b187-ebe7-4b59-8410-4293f883621a,demo,,,,f8bdcac4-4fc8-4897-8c99-7744d8c2e186,2026-08-29 12:45:08,2026-08-29 12:45:08
CR-2026-DET-268,9fe65fd9-5b8c-4ac3-9804-84fbe22d9b1f,58514cca-e5de-4726-8e67-d0daff330f62,2026-03-21 20:20:00,2026-03-21 21:40:00,"Smuggling & Excise Violations reported at Chikkamagaluru Town, Chikkamagaluru","land document forgery, witness intimidation, fake power of attorney",investigating,low,49,ca5236a4-32f9-4a78-8e38-29bb36d03874,demo,,,,f8eeedc4-d280-47fc-adbe-048a0ba88423,2026-08-29 12:45:08,2026-08-29 12:45:08
CR-2026-CMG-001,e8dd85a6-421f-452c-811a-c3bed4e9a18b,58514cca-e5de-4726-8e67-d0daff330f62,2026-08-10 23:55:00,2026-08-11 04:10:00,"Theft & Burglaries reported at Chikkamagaluru Town, Chikkamagaluru",coffee estate equipment theft at night,open,medium,25,ca5236a4-32f9-4a78-8e38-29bb36d03874,demo,,,,fa36523d-1030-4b0b-b182-2245ccc3983b,2026-08-29 12:45:07,2026-08-29 12:45:07
CR-2026-DET-090,7da8b3f7-e772-4580-b901-3beb7e65454c,1b75697a-1226-432a-aaff-763cc0bee9d2,2024-10-04 10:15:00,2024-10-04 14:30:00,"Cyber Crime & Online Fraud reported at Madikeri Town Center, Kodagu","distillery raid, illicit arrac transport, unbranded glass bottles",appealed,medium,21,e44eac9d-cdbe-4431-b175-c6dd48feca28,demo,,,,fab15ece-56be-4bfb-84cc-8b416d987f19,2026-08-29 12:45:07,2026-08-29 12:45:07
CR-2026-DET-137,7da8b3f7-e772-4580-b901-3beb7e65454c,d4a7d6da-b132-4b42-a3fd-2a3d537a912f,2025-02-22 10:45:00,2025-02-22 13:30:00,"Cyber Crime & Online Fraud reported at Harpanahalli Junction, Davanagere","vehicle reconnaissance, phishing URL SMS, cash-only transactions",investigating,medium,41,c31cd5b1-71b1-4e9d-a06b-9fadde8f9e6f,demo,,,,fc6297c9-2143-4f21-be22-e298fcebd377,2026-08-29 12:45:07,2026-08-29 12:45:07
CR-2026-DET-114,7da8b3f7-e772-4580-b901-3beb7e65454c,e1cb5409-f69e-45e2-b587-aed5764741bd,2024-12-15 10:15:00,2024-12-15 14:25:00,"Cyber Crime & Online Fraud reported at Ballari Mines Sector B, Ballari","highway cargo truck hijacking, driver assault, remote warehouse offload",open,high,9,35ec4bb7-90e0-43a2-9e8a-289e1339f1a0,demo,,,,fd03cbae-f186-44d9-a36f-e8c808d610c5,2026-08-29 12:45:07,2026-08-29 12:45:07
CR-2026-VJN-001,1b770b27-4234-44c6-836f-811c4b1b0dca,1886a491-3bc5-4de7-aeb6-2350e5a560d0,2026-08-20 02:45:00,2026-08-20 05:00:00,"Illegal Mining Violations reported at Hospet Town Center, Vijayanagara","illegal iron ore transport, weighbridge tampering",open,high,25,219a87ba-850b-48e5-8a33-2151a3337db0,demo,,,,fda38189-3bdb-46a3-b249-71427e089477,2026-08-29 12:45:07,2026-08-29 12:45:07
CR-2026-DET-221,b832740f-0285-496a-8ae7-c0ba3fce708b,5746881f-84f3-4219-92fb-0ed29d4d8936,2025-11-01 03:15:00,2025-11-01 08:00:00,"Narcotics Smuggling Services reported at Mysuru-Mandya Highway, Mandya","darknet forum coordination, warehouse hideout used",investigating,high,84,f36f5a0e-c026-4c91-9ec4-02b25920283e,demo,,,,fe9cbc33-c022-45d4-93fb-b7877791dc86,2026-08-29 12:45:08,2026-08-29 12:45:08
CR-2026-DET-290,019ae936-623e-4279-8981-d5b369e400f3,271adc05-a0ac-410d-be2b-33fba2ee0a3e,2026-05-27 18:10:00,2026-05-27 21:25:00,"Domestic Violence reported at KR Puram Transit Corridor, Bengaluru Urban","coordinated group activity, fake identity documents, warehouse hideout used",investigating,high,64,643e99ee-2480-49cb-b1b0-23ff69b53493,demo,,,,fea4b61a-0925-4053-a8d7-62e4a6e03401,2026-08-29 12:45:08,2026-08-29 12:45:08
CR-2026-DET-200,1b770b27-4234-44c6-836f-811c4b1b0dca,3388760d-ac61-45c4-bb24-2bca38f6d13e,2025-08-29 02:15:00,2025-08-29 06:25:00,"Illegal Mining Violations reported at Arsikere Town Road, Hassan","fake customer care portal, OTP interception, remote access app",investigating,high,74,d90df2b2-c392-4aed-8af3-1024b8d7e0a0,demo,,,,ff68bd94-05d7-4cd9-85de-85bcbaed7af0,2026-08-29 12:45:08,2026-08-29 12:45:08
CR-2026-DET-167,9fe65fd9-5b8c-4ac3-9804-84fbe22d9b1f,e64fc5b2-4ce1-4c28-b5c3-8a24843777c5,2025-05-22 23:55:00,2025-05-23 04:10:00,"Smuggling & Excise Violations reported at Betageri Cross, Gadag","interstate transit, concealed false compartment, synthetic MDMA, dead drop",closed,high,100,b19d0b00-458c-4d08-b530-342a4d4f368b,demo,,,,fff3a7f9-3c36-4ed2-9e97-3c57508fe2b0,2026-08-29 12:45:08,2026-08-29 12:45:08
