fir_number,crime_case_id,investigating_officer_id,complainant_name,complainant_contact,sections,filed_at,status,narrative,attachments,dataset_provenance,source_import_job_id,source_file,source_row_ref,id,created_at,updated_at
FIR-224/DET/2026,741e2f67-5d4b-4ca3-941d-c8ca0b50df9e,8e38105b-15a3-48cb-8fe4-88a34542ccfa,Suma B,+91 98800 00014,"NDPS 21, 22",2025-01-19 02:10:00,registered,Backend-seeded FIR for CR-2026-DET-125; derived from the Police FIR ER model.,"[{""name"": ""complaint_copy_CR-2026-DET-125.pdf"", ""size"": 154200}, {""name"": ""spot_mahazar_CR-2026-DET-125.pdf"", ""size"": 284100}]",demo,,,,012b8e13-8dfc-419e-895a-d1fb9f02a13f,2026-08-29 12:45:07,2026-08-29 12:45:07
FIR-311/DET/2026,5036ba37-3381-4b0e-a436-e83965cf6242,6d399214-9acb-4a0b-98c8-ae0b2a17b775,Dr. Vinay Murthy,+91 98800 00002,"DV Act, IPC 498A",2025-10-07 23:05:00,registered,Backend-seeded FIR for CR-2026-DET-212; derived from the Police FIR ER model.,"[{""name"": ""complaint_copy_CR-2026-DET-212.pdf"", ""size"": 154200}, {""name"": ""spot_mahazar_CR-2026-DET-212.pdf"", ""size"": 284100}]",demo,,,,01833c1d-c1e1-499c-bc8a-8409d9718043,2026-08-29 12:45:08,2026-08-29 12:45:08
FIR-601/BRL/2026,d6107abd-e01e-4b47-9fd3-63f2afadb3ff,f4d572c8-e03b-4fe6-ac9e-c227c2dd9d4c,Vijaya Kumari,+91 98800 00031,IPC 379,2026-08-12 23:40:00,registered,Backend-seeded FIR for CR-2026-BRL-001; derived from the Police FIR ER model.,"[{""name"": ""complaint_copy_CR-2026-BRL-001.pdf"", ""size"": 154200}, {""name"": ""spot_mahazar_CR-2026-BRL-001.pdf"", ""size"": 284100}]",demo,,,,01af1bca-a38c-47d3-9ccb-c99618b164a2,2026-08-29 12:45:07,2026-08-29 12:45:07
FIR-248/DET/2026,11b2fd3f-02c4-4877-8297-aeecf94990af,314c456a-4c37-43b1-99a0-4b6239463b6f,Irfan Ahmed,+91 98800 00024,"NDPS 21, 22",2025-04-02 04:20:00,closed,Backend-seeded FIR for CR-2026-DET-149; derived from the Police FIR ER model.,"[{""name"": ""complaint_copy_CR-2026-DET-149.pdf"", ""size"": 154200}, {""name"": ""spot_mahazar_CR-2026-DET-149.pdf"", ""size"": 284100}]",demo,,,,020e7bb2-1edd-42e1-8021-b75b3fe7cb5d,2026-08-29 12:45:08,2026-08-29 12:45:08
FIR-209/DET/2026,85edf476-0108-48c7-bcb4-88c7d0304f4b,cf8c9086-2c1f-460b-86ae-70194c545cf9,Sunita Devi,+91 98800 00006,MMDR Act 21,2024-12-05 03:00:00,closed,Backend-seeded FIR for CR-2026-DET-110; derived from the Police FIR ER model.,"[{""name"": ""complaint_copy_CR-2026-DET-110.pdf"", ""size"": 154200}, {""name"": ""spot_mahazar_CR-2026-DET-110.pdf"", ""size"": 284100}]",demo,,,,02c0f526-a3c1-4c7c-869f-e09847a1bb97,2026-08-29 12:45:07,2026-08-29 12:45:07
FIR-297/DET/2026,0f3c325e-9ef4-4d82-afe4-16918e066317,5121147d-f1ba-4bf4-9391-f5b7bb9124fb,Rajesh Kharvi,+91 98800 00041,"IPC 420, IT Act 66D",2025-08-26 16:45:00,registered,Backend-seeded FIR for CR-2026-DET-198; derived from the Police FIR ER model.,"[{""name"": ""complaint_copy_CR-2026-DET-198.pdf"", ""size"": 154200}, {""name"": ""spot_mahazar_CR-2026-DET-198.pdf"", ""size"": 284100}]",demo,,,,0316f05c-12d7-420c-a531-33c55ef8a56a,2026-08-29 12:45:08,2026-08-29 12:45:08
FIR-126/DET/2026,61dc397d-9b57-406c-9940-825a6d943315,e44eac9d-cdbe-4431-b175-c6dd48feca28,Fathima Begum,+91 98800 00008,Excise Act 32,2024-04-02 00:20:00,registered,Backend-seeded FIR for CR-2026-DET-027; derived from the Police FIR ER model.,"[{""name"": ""complaint_copy_CR-2026-DET-027.pdf"", ""size"": 154200}, {""name"": ""spot_mahazar_CR-2026-DET-027.pdf"", ""size"": 284100}]",demo,,,,049f8368-f026-454e-908d-178566c01883,2026-08-29 12:45:07,2026-08-29 12:45:07
FIR-269/DET/2026,e6cf52f1-d95e-42b5-accb-594646a1cf50,a42d03ad-0de6-4b92-96ef-5ab3f60aff1e,State Complainant,,MMDR Act 21,2025-06-02 02:55:00,closed,Backend-seeded FIR for CR-2026-DET-170; derived from the Police FIR ER model.,"[{""name"": ""complaint_copy_CR-2026-DET-170.pdf"", ""size"": 154200}, {""name"": ""spot_mahazar_CR-2026-DET-170.pdf"", ""size"": 284100}]",demo,,,,04b54b35-fcce-4fb8-b8c6-1e6703d1fe01,2026-08-29 12:45:08,2026-08-29 12:45:08
FIR-214/DET/2026,5b544337-8c42-491f-969e-14bcb77a23f4,643e99ee-2480-49cb-b1b0-23ff69b53493,Mahantesh Patil,+91 98800 00027,MMDR Act 21,2024-12-21 04:55:00,closed,Backend-seeded FIR for CR-2026-DET-115; derived from the Police FIR ER model.,"[{""name"": ""complaint_copy_CR-2026-DET-115.pdf"", ""size"": 154200}, {""name"": ""spot_mahazar_CR-2026-DET-115.pdf"", ""size"": 284100}]",demo,,,,076116f2-15eb-4fe3-b2d6-2b1cc121d164,2026-08-29 12:45:07,2026-08-29 12:45:07
FIR-282/DET/2026,cb1f620f-34a4-41d4-a758-363ea5aca88d,ca5236a4-32f9-4a78-8e38-29bb36d03874,Eshwarappa,+91 98800 00020,MMDR Act 21,2025-07-09 07:35:00,closed,Backend-seeded FIR for CR-2026-DET-183; derived from the Police FIR ER model.,"[{""name"": ""complaint_copy_CR-2026-DET-183.pdf"", ""size"": 154200}, {""name"": ""spot_mahazar_CR-2026-DET-183.pdf"", ""size"": 284100}]",demo,,,,0801caa4-529c-41f3-8349-71e766678e27,2026-08-29 12:45:08,2026-08-29 12:45:08
FIR-202/DET/2026,15c96b81-475b-449b-8436-a108d8fe4f18,219a87ba-850b-48e5-8a33-2151a3337db0,Irfan Ahmed,+91 98800 00024,"IPC 323, 324",2024-11-11 14:30:00,closed,Backend-seeded FIR for CR-2026-DET-103; derived from the Police FIR ER model.,"[{""name"": ""complaint_copy_CR-2026-DET-103.pdf"", ""size"": 154200}, {""name"": ""spot_mahazar_CR-2026-DET-103.pdf"", ""size"": 284100}]",demo,,,,087ddb9f-14b9-4280-a045-caa56f4d16b9,2026-08-29 12:45:07,2026-08-29 12:45:07
FIR-317/DET/2026,9b077177-574d-4bc5-b048-19251435274f,b9af6e21-ff39-4174-bce7-d4fcdcfc9a9d,State Complainant,,"DV Act, IPC 498A",2025-10-24 02:55:00,closed,Backend-seeded FIR for CR-2026-DET-218; derived from the Police FIR ER model.,"[{""name"": ""complaint_copy_CR-2026-DET-218.pdf"", ""size"": 154200}, {""name"": ""spot_mahazar_CR-2026-DET-218.pdf"", ""size"": 284100}]",demo,,,,08ca83b1-e2f8-4c54-b2ed-14198376fdfb,2026-08-29 12:45:08,2026-08-29 12:45:08
FIR-173/DET/2026,f03647a9-db61-4d05-ab67-9fb2768fa09d,19ac4d07-7b48-4c0f-b27c-c36fdb9bf801,Arun Kumar,+91 98800 00038,"IPC 447, 506",2024-08-20 10:35:00,registered,Backend-seeded FIR for CR-2026-DET-074; derived from the Police FIR ER model.,"[{""name"": ""complaint_copy_CR-2026-DET-074.pdf"", ""size"": 154200}, {""name"": ""spot_mahazar_CR-2026-DET-074.pdf"", ""size"": 284100}]",demo,,,,0950a1d1-981e-4d56-b9a2-32b73afcefb8,2026-08-29 12:45:07,2026-08-29 12:45:07
FIR-339/DET/2026,f29e3bf3-3736-4481-9212-3a17322545c0,f36f5a0e-c026-4c91-9ec4-02b25920283e,Arun Kumar,+91 98800 00038,Excise Act 32,2025-12-31 22:00:00,closed,Backend-seeded FIR for CR-2026-DET-240; derived from the Police FIR ER model.,"[{""name"": ""complaint_copy_CR-2026-DET-240.pdf"", ""size"": 154200}, {""name"": ""spot_mahazar_CR-2026-DET-240.pdf"", ""size"": 284100}]",demo,,,,0c115542-a2ea-4326-903f-61db5d1f6ae3,2026-08-29 12:45:08,2026-08-29 12:45:08
FIR-264/DET/2026,89d60a18-d531-4bc7-9fc6-1604cb50e586,19ac4d07-7b48-4c0f-b27c-c36fdb9bf801,Rajendra Prasad,+91 98800 00009,"NDPS 21, 22",2025-05-18 08:40:00,closed,Backend-seeded FIR for CR-2026-DET-165; derived from the Police FIR ER model.,"[{""name"": ""complaint_copy_CR-2026-DET-165.pdf"", ""size"": 154200}, {""name"": ""spot_mahazar_CR-2026-DET-165.pdf"", ""size"": 284100}]",demo,,,,0cda7e28-d97b-49ea-8a4c-1a29bf19cb0b,2026-08-29 12:45:08,2026-08-29 12:45:08
FIR-263/DET/2026,67353674-7691-4520-8f59-eac0a4da8e88,6d399214-9acb-4a0b-98c8-ae0b2a17b775,Ismail Nadaf,+91 98800 00029,"NDPS 21, 22",2025-05-18 00:25:00,closed,Backend-seeded FIR for CR-2026-DET-164; derived from the Police FIR ER model.,"[{""name"": ""complaint_copy_CR-2026-DET-164.pdf"", ""size"": 154200}, {""name"": ""spot_mahazar_CR-2026-DET-164.pdf"", ""size"": 284100}]",demo,,,,0d4c51ea-99f5-4921-b240-9ac3b770be63,2026-08-29 12:45:08,2026-08-29 12:45:08
FIR-351/DET/2026,d4f49f4d-d42a-4772-a24a-1970dfa67542,5bbc94f3-51a0-47de-802a-dd4b4ccedab1,Ismail Nadaf,+91 98800 00029,"IPC 379, 457",2026-02-04 07:25:00,registered,Backend-seeded FIR for CR-2026-DET-252; derived from the Police FIR ER model.,"[{""name"": ""complaint_copy_CR-2026-DET-252.pdf"", ""size"": 154200}, {""name"": ""spot_mahazar_CR-2026-DET-252.pdf"", ""size"": 284100}]",demo,,,,0d57e160-1359-4b86-b562-8faac06b05a4,2026-08-29 12:45:08,2026-08-29 12:45:08
FIR-193/DET/2026,88a3aa18-c4e3-4421-b40c-6cada51abdd5,b19d0b00-458c-4d08-b530-342a4d4f368b,State Complainant,,"NDPS 21, 22",2024-10-20 00:05:00,registered,Backend-seeded FIR for CR-2026-DET-094; derived from the Police FIR ER model.,"[{""name"": ""complaint_copy_CR-2026-DET-094.pdf"", ""size"": 154200}, {""name"": ""spot_mahazar_CR-2026-DET-094.pdf"", ""size"": 284100}]",demo,,,,0eb62bf3-a5d0-4cee-922a-7dfc40da995a,2026-08-29 12:45:07,2026-08-29 12:45:07
FIR-300/DET/2026,638924aa-c05b-4003-8a0d-44a968e1f23a,83c263dd-8664-438d-8f3e-f73f66c623f9,Nagaraj Shetty,+91 98800 00011,"IPC 379, 457",2025-09-03 02:00:00,closed,Backend-seeded FIR for CR-2026-DET-201; derived from the Police FIR ER model.,"[{""name"": ""complaint_copy_CR-2026-DET-201.pdf"", ""size"": 154200}, {""name"": ""spot_mahazar_CR-2026-DET-201.pdf"", ""size"": 284100}]",demo,,,,0fc15b04-14ac-4345-a8c7-611c4531358c,2026-08-29 12:45:08,2026-08-29 12:45:08
FIR-402/CTD/2026,c40d8cdf-0193-40f6-8098-3d23b6e3503b,cf8c9086-2c1f-460b-86ae-70194c545cf9,State Complainant,,"IPC 379, 457",2026-08-02 05:50:00,registered,Backend-seeded FIR for CR-2026-CTD-002; derived from the Police FIR ER model.,"[{""name"": ""complaint_copy_CR-2026-CTD-002.pdf"", ""size"": 154200}, {""name"": ""spot_mahazar_CR-2026-CTD-002.pdf"", ""size"": 284100}]",demo,,,,0fcc4d2a-ef07-4402-b7c6-9b01f7ea7ce7,2026-08-29 12:45:07,2026-08-29 12:45:07
FIR-306/DET/2026,ce291f42-fa02-45ef-842d-04310d74a733,314c456a-4c37-43b1-99a0-4b6239463b6f,Jyothi Lingegowda,+91 98800 00025,"NDPS 21, 22",2025-09-23 01:30:00,registered,Backend-seeded FIR for CR-2026-DET-207; derived from the Police FIR ER model.,"[{""name"": ""complaint_copy_CR-2026-DET-207.pdf"", ""size"": 154200}, {""name"": ""spot_mahazar_CR-2026-DET-207.pdf"", ""size"": 284100}]",demo,,,,10bfb89a-005c-436b-a6c5-ac10541d1778,2026-08-29 12:45:08,2026-08-29 12:45:08
FIR-397/DET/2026,839e055f-ed6d-4aca-998f-9faff861318c,83c263dd-8664-438d-8f3e-f73f66c623f9,Sunanda Poojary,+91 98800 00040,Excise Act 32,2026-06-20 08:50:00,registered,Backend-seeded FIR for CR-2026-DET-298; derived from the Police FIR ER model.,"[{""name"": ""complaint_copy_CR-2026-DET-298.pdf"", ""size"": 154200}, {""name"": ""spot_mahazar_CR-2026-DET-298.pdf"", ""size"": 284100}]",demo,,,,1145e997-4746-47b3-aca4-1ddbf4a654ce,2026-08-29 12:45:08,2026-08-29 12:45:08
FIR-130/DET/2026,886fe6b7-2b1f-46ff-8886-ce82f0b0b667,35ec4bb7-90e0-43a2-9e8a-289e1339f1a0,Dr. Vinay Murthy,+91 98800 00002,"NDPS 21, 22",2024-04-09 08:00:00,registered,Backend-seeded FIR for CR-2026-DET-031; derived from the Police FIR ER model.,"[{""name"": ""complaint_copy_CR-2026-DET-031.pdf"", ""size"": 154200}, {""name"": ""spot_mahazar_CR-2026-DET-031.pdf"", ""size"": 284100}]",demo,,,,116f660d-6ac4-46de-a344-b3286d0cb128,2026-08-29 12:45:07,2026-08-29 12:45:07
FIR-364/DET/2026,f20dce76-ae9f-4645-a0c0-499a7d392db7,6d399214-9acb-4a0b-98c8-ae0b2a17b775,State Complainant,,"IPC 323, 324",2026-03-14 22:05:00,registered,Backend-seeded FIR for CR-2026-DET-265; derived from the Police FIR ER model.,"[{""name"": ""complaint_copy_CR-2026-DET-265.pdf"", ""size"": 154200}, {""name"": ""spot_mahazar_CR-2026-DET-265.pdf"", ""size"": 284100}]",demo,,,,121e7bff-4f84-4576-9d1d-560d92925d65,2026-08-29 12:45:08,2026-08-29 12:45:08
FIR-404/DET/2026,70afdf6f-d75e-4215-be22-0bdc80427de7,643e99ee-2480-49cb-b1b0-23ff69b53493,Asha Rao,+91 98800 00003,"IPC 379, 457",2026-07-10 07:25:00,registered,Backend-seeded FIR for CR-2026-DET-305; derived from the Police FIR ER model.,"[{""name"": ""complaint_copy_CR-2026-DET-305.pdf"", ""size"": 154200}, {""name"": ""spot_mahazar_CR-2026-DET-305.pdf"", ""size"": 284100}]",demo,,,,124b3cca-8396-43ad-8f73-8609d1ce7394,2026-08-29 12:45:08,2026-08-29 12:45:08
FIR-338/DET/2026,3f2f47d0-bdf2-4e4b-9522-b0817a98cf12,c01b3bfb-4c1b-4e70-bd24-9411fd4745f0,Arun Kumar,+91 98800 00038,"IPC 379, 457",2025-12-24 02:55:00,registered,Backend-seeded FIR for CR-2026-DET-239; derived from the Police FIR ER model.,"[{""name"": ""complaint_copy_CR-2026-DET-239.pdf"", ""size"": 154200}, {""name"": ""spot_mahazar_CR-2026-DET-239.pdf"", ""size"": 284100}]",demo,,,,12ef9abb-b23d-4b62-81ff-f40422e7f6da,2026-08-29 12:45:08,2026-08-29 12:45:08
FIR-377/DET/2026,96943fd5-c225-4eb9-9487-64ecc9b83be2,c64ed64b-cdd0-4f79-9a2a-f2df9ce61320,State Complainant,,"IPC 447, 506",2026-04-21 10:35:00,registered,Backend-seeded FIR for CR-2026-DET-278; derived from the Police FIR ER model.,"[{""name"": ""complaint_copy_CR-2026-DET-278.pdf"", ""size"": 154200}, {""name"": ""spot_mahazar_CR-2026-DET-278.pdf"", ""size"": 284100}]",demo,,,,13e55f12-36a6-43da-a273-c680d1ef103a,2026-08-29 12:45:08,2026-08-29 12:45:08
FIR-961/RMN/2026,16a90dc1-c0a2-4ffa-b3cb-5d4b90dd981f,5121147d-f1ba-4bf4-9391-f5b7bb9124fb,State Complainant,,"IPC 392, 395",2026-08-13 07:40:00,registered,Backend-seeded FIR for CR-2026-RMN-001; derived from the Police FIR ER model.,"[{""name"": ""complaint_copy_CR-2026-RMN-001.pdf"", ""size"": 154200}, {""name"": ""spot_mahazar_CR-2026-RMN-001.pdf"", ""size"": 284100}]",demo,,,,14e231c9-3b80-40d8-8354-bee43c66b4f5,2026-08-29 12:45:07,2026-08-29 12:45:07
FIR-602/BRL/2026,de24f080-9816-4242-b058-caf5d20b7385,f4d572c8-e03b-4fe6-ac9e-c227c2dd9d4c,State Complainant,,MMDR Act 21,2026-08-17 02:45:00,registered,Backend-seeded FIR for CR-2026-BRL-002; derived from the Police FIR ER model.,"[{""name"": ""complaint_copy_CR-2026-BRL-002.pdf"", ""size"": 154200}, {""name"": ""spot_mahazar_CR-2026-BRL-002.pdf"", ""size"": 284100}]",demo,,,,1567f587-eb30-4e18-8598-f423a051d86c,2026-08-29 12:45:07,2026-08-29 12:45:07
FIR-141/DET/2026,78185305-270e-4b64-b9b5-7cc36b5b6333,b19d0b00-458c-4d08-b530-342a4d4f368b,State Complainant,,"IPC 447, 506",2024-05-12 10:35:00,closed,Backend-seeded FIR for CR-2026-DET-042; derived from the Police FIR ER model.,"[{""name"": ""complaint_copy_CR-2026-DET-042.pdf"", ""size"": 154200}, {""name"": ""spot_mahazar_CR-2026-DET-042.pdf"", ""size"": 284100}]",demo,,,,15ddd2a9-c297-4e95-aea2-e0523ee1969d,2026-08-29 12:45:07,2026-08-29 12:45:07
FIR-226/DET/2026,f1504c10-ba8d-4a6f-8627-a7e8eb75dc0f,6d399214-9acb-4a0b-98c8-ae0b2a17b775,State Complainant,,"IPC 420, IT Act 66D",2025-01-22 14:35:00,closed,Backend-seeded FIR for CR-2026-DET-127; derived from the Police FIR ER model.,"[{""name"": ""complaint_copy_CR-2026-DET-127.pdf"", ""size"": 154200}, {""name"": ""spot_mahazar_CR-2026-DET-127.pdf"", ""size"": 284100}]",demo,,,,18b8a1d8-4ceb-41af-a390-8dc38432761a,2026-08-29 12:45:07,2026-08-29 12:45:07
FIR-408/DET/2026,b36cc217-9b8b-49df-96ac-79e887a7a0aa,d90df2b2-c392-4aed-8af3-1024b8d7e0a0,Vijaya Kumari,+91 98800 00031,"IPC 379, 457",2026-07-24 06:45:00,registered,Backend-seeded FIR for CR-2026-DET-309; derived from the Police FIR ER model.,"[{""name"": ""complaint_copy_CR-2026-DET-309.pdf"", ""size"": 154200}, {""name"": ""spot_mahazar_CR-2026-DET-309.pdf"", ""size"": 284100}]",demo,,,,1aaa32e0-53e9-4da5-af54-b92afbdc3743,2026-08-29 12:45:08,2026-08-29 12:45:08
FIR-302/DET/2026,74a6f585-8307-4485-9def-e5a95fcb20cb,83c263dd-8664-438d-8f3e-f73f66c623f9,Rajendra Prasad,+91 98800 00009,"IPC 447, 506",2025-09-09 15:45:00,registered,Backend-seeded FIR for CR-2026-DET-203; derived from the Police FIR ER model.,"[{""name"": ""complaint_copy_CR-2026-DET-203.pdf"", ""size"": 154200}, {""name"": ""spot_mahazar_CR-2026-DET-203.pdf"", ""size"": 284100}]",demo,,,,1b6f6d9d-6c27-4b37-8ec4-c8b3a0872c1f,2026-08-29 12:45:08,2026-08-29 12:45:08
FIR-301/DET/2026,d886f95c-3c74-4622-98bb-494d34eea3e6,f36f5a0e-c026-4c91-9ec4-02b25920283e,Rajendra Prasad,+91 98800 00009,"DV Act, IPC 498A",2025-09-04 22:40:00,registered,Backend-seeded FIR for CR-2026-DET-202; derived from the Police FIR ER model.,"[{""name"": ""complaint_copy_CR-2026-DET-202.pdf"", ""size"": 154200}, {""name"": ""spot_mahazar_CR-2026-DET-202.pdf"", ""size"": 284100}]",demo,,,,1ba22e49-a9cb-4b64-b4ad-442abc811d0e,2026-08-29 12:45:08,2026-08-29 12:45:08
FIR-249/DET/2026,d1889cad-710d-43df-a3b2-12ca8952bbbb,19ac4d07-7b48-4c0f-b27c-c36fdb9bf801,Gopal Krishna,+91 98800 00022,"IPC 323, 324",2025-04-05 18:40:00,closed,Backend-seeded FIR for CR-2026-DET-150; derived from the Police FIR ER model.,"[{""name"": ""complaint_copy_CR-2026-DET-150.pdf"", ""size"": 154200}, {""name"": ""spot_mahazar_CR-2026-DET-150.pdf"", ""size"": 284100}]",demo,,,,1df0ef1b-2ea5-46de-bdff-fce2c7e49350,2026-08-29 12:45:08,2026-08-29 12:45:08
FIR-329/DET/2026,76745a3e-3688-4601-97c6-aa5c46fc5f4f,643e99ee-2480-49cb-b1b0-23ff69b53493,State Complainant,,"IPC 379, 457",2025-11-29 04:40:00,closed,Backend-seeded FIR for CR-2026-DET-230; derived from the Police FIR ER model.,"[{""name"": ""complaint_copy_CR-2026-DET-230.pdf"", ""size"": 154200}, {""name"": ""spot_mahazar_CR-2026-DET-230.pdf"", ""size"": 284100}]",demo,,,,1e0de05e-cf14-450c-aec9-db577d935b21,2026-08-29 12:45:08,2026-08-29 12:45:08
FIR-110/DET/2026,ca85f5aa-73aa-430a-a4cb-320008b8004e,8e38105b-15a3-48cb-8fe4-88a34542ccfa,State Complainant,,"IPC 447, 506",2024-02-09 20:10:00,registered,Backend-seeded FIR for CR-2026-DET-011; derived from the Police FIR ER model.,"[{""name"": ""complaint_copy_CR-2026-DET-011.pdf"", ""size"": 154200}, {""name"": ""spot_mahazar_CR-2026-DET-011.pdf"", ""size"": 284100}]",demo,,,,1e81bcf5-6b55-46ec-9d3e-31f49f303ca5,2026-08-29 12:45:07,2026-08-29 12:45:07
FIR-261/DET/2026,bc10eda1-7c9a-473c-a1b5-0be86b966815,d90df2b2-c392-4aed-8af3-1024b8d7e0a0,Kavita Banakar,+91 98800 00028,MMDR Act 21,2025-05-10 07:55:00,registered,Backend-seeded FIR for CR-2026-DET-162; derived from the Police FIR ER model.,"[{""name"": ""complaint_copy_CR-2026-DET-162.pdf"", ""size"": 154200}, {""name"": ""spot_mahazar_CR-2026-DET-162.pdf"", ""size"": 284100}]",demo,,,,1f0ea335-b85b-43e1-b040-8ca0e09766a0,2026-08-29 12:45:08,2026-08-29 12:45:08
FIR-376/DET/2026,7ce4d244-d2cf-4f7e-9c62-341bfc29df4f,ca5236a4-32f9-4a78-8e38-29bb36d03874,State Complainant,,"DV Act, IPC 498A",2026-04-21 22:10:00,registered,Backend-seeded FIR for CR-2026-DET-277; derived from the Police FIR ER model.,"[{""name"": ""complaint_copy_CR-2026-DET-277.pdf"", ""size"": 154200}, {""name"": ""spot_mahazar_CR-2026-DET-277.pdf"", ""size"": 284100}]",demo,,,,1f8e69b6-dc14-4d97-99b8-4de8a1c2f0ee,2026-08-29 12:45:08,2026-08-29 12:45:08
FIR-176/DET/2026,65cd4c20-1fb9-4c02-aaeb-6ad8a3fd4563,83c263dd-8664-438d-8f3e-f73f66c623f9,State Complainant,,"IPC 447, 506",2024-08-26 15:00:00,registered,Backend-seeded FIR for CR-2026-DET-077; derived from the Police FIR ER model.,"[{""name"": ""complaint_copy_CR-2026-DET-077.pdf"", ""size"": 154200}, {""name"": ""spot_mahazar_CR-2026-DET-077.pdf"", ""size"": 284100}]",demo,,,,200c472d-772d-4d2d-a2ef-5cbb609b9c1a,2026-08-29 12:45:07,2026-08-29 12:45:07
FIR-136/DET/2026,3f37c4dc-5b3a-40f8-ae41-ee7169171f0c,27fea9ae-f398-4c45-a286-94af0bd08807,Hema Malini,+91 98800 00023,MMDR Act 21,2024-04-28 00:15:00,closed,Backend-seeded FIR for CR-2026-DET-037; derived from the Police FIR ER model.,"[{""name"": ""complaint_copy_CR-2026-DET-037.pdf"", ""size"": 154200}, {""name"": ""spot_mahazar_CR-2026-DET-037.pdf"", ""size"": 284100}]",demo,,,,2138306d-7485-4d0f-b585-8255456c4642,2026-08-29 12:45:07,2026-08-29 12:45:07
FIR-402/DET/2026,eb432492-c10b-40fe-a04a-3c66d8a6173f,905faca5-a4ac-49a1-bc88-1d5e1907b6cb,Mohan Krishna,+91 98800 00007,"DV Act, IPC 498A",2026-07-05 00:25:00,registered,Backend-seeded FIR for CR-2026-DET-303; derived from the Police FIR ER model.,"[{""name"": ""complaint_copy_CR-2026-DET-303.pdf"", ""size"": 154200}, {""name"": ""spot_mahazar_CR-2026-DET-303.pdf"", ""size"": 284100}]",demo,,,,21df018e-2e19-4ecf-a55b-12704293c2e9,2026-08-29 12:45:08,2026-08-29 12:45:08
FIR-852/KDG/2026,580a3a56-4418-47d0-a4a2-89423ea37223,e44eac9d-cdbe-4431-b175-c6dd48feca28,State Complainant,,"IPC 379, 457",2026-08-10 02:40:00,registered,Backend-seeded FIR for CR-2026-KDG-002; derived from the Police FIR ER model.,"[{""name"": ""complaint_copy_CR-2026-KDG-002.pdf"", ""size"": 154200}, {""name"": ""spot_mahazar_CR-2026-KDG-002.pdf"", ""size"": 284100}]",demo,,,,21f10778-298e-4730-bd27-6dc52465fc9e,2026-08-29 12:45:07,2026-08-29 12:45:07
FIR-502/UKN/2026,17d7c3cb-7fcf-49d5-94e3-c4def941e570,8e38105b-15a3-48cb-8fe4-88a34542ccfa,State Complainant,,"NDPS 20, 21",2026-08-09 05:45:00,registered,Backend-seeded FIR for CR-2026-UKN-002; derived from the Police FIR ER model.,"[{""name"": ""complaint_copy_CR-2026-UKN-002.pdf"", ""size"": 154200}, {""name"": ""spot_mahazar_CR-2026-UKN-002.pdf"", ""size"": 284100}]",demo,,,,220a5efe-2da0-40e9-9f52-288d1c4ec940,2026-08-29 12:45:07,2026-08-29 12:45:07
FIR-185/DET/2026,1a23043e-157a-47ac-b591-1acbfb762a9a,bf35b187-ebe7-4b59-8410-4293f883621a,Dr. Vinay Murthy,+91 98800 00002,"IPC 447, 506",2024-09-24 00:45:00,closed,Backend-seeded FIR for CR-2026-DET-086; derived from the Police FIR ER model.,"[{""name"": ""complaint_copy_CR-2026-DET-086.pdf"", ""size"": 154200}, {""name"": ""spot_mahazar_CR-2026-DET-086.pdf"", ""size"": 284100}]",demo,,,,22f34f50-d166-4519-9d59-1425d6c78579,2026-08-29 12:45:07,2026-08-29 12:45:07
FIR-217/DET/2026,b48cdc49-61ba-4b7e-a61f-d891a6c8b4b5,6d399214-9acb-4a0b-98c8-ae0b2a17b775,State Complainant,,"IPC 447, 506",2024-12-27 11:20:00,closed,Backend-seeded FIR for CR-2026-DET-118; derived from the Police FIR ER model.,"[{""name"": ""complaint_copy_CR-2026-DET-118.pdf"", ""size"": 154200}, {""name"": ""spot_mahazar_CR-2026-DET-118.pdf"", ""size"": 284100}]",demo,,,,23012c51-942c-42a4-861c-88c32fe05bcf,2026-08-29 12:45:07,2026-08-29 12:45:07
FIR-151/DET/2026,ba401153-a203-4d3c-97bc-6657669fcfd2,c01b3bfb-4c1b-4e70-bd24-9411fd4745f0,State Complainant,,"NDPS 21, 22",2024-06-13 08:25:00,closed,Backend-seeded FIR for CR-2026-DET-052; derived from the Police FIR ER model.,"[{""name"": ""complaint_copy_CR-2026-DET-052.pdf"", ""size"": 154200}, {""name"": ""spot_mahazar_CR-2026-DET-052.pdf"", ""size"": 284100}]",demo,,,,2394dacc-16eb-4786-ba1d-4c49ab6fa7bc,2026-08-29 12:45:07,2026-08-29 12:45:07
FIR-252/DET/2026,e6fc639f-f04c-43b8-97fc-4ee36ce71bc3,bf35b187-ebe7-4b59-8410-4293f883621a,Ayesha Parveen,+91 98800 00016,"IPC 379, 457",2025-04-12 04:30:00,registered,Backend-seeded FIR for CR-2026-DET-153; derived from the Police FIR ER model.,"[{""name"": ""complaint_copy_CR-2026-DET-153.pdf"", ""size"": 154200}, {""name"": ""spot_mahazar_CR-2026-DET-153.pdf"", ""size"": 284100}]",demo,,,,2422f264-3148-434e-a446-c7cbebe1df90,2026-08-29 12:45:08,2026-08-29 12:45:08
FIR-291/DET/2026,dc35f15f-5d13-4fe4-9382-03d6de3bd6d0,5bbc94f3-51a0-47de-802a-dd4b4ccedab1,Eshwarappa,+91 98800 00020,"IPC 379, 457",2025-08-08 05:25:00,closed,Backend-seeded FIR for CR-2026-DET-192; derived from the Police FIR ER model.,"[{""name"": ""complaint_copy_CR-2026-DET-192.pdf"", ""size"": 154200}, {""name"": ""spot_mahazar_CR-2026-DET-192.pdf"", ""size"": 284100}]",demo,,,,24a0e12e-6b13-4e34-9d9b-f70f9200f8d9,2026-08-29 12:45:08,2026-08-29 12:45:08
FIR-127/DET/2026,5211efc7-6c7b-4d21-b168-c1066e17b6a2,2fd383db-cd0b-4cca-9161-74533c0a3647,State Complainant,,"IPC 379, 457",2024-04-02 03:20:00,registered,Backend-seeded FIR for CR-2026-DET-028; derived from the Police FIR ER model.,"[{""name"": ""complaint_copy_CR-2026-DET-028.pdf"", ""size"": 154200}, {""name"": ""spot_mahazar_CR-2026-DET-028.pdf"", ""size"": 284100}]",demo,,,,24e56698-0568-4be7-a8b4-1681d3edc081,2026-08-29 12:45:07,2026-08-29 12:45:07
FIR-167/DET/2026,c3db2e8e-6b48-4373-94b4-9860bc7d63c1,219a87ba-850b-48e5-8a33-2151a3337db0,Anupama Sharma,+91 98800 00030,"IPC 323, 324",2024-07-31 20:00:00,registered,Backend-seeded FIR for CR-2026-DET-068; derived from the Police FIR ER model.,"[{""name"": ""complaint_copy_CR-2026-DET-068.pdf"", ""size"": 154200}, {""name"": ""spot_mahazar_CR-2026-DET-068.pdf"", ""size"": 284100}]",demo,,,,25ef72d8-f053-45b1-b3f0-635768d1bcd7,2026-08-29 12:45:07,2026-08-29 12:45:07
FIR-283/DET/2026,034a10c5-3ff7-49bc-923a-c306609ec396,b9af6e21-ff39-4174-bce7-d4fcdcfc9a9d,Asha Rao,+91 98800 00003,MMDR Act 21,2025-07-13 01:05:00,closed,Backend-seeded FIR for CR-2026-DET-184; derived from the Police FIR ER model.,"[{""name"": ""complaint_copy_CR-2026-DET-184.pdf"", ""size"": 154200}, {""name"": ""spot_mahazar_CR-2026-DET-184.pdf"", ""size"": 284100}]",demo,,,,27e93d11-f4e9-469e-85f3-129e7740216f,2026-08-29 12:45:08,2026-08-29 12:45:08
FIR-115/DET/2026,e7d97f9c-3d49-46d0-8a73-33254870a568,bf35b187-ebe7-4b59-8410-4293f883621a,Rajesh Kharvi,+91 98800 00041,"IPC 379, 457",2024-02-25 06:20:00,registered,Backend-seeded FIR for CR-2026-DET-016; derived from the Police FIR ER model.,"[{""name"": ""complaint_copy_CR-2026-DET-016.pdf"", ""size"": 154200}, {""name"": ""spot_mahazar_CR-2026-DET-016.pdf"", ""size"": 284100}]",demo,,,,28955550-4b04-4789-9b9d-c5f3e154c251,2026-08-29 12:45:07,2026-08-29 12:45:07
FIR-312/DET/2026,e5b20dbe-cc36-4197-af86-23ca596500cb,6d399214-9acb-4a0b-98c8-ae0b2a17b775,Ramesh Gowda,+91 98800 00033,"IPC 379, 457",2025-10-11 02:15:00,closed,Backend-seeded FIR for CR-2026-DET-213; derived from the Police FIR ER model.,"[{""name"": ""complaint_copy_CR-2026-DET-213.pdf"", ""size"": 154200}, {""name"": ""spot_mahazar_CR-2026-DET-213.pdf"", ""size"": 284100}]",demo,,,,28c8c48d-649a-4af9-82b3-d948578e8f10,2026-08-29 12:45:08,2026-08-29 12:45:08
FIR-266/DET/2026,fff3a7f9-3c36-4ed2-9e97-3c57508fe2b0,b19d0b00-458c-4d08-b530-342a4d4f368b,Chitra K,+91 98800 00018,Excise Act 32,2025-05-23 04:25:00,closed,Backend-seeded FIR for CR-2026-DET-167; derived from the Police FIR ER model.,"[{""name"": ""complaint_copy_CR-2026-DET-167.pdf"", ""size"": 154200}, {""name"": ""spot_mahazar_CR-2026-DET-167.pdf"", ""size"": 284100}]",demo,,,,2a0af4ba-f540-44a4-b361-7c8fa93815c3,2026-08-29 12:45:08,2026-08-29 12:45:08
FIR-304/DET/2026,f6764b0c-32d9-44a9-97d9-9f59e40ad00f,e44eac9d-cdbe-4431-b175-c6dd48feca28,Rajendra Prasad,+91 98800 00009,"IPC 447, 506",2025-09-13 21:50:00,registered,Backend-seeded FIR for CR-2026-DET-205; derived from the Police FIR ER model.,"[{""name"": ""complaint_copy_CR-2026-DET-205.pdf"", ""size"": 154200}, {""name"": ""spot_mahazar_CR-2026-DET-205.pdf"", ""size"": 284100}]",demo,,,,2b38b20f-9587-4fc5-aca7-8bb444152eb3,2026-08-29 12:45:08,2026-08-29 12:45:08
FIR-120/DET/2026,5d5b45d4-5dc9-4f52-9839-9c2f1bc7fa07,314c456a-4c37-43b1-99a0-4b6239463b6f,Sunita Devi,+91 98800 00006,"IPC 379, 457",2024-03-14 05:05:00,registered,Backend-seeded FIR for CR-2026-DET-021; derived from the Police FIR ER model.,"[{""name"": ""complaint_copy_CR-2026-DET-021.pdf"", ""size"": 154200}, {""name"": ""spot_mahazar_CR-2026-DET-021.pdf"", ""size"": 284100}]",demo,,,,2c2c6e00-a493-4fbc-aa39-6059f20ee1c8,2026-08-29 12:45:07,2026-08-29 12:45:07
FIR-205/DET/2026,4426bc25-e5fb-426f-8d50-679cfc5da621,27fea9ae-f398-4c45-a286-94af0bd08807,Suma B,+91 98800 00014,MMDR Act 21,2024-11-24 05:25:00,registered,Backend-seeded FIR for CR-2026-DET-106; derived from the Police FIR ER model.,"[{""name"": ""complaint_copy_CR-2026-DET-106.pdf"", ""size"": 154200}, {""name"": ""spot_mahazar_CR-2026-DET-106.pdf"", ""size"": 284100}]",demo,,,,2c3feb6d-2a61-49a0-9873-c0e229e80010,2026-08-29 12:45:07,2026-08-29 12:45:07
FIR-208/DET/2026,0ab05469-c5ce-46d6-b804-e45ab1c10ac8,c64ed64b-cdd0-4f79-9a2a-f2df9ce61320,State Complainant,,"DV Act, IPC 498A",2024-11-30 02:15:00,registered,Backend-seeded FIR for CR-2026-DET-109; derived from the Police FIR ER model.,"[{""name"": ""complaint_copy_CR-2026-DET-109.pdf"", ""size"": 154200}, {""name"": ""spot_mahazar_CR-2026-DET-109.pdf"", ""size"": 284100}]",demo,,,,2cd03bf2-8dec-4e13-a2c3-2ac0492e579d,2026-08-29 12:45:07,2026-08-29 12:45:07
FIR-367/DET/2026,f8eeedc4-d280-47fc-adbe-048a0ba88423,ca5236a4-32f9-4a78-8e38-29bb36d03874,State Complainant,,Excise Act 32,2026-03-21 21:55:00,registered,Backend-seeded FIR for CR-2026-DET-268; derived from the Police FIR ER model.,"[{""name"": ""complaint_copy_CR-2026-DET-268.pdf"", ""size"": 154200}, {""name"": ""spot_mahazar_CR-2026-DET-268.pdf"", ""size"": 284100}]",demo,,,,2d871ebe-bc0b-4a42-ba1b-a168b205983d,2026-08-29 12:45:08,2026-08-29 12:45:08
FIR-407/DET/2026,734c2c88-b1d6-4118-933c-84e15c59f1fd,e44eac9d-cdbe-4431-b175-c6dd48feca28,Rajesh Kharvi,+91 98800 00041,Excise Act 32,2026-07-23 08:40:00,registered,Backend-seeded FIR for CR-2026-DET-308; derived from the Police FIR ER model.,"[{""name"": ""complaint_copy_CR-2026-DET-308.pdf"", ""size"": 154200}, {""name"": ""spot_mahazar_CR-2026-DET-308.pdf"", ""size"": 284100}]",demo,,,,2f7a2f36-48aa-4576-b474-48ff516c63e9,2026-08-29 12:45:08,2026-08-29 12:45:08
FIR-231/DET/2026,bfa69473-c007-460c-9cfe-7ea32bfadfed,905faca5-a4ac-49a1-bc88-1d5e1907b6cb,Bharat Hegde,+91 98800 00017,Excise Act 32,2025-02-08 06:15:00,registered,Backend-seeded FIR for CR-2026-DET-132; derived from the Police FIR ER model.,"[{""name"": ""complaint_copy_CR-2026-DET-132.pdf"", ""size"": 154200}, {""name"": ""spot_mahazar_CR-2026-DET-132.pdf"", ""size"": 284100}]",demo,,,,304bd1f4-c02f-492c-9207-ae71eb637d9b,2026-08-29 12:45:07,2026-08-29 12:45:07
FIR-334/MNG/2026,a096c3ab-bf86-4217-a4ac-b8c7faa9ea97,83c263dd-8664-438d-8f3e-f73f66c623f9,Irfan Ahmed,+91 98800 00024,"IPC 324, 506",2026-08-02 11:45:00,closed,Backend-seeded FIR for CR-2026-MNG-004; derived from the Police FIR ER model.,"[{""name"": ""complaint_copy_CR-2026-MNG-004.pdf"", ""size"": 154200}, {""name"": ""spot_mahazar_CR-2026-MNG-004.pdf"", ""size"": 284100}]",demo,,,,309846d4-a150-4972-8edd-ed15d685d64c,2026-08-29 12:45:07,2026-08-29 12:45:07
FIR-280/DET/2026,8c3af1c1-b5f0-4cda-974e-5fd2af961094,5121147d-f1ba-4bf4-9391-f5b7bb9124fb,State Complainant,,"IPC 420, IT Act 66D",2025-07-05 19:45:00,closed,Backend-seeded FIR for CR-2026-DET-181; derived from the Police FIR ER model.,"[{""name"": ""complaint_copy_CR-2026-DET-181.pdf"", ""size"": 154200}, {""name"": ""spot_mahazar_CR-2026-DET-181.pdf"", ""size"": 284100}]",demo,,,,31e36ed5-171c-4a44-8f1e-f60569cf06ca,2026-08-29 12:45:08,2026-08-29 12:45:08
FIR-143/DET/2026,25c799cd-e971-4437-9c5e-0d76fc07c672,8e38105b-15a3-48cb-8fe4-88a34542ccfa,State Complainant,,"IPC 323, 324",2024-05-22 01:45:00,registered,Backend-seeded FIR for CR-2026-DET-044; derived from the Police FIR ER model.,"[{""name"": ""complaint_copy_CR-2026-DET-044.pdf"", ""size"": 154200}, {""name"": ""spot_mahazar_CR-2026-DET-044.pdf"", ""size"": 284100}]",demo,,,,3219327e-289f-41a0-b738-7b85e9592a23,2026-08-29 12:45:07,2026-08-29 12:45:07
FIR-118/DET/2026,84f79fe6-54f7-4ff0-baef-5488318d562e,b19d0b00-458c-4d08-b530-342a4d4f368b,Mahantesh Patil,+91 98800 00027,"IPC 447, 506",2024-03-05 22:25:00,closed,Backend-seeded FIR for CR-2026-DET-019; derived from the Police FIR ER model.,"[{""name"": ""complaint_copy_CR-2026-DET-019.pdf"", ""size"": 154200}, {""name"": ""spot_mahazar_CR-2026-DET-019.pdf"", ""size"": 284100}]",demo,,,,33d13bb0-9f5b-467f-b494-c7316f8745d3,2026-08-29 12:45:07,2026-08-29 12:45:07
FIR-378/DET/2026,09fe6c49-e47a-4e73-9929-ed7c9520a38b,83c263dd-8664-438d-8f3e-f73f66c623f9,Chitra K,+91 98800 00018,MMDR Act 21,2026-04-24 07:35:00,closed,Backend-seeded FIR for CR-2026-DET-279; derived from the Police FIR ER model.,"[{""name"": ""complaint_copy_CR-2026-DET-279.pdf"", ""size"": 154200}, {""name"": ""spot_mahazar_CR-2026-DET-279.pdf"", ""size"": 284100}]",demo,,,,3456d3a0-5019-4b68-a258-0ded5c10a75b,2026-08-29 12:45:08,2026-08-29 12:45:08
FIR-374/DET/2026,1a850195-143c-47c9-8c15-9d2f9cc82634,e44eac9d-cdbe-4431-b175-c6dd48feca28,State Complainant,,"DV Act, IPC 498A",2026-04-15 00:05:00,closed,Backend-seeded FIR for CR-2026-DET-275; derived from the Police FIR ER model.,"[{""name"": ""complaint_copy_CR-2026-DET-275.pdf"", ""size"": 154200}, {""name"": ""spot_mahazar_CR-2026-DET-275.pdf"", ""size"": 284100}]",demo,,,,34dc755e-8d86-4a68-971f-4109a2238f5e,2026-08-29 12:45:08,2026-08-29 12:45:08
FIR-340/DET/2026,e1bcdee5-3a8f-4a70-af2e-c748d12e43ca,ca5236a4-32f9-4a78-8e38-29bb36d03874,Dr. Vinay Murthy,+91 98800 00002,MMDR Act 21,2025-12-30 09:35:00,registered,Backend-seeded FIR for CR-2026-DET-241; derived from the Police FIR ER model.,"[{""name"": ""complaint_copy_CR-2026-DET-241.pdf"", ""size"": 154200}, {""name"": ""spot_mahazar_CR-2026-DET-241.pdf"", ""size"": 284100}]",demo,,,,351d22e3-c50e-4163-9150-2c5bc9991666,2026-08-29 12:45:08,2026-08-29 12:45:08
FIR-951/CB/2026,ea067cc1-1c97-4507-8bf8-6b2b9c80db50,bf35b187-ebe7-4b59-8410-4293f883621a,State Complainant,,"IPC 447, 468",2026-08-03 14:10:00,registered,Backend-seeded FIR for CR-2026-CB-001; derived from the Police FIR ER model.,"[{""name"": ""complaint_copy_CR-2026-CB-001.pdf"", ""size"": 154200}, {""name"": ""spot_mahazar_CR-2026-CB-001.pdf"", ""size"": 284100}]",demo,,,,359d6072-28b0-4806-bc8e-6aa4a4bb3102,2026-08-29 12:45:07,2026-08-29 12:45:07
FIR-325/DET/2026,f394225d-055f-4dd8-ab3f-daa8950bb908,6d399214-9acb-4a0b-98c8-ae0b2a17b775,State Complainant,,"DV Act, IPC 498A",2025-11-19 21:00:00,closed,Backend-seeded FIR for CR-2026-DET-226; derived from the Police FIR ER model.,"[{""name"": ""complaint_copy_CR-2026-DET-226.pdf"", ""size"": 154200}, {""name"": ""spot_mahazar_CR-2026-DET-226.pdf"", ""size"": 284100}]",demo,,,,36cb6543-d5fc-42ce-bd02-0133cbc38c2a,2026-08-29 12:45:08,2026-08-29 12:45:08
FIR-243/DET/2026,28b3122f-7ceb-4d4e-bdef-4665211ff616,f477b6e3-1f4a-46d7-a02e-bb78a32dd82b,State Complainant,,"IPC 420, IT Act 66D",2025-03-17 18:20:00,closed,Backend-seeded FIR for CR-2026-DET-144; derived from the Police FIR ER model.,"[{""name"": ""complaint_copy_CR-2026-DET-144.pdf"", ""size"": 154200}, {""name"": ""spot_mahazar_CR-2026-DET-144.pdf"", ""size"": 284100}]",demo,,,,36ff7e93-87d3-494f-9729-6948ead02ecb,2026-08-29 12:45:08,2026-08-29 12:45:08
FIR-220/DET/2026,416abfd1-997c-4bcb-a746-8c408b713b3f,c64ed64b-cdd0-4f79-9a2a-f2df9ce61320,State Complainant,,"NDPS 21, 22",2025-01-04 03:55:00,registered,Backend-seeded FIR for CR-2026-DET-121; derived from the Police FIR ER model.,"[{""name"": ""complaint_copy_CR-2026-DET-121.pdf"", ""size"": 154200}, {""name"": ""spot_mahazar_CR-2026-DET-121.pdf"", ""size"": 284100}]",demo,,,,3a2427ae-4f48-495c-bf0e-aeedba0cb275,2026-08-29 12:45:07,2026-08-29 12:45:07
FIR-144/TMK/2026,d1871ab1-15ba-4407-84cc-93fee2c7c555,32ef8189-db8a-47c3-b687-3bf34a097b2b,State Complainant,,IPC 323,2026-07-30 01:45:00,closed,Backend-seeded FIR for CR-2026-TMK-001; derived from the Police FIR ER model.,"[{""name"": ""complaint_copy_CR-2026-TMK-001.pdf"", ""size"": 154200}, {""name"": ""spot_mahazar_CR-2026-TMK-001.pdf"", ""size"": 284100}]",demo,,,,3a3579c3-0317-4f9f-a51d-d7ea7c3c4bb2,2026-08-29 12:45:07,2026-08-29 12:45:07
FIR-398/DET/2026,7e2bb549-4e67-48fe-ba6a-8c2d44e35f11,32ef8189-db8a-47c3-b687-3bf34a097b2b,State Complainant,,"NDPS 21, 22",2026-06-25 02:35:00,closed,Backend-seeded FIR for CR-2026-DET-299; derived from the Police FIR ER model.,"[{""name"": ""complaint_copy_CR-2026-DET-299.pdf"", ""size"": 154200}, {""name"": ""spot_mahazar_CR-2026-DET-299.pdf"", ""size"": 284100}]",demo,,,,3a82cc0d-9dc3-42e5-a0b0-8dbf7889af21,2026-08-29 12:45:08,2026-08-29 12:45:08
FIR-199/DET/2026,27e38e27-2326-4800-8aa9-adebe6f7adb3,b19d0b00-458c-4d08-b530-342a4d4f368b,Arun Kumar,+91 98800 00038,"IPC 323, 324",2024-11-05 20:15:00,registered,Backend-seeded FIR for CR-2026-DET-100; derived from the Police FIR ER model.,"[{""name"": ""complaint_copy_CR-2026-DET-100.pdf"", ""size"": 154200}, {""name"": ""spot_mahazar_CR-2026-DET-100.pdf"", ""size"": 284100}]",demo,,,,3ac32e89-8e86-4d48-a432-503c418e2574,2026-08-29 12:45:07,2026-08-29 12:45:07
FIR-375/DET/2026,30aecfc2-d880-40d5-a683-1a291a328b2e,2fd383db-cd0b-4cca-9161-74533c0a3647,Sunita Devi,+91 98800 00006,"IPC 447, 506",2026-04-17 16:00:00,registered,Backend-seeded FIR for CR-2026-DET-276; derived from the Police FIR ER model.,"[{""name"": ""complaint_copy_CR-2026-DET-276.pdf"", ""size"": 154200}, {""name"": ""spot_mahazar_CR-2026-DET-276.pdf"", ""size"": 284100}]",demo,,,,3aeed89e-581a-4f37-a9d7-062faab5ff98,2026-08-29 12:45:08,2026-08-29 12:45:08
FIR-394/DET/2026,d5a5ea16-cede-4fbc-b423-2f09e43f96a1,c01b3bfb-4c1b-4e70-bd24-9411fd4745f0,Ayesha Parveen,+91 98800 00016,"IPC 447, 506",2026-06-14 12:55:00,registered,Backend-seeded FIR for CR-2026-DET-295; derived from the Police FIR ER model.,"[{""name"": ""complaint_copy_CR-2026-DET-295.pdf"", ""size"": 154200}, {""name"": ""spot_mahazar_CR-2026-DET-295.pdf"", ""size"": 284100}]",demo,,,,3aef3e22-366f-4be0-9889-08959b902b6b,2026-08-29 12:45:08,2026-08-29 12:45:08
FIR-251/DET/2026,b08a6b5b-647e-4aa3-b791-3cb404b65f4f,27fea9ae-f398-4c45-a286-94af0bd08807,State Complainant,,"IPC 420, IT Act 66D",2025-04-08 23:15:00,closed,Backend-seeded FIR for CR-2026-DET-152; derived from the Police FIR ER model.,"[{""name"": ""complaint_copy_CR-2026-DET-152.pdf"", ""size"": 154200}, {""name"": ""spot_mahazar_CR-2026-DET-152.pdf"", ""size"": 284100}]",demo,,,,3b01d84a-3b88-4531-a843-f495db7a5d9a,2026-08-29 12:45:08,2026-08-29 12:45:08
FIR-259/DET/2026,5acafa13-6059-455f-ac2a-8c3cea9372ab,5bbc94f3-51a0-47de-802a-dd4b4ccedab1,State Complainant,,"IPC 420, IT Act 66D",2025-05-02 14:55:00,registered,Backend-seeded FIR for CR-2026-DET-160; derived from the Police FIR ER model.,"[{""name"": ""complaint_copy_CR-2026-DET-160.pdf"", ""size"": 154200}, {""name"": ""spot_mahazar_CR-2026-DET-160.pdf"", ""size"": 284100}]",demo,,,,3b5672aa-2b5e-424a-b78d-f54e72a55a1c,2026-08-29 12:45:08,2026-08-29 12:45:08
FIR-200/DET/2026,d48854cb-ed01-4856-a50e-229ec5ed648c,b19d0b00-458c-4d08-b530-342a4d4f368b,Pradeep Naik,+91 98800 00013,Excise Act 32,2024-11-06 00:00:00,closed,Backend-seeded FIR for CR-2026-DET-101; derived from the Police FIR ER model.,"[{""name"": ""complaint_copy_CR-2026-DET-101.pdf"", ""size"": 154200}, {""name"": ""spot_mahazar_CR-2026-DET-101.pdf"", ""size"": 284100}]",demo,,,,3bc81506-b3e4-40fe-8fa8-5a1e484b2e84,2026-08-29 12:45:07,2026-08-29 12:45:07
FIR-802/CMR/2026,986c244c-4d59-457a-aa8b-a18f4738ff7e,a42d03ad-0de6-4b92-96ef-5ab3f60aff1e,State Complainant,,"IPC 447, 468",2026-08-05 19:55:00,registered,Backend-seeded FIR for CR-2026-CMR-002; derived from the Police FIR ER model.,"[{""name"": ""complaint_copy_CR-2026-CMR-002.pdf"", ""size"": 154200}, {""name"": ""spot_mahazar_CR-2026-CMR-002.pdf"", ""size"": 284100}]",demo,,,,3c0631ba-dd76-4fb3-8aae-e8f39616ddfd,2026-08-29 12:45:07,2026-08-29 12:45:07
FIR-289/DET/2026,4e3fa34d-7046-457c-a308-6d9c7a1fe4d2,32ef8189-db8a-47c3-b687-3bf34a097b2b,Ayesha Parveen,+91 98800 00016,"NDPS 21, 22",2025-07-31 05:40:00,closed,Backend-seeded FIR for CR-2026-DET-190; derived from the Police FIR ER model.,"[{""name"": ""complaint_copy_CR-2026-DET-190.pdf"", ""size"": 154200}, {""name"": ""spot_mahazar_CR-2026-DET-190.pdf"", ""size"": 284100}]",demo,,,,3c0e3b42-dbcb-4b91-a36e-9aa90cf270e3,2026-08-29 12:45:08,2026-08-29 12:45:08
FIR-053/BNG/2026,afce8adf-1722-477f-bcdc-4b72e8b78acc,643e99ee-2480-49cb-b1b0-23ff69b53493,Anupama Sharma,+91 98800 00030,"IPC 380, 457",2026-08-24 00:20:00,registered,Backend-seeded FIR for CR-2026-BNG-003; derived from the Police FIR ER model.,"[{""name"": ""complaint_copy_CR-2026-BNG-003.pdf"", ""size"": 154200}, {""name"": ""spot_mahazar_CR-2026-BNG-003.pdf"", ""size"": 284100}]",demo,,,,3c783ef3-45ba-42d9-afe1-f61dff80b702,2026-08-29 12:45:07,2026-08-29 12:45:07
FIR-502/DVG/2026,3b4df870-093f-4f58-801b-9dd818088fc8,c31cd5b1-71b1-4e9d-a06b-9fadde8f9e6f,State Complainant,,"NDPS 20, 21",2026-08-21 06:00:00,registered,Backend-seeded FIR for CR-2026-DVG-002; derived from the Police FIR ER model.,"[{""name"": ""complaint_copy_CR-2026-DVG-002.pdf"", ""size"": 154200}, {""name"": ""spot_mahazar_CR-2026-DVG-002.pdf"", ""size"": 284100}]",demo,,,,3ca01494-a635-4fed-b72d-876043ee97d9,2026-08-29 12:45:07,2026-08-29 12:45:07
FIR-348/DET/2026,0742ce48-10b4-4c00-b028-a26687e17c6c,32ef8189-db8a-47c3-b687-3bf34a097b2b,State Complainant,,"NDPS 21, 22",2026-01-28 00:00:00,closed,Backend-seeded FIR for CR-2026-DET-249; derived from the Police FIR ER model.,"[{""name"": ""complaint_copy_CR-2026-DET-249.pdf"", ""size"": 154200}, {""name"": ""spot_mahazar_CR-2026-DET-249.pdf"", ""size"": 284100}]",demo,,,,3d0494f5-d3ca-4610-a787-30591dc7882c,2026-08-29 12:45:08,2026-08-29 12:45:08
FIR-145/DET/2026,dcac688f-9d4c-4f2d-b9ef-525c65c5b504,c64ed64b-cdd0-4f79-9a2a-f2df9ce61320,Sunanda Poojary,+91 98800 00040,"DV Act, IPC 498A",2024-05-25 20:20:00,registered,Backend-seeded FIR for CR-2026-DET-046; derived from the Police FIR ER model.,"[{""name"": ""complaint_copy_CR-2026-DET-046.pdf"", ""size"": 154200}, {""name"": ""spot_mahazar_CR-2026-DET-046.pdf"", ""size"": 284100}]",demo,,,,3d366766-0cd2-44c4-b544-82f3c576a3ef,2026-08-29 12:45:07,2026-08-29 12:45:07
FIR-418/DET/2026,6e37397e-e931-4b33-ac19-0cb47545ed56,31d37711-b1aa-44be-b8fd-c1a4355577d9,State Complainant,,"IPC 420, IT Act 66D",2026-08-23 14:30:00,registered,Backend-seeded FIR for CR-2026-DET-319; derived from the Police FIR ER model.,"[{""name"": ""complaint_copy_CR-2026-DET-319.pdf"", ""size"": 154200}, {""name"": ""spot_mahazar_CR-2026-DET-319.pdf"", ""size"": 284100}]",demo,,,,3df13b09-aaa4-4f2d-ae9a-50858c9e453e,2026-08-29 12:45:08,2026-08-29 12:45:08
FIR-265/DET/2026,eba3ce79-9437-4393-b2ce-6fae88680030,c01b3bfb-4c1b-4e70-bd24-9411fd4745f0,Shobha Patil,+91 98800 00010,MMDR Act 21,2025-05-21 03:00:00,registered,Backend-seeded FIR for CR-2026-DET-166; derived from the Police FIR ER model.,"[{""name"": ""complaint_copy_CR-2026-DET-166.pdf"", ""size"": 154200}, {""name"": ""spot_mahazar_CR-2026-DET-166.pdf"", ""size"": 284100}]",demo,,,,3f21556f-5250-430b-8f75-6c5623143ee3,2026-08-29 12:45:08,2026-08-29 12:45:08
FIR-162/DET/2026,3081447a-6053-416e-a9f9-18f68721ecb5,2fd383db-cd0b-4cca-9161-74533c0a3647,Vasanth Kumar,+91 98800 00035,"IPC 323, 324",2024-07-14 09:15:00,closed,Backend-seeded FIR for CR-2026-DET-063; derived from the Police FIR ER model.,"[{""name"": ""complaint_copy_CR-2026-DET-063.pdf"", ""size"": 154200}, {""name"": ""spot_mahazar_CR-2026-DET-063.pdf"", ""size"": 284100}]",demo,,,,3f7db885-6fa6-4152-b71d-2374e7a59e53,2026-08-29 12:45:07,2026-08-29 12:45:07
FIR-156/DET/2026,c9465472-2a6a-4245-b855-a987c10bd2e7,59c075bd-c5d7-48bc-b115-91f5b0d2cf7b,Vasanth Kumar,+91 98800 00035,"IPC 420, IT Act 66D",2024-06-28 20:40:00,closed,Backend-seeded FIR for CR-2026-DET-057; derived from the Police FIR ER model.,"[{""name"": ""complaint_copy_CR-2026-DET-057.pdf"", ""size"": 154200}, {""name"": ""spot_mahazar_CR-2026-DET-057.pdf"", ""size"": 284100}]",demo,,,,3f895667-1e21-466b-a4ce-8d56c57bcee2,2026-08-29 12:45:07,2026-08-29 12:45:07
FIR-257/DET/2026,608ec7d1-8d99-4725-b0a5-8189d140c381,5121147d-f1ba-4bf4-9391-f5b7bb9124fb,State Complainant,,"IPC 379, 457",2025-04-27 04:05:00,registered,Backend-seeded FIR for CR-2026-DET-158; derived from the Police FIR ER model.,"[{""name"": ""complaint_copy_CR-2026-DET-158.pdf"", ""size"": 154200}, {""name"": ""spot_mahazar_CR-2026-DET-158.pdf"", ""size"": 284100}]",demo,,,,3fccd23f-580d-4647-9896-9ff55b41b650,2026-08-29 12:45:08,2026-08-29 12:45:08
FIR-501/DVG/2026,2fb8f4d0-451d-4197-ae22-ff0474657938,c31cd5b1-71b1-4e9d-a06b-9fadde8f9e6f,Padmavathi,+91 98800 00039,"IPC 379, 457",2026-08-16 04:40:00,registered,Backend-seeded FIR for CR-2026-DVG-001; derived from the Police FIR ER model.,"[{""name"": ""complaint_copy_CR-2026-DVG-001.pdf"", ""size"": 154200}, {""name"": ""spot_mahazar_CR-2026-DVG-001.pdf"", ""size"": 284100}]",demo,,,,401521c3-89c6-4214-8841-f6893a9360bb,2026-08-29 12:45:07,2026-08-29 12:45:07
FIR-232/DET/2026,09e63973-add2-4269-b2b6-2e107969cbaf,4c15aede-a2ad-4322-bb3e-1264d9593b53,State Complainant,,"IPC 447, 506",2025-02-12 15:45:00,closed,Backend-seeded FIR for CR-2026-DET-133; derived from the Police FIR ER model.,"[{""name"": ""complaint_copy_CR-2026-DET-133.pdf"", ""size"": 154200}, {""name"": ""spot_mahazar_CR-2026-DET-133.pdf"", ""size"": 284100}]",demo,,,,40cd8e4e-14e6-4d05-b3b0-d9473c268a7d,2026-08-29 12:45:07,2026-08-29 12:45:07
FIR-108/DET/2026,0bfac0ed-4420-4578-9171-cfb3a6807d73,2fd383db-cd0b-4cca-9161-74533c0a3647,Rajesh Kharvi,+91 98800 00041,"IPC 323, 324",2024-02-06 10:35:00,registered,Backend-seeded FIR for CR-2026-DET-009; derived from the Police FIR ER model.,"[{""name"": ""complaint_copy_CR-2026-DET-009.pdf"", ""size"": 154200}, {""name"": ""spot_mahazar_CR-2026-DET-009.pdf"", ""size"": 284100}]",demo,,,,40ed29a7-62d3-4f9b-86bb-8233ddf0c8e8,2026-08-29 12:45:07,2026-08-29 12:45:07
FIR-316/DET/2026,e61d0115-0d9c-4136-b020-65a6801fc866,c01b3bfb-4c1b-4e70-bd24-9411fd4745f0,Shashikala Devi,+91 98800 00034,"DV Act, IPC 498A",2025-10-19 19:30:00,registered,Backend-seeded FIR for CR-2026-DET-217; derived from the Police FIR ER model.,"[{""name"": ""complaint_copy_CR-2026-DET-217.pdf"", ""size"": 154200}, {""name"": ""spot_mahazar_CR-2026-DET-217.pdf"", ""size"": 284100}]",demo,,,,40ee1e03-a3ba-4840-8df5-d217896e48cb,2026-08-29 12:45:08,2026-08-29 12:45:08
FIR-237/DET/2026,8517a5db-ec0f-4044-8b16-ae050c06c213,a42d03ad-0de6-4b92-96ef-5ab3f60aff1e,State Complainant,,"IPC 420, IT Act 66D",2025-02-27 14:40:00,closed,Backend-seeded FIR for CR-2026-DET-138; derived from the Police FIR ER model.,"[{""name"": ""complaint_copy_CR-2026-DET-138.pdf"", ""size"": 154200}, {""name"": ""spot_mahazar_CR-2026-DET-138.pdf"", ""size"": 284100}]",demo,,,,41b2c44f-588f-43b5-8780-b8819e5acfe2,2026-08-29 12:45:07,2026-08-29 12:45:07
FIR-279/DET/2026,5dcb6acd-40a6-48f9-831d-bf74a3885551,83c263dd-8664-438d-8f3e-f73f66c623f9,State Complainant,,"NDPS 21, 22",2025-07-03 04:05:00,registered,Backend-seeded FIR for CR-2026-DET-180; derived from the Police FIR ER model.,"[{""name"": ""complaint_copy_CR-2026-DET-180.pdf"", ""size"": 154200}, {""name"": ""spot_mahazar_CR-2026-DET-180.pdf"", ""size"": 284100}]",demo,,,,41c47b88-7120-4385-80b1-d2edbd573775,2026-08-29 12:45:08,2026-08-29 12:45:08
FIR-276/DET/2026,93bb26e2-3115-4ba0-a6db-d494f415fe04,f36f5a0e-c026-4c91-9ec4-02b25920283e,Hema Malini,+91 98800 00023,"IPC 420, IT Act 66D",2025-06-25 20:10:00,closed,Backend-seeded FIR for CR-2026-DET-177; derived from the Police FIR ER model.,"[{""name"": ""complaint_copy_CR-2026-DET-177.pdf"", ""size"": 154200}, {""name"": ""spot_mahazar_CR-2026-DET-177.pdf"", ""size"": 284100}]",demo,,,,421f173f-4370-4e64-ad58-b85c8ed113e3,2026-08-29 12:45:08,2026-08-29 12:45:08
FIR-223/DET/2026,43e7f41e-0a9d-4283-94e0-569e5d2de88f,a42d03ad-0de6-4b92-96ef-5ab3f60aff1e,State Complainant,,"NDPS 21, 22",2025-01-14 00:55:00,registered,Backend-seeded FIR for CR-2026-DET-124; derived from the Police FIR ER model.,"[{""name"": ""complaint_copy_CR-2026-DET-124.pdf"", ""size"": 154200}, {""name"": ""spot_mahazar_CR-2026-DET-124.pdf"", ""size"": 284100}]",demo,,,,43473b29-3427-41b3-ada5-abb17f364361,2026-08-29 12:45:07,2026-08-29 12:45:07
FIR-328/DET/2026,5d0d1b7d-4ac6-469f-a10c-058e45daa83c,5bbc94f3-51a0-47de-802a-dd4b4ccedab1,State Complainant,,"IPC 447, 506",2025-11-26 16:20:00,registered,Backend-seeded FIR for CR-2026-DET-229; derived from the Police FIR ER model.,"[{""name"": ""complaint_copy_CR-2026-DET-229.pdf"", ""size"": 154200}, {""name"": ""spot_mahazar_CR-2026-DET-229.pdf"", ""size"": 284100}]",demo,,,,43b12759-f4d6-4bd3-a052-8de038b3f077,2026-08-29 12:45:08,2026-08-29 12:45:08
FIR-107/DET/2026,32f2faf4-4b48-46c2-bae2-2a3d846f04da,19ac4d07-7b48-4c0f-b27c-c36fdb9bf801,Rajendra Prasad,+91 98800 00009,MMDR Act 21,2024-02-05 03:15:00,registered,Backend-seeded FIR for CR-2026-DET-008; derived from the Police FIR ER model.,"[{""name"": ""complaint_copy_CR-2026-DET-008.pdf"", ""size"": 154200}, {""name"": ""spot_mahazar_CR-2026-DET-008.pdf"", ""size"": 284100}]",demo,,,,43df5cd3-228e-4f4d-9de4-1b62e1e61811,2026-08-29 12:45:07,2026-08-29 12:45:07
FIR-801/RCR/2026,0980717a-92ad-4653-baa9-303a0348e076,4c15aede-a2ad-4322-bb3e-1264d9593b53,State Complainant,,"NDPS 20, 21",2026-08-15 03:30:00,registered,Backend-seeded FIR for CR-2026-RCR-001; derived from the Police FIR ER model.,"[{""name"": ""complaint_copy_CR-2026-RCR-001.pdf"", ""size"": 154200}, {""name"": ""spot_mahazar_CR-2026-RCR-001.pdf"", ""size"": 284100}]",demo,,,,44329cb0-b6c3-4708-84fb-aefe2c6805c2,2026-08-29 12:45:07,2026-08-29 12:45:07
FIR-194/DET/2026,55a7bc73-50d6-4f17-839b-9d4ff8099146,ca5236a4-32f9-4a78-8e38-29bb36d03874,Rajendra Prasad,+91 98800 00009,MMDR Act 21,2024-10-19 03:50:00,closed,Backend-seeded FIR for CR-2026-DET-095; derived from the Police FIR ER model.,"[{""name"": ""complaint_copy_CR-2026-DET-095.pdf"", ""size"": 154200}, {""name"": ""spot_mahazar_CR-2026-DET-095.pdf"", ""size"": 284100}]",demo,,,,456664f7-b981-4efa-853f-7d1ee6621fdd,2026-08-29 12:45:07,2026-08-29 12:45:07
FIR-191/DET/2026,3aee9cbb-4270-44e6-a54f-e92908b5ce4c,5bbc94f3-51a0-47de-802a-dd4b4ccedab1,State Complainant,,MMDR Act 21,2024-10-10 05:10:00,closed,Backend-seeded FIR for CR-2026-DET-092; derived from the Police FIR ER model.,"[{""name"": ""complaint_copy_CR-2026-DET-092.pdf"", ""size"": 154200}, {""name"": ""spot_mahazar_CR-2026-DET-092.pdf"", ""size"": 284100}]",demo,,,,45bbd7ca-02e0-4a69-bf35-a4d96c66942c,2026-08-29 12:45:07,2026-08-29 12:45:07
FIR-104/DET/2026,e517a6e3-c8e1-48c0-b40e-4a26a41501de,e44eac9d-cdbe-4431-b175-c6dd48feca28,State Complainant,,"IPC 323, 324",2024-01-26 20:20:00,closed,Backend-seeded FIR for CR-2026-DET-005; derived from the Police FIR ER model.,"[{""name"": ""complaint_copy_CR-2026-DET-005.pdf"", ""size"": 154200}, {""name"": ""spot_mahazar_CR-2026-DET-005.pdf"", ""size"": 284100}]",demo,,,,45cfca5b-8efb-4e80-ac1c-4526fe833eb2,2026-08-29 12:45:07,2026-08-29 12:45:07
FIR-161/DET/2026,db622ba3-91af-435c-bf1a-36161400ede6,314c456a-4c37-43b1-99a0-4b6239463b6f,Ramesh Gowda,+91 98800 00033,"IPC 323, 324",2024-07-14 14:10:00,registered,Backend-seeded FIR for CR-2026-DET-062; derived from the Police FIR ER model.,"[{""name"": ""complaint_copy_CR-2026-DET-062.pdf"", ""size"": 154200}, {""name"": ""spot_mahazar_CR-2026-DET-062.pdf"", ""size"": 284100}]",demo,,,,472b7742-a50c-4a34-a552-64fa10fbc181,2026-08-29 12:45:07,2026-08-29 12:45:07
FIR-385/DET/2026,2d67db3f-33a3-45a1-aa83-3e003159aab8,35ec4bb7-90e0-43a2-9e8a-289e1339f1a0,State Complainant,,"NDPS 21, 22",2026-05-17 05:25:00,closed,Backend-seeded FIR for CR-2026-DET-286; derived from the Police FIR ER model.,"[{""name"": ""complaint_copy_CR-2026-DET-286.pdf"", ""size"": 154200}, {""name"": ""spot_mahazar_CR-2026-DET-286.pdf"", ""size"": 284100}]",demo,,,,47cb0fc9-0e44-4fb5-93dd-99f37f6c1817,2026-08-29 12:45:08,2026-08-29 12:45:08
FIR-163/DET/2026,c475976f-48a1-4081-850f-db10550d77fa,c01b3bfb-4c1b-4e70-bd24-9411fd4745f0,Pradeep Naik,+91 98800 00013,"IPC 447, 506",2024-07-19 14:45:00,closed,Backend-seeded FIR for CR-2026-DET-064; derived from the Police FIR ER model.,"[{""name"": ""complaint_copy_CR-2026-DET-064.pdf"", ""size"": 154200}, {""name"": ""spot_mahazar_CR-2026-DET-064.pdf"", ""size"": 284100}]",demo,,,,48f363e4-00e1-4b1b-8d4c-bc39d28d6503,2026-08-29 12:45:07,2026-08-29 12:45:07
FIR-103/DET/2026,e3d492ee-6687-4dec-bbca-1be827fd4615,a42d03ad-0de6-4b92-96ef-5ab3f60aff1e,State Complainant,,"IPC 379, 457",2024-01-20 05:40:00,closed,Backend-seeded FIR for CR-2026-DET-004; derived from the Police FIR ER model.,"[{""name"": ""complaint_copy_CR-2026-DET-004.pdf"", ""size"": 154200}, {""name"": ""spot_mahazar_CR-2026-DET-004.pdf"", ""size"": 284100}]",demo,,,,4920803b-fb4f-4794-a1b6-94905aa251f1,2026-08-29 12:45:07,2026-08-29 12:45:07
FIR-362/DET/2026,c54ec6ca-5ae3-420b-ba5e-9d53bdcb87e0,905faca5-a4ac-49a1-bc88-1d5e1907b6cb,Manjula Devi,+91 98800 00036,"NDPS 21, 22",2026-03-10 03:00:00,closed,Backend-seeded FIR for CR-2026-DET-263; derived from the Police FIR ER model.,"[{""name"": ""complaint_copy_CR-2026-DET-263.pdf"", ""size"": 154200}, {""name"": ""spot_mahazar_CR-2026-DET-263.pdf"", ""size"": 284100}]",demo,,,,4934a590-0190-46c6-a88a-474e35a7f4c7,2026-08-29 12:45:08,2026-08-29 12:45:08
FIR-411/DET/2026,c4cc3101-4ba9-4e5a-80be-885e3af6992e,d90df2b2-c392-4aed-8af3-1024b8d7e0a0,State Complainant,,MMDR Act 21,2026-08-05 03:40:00,registered,Backend-seeded FIR for CR-2026-DET-312; derived from the Police FIR ER model.,"[{""name"": ""complaint_copy_CR-2026-DET-312.pdf"", ""size"": 154200}, {""name"": ""spot_mahazar_CR-2026-DET-312.pdf"", ""size"": 284100}]",demo,,,,49eefbaf-a9ef-4c91-967e-3eca3c6a2b7c,2026-08-29 12:45:08,2026-08-29 12:45:08
FIR-334/DET/2026,17e086cc-2142-4352-a52f-d9e06461e386,e44eac9d-cdbe-4431-b175-c6dd48feca28,Chitra K,+91 98800 00018,"NDPS 21, 22",2025-12-17 01:55:00,closed,Backend-seeded FIR for CR-2026-DET-235; derived from the Police FIR ER model.,"[{""name"": ""complaint_copy_CR-2026-DET-235.pdf"", ""size"": 154200}, {""name"": ""spot_mahazar_CR-2026-DET-235.pdf"", ""size"": 284100}]",demo,,,,4a02ee57-499e-4e63-a812-0dc196f28db2,2026-08-29 12:45:08,2026-08-29 12:45:08
FIR-138/DET/2026,6f710a76-70d5-4886-8bba-0639bbcd1ae8,219a87ba-850b-48e5-8a33-2151a3337db0,Sunita Devi,+91 98800 00006,MMDR Act 21,2024-05-03 06:40:00,registered,Backend-seeded FIR for CR-2026-DET-039; derived from the Police FIR ER model.,"[{""name"": ""complaint_copy_CR-2026-DET-039.pdf"", ""size"": 154200}, {""name"": ""spot_mahazar_CR-2026-DET-039.pdf"", ""size"": 284100}]",demo,,,,4bceeb69-0d2f-45f4-b229-91e3acc2ee04,2026-08-29 12:45:07,2026-08-29 12:45:07
FIR-319/DET/2026,eea938a2-b182-418f-909a-f1de6ee3cf5f,219a87ba-850b-48e5-8a33-2151a3337db0,Chitra K,+91 98800 00018,Excise Act 32,2025-10-29 04:00:00,registered,Backend-seeded FIR for CR-2026-DET-220; derived from the Police FIR ER model.,"[{""name"": ""complaint_copy_CR-2026-DET-220.pdf"", ""size"": 154200}, {""name"": ""spot_mahazar_CR-2026-DET-220.pdf"", ""size"": 284100}]",demo,,,,4c1bef02-b6da-4df4-912c-8c194465005d,2026-08-29 12:45:08,2026-08-29 12:45:08
FIR-387/DET/2026,1dfff8f2-2250-4cce-a299-1c329c604937,6d399214-9acb-4a0b-98c8-ae0b2a17b775,State Complainant,,"NDPS 21, 22",2026-05-22 00:05:00,closed,Backend-seeded FIR for CR-2026-DET-288; derived from the Police FIR ER model.,"[{""name"": ""complaint_copy_CR-2026-DET-288.pdf"", ""size"": 154200}, {""name"": ""spot_mahazar_CR-2026-DET-288.pdf"", ""size"": 284100}]",demo,,,,4c1d700d-d4a1-4ebc-a841-fd604468db35,2026-08-29 12:45:08,2026-08-29 12:45:08
FIR-114/DET/2026,bfa52435-215f-436d-9743-dbfdbe7f986b,32ef8189-db8a-47c3-b687-3bf34a097b2b,Mohan Krishna,+91 98800 00007,"DV Act, IPC 498A",2024-02-22 02:55:00,closed,Backend-seeded FIR for CR-2026-DET-015; derived from the Police FIR ER model.,"[{""name"": ""complaint_copy_CR-2026-DET-015.pdf"", ""size"": 154200}, {""name"": ""spot_mahazar_CR-2026-DET-015.pdf"", ""size"": 284100}]",demo,,,,4d24e794-4e39-4bdc-8440-df3ec800e41f,2026-08-29 12:45:07,2026-08-29 12:45:07
FIR-336/DET/2026,a2ca6f13-5dc6-4d3c-9ca9-33dfb8deb5d4,c31cd5b1-71b1-4e9d-a06b-9fadde8f9e6f,Manjula Devi,+91 98800 00036,Excise Act 32,2025-12-22 04:40:00,closed,Backend-seeded FIR for CR-2026-DET-237; derived from the Police FIR ER model.,"[{""name"": ""complaint_copy_CR-2026-DET-237.pdf"", ""size"": 154200}, {""name"": ""spot_mahazar_CR-2026-DET-237.pdf"", ""size"": 284100}]",demo,,,,4d780866-18d4-4b93-b9b4-5aad2e699543,2026-08-29 12:45:08,2026-08-29 12:45:08
FIR-801/CMR/2026,9c9dd48a-5386-4a1b-84fa-5cecec51ff38,a42d03ad-0de6-4b92-96ef-5ab3f60aff1e,Manjula Devi,+91 98800 00036,"IPC 323, 324",2026-08-13 13:40:00,registered,Backend-seeded FIR for CR-2026-CMR-001; derived from the Police FIR ER model.,"[{""name"": ""complaint_copy_CR-2026-CMR-001.pdf"", ""size"": 154200}, {""name"": ""spot_mahazar_CR-2026-CMR-001.pdf"", ""size"": 284100}]",demo,,,,4f216eea-850b-49c0-b76d-d5d424d1922e,2026-08-29 12:45:07,2026-08-29 12:45:07
FIR-148/DET/2026,df703ad9-2e0f-4a0a-bd22-877a3e84e0ed,b9af6e21-ff39-4174-bce7-d4fcdcfc9a9d,State Complainant,,"IPC 420, IT Act 66D",2024-06-02 16:15:00,closed,Backend-seeded FIR for CR-2026-DET-049; derived from the Police FIR ER model.,"[{""name"": ""complaint_copy_CR-2026-DET-049.pdf"", ""size"": 154200}, {""name"": ""spot_mahazar_CR-2026-DET-049.pdf"", ""size"": 284100}]",demo,,,,503acc5a-7482-4bd9-b15e-7ce22dd24af9,2026-08-29 12:45:07,2026-08-29 12:45:07
FIR-355/DET/2026,d86624fb-5a6f-42df-aedf-dfd931c3218b,32ef8189-db8a-47c3-b687-3bf34a097b2b,Manjula Devi,+91 98800 00036,"IPC 323, 324",2026-02-17 12:25:00,registered,Backend-seeded FIR for CR-2026-DET-256; derived from the Police FIR ER model.,"[{""name"": ""complaint_copy_CR-2026-DET-256.pdf"", ""size"": 154200}, {""name"": ""spot_mahazar_CR-2026-DET-256.pdf"", ""size"": 284100}]",demo,,,,50aa8eb3-465b-4e7c-93bc-f402396d3684,2026-08-29 12:45:08,2026-08-29 12:45:08
FIR-293/DET/2026,e56cf4b7-4325-45d9-87b4-a66724921457,f477b6e3-1f4a-46d7-a02e-bb78a32dd82b,State Complainant,,"IPC 323, 324",2025-08-14 11:20:00,closed,Backend-seeded FIR for CR-2026-DET-194; derived from the Police FIR ER model.,"[{""name"": ""complaint_copy_CR-2026-DET-194.pdf"", ""size"": 154200}, {""name"": ""spot_mahazar_CR-2026-DET-194.pdf"", ""size"": 284100}]",demo,,,,5180d2ce-8dd1-41ed-b9a4-16e2a3fb5714,2026-08-29 12:45:08,2026-08-29 12:45:08
FIR-391/DET/2026,2c15a262-7c7f-4c59-aee2-7230ccfe5b34,905faca5-a4ac-49a1-bc88-1d5e1907b6cb,Mahantesh Patil,+91 98800 00027,"IPC 447, 506",2026-06-03 16:15:00,registered,Backend-seeded FIR for CR-2026-DET-292; derived from the Police FIR ER model.,"[{""name"": ""complaint_copy_CR-2026-DET-292.pdf"", ""size"": 154200}, {""name"": ""spot_mahazar_CR-2026-DET-292.pdf"", ""size"": 284100}]",demo,,,,51e2f72b-e006-4a43-abe7-de2db57d0d50,2026-08-29 12:45:08,2026-08-29 12:45:08
FIR-333/DET/2026,089f7fc5-9ba1-4b43-8acd-a709c319111d,f36f5a0e-c026-4c91-9ec4-02b25920283e,State Complainant,,"NDPS 21, 22",2025-12-10 22:05:00,closed,Backend-seeded FIR for CR-2026-DET-234; derived from the Police FIR ER model.,"[{""name"": ""complaint_copy_CR-2026-DET-234.pdf"", ""size"": 154200}, {""name"": ""spot_mahazar_CR-2026-DET-234.pdf"", ""size"": 284100}]",demo,,,,5241586c-536d-48ef-9463-e4f4cc4cedd9,2026-08-29 12:45:08,2026-08-29 12:45:08
FIR-296/DET/2026,170c323e-97cf-49dc-85bf-26d2f6692e70,c31cd5b1-71b1-4e9d-a06b-9fadde8f9e6f,State Complainant,,"NDPS 21, 22",2025-08-20 02:10:00,registered,Backend-seeded FIR for CR-2026-DET-197; derived from the Police FIR ER model.,"[{""name"": ""complaint_copy_CR-2026-DET-197.pdf"", ""size"": 154200}, {""name"": ""spot_mahazar_CR-2026-DET-197.pdf"", ""size"": 284100}]",demo,,,,52c98f67-90ce-4a1d-9851-6c643eebd317,2026-08-29 12:45:08,2026-08-29 12:45:08
FIR-218/DET/2026,1f7d7e2c-6c3e-4b70-b572-848ea0f2e3ba,a42d03ad-0de6-4b92-96ef-5ab3f60aff1e,Mohan Krishna,+91 98800 00007,"IPC 420, IT Act 66D",2024-12-31 13:55:00,closed,Backend-seeded FIR for CR-2026-DET-119; derived from the Police FIR ER model.,"[{""name"": ""complaint_copy_CR-2026-DET-119.pdf"", ""size"": 154200}, {""name"": ""spot_mahazar_CR-2026-DET-119.pdf"", ""size"": 284100}]",demo,,,,539e4c6a-cb37-4ac8-b051-aa8ec9146480,2026-08-29 12:45:07,2026-08-29 12:45:07
FIR-405/DET/2026,f0bf7f35-c3ff-4f8b-9068-5c47020f713f,2fd383db-cd0b-4cca-9161-74533c0a3647,State Complainant,,"DV Act, IPC 498A",2026-07-14 00:45:00,closed,Backend-seeded FIR for CR-2026-DET-306; derived from the Police FIR ER model.,"[{""name"": ""complaint_copy_CR-2026-DET-306.pdf"", ""size"": 154200}, {""name"": ""spot_mahazar_CR-2026-DET-306.pdf"", ""size"": 284100}]",demo,,,,54cc14fc-1361-4495-be44-cbb5243efbba,2026-08-29 12:45:08,2026-08-29 12:45:08
FIR-184/DET/2026,d45fc58a-68e0-4aae-8196-e290b45f4495,b9af6e21-ff39-4174-bce7-d4fcdcfc9a9d,State Complainant,,"NDPS 21, 22",2024-09-21 22:35:00,closed,Backend-seeded FIR for CR-2026-DET-085; derived from the Police FIR ER model.,"[{""name"": ""complaint_copy_CR-2026-DET-085.pdf"", ""size"": 154200}, {""name"": ""spot_mahazar_CR-2026-DET-085.pdf"", ""size"": 284100}]",demo,,,,560a0d5f-24be-49a8-9e09-162674c5798c,2026-08-29 12:45:07,2026-08-29 12:45:07
FIR-396/DET/2026,a1480d60-21b2-4c7e-a4c2-b1b7227e87ed,a42d03ad-0de6-4b92-96ef-5ab3f60aff1e,Fathima Begum,+91 98800 00008,"IPC 379, 457",2026-06-20 04:10:00,closed,Backend-seeded FIR for CR-2026-DET-297; derived from the Police FIR ER model.,"[{""name"": ""complaint_copy_CR-2026-DET-297.pdf"", ""size"": 154200}, {""name"": ""spot_mahazar_CR-2026-DET-297.pdf"", ""size"": 284100}]",demo,,,,56cfac9b-0b3c-488b-bc0c-feaa2fec713d,2026-08-29 12:45:08,2026-08-29 12:45:08
FIR-109/DET/2026,36c78dbd-07f1-4d09-9d1e-128102354ab3,5bbc94f3-51a0-47de-802a-dd4b4ccedab1,State Complainant,,"IPC 447, 506",2024-02-09 16:05:00,closed,Backend-seeded FIR for CR-2026-DET-010; derived from the Police FIR ER model.,"[{""name"": ""complaint_copy_CR-2026-DET-010.pdf"", ""size"": 154200}, {""name"": ""spot_mahazar_CR-2026-DET-010.pdf"", ""size"": 284100}]",demo,,,,57802c9f-fa7c-4d64-a190-17e04d599256,2026-08-29 12:45:07,2026-08-29 12:45:07
FIR-403/DET/2026,99524326-e554-4306-9104-3ed8a06a40ba,83c263dd-8664-438d-8f3e-f73f66c623f9,State Complainant,,"IPC 323, 324",2026-07-09 21:20:00,closed,Backend-seeded FIR for CR-2026-DET-304; derived from the Police FIR ER model.,"[{""name"": ""complaint_copy_CR-2026-DET-304.pdf"", ""size"": 154200}, {""name"": ""spot_mahazar_CR-2026-DET-304.pdf"", ""size"": 284100}]",demo,,,,57c4db16-3e63-4463-a62d-bb8280f929d3,2026-08-29 12:45:08,2026-08-29 12:45:08
FIR-401/CTD/2026,c56d7133-f6ff-4ab2-95ba-f7f03611bb39,cf8c9086-2c1f-460b-86ae-70194c545cf9,Vasanth Kumar,+91 98800 00035,MMDR Act 21,2026-08-11 04:55:00,registered,Backend-seeded FIR for CR-2026-CTD-001; derived from the Police FIR ER model.,"[{""name"": ""complaint_copy_CR-2026-CTD-001.pdf"", ""size"": 154200}, {""name"": ""spot_mahazar_CR-2026-CTD-001.pdf"", ""size"": 284100}]",demo,,,,5805e050-47ca-4c43-b476-0499e2310ff1,2026-08-29 12:45:07,2026-08-29 12:45:07
FIR-701/BDR/2026,cc2bc4d0-234b-4b1a-94ea-470c86175eff,2fd383db-cd0b-4cca-9161-74533c0a3647,State Complainant,,"NDPS 21, 22, 29",2026-08-18 03:00:00,registered,Backend-seeded FIR for CR-2026-BDR-001; derived from the Police FIR ER model.,"[{""name"": ""complaint_copy_CR-2026-BDR-001.pdf"", ""size"": 154200}, {""name"": ""spot_mahazar_CR-2026-BDR-001.pdf"", ""size"": 284100}]",demo,,,,5917e25a-2ee3-46eb-a033-8d420515cf56,2026-08-29 12:45:07,2026-08-29 12:45:07
FIR-260/DET/2026,4fb2a197-94bd-4716-99f1-eace832517d9,c01b3bfb-4c1b-4e70-bd24-9411fd4745f0,Jyothi Lingegowda,+91 98800 00025,"IPC 420, IT Act 66D",2025-05-06 17:30:00,registered,Backend-seeded FIR for CR-2026-DET-161; derived from the Police FIR ER model.,"[{""name"": ""complaint_copy_CR-2026-DET-161.pdf"", ""size"": 154200}, {""name"": ""spot_mahazar_CR-2026-DET-161.pdf"", ""size"": 284100}]",demo,,,,59552308-2217-4cf4-9b26-b3a27bd70d3d,2026-08-29 12:45:08,2026-08-29 12:45:08
FIR-344/DET/2026,833e7c39-16c9-492f-a342-218ca34091b9,5bbc94f3-51a0-47de-802a-dd4b4ccedab1,Kaveri Poojary,+91 98800 00037,"IPC 420, IT Act 66D",2026-01-13 23:50:00,closed,Backend-seeded FIR for CR-2026-DET-245; derived from the Police FIR ER model.,"[{""name"": ""complaint_copy_CR-2026-DET-245.pdf"", ""size"": 154200}, {""name"": ""spot_mahazar_CR-2026-DET-245.pdf"", ""size"": 284100}]",demo,,,,59680cd0-102d-46b3-a32b-a40ad89d6041,2026-08-29 12:45:08,2026-08-29 12:45:08
FIR-501/HVR/2026,0851b794-9c41-41b0-860c-9e7a77c3b3fd,c64ed64b-cdd0-4f79-9a2a-f2df9ce61320,Kavita Banakar,+91 98800 00028,DV Act,2026-08-01 21:55:00,registered,Backend-seeded FIR for CR-2026-HVR-001; derived from the Police FIR ER model.,"[{""name"": ""complaint_copy_CR-2026-HVR-001.pdf"", ""size"": 154200}, {""name"": ""spot_mahazar_CR-2026-HVR-001.pdf"", ""size"": 284100}]",demo,,,,5bd942b4-8a88-4742-b0de-e1e5b881a523,2026-08-29 12:45:07,2026-08-29 12:45:07
FIR-379/DET/2026,5b6a97bd-5655-4b68-a860-47e63888c105,905faca5-a4ac-49a1-bc88-1d5e1907b6cb,Rajesh Kharvi,+91 98800 00041,Excise Act 32,2026-04-28 02:25:00,closed,Backend-seeded FIR for CR-2026-DET-280; derived from the Police FIR ER model.,"[{""name"": ""complaint_copy_CR-2026-DET-280.pdf"", ""size"": 154200}, {""name"": ""spot_mahazar_CR-2026-DET-280.pdf"", ""size"": 284100}]",demo,,,,5cfc7888-f752-4adb-886d-c01fb8ff8dc4,2026-08-29 12:45:08,2026-08-29 12:45:08
FIR-215/DET/2026,9fa879d3-a095-44a2-996b-2f82394e8924,19ac4d07-7b48-4c0f-b27c-c36fdb9bf801,Asha Rao,+91 98800 00003,"IPC 379, 457",2024-12-21 00:45:00,closed,Backend-seeded FIR for CR-2026-DET-116; derived from the Police FIR ER model.,"[{""name"": ""complaint_copy_CR-2026-DET-116.pdf"", ""size"": 154200}, {""name"": ""spot_mahazar_CR-2026-DET-116.pdf"", ""size"": 284100}]",demo,,,,5d39984d-83d0-47fd-83ed-7c052c48ea23,2026-08-29 12:45:07,2026-08-29 12:45:07
FIR-330/DET/2026,c0494c63-45a0-4d33-9726-f66a6c13b3c7,643e99ee-2480-49cb-b1b0-23ff69b53493,State Complainant,,"DV Act, IPC 498A",2025-12-04 00:15:00,registered,Backend-seeded FIR for CR-2026-DET-231; derived from the Police FIR ER model.,"[{""name"": ""complaint_copy_CR-2026-DET-231.pdf"", ""size"": 154200}, {""name"": ""spot_mahazar_CR-2026-DET-231.pdf"", ""size"": 284100}]",demo,,,,5db7dfb3-4a4d-49b6-886c-17f6f9c4e30e,2026-08-29 12:45:08,2026-08-29 12:45:08
FIR-412/DET/2026,40c51206-86f9-4d36-ab9e-5225fe4255c3,8e38105b-15a3-48cb-8fe4-88a34542ccfa,Shashikala Devi,+91 98800 00034,"NDPS 21, 22",2026-08-06 04:35:00,closed,Backend-seeded FIR for CR-2026-DET-313; derived from the Police FIR ER model.,"[{""name"": ""complaint_copy_CR-2026-DET-313.pdf"", ""size"": 154200}, {""name"": ""spot_mahazar_CR-2026-DET-313.pdf"", ""size"": 284100}]",demo,,,,5e069fe5-d758-48ce-95fb-51b1ea8e53bb,2026-08-29 12:45:08,2026-08-29 12:45:08
FIR-187/DET/2026,4b45b569-d7f9-41d4-8bcd-914bc703bc46,35ec4bb7-90e0-43a2-9e8a-289e1339f1a0,Rajendra Prasad,+91 98800 00009,"DV Act, IPC 498A",2024-10-01 23:25:00,registered,Backend-seeded FIR for CR-2026-DET-088; derived from the Police FIR ER model.,"[{""name"": ""complaint_copy_CR-2026-DET-088.pdf"", ""size"": 154200}, {""name"": ""spot_mahazar_CR-2026-DET-088.pdf"", ""size"": 284100}]",demo,,,,618d5df8-93a3-4d05-8612-d92bec185f5e,2026-08-29 12:45:07,2026-08-29 12:45:07
FIR-335/MNG/2026,578c0f28-8307-4a85-b7b2-f62387821dce,83c263dd-8664-438d-8f3e-f73f66c623f9,State Complainant,,Excise Act 32,2026-08-16 02:25:00,registered,Backend-seeded FIR for CR-2026-MNG-005; derived from the Police FIR ER model.,"[{""name"": ""complaint_copy_CR-2026-MNG-005.pdf"", ""size"": 154200}, {""name"": ""spot_mahazar_CR-2026-MNG-005.pdf"", ""size"": 284100}]",demo,,,,626910c5-208d-4e5c-ae51-31973ed2f9d4,2026-08-29 12:45:07,2026-08-29 12:45:07
FIR-419/DET/2026,133f4980-ae05-4f12-bdee-6006d0984ab5,ca5236a4-32f9-4a78-8e38-29bb36d03874,State Complainant,,"DV Act, IPC 498A",2026-08-27 22:10:00,registered,Backend-seeded FIR for CR-2026-DET-320; derived from the Police FIR ER model.,"[{""name"": ""complaint_copy_CR-2026-DET-320.pdf"", ""size"": 154200}, {""name"": ""spot_mahazar_CR-2026-DET-320.pdf"", ""size"": 284100}]",demo,,,,63b70fd1-d496-4c22-a76e-44053a0f202f,2026-08-29 12:45:08,2026-08-29 12:45:08
FIR-332/MNG/2026,b8046ec9-4cd8-4840-b55b-425690c71195,83c263dd-8664-438d-8f3e-f73f66c623f9,Fathima Begum,+91 98800 00008,"IPC 392, 356",2026-08-18 02:25:00,registered,Backend-seeded FIR for CR-2026-MNG-002; derived from the Police FIR ER model.,"[{""name"": ""complaint_copy_CR-2026-MNG-002.pdf"", ""size"": 154200}, {""name"": ""spot_mahazar_CR-2026-MNG-002.pdf"", ""size"": 284100}]",demo,,,,650cfb49-4461-4286-b99e-261dd081531d,2026-08-29 12:45:07,2026-08-29 12:45:07
FIR-307/DET/2026,08c84fa9-c88a-4d2c-9977-d9bf1bfed258,32ef8189-db8a-47c3-b687-3bf34a097b2b,Bharat Hegde,+91 98800 00017,Excise Act 32,2025-09-24 04:15:00,registered,Backend-seeded FIR for CR-2026-DET-208; derived from the Police FIR ER model.,"[{""name"": ""complaint_copy_CR-2026-DET-208.pdf"", ""size"": 154200}, {""name"": ""spot_mahazar_CR-2026-DET-208.pdf"", ""size"": 284100}]",demo,,,,6541f1fc-4c3a-4250-8f4c-7f212876147b,2026-08-29 12:45:08,2026-08-29 12:45:08
FIR-101/DET/2026,934f2bc5-1911-4678-9619-563d30dc484e,314c456a-4c37-43b1-99a0-4b6239463b6f,State Complainant,,Excise Act 32,2024-01-18 04:10:00,closed,Backend-seeded FIR for CR-2026-DET-002; derived from the Police FIR ER model.,"[{""name"": ""complaint_copy_CR-2026-DET-002.pdf"", ""size"": 154200}, {""name"": ""spot_mahazar_CR-2026-DET-002.pdf"", ""size"": 284100}]",demo,,,,65d1431c-8e16-4fbc-a293-169bb2c17b84,2026-08-29 12:45:07,2026-08-29 12:45:07
FIR-164/DET/2026,dc99d38b-165f-4f48-bf0c-54001a9c5993,bf35b187-ebe7-4b59-8410-4293f883621a,Fathima Begum,+91 98800 00008,"IPC 379, 457",2024-07-22 06:05:00,registered,Backend-seeded FIR for CR-2026-DET-065; derived from the Police FIR ER model.,"[{""name"": ""complaint_copy_CR-2026-DET-065.pdf"", ""size"": 154200}, {""name"": ""spot_mahazar_CR-2026-DET-065.pdf"", ""size"": 284100}]",demo,,,,67671a34-9de7-4982-acae-2345b56333ae,2026-08-29 12:45:07,2026-08-29 12:45:07
FIR-256/DET/2026,5d3ef5e7-c277-4ca7-977f-8c418f57599b,cf8c9086-2c1f-460b-86ae-70194c545cf9,Irfan Ahmed,+91 98800 00024,MMDR Act 21,2025-04-25 03:50:00,closed,Backend-seeded FIR for CR-2026-DET-157; derived from the Police FIR ER model.,"[{""name"": ""complaint_copy_CR-2026-DET-157.pdf"", ""size"": 154200}, {""name"": ""spot_mahazar_CR-2026-DET-157.pdf"", ""size"": 284100}]",demo,,,,69110601-0a88-4991-bdb2-cfb65e32d2b8,2026-08-29 12:45:08,2026-08-29 12:45:08
FIR-168/DET/2026,16d8edb3-884a-446a-b0d5-938675ebf9a3,5121147d-f1ba-4bf4-9391-f5b7bb9124fb,Sunanda Poojary,+91 98800 00040,"NDPS 21, 22",2024-08-05 04:50:00,closed,Backend-seeded FIR for CR-2026-DET-069; derived from the Police FIR ER model.,"[{""name"": ""complaint_copy_CR-2026-DET-069.pdf"", ""size"": 154200}, {""name"": ""spot_mahazar_CR-2026-DET-069.pdf"", ""size"": 284100}]",demo,,,,692a05b3-8cf8-41e1-857f-f08b7a55c5e3,2026-08-29 12:45:07,2026-08-29 12:45:07
FIR-371/DET/2026,5e85bde6-5324-4234-8077-af8bf8c03dc8,5121147d-f1ba-4bf4-9391-f5b7bb9124fb,Bharat Hegde,+91 98800 00017,"IPC 447, 506",2026-04-04 13:25:00,closed,Backend-seeded FIR for CR-2026-DET-272; derived from the Police FIR ER model.,"[{""name"": ""complaint_copy_CR-2026-DET-272.pdf"", ""size"": 154200}, {""name"": ""spot_mahazar_CR-2026-DET-272.pdf"", ""size"": 284100}]",demo,,,,69f7dfca-6519-4fa5-8d90-34abdcae64a1,2026-08-29 12:45:08,2026-08-29 12:45:08
FIR-417/DET/2026,7bd6b47f-e7d7-4b39-9230-8834d9114d12,f4d572c8-e03b-4fe6-ac9e-c227c2dd9d4c,Dinesh Rao,+91 98800 00019,"NDPS 21, 22",2026-08-21 04:40:00,registered,Backend-seeded FIR for CR-2026-DET-318; derived from the Police FIR ER model.,"[{""name"": ""complaint_copy_CR-2026-DET-318.pdf"", ""size"": 154200}, {""name"": ""spot_mahazar_CR-2026-DET-318.pdf"", ""size"": 284100}]",demo,,,,6a988af3-68fb-4be6-806c-e48d978ee968,2026-08-29 12:45:08,2026-08-29 12:45:08
FIR-357/DET/2026,95b25f75-3901-42ab-aeae-f905b4dd51f7,cf8c9086-2c1f-460b-86ae-70194c545cf9,State Complainant,,"IPC 379, 457",2026-02-19 02:50:00,closed,Backend-seeded FIR for CR-2026-DET-258; derived from the Police FIR ER model.,"[{""name"": ""complaint_copy_CR-2026-DET-258.pdf"", ""size"": 154200}, {""name"": ""spot_mahazar_CR-2026-DET-258.pdf"", ""size"": 284100}]",demo,,,,6c0aaa83-0800-46b8-868a-c4b2b8fd75d8,2026-08-29 12:45:08,2026-08-29 12:45:08
FIR-267/DET/2026,ca3276e6-d405-41cc-ab0b-327ec78e7909,643e99ee-2480-49cb-b1b0-23ff69b53493,Manjula Devi,+91 98800 00036,"IPC 379, 457",2025-05-29 05:40:00,registered,Backend-seeded FIR for CR-2026-DET-168; derived from the Police FIR ER model.,"[{""name"": ""complaint_copy_CR-2026-DET-168.pdf"", ""size"": 154200}, {""name"": ""spot_mahazar_CR-2026-DET-168.pdf"", ""size"": 284100}]",demo,,,,6c18d26f-e587-4eef-88b3-2a2095385e6e,2026-08-29 12:45:08,2026-08-29 12:45:08
FIR-962/RMN/2026,d753dca9-1fd0-496d-8982-e6848a861821,5121147d-f1ba-4bf4-9391-f5b7bb9124fb,State Complainant,,"IPC 323, 147, 148",2026-07-31 13:40:00,closed,Backend-seeded FIR for CR-2026-RMN-002; derived from the Police FIR ER model.,"[{""name"": ""complaint_copy_CR-2026-RMN-002.pdf"", ""size"": 154200}, {""name"": ""spot_mahazar_CR-2026-RMN-002.pdf"", ""size"": 284100}]",demo,,,,6d78babe-46d7-4275-b4e0-7c647c97dadc,2026-08-29 12:45:07,2026-08-29 12:45:07
FIR-212/DET/2026,5db30da3-1532-4445-9808-fbcc892337d4,6d399214-9acb-4a0b-98c8-ae0b2a17b775,State Complainant,,"IPC 323, 324",2024-12-13 14:30:00,registered,Backend-seeded FIR for CR-2026-DET-113; derived from the Police FIR ER model.,"[{""name"": ""complaint_copy_CR-2026-DET-113.pdf"", ""size"": 154200}, {""name"": ""spot_mahazar_CR-2026-DET-113.pdf"", ""size"": 284100}]",demo,,,,6deb6a52-5803-4552-8dfd-2a04518cfceb,2026-08-29 12:45:07,2026-08-29 12:45:07
FIR-192/DET/2026,6d0bfb58-6d5a-4ac2-aae3-1a60f484594f,314c456a-4c37-43b1-99a0-4b6239463b6f,Gopal Krishna,+91 98800 00022,"IPC 379, 457",2024-10-14 07:40:00,registered,Backend-seeded FIR for CR-2026-DET-093; derived from the Police FIR ER model.,"[{""name"": ""complaint_copy_CR-2026-DET-093.pdf"", ""size"": 154200}, {""name"": ""spot_mahazar_CR-2026-DET-093.pdf"", ""size"": 284100}]",demo,,,,6ed43e9c-466c-4a53-8ed4-3c4f62c96c55,2026-08-29 12:45:07,2026-08-29 12:45:07
FIR-175/DET/2026,9a24f941-d25f-45c1-9360-8c8627fb6e83,5bbc94f3-51a0-47de-802a-dd4b4ccedab1,Hema Malini,+91 98800 00023,"DV Act, IPC 498A",2024-08-22 22:55:00,registered,Backend-seeded FIR for CR-2026-DET-076; derived from the Police FIR ER model.,"[{""name"": ""complaint_copy_CR-2026-DET-076.pdf"", ""size"": 154200}, {""name"": ""spot_mahazar_CR-2026-DET-076.pdf"", ""size"": 284100}]",demo,,,,6faad1b9-5d10-4e20-8fb5-d04b52141a52,2026-08-29 12:45:07,2026-08-29 12:45:07
FIR-139/DET/2026,6d24fd4c-97fd-47ae-aea9-a0c2cddf9673,314c456a-4c37-43b1-99a0-4b6239463b6f,State Complainant,,"IPC 379, 457",2024-05-08 05:40:00,closed,Backend-seeded FIR for CR-2026-DET-040; derived from the Police FIR ER model.,"[{""name"": ""complaint_copy_CR-2026-DET-040.pdf"", ""size"": 154200}, {""name"": ""spot_mahazar_CR-2026-DET-040.pdf"", ""size"": 284100}]",demo,,,,70065162-5524-4cda-bf5f-62654ecc9351,2026-08-29 12:45:07,2026-08-29 12:45:07
FIR-245/DET/2026,6abe80cb-0582-47c9-b1ed-d9516cb1274a,bf35b187-ebe7-4b59-8410-4293f883621a,Kavita Banakar,+91 98800 00028,"IPC 323, 324",2025-03-22 14:10:00,registered,Backend-seeded FIR for CR-2026-DET-146; derived from the Police FIR ER model.,"[{""name"": ""complaint_copy_CR-2026-DET-146.pdf"", ""size"": 154200}, {""name"": ""spot_mahazar_CR-2026-DET-146.pdf"", ""size"": 284100}]",demo,,,,701239ed-3494-4e3c-a7ed-4077f8946027,2026-08-29 12:45:08,2026-08-29 12:45:08
FIR-392/DET/2026,31cb5498-3163-47f4-a8cb-40d288034942,d90df2b2-c392-4aed-8af3-1024b8d7e0a0,Rajendra Prasad,+91 98800 00009,"IPC 323, 324",2026-06-05 10:35:00,registered,Backend-seeded FIR for CR-2026-DET-293; derived from the Police FIR ER model.,"[{""name"": ""complaint_copy_CR-2026-DET-293.pdf"", ""size"": 154200}, {""name"": ""spot_mahazar_CR-2026-DET-293.pdf"", ""size"": 284100}]",demo,,,,712c159d-a83c-4ca2-a1a3-7bf40638657e,2026-08-29 12:45:08,2026-08-29 12:45:08
FIR-287/DET/2026,780d8fe8-4bdb-44c4-bdac-3380802011ff,905faca5-a4ac-49a1-bc88-1d5e1907b6cb,Manjula Devi,+91 98800 00036,"IPC 447, 506",2025-07-29 03:05:00,registered,Backend-seeded FIR for CR-2026-DET-188; derived from the Police FIR ER model.,"[{""name"": ""complaint_copy_CR-2026-DET-188.pdf"", ""size"": 154200}, {""name"": ""spot_mahazar_CR-2026-DET-188.pdf"", ""size"": 284100}]",demo,,,,7206a62c-23f1-4c31-b15b-50b927ba4e8b,2026-08-29 12:45:08,2026-08-29 12:45:08
FIR-204/DET/2026,6669187f-ab62-4144-8a9e-4e685cc57f10,83c263dd-8664-438d-8f3e-f73f66c623f9,State Complainant,,"NDPS 21, 22",2024-11-20 04:00:00,registered,Backend-seeded FIR for CR-2026-DET-105; derived from the Police FIR ER model.,"[{""name"": ""complaint_copy_CR-2026-DET-105.pdf"", ""size"": 154200}, {""name"": ""spot_mahazar_CR-2026-DET-105.pdf"", ""size"": 284100}]",demo,,,,720ddbab-c63c-4673-8111-fe5309bf0407,2026-08-29 12:45:07,2026-08-29 12:45:07
FIR-189/DET/2026,fab15ece-56be-4bfb-84cc-8b416d987f19,e44eac9d-cdbe-4431-b175-c6dd48feca28,State Complainant,,"IPC 420, IT Act 66D",2024-10-04 14:45:00,closed,Backend-seeded FIR for CR-2026-DET-090; derived from the Police FIR ER model.,"[{""name"": ""complaint_copy_CR-2026-DET-090.pdf"", ""size"": 154200}, {""name"": ""spot_mahazar_CR-2026-DET-090.pdf"", ""size"": 284100}]",demo,,,,723568a5-fcfd-4d68-9e84-b4a47e8bb96e,2026-08-29 12:45:07,2026-08-29 12:45:07
FIR-121/DET/2026,50d4cb6b-ea16-43e3-b200-02a5e9080135,d90df2b2-c392-4aed-8af3-1024b8d7e0a0,Hema Malini,+91 98800 00023,"IPC 447, 506",2024-03-15 16:05:00,registered,Backend-seeded FIR for CR-2026-DET-022; derived from the Police FIR ER model.,"[{""name"": ""complaint_copy_CR-2026-DET-022.pdf"", ""size"": 154200}, {""name"": ""spot_mahazar_CR-2026-DET-022.pdf"", ""size"": 284100}]",demo,,,,72abc898-e353-4cfb-8a3b-eaf885eec544,2026-08-29 12:45:07,2026-08-29 12:45:07
FIR-400/DET/2026,237fc4c6-a0df-4e01-b5f6-0625668c5f09,c01b3bfb-4c1b-4e70-bd24-9411fd4745f0,Mahantesh Patil,+91 98800 00027,"DV Act, IPC 498A",2026-06-28 22:05:00,registered,Backend-seeded FIR for CR-2026-DET-301; derived from the Police FIR ER model.,"[{""name"": ""complaint_copy_CR-2026-DET-301.pdf"", ""size"": 154200}, {""name"": ""spot_mahazar_CR-2026-DET-301.pdf"", ""size"": 284100}]",demo,,,,72b9ab25-0d33-4cae-9082-deea426f94e4,2026-08-29 12:45:08,2026-08-29 12:45:08
FIR-154/DET/2026,dafd2917-c168-465f-9e36-2b8bc9a12490,35ec4bb7-90e0-43a2-9e8a-289e1339f1a0,Ramesh Gowda,+91 98800 00033,"IPC 379, 457",2024-06-21 23:40:00,registered,Backend-seeded FIR for CR-2026-DET-055; derived from the Police FIR ER model.,"[{""name"": ""complaint_copy_CR-2026-DET-055.pdf"", ""size"": 154200}, {""name"": ""spot_mahazar_CR-2026-DET-055.pdf"", ""size"": 284100}]",demo,,,,7317963d-c212-439b-bde8-5c1f81f3684b,2026-08-29 12:45:07,2026-08-29 12:45:07
FIR-342/DET/2026,f8bdcac4-4fc8-4897-8c99-7744d8c2e186,bf35b187-ebe7-4b59-8410-4293f883621a,Rajendra Prasad,+91 98800 00009,"NDPS 21, 22",2026-01-09 04:20:00,registered,Backend-seeded FIR for CR-2026-DET-243; derived from the Police FIR ER model.,"[{""name"": ""complaint_copy_CR-2026-DET-243.pdf"", ""size"": 154200}, {""name"": ""spot_mahazar_CR-2026-DET-243.pdf"", ""size"": 284100}]",demo,,,,73a9ed5c-b20c-40e3-8a52-4e90d07c32fa,2026-08-29 12:45:08,2026-08-29 12:45:08
FIR-273/DET/2026,7fecd226-94e1-4f58-899c-b5af56418aa6,314c456a-4c37-43b1-99a0-4b6239463b6f,Ismail Nadaf,+91 98800 00029,Excise Act 32,2025-06-13 02:05:00,registered,Backend-seeded FIR for CR-2026-DET-174; derived from the Police FIR ER model.,"[{""name"": ""complaint_copy_CR-2026-DET-174.pdf"", ""size"": 154200}, {""name"": ""spot_mahazar_CR-2026-DET-174.pdf"", ""size"": 284100}]",demo,,,,73fc1b29-e754-4377-bee1-22ace40a4202,2026-08-29 12:45:08,2026-08-29 12:45:08
FIR-225/DET/2026,2f531eac-763d-47ff-83a0-3b5751400768,643e99ee-2480-49cb-b1b0-23ff69b53493,Mahantesh Patil,+91 98800 00027,"IPC 447, 506",2025-01-21 15:45:00,registered,Backend-seeded FIR for CR-2026-DET-126; derived from the Police FIR ER model.,"[{""name"": ""complaint_copy_CR-2026-DET-126.pdf"", ""size"": 154200}, {""name"": ""spot_mahazar_CR-2026-DET-126.pdf"", ""size"": 284100}]",demo,,,,741ce6f1-108b-4832-9a93-729bc998ad20,2026-08-29 12:45:07,2026-08-29 12:45:07
FIR-383/DET/2026,2ef9a461-06d3-4c4f-acfd-a190d359a0aa,6d399214-9acb-4a0b-98c8-ae0b2a17b775,State Complainant,,"IPC 420, IT Act 66D",2026-05-09 14:20:00,closed,Backend-seeded FIR for CR-2026-DET-284; derived from the Police FIR ER model.,"[{""name"": ""complaint_copy_CR-2026-DET-284.pdf"", ""size"": 154200}, {""name"": ""spot_mahazar_CR-2026-DET-284.pdf"", ""size"": 284100}]",demo,,,,7420602a-80fe-485e-b790-dbe10fc2201c,2026-08-29 12:45:08,2026-08-29 12:45:08
FIR-305/DET/2026,bf9c7ee9-a470-4826-a42c-852271d85dac,31d37711-b1aa-44be-b8fd-c1a4355577d9,State Complainant,,"DV Act, IPC 498A",2025-09-17 04:05:00,registered,Backend-seeded FIR for CR-2026-DET-206; derived from the Police FIR ER model.,"[{""name"": ""complaint_copy_CR-2026-DET-206.pdf"", ""size"": 154200}, {""name"": ""spot_mahazar_CR-2026-DET-206.pdf"", ""size"": 284100}]",demo,,,,7425cd5c-4d66-4bd4-85f8-6367fb61cd76,2026-08-29 12:45:08,2026-08-29 12:45:08
FIR-135/DET/2026,5802676d-7348-4bd3-ab33-52a51bce4ebd,35ec4bb7-90e0-43a2-9e8a-289e1339f1a0,Anupama Sharma,+91 98800 00030,"IPC 420, IT Act 66D",2024-04-27 00:00:00,registered,Backend-seeded FIR for CR-2026-DET-036; derived from the Police FIR ER model.,"[{""name"": ""complaint_copy_CR-2026-DET-036.pdf"", ""size"": 154200}, {""name"": ""spot_mahazar_CR-2026-DET-036.pdf"", ""size"": 284100}]",demo,,,,74502a82-a19a-41a1-a2b0-53dc71d02ad8,2026-08-29 12:45:07,2026-08-29 12:45:07
FIR-365/DET/2026,5ff67582-1a09-4371-b144-c9551861c08d,219a87ba-850b-48e5-8a33-2151a3337db0,Eshwarappa,+91 98800 00020,Excise Act 32,2026-03-15 23:40:00,registered,Backend-seeded FIR for CR-2026-DET-266; derived from the Police FIR ER model.,"[{""name"": ""complaint_copy_CR-2026-DET-266.pdf"", ""size"": 154200}, {""name"": ""spot_mahazar_CR-2026-DET-266.pdf"", ""size"": 284100}]",demo,,,,7527000b-fa59-4293-920f-31c671a4fdb9,2026-08-29 12:45:08,2026-08-29 12:45:08
FIR-195/DET/2026,4911be4d-ec53-42fb-8136-162a1430e78b,4c15aede-a2ad-4322-bb3e-1264d9593b53,Jyothi Lingegowda,+91 98800 00025,"IPC 447, 506",2024-10-24 18:20:00,registered,Backend-seeded FIR for CR-2026-DET-096; derived from the Police FIR ER model.,"[{""name"": ""complaint_copy_CR-2026-DET-096.pdf"", ""size"": 154200}, {""name"": ""spot_mahazar_CR-2026-DET-096.pdf"", ""size"": 284100}]",demo,,,,75cdebf2-3e12-4fe8-aeef-aa0e01668671,2026-08-29 12:45:07,2026-08-29 12:45:07
FIR-112/DET/2026,853c974f-c0ff-4a7f-88b3-da03a02c4207,8e38105b-15a3-48cb-8fe4-88a34542ccfa,State Complainant,,"NDPS 21, 22",2024-02-18 01:40:00,registered,Backend-seeded FIR for CR-2026-DET-013; derived from the Police FIR ER model.,"[{""name"": ""complaint_copy_CR-2026-DET-013.pdf"", ""size"": 154200}, {""name"": ""spot_mahazar_CR-2026-DET-013.pdf"", ""size"": 284100}]",demo,,,,76f07aee-b4c9-4822-a0a1-ffa44306f00b,2026-08-29 12:45:07,2026-08-29 12:45:07
FIR-369/DET/2026,87306f68-eeb5-4bdc-80bd-c1c335ffa5d4,5121147d-f1ba-4bf4-9391-f5b7bb9124fb,Ramesh Gowda,+91 98800 00033,"IPC 323, 324",2026-03-30 17:40:00,closed,Backend-seeded FIR for CR-2026-DET-270; derived from the Police FIR ER model.,"[{""name"": ""complaint_copy_CR-2026-DET-270.pdf"", ""size"": 154200}, {""name"": ""spot_mahazar_CR-2026-DET-270.pdf"", ""size"": 284100}]",demo,,,,77326eeb-3e43-42bd-ac21-e2013c111562,2026-08-29 12:45:08,2026-08-29 12:45:08
FIR-235/DET/2026,1f0a7559-da64-478f-a2a3-8c2a38ce84d9,b9af6e21-ff39-4174-bce7-d4fcdcfc9a9d,Asha Rao,+91 98800 00003,"NDPS 21, 22",2025-02-19 22:40:00,closed,Backend-seeded FIR for CR-2026-DET-136; derived from the Police FIR ER model.,"[{""name"": ""complaint_copy_CR-2026-DET-136.pdf"", ""size"": 154200}, {""name"": ""spot_mahazar_CR-2026-DET-136.pdf"", ""size"": 284100}]",demo,,,,775ece72-3467-422c-b43c-00110e75be10,2026-08-29 12:45:07,2026-08-29 12:45:07
FIR-219/DET/2026,127f47f2-650f-46c0-b531-4f9d2695d0d5,219a87ba-850b-48e5-8a33-2151a3337db0,Anupama Sharma,+91 98800 00030,"DV Act, IPC 498A",2025-01-06 00:15:00,closed,Backend-seeded FIR for CR-2026-DET-120; derived from the Police FIR ER model.,"[{""name"": ""complaint_copy_CR-2026-DET-120.pdf"", ""size"": 154200}, {""name"": ""spot_mahazar_CR-2026-DET-120.pdf"", ""size"": 284100}]",demo,,,,776a3557-9bc9-4ba5-986e-ba697727a410,2026-08-29 12:45:07,2026-08-29 12:45:07
FIR-247/DET/2026,b1d72b14-3c34-4d29-a5c9-0e4c9780c9d5,f36f5a0e-c026-4c91-9ec4-02b25920283e,Mohan Krishna,+91 98800 00007,"IPC 379, 457",2025-03-28 05:10:00,registered,Backend-seeded FIR for CR-2026-DET-148; derived from the Police FIR ER model.,"[{""name"": ""complaint_copy_CR-2026-DET-148.pdf"", ""size"": 154200}, {""name"": ""spot_mahazar_CR-2026-DET-148.pdf"", ""size"": 284100}]",demo,,,,7815d9b8-b6d3-4836-9312-d19920ef08f2,2026-08-29 12:45:08,2026-08-29 12:45:08
FIR-380/DET/2026,a8a1f1e1-b03b-4022-a661-0ed582127ea5,5121147d-f1ba-4bf4-9391-f5b7bb9124fb,Nagaraj Shetty,+91 98800 00011,Excise Act 32,2026-05-02 07:00:00,closed,Backend-seeded FIR for CR-2026-DET-281; derived from the Police FIR ER model.,"[{""name"": ""complaint_copy_CR-2026-DET-281.pdf"", ""size"": 154200}, {""name"": ""spot_mahazar_CR-2026-DET-281.pdf"", ""size"": 284100}]",demo,,,,782b18bc-9716-413b-9c16-48d6e411074d,2026-08-29 12:45:08,2026-08-29 12:45:08
FIR-373/DET/2026,6c716e55-de62-4314-96e9-2986e1fb5031,bf35b187-ebe7-4b59-8410-4293f883621a,State Complainant,,"IPC 447, 506",2026-04-09 23:25:00,registered,Backend-seeded FIR for CR-2026-DET-274; derived from the Police FIR ER model.,"[{""name"": ""complaint_copy_CR-2026-DET-274.pdf"", ""size"": 154200}, {""name"": ""spot_mahazar_CR-2026-DET-274.pdf"", ""size"": 284100}]",demo,,,,78d9dcf8-7914-40a9-b2fc-be982b9a7eff,2026-08-29 12:45:08,2026-08-29 12:45:08
FIR-389/DET/2026,fea4b61a-0925-4053-a8d7-62e4a6e03401,643e99ee-2480-49cb-b1b0-23ff69b53493,Sunanda Poojary,+91 98800 00040,"DV Act, IPC 498A",2026-05-27 21:40:00,registered,Backend-seeded FIR for CR-2026-DET-290; derived from the Police FIR ER model.,"[{""name"": ""complaint_copy_CR-2026-DET-290.pdf"", ""size"": 154200}, {""name"": ""spot_mahazar_CR-2026-DET-290.pdf"", ""size"": 284100}]",demo,,,,7a410d36-a43f-47cc-9763-dfed2d80fef9,2026-08-29 12:45:08,2026-08-29 12:45:08
FIR-146/DET/2026,aec66443-14ab-4dd3-bb0c-35f16fa3eee9,c31cd5b1-71b1-4e9d-a06b-9fadde8f9e6f,Rajendra Prasad,+91 98800 00009,"IPC 323, 324",2024-05-29 23:40:00,closed,Backend-seeded FIR for CR-2026-DET-047; derived from the Police FIR ER model.,"[{""name"": ""complaint_copy_CR-2026-DET-047.pdf"", ""size"": 154200}, {""name"": ""spot_mahazar_CR-2026-DET-047.pdf"", ""size"": 284100}]",demo,,,,7aa418ca-653a-4571-9da5-95102c9b9856,2026-08-29 12:45:07,2026-08-29 12:45:07
FIR-345/DET/2026,09206f14-67b1-45df-a004-f505cc4df7cd,2fd383db-cd0b-4cca-9161-74533c0a3647,Bharat Hegde,+91 98800 00017,MMDR Act 21,2026-01-16 04:55:00,closed,Backend-seeded FIR for CR-2026-DET-246; derived from the Police FIR ER model.,"[{""name"": ""complaint_copy_CR-2026-DET-246.pdf"", ""size"": 154200}, {""name"": ""spot_mahazar_CR-2026-DET-246.pdf"", ""size"": 284100}]",demo,,,,7b2015da-60e7-4842-b044-ee6b0bba7fc5,2026-08-29 12:45:08,2026-08-29 12:45:08
FIR-203/DET/2026,e65b5651-58f9-4cb7-852b-61c66b43dda9,19ac4d07-7b48-4c0f-b27c-c36fdb9bf801,State Complainant,,Excise Act 32,2024-11-15 08:15:00,registered,Backend-seeded FIR for CR-2026-DET-104; derived from the Police FIR ER model.,"[{""name"": ""complaint_copy_CR-2026-DET-104.pdf"", ""size"": 154200}, {""name"": ""spot_mahazar_CR-2026-DET-104.pdf"", ""size"": 284100}]",demo,,,,7cafbd6e-8803-48dd-b9b8-8e5704265664,2026-08-29 12:45:07,2026-08-29 12:45:07
FIR-358/DET/2026,08183f6b-2a28-47a7-b04d-3b320049a228,cf8c9086-2c1f-460b-86ae-70194c545cf9,Prakash Jain,+91 98800 00004,"IPC 420, IT Act 66D",2026-02-22 20:55:00,closed,Backend-seeded FIR for CR-2026-DET-259; derived from the Police FIR ER model.,"[{""name"": ""complaint_copy_CR-2026-DET-259.pdf"", ""size"": 154200}, {""name"": ""spot_mahazar_CR-2026-DET-259.pdf"", ""size"": 284100}]",demo,,,,7cc2ce60-6799-4c36-bb06-0fc20f1f051c,2026-08-29 12:45:08,2026-08-29 12:45:08
FIR-140/DET/2026,8a6403ce-54d2-4fa3-9914-3ac9902cb92b,c31cd5b1-71b1-4e9d-a06b-9fadde8f9e6f,Mahantesh Patil,+91 98800 00027,Excise Act 32,2024-05-09 09:00:00,registered,Backend-seeded FIR for CR-2026-DET-041; derived from the Police FIR ER model.,"[{""name"": ""complaint_copy_CR-2026-DET-041.pdf"", ""size"": 154200}, {""name"": ""spot_mahazar_CR-2026-DET-041.pdf"", ""size"": 284100}]",demo,,,,802c739c-c519-47be-a448-44ed0fe3cfc3,2026-08-29 12:45:07,2026-08-29 12:45:07
FIR-254/DET/2026,e332ed8e-85d3-414d-b933-b1a131bf5795,ca5236a4-32f9-4a78-8e38-29bb36d03874,Ayesha Parveen,+91 98800 00016,Excise Act 32,2025-04-18 04:15:00,closed,Backend-seeded FIR for CR-2026-DET-155; derived from the Police FIR ER model.,"[{""name"": ""complaint_copy_CR-2026-DET-155.pdf"", ""size"": 154200}, {""name"": ""spot_mahazar_CR-2026-DET-155.pdf"", ""size"": 284100}]",demo,,,,80509956-bca6-4037-be81-007dc2677030,2026-08-29 12:45:08,2026-08-29 12:45:08
FIR-142/DET/2026,3f62c70e-8a44-4c51-ad8f-2f5ed5c2a677,4c15aede-a2ad-4322-bb3e-1264d9593b53,Sunita Devi,+91 98800 00006,MMDR Act 21,2024-05-15 05:30:00,closed,Backend-seeded FIR for CR-2026-DET-043; derived from the Police FIR ER model.,"[{""name"": ""complaint_copy_CR-2026-DET-043.pdf"", ""size"": 154200}, {""name"": ""spot_mahazar_CR-2026-DET-043.pdf"", ""size"": 284100}]",demo,,,,806934b5-3e07-413b-862e-7230904debb1,2026-08-29 12:45:07,2026-08-29 12:45:07
FIR-166/DET/2026,f4c0bb12-15ef-403b-ad9e-1e4d946b781b,643e99ee-2480-49cb-b1b0-23ff69b53493,Girijeshwar Rao,+91 98800 00015,Excise Act 32,2024-07-29 21:45:00,closed,Backend-seeded FIR for CR-2026-DET-067; derived from the Police FIR ER model.,"[{""name"": ""complaint_copy_CR-2026-DET-067.pdf"", ""size"": 154200}, {""name"": ""spot_mahazar_CR-2026-DET-067.pdf"", ""size"": 284100}]",demo,,,,840d921a-7b28-4738-b9c1-789ebb0b074e,2026-08-29 12:45:07,2026-08-29 12:45:07
FIR-501/UKN/2026,7f993f6b-7b3d-459b-99c6-d0b8602e8e13,8e38105b-15a3-48cb-8fe4-88a34542ccfa,Rajesh Kharvi,+91 98800 00041,"Excise Act, Customs Act",2026-08-17 04:20:00,registered,Backend-seeded FIR for CR-2026-UKN-001; derived from the Police FIR ER model.,"[{""name"": ""complaint_copy_CR-2026-UKN-001.pdf"", ""size"": 154200}, {""name"": ""spot_mahazar_CR-2026-UKN-001.pdf"", ""size"": 284100}]",demo,,,,8421879e-2da7-4a7e-aab9-31dd387ac55f,2026-08-29 12:45:07,2026-08-29 12:45:07
FIR-326/DET/2026,efda7455-38e7-4356-8001-2c8c4dea4f99,4c15aede-a2ad-4322-bb3e-1264d9593b53,Dr. Vinay Murthy,+91 98800 00002,Excise Act 32,2025-11-18 07:00:00,registered,Backend-seeded FIR for CR-2026-DET-227; derived from the Police FIR ER model.,"[{""name"": ""complaint_copy_CR-2026-DET-227.pdf"", ""size"": 154200}, {""name"": ""spot_mahazar_CR-2026-DET-227.pdf"", ""size"": 284100}]",demo,,,,846d37b6-b21e-40e1-b500-5aade8ecb289,2026-08-29 12:45:08,2026-08-29 12:45:08
FIR-333/MNG/2026,d5a23002-b93b-42db-b0f6-ac4d44e147f8,83c263dd-8664-438d-8f3e-f73f66c623f9,Ayesha Parveen,+91 98800 00016,"IPC 420, IT Act 66D, PMLA",2026-08-21 11:15:00,registered,Backend-seeded FIR for CR-2026-MNG-003; derived from the Police FIR ER model.,"[{""name"": ""complaint_copy_CR-2026-MNG-003.pdf"", ""size"": 154200}, {""name"": ""spot_mahazar_CR-2026-MNG-003.pdf"", ""size"": 284100}]",demo,,,,8550e638-de50-4e0c-a584-bd8a549df769,2026-08-29 12:45:07,2026-08-29 12:45:07
FIR-393/DET/2026,948c25b6-2d40-4a3d-9ab7-1d3ddebc22b1,5bbc94f3-51a0-47de-802a-dd4b4ccedab1,State Complainant,,"DV Act, IPC 498A",2026-06-11 23:55:00,registered,Backend-seeded FIR for CR-2026-DET-294; derived from the Police FIR ER model.,"[{""name"": ""complaint_copy_CR-2026-DET-294.pdf"", ""size"": 154200}, {""name"": ""spot_mahazar_CR-2026-DET-294.pdf"", ""size"": 284100}]",demo,,,,85600f87-7fad-45e2-95e4-9580b59592fa,2026-08-29 12:45:08,2026-08-29 12:45:08
FIR-337/DET/2026,27ea1b5c-4a2f-449b-a65e-3e19e777bca0,32ef8189-db8a-47c3-b687-3bf34a097b2b,State Complainant,,"IPC 420, IT Act 66D",2025-12-25 15:35:00,registered,Backend-seeded FIR for CR-2026-DET-238; derived from the Police FIR ER model.,"[{""name"": ""complaint_copy_CR-2026-DET-238.pdf"", ""size"": 154200}, {""name"": ""spot_mahazar_CR-2026-DET-238.pdf"", ""size"": 284100}]",demo,,,,86adfd52-bd06-442c-bf50-393bb2e7523e,2026-08-29 12:45:08,2026-08-29 12:45:08
FIR-402/UDP/2026,cf421489-fd55-4775-8121-1cc633022c2c,59c075bd-c5d7-48bc-b115-91f5b0d2cf7b,State Complainant,,"IPC 420, IT Act 66D",2026-08-18 13:40:00,registered,Backend-seeded FIR for CR-2026-UDP-002; derived from the Police FIR ER model.,"[{""name"": ""complaint_copy_CR-2026-UDP-002.pdf"", ""size"": 154200}, {""name"": ""spot_mahazar_CR-2026-UDP-002.pdf"", ""size"": 284100}]",demo,,,,86f77297-707c-4ab0-9eff-75f5d89cc0df,2026-08-29 12:45:07,2026-08-29 12:45:07
FIR-216/DET/2026,970780ec-3992-456c-b1c5-06b12b5a0a1e,314c456a-4c37-43b1-99a0-4b6239463b6f,Gopal Krishna,+91 98800 00022,"NDPS 21, 22",2024-12-26 00:35:00,registered,Backend-seeded FIR for CR-2026-DET-117; derived from the Police FIR ER model.,"[{""name"": ""complaint_copy_CR-2026-DET-117.pdf"", ""size"": 154200}, {""name"": ""spot_mahazar_CR-2026-DET-117.pdf"", ""size"": 284100}]",demo,,,,8791b11c-83d6-4252-94ed-ecf276991e13,2026-08-29 12:45:07,2026-08-29 12:45:07
FIR-415/DET/2026,6c083b1b-5679-4ab6-ae29-574c979abe92,32ef8189-db8a-47c3-b687-3bf34a097b2b,Chandrakala Devi,+91 98800 00032,"IPC 379, 457",2026-08-14 04:40:00,registered,Backend-seeded FIR for CR-2026-DET-316; derived from the Police FIR ER model.,"[{""name"": ""complaint_copy_CR-2026-DET-316.pdf"", ""size"": 154200}, {""name"": ""spot_mahazar_CR-2026-DET-316.pdf"", ""size"": 284100}]",demo,,,,87e2b9a3-a360-45ea-808b-82216509d892,2026-08-29 12:45:08,2026-08-29 12:45:08
FIR-416/DET/2026,a0f5fce0-36ae-4068-9dbf-80165deb9439,b9af6e21-ff39-4174-bce7-d4fcdcfc9a9d,Fathima Begum,+91 98800 00008,"IPC 420, IT Act 66D",2026-08-16 18:05:00,registered,Backend-seeded FIR for CR-2026-DET-317; derived from the Police FIR ER model.,"[{""name"": ""complaint_copy_CR-2026-DET-317.pdf"", ""size"": 154200}, {""name"": ""spot_mahazar_CR-2026-DET-317.pdf"", ""size"": 284100}]",demo,,,,87f181ba-b170-4894-a9a7-348c74511cb9,2026-08-29 12:45:08,2026-08-29 12:45:08
FIR-284/DET/2026,ac2390f8-2e3d-4974-96d2-3c1ec707b22e,6d399214-9acb-4a0b-98c8-ae0b2a17b775,State Complainant,,"NDPS 21, 22",2025-07-18 08:15:00,closed,Backend-seeded FIR for CR-2026-DET-185; derived from the Police FIR ER model.,"[{""name"": ""complaint_copy_CR-2026-DET-185.pdf"", ""size"": 154200}, {""name"": ""spot_mahazar_CR-2026-DET-185.pdf"", ""size"": 284100}]",demo,,,,8913555c-21df-4915-8528-1a06a2b2f368,2026-08-29 12:45:08,2026-08-29 12:45:08
FIR-324/DET/2026,70c3ff85-aa77-4a64-bae1-d6288e43ed8b,905faca5-a4ac-49a1-bc88-1d5e1907b6cb,Eshwarappa,+91 98800 00020,"DV Act, IPC 498A",2025-11-12 22:25:00,closed,Backend-seeded FIR for CR-2026-DET-225; derived from the Police FIR ER model.,"[{""name"": ""complaint_copy_CR-2026-DET-225.pdf"", ""size"": 154200}, {""name"": ""spot_mahazar_CR-2026-DET-225.pdf"", ""size"": 284100}]",demo,,,,893f4128-03b5-4a37-8924-364cfb66362b,2026-08-29 12:45:08,2026-08-29 12:45:08
FIR-353/DET/2026,b6ad8367-6640-44c9-be05-fb3647daa999,c31cd5b1-71b1-4e9d-a06b-9fadde8f9e6f,State Complainant,,"IPC 447, 506",2026-02-10 17:40:00,registered,Backend-seeded FIR for CR-2026-DET-254; derived from the Police FIR ER model.,"[{""name"": ""complaint_copy_CR-2026-DET-254.pdf"", ""size"": 154200}, {""name"": ""spot_mahazar_CR-2026-DET-254.pdf"", ""size"": 284100}]",demo,,,,8a1963de-407a-46d9-864f-ab3b7ac60f92,2026-08-29 12:45:08,2026-08-29 12:45:08
FIR-160/DET/2026,b5d84e84-99b6-4bad-b8dc-2c5c3889abc3,643e99ee-2480-49cb-b1b0-23ff69b53493,Fathima Begum,+91 98800 00008,"NDPS 21, 22",2024-07-08 04:05:00,registered,Backend-seeded FIR for CR-2026-DET-061; derived from the Police FIR ER model.,"[{""name"": ""complaint_copy_CR-2026-DET-061.pdf"", ""size"": 154200}, {""name"": ""spot_mahazar_CR-2026-DET-061.pdf"", ""size"": 284100}]",demo,,,,8a963c5b-791c-4505-b844-20d73dd87cdd,2026-08-29 12:45:07,2026-08-29 12:45:07
FIR-702/CMG/2026,3e51ef62-f2c6-423f-b794-f9704632e915,ca5236a4-32f9-4a78-8e38-29bb36d03874,State Complainant,,"IPC 323, 324",2026-08-01 14:20:00,closed,Backend-seeded FIR for CR-2026-CMG-002; derived from the Police FIR ER model.,"[{""name"": ""complaint_copy_CR-2026-CMG-002.pdf"", ""size"": 154200}, {""name"": ""spot_mahazar_CR-2026-CMG-002.pdf"", ""size"": 284100}]",demo,,,,8b5d6983-61e3-4e28-b467-9d185cbc1ccc,2026-08-29 12:45:07,2026-08-29 12:45:07
FIR-197/DET/2026,819c1e7f-8395-49d6-acfa-a99492ad4e04,32ef8189-db8a-47c3-b687-3bf34a097b2b,Ramesh Gowda,+91 98800 00033,Excise Act 32,2024-10-27 03:20:00,closed,Backend-seeded FIR for CR-2026-DET-098; derived from the Police FIR ER model.,"[{""name"": ""complaint_copy_CR-2026-DET-098.pdf"", ""size"": 154200}, {""name"": ""spot_mahazar_CR-2026-DET-098.pdf"", ""size"": 284100}]",demo,,,,8c9c8f70-2153-4c15-9361-d30f1fe3405c,2026-08-29 12:45:07,2026-08-29 12:45:07
FIR-294/DET/2026,05e5c375-6d9b-4758-afff-60745eb3fafe,a42d03ad-0de6-4b92-96ef-5ab3f60aff1e,State Complainant,,"IPC 420, IT Act 66D",2025-08-15 20:30:00,closed,Backend-seeded FIR for CR-2026-DET-195; derived from the Police FIR ER model.,"[{""name"": ""complaint_copy_CR-2026-DET-195.pdf"", ""size"": 154200}, {""name"": ""spot_mahazar_CR-2026-DET-195.pdf"", ""size"": 284100}]",demo,,,,8cccbb9e-013d-4e43-a3d5-a8b774892e8d,2026-08-29 12:45:08,2026-08-29 12:45:08
FIR-382/DET/2026,98ce8246-963f-4e06-af05-3111177221d2,cf8c9086-2c1f-460b-86ae-70194c545cf9,State Complainant,,"IPC 447, 506",2026-05-08 14:15:00,registered,Backend-seeded FIR for CR-2026-DET-283; derived from the Police FIR ER model.,"[{""name"": ""complaint_copy_CR-2026-DET-283.pdf"", ""size"": 154200}, {""name"": ""spot_mahazar_CR-2026-DET-283.pdf"", ""size"": 284100}]",demo,,,,8d5b3fe8-b61e-44f8-95c8-6cd3619768e1,2026-08-29 12:45:08,2026-08-29 12:45:08
FIR-145/TMK/2026,6c4c089e-0824-4f22-a9fe-0b5599a008ba,32ef8189-db8a-47c3-b687-3bf34a097b2b,State Complainant,,Excise Act 32,2026-08-11 02:10:00,registered,Backend-seeded FIR for CR-2026-TMK-002; derived from the Police FIR ER model.,"[{""name"": ""complaint_copy_CR-2026-TMK-002.pdf"", ""size"": 154200}, {""name"": ""spot_mahazar_CR-2026-TMK-002.pdf"", ""size"": 284100}]",demo,,,,8eb8e185-e89e-4ab6-b808-d104c6a0dc91,2026-08-29 12:45:07,2026-08-29 12:45:07
FIR-258/DET/2026,b20efcb4-e499-496e-8907-7b88690f5f4a,643e99ee-2480-49cb-b1b0-23ff69b53493,State Complainant,,Excise Act 32,2025-04-29 08:25:00,closed,Backend-seeded FIR for CR-2026-DET-159; derived from the Police FIR ER model.,"[{""name"": ""complaint_copy_CR-2026-DET-159.pdf"", ""size"": 154200}, {""name"": ""spot_mahazar_CR-2026-DET-159.pdf"", ""size"": 284100}]",demo,,,,8ecffe88-307b-49f4-80dc-a6c4c205cb9c,2026-08-29 12:45:08,2026-08-29 12:45:08
FIR-179/DET/2026,8db6093c-0848-4823-bb9b-e3d44f844f55,cf8c9086-2c1f-460b-86ae-70194c545cf9,K. S. Narayanan,+91 98800 00001,"IPC 420, IT Act 66D",2024-09-04 17:05:00,closed,Backend-seeded FIR for CR-2026-DET-080; derived from the Police FIR ER model.,"[{""name"": ""complaint_copy_CR-2026-DET-080.pdf"", ""size"": 154200}, {""name"": ""spot_mahazar_CR-2026-DET-080.pdf"", ""size"": 284100}]",demo,,,,8ed724be-d898-402f-9e5d-7065a1f47c2a,2026-08-29 12:45:07,2026-08-29 12:45:07
FIR-119/DET/2026,3329fe53-50e1-4898-9157-245c1a89c94a,2fd383db-cd0b-4cca-9161-74533c0a3647,Arun Kumar,+91 98800 00038,"IPC 447, 506",2024-03-07 20:05:00,registered,Backend-seeded FIR for CR-2026-DET-020; derived from the Police FIR ER model.,"[{""name"": ""complaint_copy_CR-2026-DET-020.pdf"", ""size"": 154200}, {""name"": ""spot_mahazar_CR-2026-DET-020.pdf"", ""size"": 284100}]",demo,,,,8f0d8a22-1242-4c74-8f90-126e08eaf79f,2026-08-29 12:45:07,2026-08-29 12:45:07
FIR-409/DET/2026,f00fcacb-361b-4785-a0e5-de264ec6cdbb,31d37711-b1aa-44be-b8fd-c1a4355577d9,Nagaraj Shetty,+91 98800 00011,"IPC 420, IT Act 66D",2026-07-26 21:55:00,registered,Backend-seeded FIR for CR-2026-DET-310; derived from the Police FIR ER model.,"[{""name"": ""complaint_copy_CR-2026-DET-310.pdf"", ""size"": 154200}, {""name"": ""spot_mahazar_CR-2026-DET-310.pdf"", ""size"": 284100}]",demo,,,,8fb15f46-2582-42b7-b2a6-f2e1dd1d2857,2026-08-29 12:45:08,2026-08-29 12:45:08
FIR-213/DET/2026,fd03cbae-f186-44d9-a36f-e8c808d610c5,35ec4bb7-90e0-43a2-9e8a-289e1339f1a0,Manjula Devi,+91 98800 00036,"IPC 420, IT Act 66D",2024-12-15 14:40:00,registered,Backend-seeded FIR for CR-2026-DET-114; derived from the Police FIR ER model.,"[{""name"": ""complaint_copy_CR-2026-DET-114.pdf"", ""size"": 154200}, {""name"": ""spot_mahazar_CR-2026-DET-114.pdf"", ""size"": 284100}]",demo,,,,9231a98f-b523-4f2b-832e-1544a2cc12f1,2026-08-29 12:45:07,2026-08-29 12:45:07
FIR-352/DET/2026,bdffa3f1-47ac-447d-ab0d-9460e8658585,905faca5-a4ac-49a1-bc88-1d5e1907b6cb,Jyothi Lingegowda,+91 98800 00025,"IPC 323, 324",2026-02-07 18:25:00,closed,Backend-seeded FIR for CR-2026-DET-253; derived from the Police FIR ER model.,"[{""name"": ""complaint_copy_CR-2026-DET-253.pdf"", ""size"": 154200}, {""name"": ""spot_mahazar_CR-2026-DET-253.pdf"", ""size"": 284100}]",demo,,,,943ce710-4523-46d0-9f32-f576489f9e25,2026-08-29 12:45:08,2026-08-29 12:45:08
FIR-240/DET/2026,5ce46ded-d665-4f33-82df-1c7b5da1d3bb,4c15aede-a2ad-4322-bb3e-1264d9593b53,Ramesh Gowda,+91 98800 00033,"DV Act, IPC 498A",2025-03-07 00:05:00,registered,Backend-seeded FIR for CR-2026-DET-141; derived from the Police FIR ER model.,"[{""name"": ""complaint_copy_CR-2026-DET-141.pdf"", ""size"": 154200}, {""name"": ""spot_mahazar_CR-2026-DET-141.pdf"", ""size"": 284100}]",demo,,,,95526fec-cd39-4bac-a004-f1374ede0821,2026-08-29 12:45:08,2026-08-29 12:45:08
FIR-350/DET/2026,a4eaef36-0e75-4812-8abc-5a82272586b3,8e38105b-15a3-48cb-8fe4-88a34542ccfa,State Complainant,,"IPC 379, 457",2026-02-02 01:05:00,closed,Backend-seeded FIR for CR-2026-DET-251; derived from the Police FIR ER model.,"[{""name"": ""complaint_copy_CR-2026-DET-251.pdf"", ""size"": 154200}, {""name"": ""spot_mahazar_CR-2026-DET-251.pdf"", ""size"": 284100}]",demo,,,,956867e9-d21f-46b6-b2e6-8a7c2b916f27,2026-08-29 12:45:08,2026-08-29 12:45:08
FIR-196/DET/2026,a475f9d2-6252-4289-af18-97d242f42a71,32ef8189-db8a-47c3-b687-3bf34a097b2b,State Complainant,,"IPC 379, 457",2024-10-25 05:35:00,closed,Backend-seeded FIR for CR-2026-DET-097; derived from the Police FIR ER model.,"[{""name"": ""complaint_copy_CR-2026-DET-097.pdf"", ""size"": 154200}, {""name"": ""spot_mahazar_CR-2026-DET-097.pdf"", ""size"": 284100}]",demo,,,,969e8f29-9d22-4c34-ba66-402bb85b5779,2026-08-29 12:45:07,2026-08-29 12:45:07
FIR-238/DET/2026,35c7de15-3727-4e72-94e1-f7b47a9d60fd,c64ed64b-cdd0-4f79-9a2a-f2df9ce61320,State Complainant,,"NDPS 21, 22",2025-03-02 22:05:00,closed,Backend-seeded FIR for CR-2026-DET-139; derived from the Police FIR ER model.,"[{""name"": ""complaint_copy_CR-2026-DET-139.pdf"", ""size"": 154200}, {""name"": ""spot_mahazar_CR-2026-DET-139.pdf"", ""size"": 284100}]",demo,,,,96a65354-f733-4e80-a1e3-6a4c372fdd6b,2026-08-29 12:45:07,2026-08-29 12:45:07
FIR-274/DET/2026,d7027968-a609-4a83-88ec-71a7623afb14,83c263dd-8664-438d-8f3e-f73f66c623f9,State Complainant,,"DV Act, IPC 498A",2025-06-19 01:15:00,registered,Backend-seeded FIR for CR-2026-DET-175; derived from the Police FIR ER model.,"[{""name"": ""complaint_copy_CR-2026-DET-175.pdf"", ""size"": 154200}, {""name"": ""spot_mahazar_CR-2026-DET-175.pdf"", ""size"": 284100}]",demo,,,,9725b557-de0f-4f69-86a1-93db1972e1c0,2026-08-29 12:45:08,2026-08-29 12:45:08
FIR-401/BGT/2026,25117bce-b422-4250-8f44-05d31a9f55a6,b9af6e21-ff39-4174-bce7-d4fcdcfc9a9d,Mahantesh Patil,+91 98800 00027,"IPC 323, 324",2026-08-11 18:25:00,registered,Backend-seeded FIR for CR-2026-BGT-001; derived from the Police FIR ER model.,"[{""name"": ""complaint_copy_CR-2026-BGT-001.pdf"", ""size"": 154200}, {""name"": ""spot_mahazar_CR-2026-BGT-001.pdf"", ""size"": 284100}]",demo,,,,978eae1b-7808-4255-9fa3-a388f560ac98,2026-08-29 12:45:07,2026-08-29 12:45:07
FIR-611/BLR/2026,ab3d83c8-3120-4812-a7c3-a5da8f1627e3,35ec4bb7-90e0-43a2-9e8a-289e1339f1a0,State Complainant,,MMDR Act 21,2026-08-17 02:55:00,registered,Backend-seeded FIR for CR-2026-BLR-001; derived from the Police FIR ER model.,"[{""name"": ""complaint_copy_CR-2026-BLR-001.pdf"", ""size"": 154200}, {""name"": ""spot_mahazar_CR-2026-BLR-001.pdf"", ""size"": 284100}]",demo,,,,98d1dadb-dc1c-4180-8634-8f1bce1e8d6c,2026-08-29 12:45:07,2026-08-29 12:45:07
FIR-182/DET/2026,d5e01849-f37d-489c-8bcb-7371b8449b98,c64ed64b-cdd0-4f79-9a2a-f2df9ce61320,Mahantesh Patil,+91 98800 00027,"IPC 420, IT Act 66D",2024-09-12 13:10:00,registered,Backend-seeded FIR for CR-2026-DET-083; derived from the Police FIR ER model.,"[{""name"": ""complaint_copy_CR-2026-DET-083.pdf"", ""size"": 154200}, {""name"": ""spot_mahazar_CR-2026-DET-083.pdf"", ""size"": 284100}]",demo,,,,98fb2f56-4c72-40ab-a91d-aa2ff526d5ea,2026-08-29 12:45:07,2026-08-29 12:45:07
FIR-198/DET/2026,f7b0378a-f608-4ce9-8e4d-3225a17c8fc3,643e99ee-2480-49cb-b1b0-23ff69b53493,Eshwarappa,+91 98800 00020,"IPC 323, 324",2024-10-30 21:35:00,registered,Backend-seeded FIR for CR-2026-DET-099; derived from the Police FIR ER model.,"[{""name"": ""complaint_copy_CR-2026-DET-099.pdf"", ""size"": 154200}, {""name"": ""spot_mahazar_CR-2026-DET-099.pdf"", ""size"": 284100}]",demo,,,,99e003cc-8bab-4829-b7f5-344caa123151,2026-08-29 12:45:07,2026-08-29 12:45:07
FIR-331/MNG/2026,804aaae9-fb24-404f-9a1e-169b2ed82cd1,83c263dd-8664-438d-8f3e-f73f66c623f9,Asha Rao,+91 98800 00003,"NDPS 21, 22",2026-08-26 02:15:00,registered,Backend-seeded FIR for CR-2026-MNG-001; derived from the Police FIR ER model.,"[{""name"": ""complaint_copy_CR-2026-MNG-001.pdf"", ""size"": 154200}, {""name"": ""spot_mahazar_CR-2026-MNG-001.pdf"", ""size"": 284100}]",demo,,,,9b2ff37a-464b-43ae-9876-d0d5383b6619,2026-08-29 12:45:07,2026-08-29 12:45:07
FIR-792/MYS/2026,42582c4e-5a1c-4e16-9cec-75c9fbe01bbd,6d399214-9acb-4a0b-98c8-ae0b2a17b775,State Complainant,,"NDPS 21, 22",2026-08-25 21:45:00,registered,Backend-seeded FIR for CR-2026-MYS-004; derived from the Police FIR ER model.,"[{""name"": ""complaint_copy_CR-2026-MYS-004.pdf"", ""size"": 154200}, {""name"": ""spot_mahazar_CR-2026-MYS-004.pdf"", ""size"": 284100}]",demo,,,,9b8a91e9-ecda-42eb-88d1-122c21f5d82f,2026-08-29 12:45:07,2026-08-29 12:45:07
FIR-315/DET/2026,3af16f78-17d3-4868-ab09-0412a3102fac,4c15aede-a2ad-4322-bb3e-1264d9593b53,State Complainant,,"IPC 323, 324",2025-10-20 18:35:00,registered,Backend-seeded FIR for CR-2026-DET-216; derived from the Police FIR ER model.,"[{""name"": ""complaint_copy_CR-2026-DET-216.pdf"", ""size"": 154200}, {""name"": ""spot_mahazar_CR-2026-DET-216.pdf"", ""size"": 284100}]",demo,,,,9be570c7-78cf-4a80-85e0-2a50d953b172,2026-08-29 12:45:08,2026-08-29 12:45:08
FIR-271/DET/2026,748fc5b2-5e9d-479e-ac85-9e9b675dd7e4,19ac4d07-7b48-4c0f-b27c-c36fdb9bf801,State Complainant,,"DV Act, IPC 498A",2025-06-07 01:25:00,closed,Backend-seeded FIR for CR-2026-DET-172; derived from the Police FIR ER model.,"[{""name"": ""complaint_copy_CR-2026-DET-172.pdf"", ""size"": 154200}, {""name"": ""spot_mahazar_CR-2026-DET-172.pdf"", ""size"": 284100}]",demo,,,,9ccbea0c-93d3-4623-9551-de6e884172cc,2026-08-29 12:45:08,2026-08-29 12:45:08
FIR-147/DET/2026,6d5a8bf5-44a6-48af-be5f-ccb198942eea,c31cd5b1-71b1-4e9d-a06b-9fadde8f9e6f,Ayesha Parveen,+91 98800 00016,"IPC 420, IT Act 66D",2024-05-31 14:40:00,registered,Backend-seeded FIR for CR-2026-DET-048; derived from the Police FIR ER model.,"[{""name"": ""complaint_copy_CR-2026-DET-048.pdf"", ""size"": 154200}, {""name"": ""spot_mahazar_CR-2026-DET-048.pdf"", ""size"": 284100}]",demo,,,,9d03626a-3404-48f5-9cb5-56a0c358e19e,2026-08-29 12:45:07,2026-08-29 12:45:07
FIR-901/KLR/2026,bc0088d9-6cc7-4054-a197-da3345ffb276,314c456a-4c37-43b1-99a0-4b6239463b6f,Chandrakala Devi,+91 98800 00032,"IPC 379, 392",2026-08-08 04:25:00,registered,Backend-seeded FIR for CR-2026-KLR-001; derived from the Police FIR ER model.,"[{""name"": ""complaint_copy_CR-2026-KLR-001.pdf"", ""size"": 154200}, {""name"": ""spot_mahazar_CR-2026-KLR-001.pdf"", ""size"": 284100}]",demo,,,,9d2125af-c510-4290-8dce-ae4d86f87d0f,2026-08-29 12:45:07,2026-08-29 12:45:07
FIR-366/DET/2026,78ff1be6-ebd4-4dfc-b678-cb3e3740ba69,a42d03ad-0de6-4b92-96ef-5ab3f60aff1e,State Complainant,,Excise Act 32,2026-03-23 02:15:00,closed,Backend-seeded FIR for CR-2026-DET-267; derived from the Police FIR ER model.,"[{""name"": ""complaint_copy_CR-2026-DET-267.pdf"", ""size"": 154200}, {""name"": ""spot_mahazar_CR-2026-DET-267.pdf"", ""size"": 284100}]",demo,,,,9e07592c-b505-41a6-b076-0fd79a95d096,2026-08-29 12:45:08,2026-08-29 12:45:08
FIR-360/DET/2026,adc133e7-4aa1-4239-983f-0e1c036c4200,59c075bd-c5d7-48bc-b115-91f5b0d2cf7b,Sunita Devi,+91 98800 00006,"IPC 379, 457",2026-03-03 00:00:00,registered,Backend-seeded FIR for CR-2026-DET-261; derived from the Police FIR ER model.,"[{""name"": ""complaint_copy_CR-2026-DET-261.pdf"", ""size"": 154200}, {""name"": ""spot_mahazar_CR-2026-DET-261.pdf"", ""size"": 284100}]",demo,,,,9e710425-36dc-42f7-87de-c3c04ee99306,2026-08-29 12:45:08,2026-08-29 12:45:08
FIR-331/DET/2026,895591a2-c075-4faf-8c77-9b6769eb3ed4,32ef8189-db8a-47c3-b687-3bf34a097b2b,State Complainant,,"IPC 420, IT Act 66D",2025-12-04 17:45:00,registered,Backend-seeded FIR for CR-2026-DET-232; derived from the Police FIR ER model.,"[{""name"": ""complaint_copy_CR-2026-DET-232.pdf"", ""size"": 154200}, {""name"": ""spot_mahazar_CR-2026-DET-232.pdf"", ""size"": 284100}]",demo,,,,9fd3ca9b-0f29-46aa-bb67-5c16d8dd8d93,2026-08-29 12:45:08,2026-08-29 12:45:08
FIR-320/DET/2026,fe9cbc33-c022-45d4-93fb-b7877791dc86,f36f5a0e-c026-4c91-9ec4-02b25920283e,State Complainant,,"NDPS 21, 22",2025-11-01 08:15:00,registered,Backend-seeded FIR for CR-2026-DET-221; derived from the Police FIR ER model.,"[{""name"": ""complaint_copy_CR-2026-DET-221.pdf"", ""size"": 154200}, {""name"": ""spot_mahazar_CR-2026-DET-221.pdf"", ""size"": 284100}]",demo,,,,a0c06992-8590-4258-9bfe-63836e405dc4,2026-08-29 12:45:08,2026-08-29 12:45:08
FIR-359/DET/2026,0a808b82-d793-480f-b201-370a197b6f01,643e99ee-2480-49cb-b1b0-23ff69b53493,State Complainant,,"IPC 323, 324",2026-02-25 20:15:00,registered,Backend-seeded FIR for CR-2026-DET-260; derived from the Police FIR ER model.,"[{""name"": ""complaint_copy_CR-2026-DET-260.pdf"", ""size"": 154200}, {""name"": ""spot_mahazar_CR-2026-DET-260.pdf"", ""size"": 284100}]",demo,,,,a0da7172-01ae-4bab-8750-657f0615dd81,2026-08-29 12:45:08,2026-08-29 12:45:08
FIR-321/DET/2026,0779cceb-7288-48f2-9cf4-85657dbc850d,6d399214-9acb-4a0b-98c8-ae0b2a17b775,Rajesh Kharvi,+91 98800 00041,Excise Act 32,2025-11-03 04:30:00,registered,Backend-seeded FIR for CR-2026-DET-222; derived from the Police FIR ER model.,"[{""name"": ""complaint_copy_CR-2026-DET-222.pdf"", ""size"": 154200}, {""name"": ""spot_mahazar_CR-2026-DET-222.pdf"", ""size"": 284100}]",demo,,,,a0e1d700-5c00-433c-a5de-6ed83a734e2c,2026-08-29 12:45:08,2026-08-29 12:45:08
FIR-851/KDG/2026,31e9d6dc-ed22-4268-ae00-c2defc1c039b,e44eac9d-cdbe-4431-b175-c6dd48feca28,Kaveri Poojary,+91 98800 00037,"Excise Act, Forest Act",2026-08-18 22:25:00,registered,Backend-seeded FIR for CR-2026-KDG-001; derived from the Police FIR ER model.,"[{""name"": ""complaint_copy_CR-2026-KDG-001.pdf"", ""size"": 154200}, {""name"": ""spot_mahazar_CR-2026-KDG-001.pdf"", ""size"": 284100}]",demo,,,,a13a1278-ca80-4fbe-8732-fa82e4721781,2026-08-29 12:45:07,2026-08-29 12:45:07
FIR-301/GDG/2026,01c76242-6624-4500-b169-efc11178973e,b19d0b00-458c-4d08-b530-342a4d4f368b,Sarojini Bhat,+91 98800 00026,"IPC 447, 506",2026-08-07 20:10:00,registered,Backend-seeded FIR for CR-2026-GDG-001; derived from the Police FIR ER model.,"[{""name"": ""complaint_copy_CR-2026-GDG-001.pdf"", ""size"": 154200}, {""name"": ""spot_mahazar_CR-2026-GDG-001.pdf"", ""size"": 284100}]",demo,,,,a169ebac-00bb-4a0b-b28e-f56e4d1a07c2,2026-08-29 12:45:07,2026-08-29 12:45:07
FIR-133/DET/2026,902976d5-0f45-4a8a-b385-8d6c94df2888,643e99ee-2480-49cb-b1b0-23ff69b53493,Asha Rao,+91 98800 00003,"IPC 420, IT Act 66D",2024-04-21 17:00:00,registered,Backend-seeded FIR for CR-2026-DET-034; derived from the Police FIR ER model.,"[{""name"": ""complaint_copy_CR-2026-DET-034.pdf"", ""size"": 154200}, {""name"": ""spot_mahazar_CR-2026-DET-034.pdf"", ""size"": 284100}]",demo,,,,a193f9cc-f898-4b70-b844-99674600e826,2026-08-29 12:45:07,2026-08-29 12:45:07
FIR-234/DET/2026,ed88ba7c-2233-4b54-8e66-de2b3ab7909c,8e38105b-15a3-48cb-8fe4-88a34542ccfa,State Complainant,,"IPC 420, IT Act 66D",2025-02-15 15:50:00,closed,Backend-seeded FIR for CR-2026-DET-135; derived from the Police FIR ER model.,"[{""name"": ""complaint_copy_CR-2026-DET-135.pdf"", ""size"": 154200}, {""name"": ""spot_mahazar_CR-2026-DET-135.pdf"", ""size"": 284100}]",demo,,,,a1b99df0-a1d1-4ed7-808d-dd880f800407,2026-08-29 12:45:07,2026-08-29 12:45:07
FIR-242/DET/2026,a0af1336-8a0e-4208-88cc-59fe766a4b72,b19d0b00-458c-4d08-b530-342a4d4f368b,State Complainant,,"IPC 447, 506",2025-03-13 21:35:00,closed,Backend-seeded FIR for CR-2026-DET-143; derived from the Police FIR ER model.,"[{""name"": ""complaint_copy_CR-2026-DET-143.pdf"", ""size"": 154200}, {""name"": ""spot_mahazar_CR-2026-DET-143.pdf"", ""size"": 284100}]",demo,,,,a1e38a00-99cc-4bc0-9dfc-8eee0988889b,2026-08-29 12:45:08,2026-08-29 12:45:08
FIR-253/DET/2026,725e83f1-126e-41bd-ab08-90875c087b35,643e99ee-2480-49cb-b1b0-23ff69b53493,Shobha Patil,+91 98800 00010,"NDPS 21, 22",2025-04-13 21:45:00,closed,Backend-seeded FIR for CR-2026-DET-154; derived from the Police FIR ER model.,"[{""name"": ""complaint_copy_CR-2026-DET-154.pdf"", ""size"": 154200}, {""name"": ""spot_mahazar_CR-2026-DET-154.pdf"", ""size"": 284100}]",demo,,,,a2b7785d-ae0a-48eb-947f-d534ef685dbc,2026-08-29 12:45:08,2026-08-29 12:45:08
FIR-208/HSN/2026,6c931000-715e-4245-bd70-b50d13c71f45,35ec4bb7-90e0-43a2-9e8a-289e1339f1a0,Hema Malini,+91 98800 00023,DV Act,2026-08-06 23:35:00,registered,Backend-seeded FIR for CR-2026-HSN-001; derived from the Police FIR ER model.,"[{""name"": ""complaint_copy_CR-2026-HSN-001.pdf"", ""size"": 154200}, {""name"": ""spot_mahazar_CR-2026-HSN-001.pdf"", ""size"": 284100}]",demo,,,,a2d59bdb-d809-4e2f-9fef-8afd89df78ec,2026-08-29 12:45:07,2026-08-29 12:45:07
FIR-349/DET/2026,ba4ff860-8003-477b-b987-1e482e31424f,c31cd5b1-71b1-4e9d-a06b-9fadde8f9e6f,Suma B,+91 98800 00014,Excise Act 32,2026-01-31 00:05:00,registered,Backend-seeded FIR for CR-2026-DET-250; derived from the Police FIR ER model.,"[{""name"": ""complaint_copy_CR-2026-DET-250.pdf"", ""size"": 154200}, {""name"": ""spot_mahazar_CR-2026-DET-250.pdf"", ""size"": 284100}]",demo,,,,a4b6066a-743a-4d37-8d94-4271ddad7802,2026-08-29 12:45:08,2026-08-29 12:45:08
FIR-137/DET/2026,50d86cf4-6f84-42b9-a0d9-57fd9e565103,643e99ee-2480-49cb-b1b0-23ff69b53493,Suma B,+91 98800 00014,"DV Act, IPC 498A",2024-05-01 23:35:00,closed,Backend-seeded FIR for CR-2026-DET-038; derived from the Police FIR ER model.,"[{""name"": ""complaint_copy_CR-2026-DET-038.pdf"", ""size"": 154200}, {""name"": ""spot_mahazar_CR-2026-DET-038.pdf"", ""size"": 284100}]",demo,,,,a4e51de4-62d5-405d-b21b-b716c3f71b06,2026-08-29 12:45:07,2026-08-29 12:45:07
FIR-285/DET/2026,6caba650-21c3-4bd0-8c8a-7884b6038189,c64ed64b-cdd0-4f79-9a2a-f2df9ce61320,Padmavathi,+91 98800 00039,"IPC 447, 506",2025-07-18 13:40:00,registered,Backend-seeded FIR for CR-2026-DET-186; derived from the Police FIR ER model.,"[{""name"": ""complaint_copy_CR-2026-DET-186.pdf"", ""size"": 154200}, {""name"": ""spot_mahazar_CR-2026-DET-186.pdf"", ""size"": 284100}]",demo,,,,a526786d-01ce-4d7c-b144-8a024cd6edc3,2026-08-29 12:45:08,2026-08-29 12:45:08
FIR-295/DET/2026,534a3d81-3919-4448-b519-8f2c8e2176c7,314c456a-4c37-43b1-99a0-4b6239463b6f,State Complainant,,"IPC 447, 506",2025-08-17 20:05:00,closed,Backend-seeded FIR for CR-2026-DET-196; derived from the Police FIR ER model.,"[{""name"": ""complaint_copy_CR-2026-DET-196.pdf"", ""size"": 154200}, {""name"": ""spot_mahazar_CR-2026-DET-196.pdf"", ""size"": 284100}]",demo,,,,a5c6ec17-0ff1-420e-83a9-a568a23cab82,2026-08-29 12:45:08,2026-08-29 12:45:08
FIR-144/DET/2026,7b9f348a-37c0-40e8-89f9-9349f0de34ee,2fd383db-cd0b-4cca-9161-74533c0a3647,Manjula Devi,+91 98800 00036,"IPC 379, 457",2024-05-23 07:40:00,registered,Backend-seeded FIR for CR-2026-DET-045; derived from the Police FIR ER model.,"[{""name"": ""complaint_copy_CR-2026-DET-045.pdf"", ""size"": 154200}, {""name"": ""spot_mahazar_CR-2026-DET-045.pdf"", ""size"": 284100}]",demo,,,,a5e53248-0ec8-49f9-9635-e2ad6d422eec,2026-08-29 12:45:07,2026-08-29 12:45:07
FIR-056/BNG/2026,47469a30-247f-4b31-9001-e95abd0863d8,643e99ee-2480-49cb-b1b0-23ff69b53493,Dinesh Rao,+91 98800 00019,"IPC 323, 324, 506",2026-08-04 15:30:00,closed,Backend-seeded FIR for CR-2026-BNG-006; derived from the Police FIR ER model.,"[{""name"": ""complaint_copy_CR-2026-BNG-006.pdf"", ""size"": 154200}, {""name"": ""spot_mahazar_CR-2026-BNG-006.pdf"", ""size"": 284100}]",demo,,,,a664766a-d37c-46ef-8414-c039acd1428a,2026-08-29 12:45:07,2026-08-29 12:45:07
FIR-401/DET/2026,43b40974-46d0-41f9-a8e0-14109cb2097e,19ac4d07-7b48-4c0f-b27c-c36fdb9bf801,Dinesh Rao,+91 98800 00019,MMDR Act 21,2026-07-04 02:55:00,registered,Backend-seeded FIR for CR-2026-DET-302; derived from the Police FIR ER model.,"[{""name"": ""complaint_copy_CR-2026-DET-302.pdf"", ""size"": 154200}, {""name"": ""spot_mahazar_CR-2026-DET-302.pdf"", ""size"": 284100}]",demo,,,,a7e4935a-029a-4bc3-adde-117168293a64,2026-08-29 12:45:08,2026-08-29 12:45:08
FIR-165/DET/2026,426fafd3-f48f-4e75-bd3a-e501a00dcf8c,cf8c9086-2c1f-460b-86ae-70194c545cf9,Mahantesh Patil,+91 98800 00027,"DV Act, IPC 498A",2024-07-26 00:20:00,closed,Backend-seeded FIR for CR-2026-DET-066; derived from the Police FIR ER model.,"[{""name"": ""complaint_copy_CR-2026-DET-066.pdf"", ""size"": 154200}, {""name"": ""spot_mahazar_CR-2026-DET-066.pdf"", ""size"": 284100}]",demo,,,,a8591f46-64eb-4887-9edd-49a423d7c903,2026-08-29 12:45:07,2026-08-29 12:45:07
FIR-386/DET/2026,f28bff49-9bd4-4471-9a83-1b5c733116e3,f36f5a0e-c026-4c91-9ec4-02b25920283e,Bharat Hegde,+91 98800 00017,"IPC 323, 324",2026-05-18 19:55:00,registered,Backend-seeded FIR for CR-2026-DET-287; derived from the Police FIR ER model.,"[{""name"": ""complaint_copy_CR-2026-DET-287.pdf"", ""size"": 154200}, {""name"": ""spot_mahazar_CR-2026-DET-287.pdf"", ""size"": 284100}]",demo,,,,a8f85d8d-3a6b-4bb6-8f4c-197434bf4d20,2026-08-29 12:45:08,2026-08-29 12:45:08
FIR-255/DET/2026,cda5a07d-ebce-4a1b-b34f-953f3ad668db,219a87ba-850b-48e5-8a33-2151a3337db0,Padmavathi,+91 98800 00039,"IPC 323, 324",2025-04-20 15:45:00,registered,Backend-seeded FIR for CR-2026-DET-156; derived from the Police FIR ER model.,"[{""name"": ""complaint_copy_CR-2026-DET-156.pdf"", ""size"": 154200}, {""name"": ""spot_mahazar_CR-2026-DET-156.pdf"", ""size"": 284100}]",demo,,,,a95abd57-12e0-4320-a093-2d89980d1542,2026-08-29 12:45:08,2026-08-29 12:45:08
FIR-503/UKN/2026,f6d16c6e-78d2-4cce-9bc5-9d181abce25c,8e38105b-15a3-48cb-8fe4-88a34542ccfa,State Complainant,,"IPC 323, 147",2026-07-26 15:45:00,closed,Backend-seeded FIR for CR-2026-UKN-003; derived from the Police FIR ER model.,"[{""name"": ""complaint_copy_CR-2026-UKN-003.pdf"", ""size"": 154200}, {""name"": ""spot_mahazar_CR-2026-UKN-003.pdf"", ""size"": 284100}]",demo,,,,a976d2fa-fcc1-4b73-aa90-04fa46757a2c,2026-08-29 12:45:07,2026-08-29 12:45:07
FIR-612/BLR/2026,96d54f82-4425-479b-8238-3048ef0e0c42,35ec4bb7-90e0-43a2-9e8a-289e1339f1a0,State Complainant,,"NDPS 21, 22",2026-08-19 22:25:00,registered,Backend-seeded FIR for CR-2026-BLR-002; derived from the Police FIR ER model.,"[{""name"": ""complaint_copy_CR-2026-BLR-002.pdf"", ""size"": 154200}, {""name"": ""spot_mahazar_CR-2026-BLR-002.pdf"", ""size"": 284100}]",demo,,,,aab17513-b4f1-4d6f-9def-f2b067e038f8,2026-08-29 12:45:07,2026-08-29 12:45:07
FIR-368/DET/2026,56def3c5-be60-4c44-bd3b-5531b37ee67a,5bbc94f3-51a0-47de-802a-dd4b4ccedab1,Sunanda Poojary,+91 98800 00040,"IPC 379, 457",2026-03-25 04:40:00,closed,Backend-seeded FIR for CR-2026-DET-269; derived from the Police FIR ER model.,"[{""name"": ""complaint_copy_CR-2026-DET-269.pdf"", ""size"": 154200}, {""name"": ""spot_mahazar_CR-2026-DET-269.pdf"", ""size"": 284100}]",demo,,,,ab545378-af87-4629-b982-d693d4cb148a,2026-08-29 12:45:08,2026-08-29 12:45:08
FIR-401/UDP/2026,7beda5c5-9a29-4e56-ae71-d0abc7620804,59c075bd-c5d7-48bc-b115-91f5b0d2cf7b,Sunanda Poojary,+91 98800 00040,"IPC 380, 457",2026-08-14 01:15:00,registered,Backend-seeded FIR for CR-2026-UDP-001; derived from the Police FIR ER model.,"[{""name"": ""complaint_copy_CR-2026-UDP-001.pdf"", ""size"": 154200}, {""name"": ""spot_mahazar_CR-2026-UDP-001.pdf"", ""size"": 284100}]",demo,,,,aba04882-ddfb-49b4-910b-78b8fc10fc06,2026-08-29 12:45:07,2026-08-29 12:45:07
FIR-277/DET/2026,e24de8f5-ac73-474c-be96-1e8a77f2bcff,5121147d-f1ba-4bf4-9391-f5b7bb9124fb,Chandrakala Devi,+91 98800 00032,"IPC 447, 506",2025-06-24 20:05:00,registered,Backend-seeded FIR for CR-2026-DET-178; derived from the Police FIR ER model.,"[{""name"": ""complaint_copy_CR-2026-DET-178.pdf"", ""size"": 154200}, {""name"": ""spot_mahazar_CR-2026-DET-178.pdf"", ""size"": 284100}]",demo,,,,abe184bd-3f70-448a-bfbf-cb71c17b3392,2026-08-29 12:45:08,2026-08-29 12:45:08
FIR-178/DWD/2026,b3d07a00-54d4-443e-a8dd-144d3cd1735f,905faca5-a4ac-49a1-bc88-1d5e1907b6cb,State Complainant,,"NDPS 21, 22",2026-08-24 22:50:00,registered,Backend-seeded FIR for CR-2026-DWD-002; derived from the Police FIR ER model.,"[{""name"": ""complaint_copy_CR-2026-DWD-002.pdf"", ""size"": 154200}, {""name"": ""spot_mahazar_CR-2026-DWD-002.pdf"", ""size"": 284100}]",demo,,,,ad6cd3df-3982-4684-ba6a-683a96fb25c3,2026-08-29 12:45:07,2026-08-29 12:45:07
FIR-210/HSN/2026,5e353ba3-3c0c-4ca0-b589-f98d0b7cb90c,35ec4bb7-90e0-43a2-9e8a-289e1339f1a0,State Complainant,,IPC 380,2026-07-28 04:05:00,closed,Backend-seeded FIR for CR-2026-HSN-003; derived from the Police FIR ER model.,"[{""name"": ""complaint_copy_CR-2026-HSN-003.pdf"", ""size"": 154200}, {""name"": ""spot_mahazar_CR-2026-HSN-003.pdf"", ""size"": 284100}]",demo,,,,ae43bb70-6bbf-4fb1-81a7-499689e28ede,2026-08-29 12:45:07,2026-08-29 12:45:07
FIR-153/DET/2026,13261cc4-fc9d-49c1-b2a8-5d7c09aa3c00,a42d03ad-0de6-4b92-96ef-5ab3f60aff1e,State Complainant,,"IPC 420, IT Act 66D",2024-06-21 20:00:00,closed,Backend-seeded FIR for CR-2026-DET-054; derived from the Police FIR ER model.,"[{""name"": ""complaint_copy_CR-2026-DET-054.pdf"", ""size"": 154200}, {""name"": ""spot_mahazar_CR-2026-DET-054.pdf"", ""size"": 284100}]",demo,,,,af166348-0d47-4943-bc19-f90c31dfbb9f,2026-08-29 12:45:07,2026-08-29 12:45:07
FIR-211/DET/2026,5ab902e6-9335-449e-9308-4b92aca920f2,19ac4d07-7b48-4c0f-b27c-c36fdb9bf801,State Complainant,,Excise Act 32,2024-12-12 06:25:00,closed,Backend-seeded FIR for CR-2026-DET-112; derived from the Police FIR ER model.,"[{""name"": ""complaint_copy_CR-2026-DET-112.pdf"", ""size"": 154200}, {""name"": ""spot_mahazar_CR-2026-DET-112.pdf"", ""size"": 284100}]",demo,,,,af68a034-9172-4836-9f3e-40bf315df7fe,2026-08-29 12:45:07,2026-08-29 12:45:07
FIR-129/DET/2026,bd8f548a-3cd5-4846-9aff-ff4cf930ac29,643e99ee-2480-49cb-b1b0-23ff69b53493,K. S. Narayanan,+91 98800 00001,"IPC 323, 324",2024-04-09 13:35:00,closed,Backend-seeded FIR for CR-2026-DET-030; derived from the Police FIR ER model.,"[{""name"": ""complaint_copy_CR-2026-DET-030.pdf"", ""size"": 154200}, {""name"": ""spot_mahazar_CR-2026-DET-030.pdf"", ""size"": 284100}]",demo,,,,afe66182-237e-4c91-97ca-48123059d738,2026-08-29 12:45:07,2026-08-29 12:45:07
FIR-124/DET/2026,91e0ce1c-7cc9-450f-b188-3a892e9640fc,5121147d-f1ba-4bf4-9391-f5b7bb9124fb,State Complainant,,MMDR Act 21,2024-03-22 10:00:00,registered,Backend-seeded FIR for CR-2026-DET-025; derived from the Police FIR ER model.,"[{""name"": ""complaint_copy_CR-2026-DET-025.pdf"", ""size"": 154200}, {""name"": ""spot_mahazar_CR-2026-DET-025.pdf"", ""size"": 284100}]",demo,,,,b0622c9e-bc0b-4344-a74f-f500ac6a9ea1,2026-08-29 12:45:07,2026-08-29 12:45:07
FIR-793/MYS/2026,e3f0c70e-ea9a-43ee-b8aa-0f739bd7be7a,6d399214-9acb-4a0b-98c8-ae0b2a17b775,Chitra K,+91 98800 00018,"IPC 324, 506",2026-07-28 17:40:00,closed,Backend-seeded FIR for CR-2026-MYS-005; derived from the Police FIR ER model.,"[{""name"": ""complaint_copy_CR-2026-MYS-005.pdf"", ""size"": 154200}, {""name"": ""spot_mahazar_CR-2026-MYS-005.pdf"", ""size"": 284100}]",demo,,,,b0633cbf-b5a4-484e-83ae-96b8cf80f435,2026-08-29 12:45:07,2026-08-29 12:45:07
FIR-172/DET/2026,293e651a-d6bd-4fcb-adfb-12ce7f9d579c,905faca5-a4ac-49a1-bc88-1d5e1907b6cb,State Complainant,,"DV Act, IPC 498A",2024-08-16 00:00:00,registered,Backend-seeded FIR for CR-2026-DET-073; derived from the Police FIR ER model.,"[{""name"": ""complaint_copy_CR-2026-DET-073.pdf"", ""size"": 154200}, {""name"": ""spot_mahazar_CR-2026-DET-073.pdf"", ""size"": 284100}]",demo,,,,b0d8ad43-f17d-4e01-b7a9-2129435c88db,2026-08-29 12:45:07,2026-08-29 12:45:07
FIR-303/DET/2026,cd756be4-72e1-4be4-a5fe-6711f5290942,b9af6e21-ff39-4174-bce7-d4fcdcfc9a9d,Gopal Krishna,+91 98800 00022,"IPC 420, IT Act 66D",2025-09-14 21:25:00,closed,Backend-seeded FIR for CR-2026-DET-204; derived from the Police FIR ER model.,"[{""name"": ""complaint_copy_CR-2026-DET-204.pdf"", ""size"": 154200}, {""name"": ""spot_mahazar_CR-2026-DET-204.pdf"", ""size"": 284100}]",demo,,,,b188454f-9c87-404b-a200-702aeacbb2e4,2026-08-29 12:45:08,2026-08-29 12:45:08
FIR-301/MND/2026,9965c0e3-2400-46ae-bdfe-cab1444de54b,f36f5a0e-c026-4c91-9ec4-02b25920283e,Shashikala Devi,+91 98800 00034,"DV Act, IPC 498A",2026-08-15 21:40:00,registered,Backend-seeded FIR for CR-2026-MND-001; derived from the Police FIR ER model.,"[{""name"": ""complaint_copy_CR-2026-MND-001.pdf"", ""size"": 154200}, {""name"": ""spot_mahazar_CR-2026-MND-001.pdf"", ""size"": 284100}]",demo,,,,b24d98ec-f2b3-44f6-b393-db6bc5e50cfd,2026-08-29 12:45:07,2026-08-29 12:45:07
FIR-363/DET/2026,5285c41d-5381-4ec1-961d-b22b482e9cb5,27fea9ae-f398-4c45-a286-94af0bd08807,State Complainant,,MMDR Act 21,2026-03-10 02:55:00,closed,Backend-seeded FIR for CR-2026-DET-264; derived from the Police FIR ER model.,"[{""name"": ""complaint_copy_CR-2026-DET-264.pdf"", ""size"": 154200}, {""name"": ""spot_mahazar_CR-2026-DET-264.pdf"", ""size"": 284100}]",demo,,,,b29427f5-0e46-4496-b4ca-0e09289fb2fa,2026-08-29 12:45:08,2026-08-29 12:45:08
FIR-170/DET/2026,b13ac356-bb2e-4655-a8a3-9fcaa708c031,314c456a-4c37-43b1-99a0-4b6239463b6f,Bharat Hegde,+91 98800 00017,"IPC 379, 457",2024-08-12 02:40:00,closed,Backend-seeded FIR for CR-2026-DET-071; derived from the Police FIR ER model.,"[{""name"": ""complaint_copy_CR-2026-DET-071.pdf"", ""size"": 154200}, {""name"": ""spot_mahazar_CR-2026-DET-071.pdf"", ""size"": 284100}]",demo,,,,b2966d3b-6479-48c1-bedc-f2b630f43b06,2026-08-29 12:45:07,2026-08-29 12:45:07
FIR-206/BLG/2026,1f6e726b-7f62-41fa-bfb1-6d5389b9dab6,31d37711-b1aa-44be-b8fd-c1a4355577d9,Shobha Patil,+91 98800 00010,"IPC 420, IT Act 66D",2026-08-22 15:25:00,registered,Backend-seeded FIR for CR-2026-BLG-003; derived from the Police FIR ER model.,"[{""name"": ""complaint_copy_CR-2026-BLG-003.pdf"", ""size"": 154200}, {""name"": ""spot_mahazar_CR-2026-BLG-003.pdf"", ""size"": 284100}]",demo,,,,b2bfdc5f-9310-4d12-8e3e-f50c378d307e,2026-08-29 12:45:07,2026-08-29 12:45:07
FIR-292/DET/2026,35b2569f-5455-4562-b5e4-c7d82d59e21b,c64ed64b-cdd0-4f79-9a2a-f2df9ce61320,Shashikala Devi,+91 98800 00034,Excise Act 32,2025-08-08 21:45:00,registered,Backend-seeded FIR for CR-2026-DET-193; derived from the Police FIR ER model.,"[{""name"": ""complaint_copy_CR-2026-DET-193.pdf"", ""size"": 154200}, {""name"": ""spot_mahazar_CR-2026-DET-193.pdf"", ""size"": 284100}]",demo,,,,b2f32b8d-5bb2-4285-a790-6de854b0d53b,2026-08-29 12:45:08,2026-08-29 12:45:08
FIR-201/DET/2026,db0fb348-80cd-4574-bf14-d82ad5f1ab23,b9af6e21-ff39-4174-bce7-d4fcdcfc9a9d,State Complainant,,"IPC 447, 506",2024-11-09 16:00:00,registered,Backend-seeded FIR for CR-2026-DET-102; derived from the Police FIR ER model.,"[{""name"": ""complaint_copy_CR-2026-DET-102.pdf"", ""size"": 154200}, {""name"": ""spot_mahazar_CR-2026-DET-102.pdf"", ""size"": 284100}]",demo,,,,b406d649-b4d3-41e0-b95c-69d55a3b446d,2026-08-29 12:45:07,2026-08-29 12:45:07
FIR-228/DET/2026,8cfd7fb0-19e8-4d5a-b3f8-2a5841aaac64,4c15aede-a2ad-4322-bb3e-1264d9593b53,Anupama Sharma,+91 98800 00030,MMDR Act 21,2025-01-31 05:20:00,registered,Backend-seeded FIR for CR-2026-DET-129; derived from the Police FIR ER model.,"[{""name"": ""complaint_copy_CR-2026-DET-129.pdf"", ""size"": 154200}, {""name"": ""spot_mahazar_CR-2026-DET-129.pdf"", ""size"": 284100}]",demo,,,,b57fd56a-fb02-46b0-95ae-0765a9c17ba0,2026-08-29 12:45:07,2026-08-29 12:45:07
FIR-125/DET/2026,b3308fd6-e7fb-4749-aaa1-afa2b939d48c,219a87ba-850b-48e5-8a33-2151a3337db0,State Complainant,,"IPC 420, IT Act 66D",2024-03-29 21:25:00,closed,Backend-seeded FIR for CR-2026-DET-026; derived from the Police FIR ER model.,"[{""name"": ""complaint_copy_CR-2026-DET-026.pdf"", ""size"": 154200}, {""name"": ""spot_mahazar_CR-2026-DET-026.pdf"", ""size"": 284100}]",demo,,,,b6dce4c9-38f6-42bf-87c5-c1e121ecbf41,2026-08-29 12:45:07,2026-08-29 12:45:07
FIR-177/DET/2026,f60415dd-abe6-4296-a6b2-d34d6c2d5f8c,ca5236a4-32f9-4a78-8e38-29bb36d03874,State Complainant,,"IPC 323, 324",2024-09-01 16:15:00,registered,Backend-seeded FIR for CR-2026-DET-078; derived from the Police FIR ER model.,"[{""name"": ""complaint_copy_CR-2026-DET-078.pdf"", ""size"": 154200}, {""name"": ""spot_mahazar_CR-2026-DET-078.pdf"", ""size"": 284100}]",demo,,,,b7213958-bae7-4777-b01d-64b96209ac70,2026-08-29 12:45:07,2026-08-29 12:45:07
FIR-169/DET/2026,77b3a3a6-bd76-4f25-90f1-c1bb6290cc98,5121147d-f1ba-4bf4-9391-f5b7bb9124fb,State Complainant,,"DV Act, IPC 498A",2024-08-07 00:35:00,closed,Backend-seeded FIR for CR-2026-DET-070; derived from the Police FIR ER model.,"[{""name"": ""complaint_copy_CR-2026-DET-070.pdf"", ""size"": 154200}, {""name"": ""spot_mahazar_CR-2026-DET-070.pdf"", ""size"": 284100}]",demo,,,,b8d250a7-03ee-4a07-91c0-46f99331b7bb,2026-08-29 12:45:07,2026-08-29 12:45:07
FIR-341/DET/2026,f38ac969-4750-4c32-b56b-fe2316bf20f2,6d399214-9acb-4a0b-98c8-ae0b2a17b775,Mahantesh Patil,+91 98800 00027,"NDPS 21, 22",2026-01-02 21:15:00,closed,Backend-seeded FIR for CR-2026-DET-242; derived from the Police FIR ER model.,"[{""name"": ""complaint_copy_CR-2026-DET-242.pdf"", ""size"": 154200}, {""name"": ""spot_mahazar_CR-2026-DET-242.pdf"", ""size"": 284100}]",demo,,,,bb2e4001-fdb1-43eb-8338-caba9eb978ed,2026-08-29 12:45:08,2026-08-29 12:45:08
FIR-177/DWD/2026,79dc196d-dd74-4350-a5fe-7b2e8dee41de,905faca5-a4ac-49a1-bc88-1d5e1907b6cb,Pradeep Naik,+91 98800 00013,IPC 379,2026-07-26 02:15:00,closed,Backend-seeded FIR for CR-2026-DWD-001; derived from the Police FIR ER model.,"[{""name"": ""complaint_copy_CR-2026-DWD-001.pdf"", ""size"": 154200}, {""name"": ""spot_mahazar_CR-2026-DWD-001.pdf"", ""size"": 284100}]",demo,,,,bb49533f-1a06-40fa-9caa-f3193e69214f,2026-08-29 12:45:07,2026-08-29 12:45:07
FIR-281/DET/2026,98c9d1f0-6abb-4bcb-b938-43dffd403871,27fea9ae-f398-4c45-a286-94af0bd08807,State Complainant,,"IPC 323, 324",2025-07-06 12:05:00,closed,Backend-seeded FIR for CR-2026-DET-182; derived from the Police FIR ER model.,"[{""name"": ""complaint_copy_CR-2026-DET-182.pdf"", ""size"": 154200}, {""name"": ""spot_mahazar_CR-2026-DET-182.pdf"", ""size"": 284100}]",demo,,,,bb761755-9df0-44cc-a4aa-f8e323813552,2026-08-29 12:45:08,2026-08-29 12:45:08
FIR-313/DET/2026,010e73db-0e47-42ac-ba10-c9574ce6c7eb,35ec4bb7-90e0-43a2-9e8a-289e1339f1a0,State Complainant,,"DV Act, IPC 498A",2025-10-13 00:35:00,registered,Backend-seeded FIR for CR-2026-DET-214; derived from the Police FIR ER model.,"[{""name"": ""complaint_copy_CR-2026-DET-214.pdf"", ""size"": 154200}, {""name"": ""spot_mahazar_CR-2026-DET-214.pdf"", ""size"": 284100}]",demo,,,,bc1bb643-c027-4d35-9a48-2b2085b13d28,2026-08-29 12:45:08,2026-08-29 12:45:08
FIR-131/DET/2026,b7c3ef92-430b-4b3d-a85e-335af8d7000f,314c456a-4c37-43b1-99a0-4b6239463b6f,State Complainant,,"NDPS 21, 22",2024-04-14 04:15:00,closed,Backend-seeded FIR for CR-2026-DET-032; derived from the Police FIR ER model.,"[{""name"": ""complaint_copy_CR-2026-DET-032.pdf"", ""size"": 154200}, {""name"": ""spot_mahazar_CR-2026-DET-032.pdf"", ""size"": 284100}]",demo,,,,bcbb0898-8887-4718-b345-b6905b09a437,2026-08-29 12:45:07,2026-08-29 12:45:07
FIR-395/DET/2026,0e593d17-5cb1-4101-b4ee-aa44efb46844,643e99ee-2480-49cb-b1b0-23ff69b53493,State Complainant,,MMDR Act 21,2026-06-14 03:15:00,registered,Backend-seeded FIR for CR-2026-DET-296; derived from the Police FIR ER model.,"[{""name"": ""complaint_copy_CR-2026-DET-296.pdf"", ""size"": 154200}, {""name"": ""spot_mahazar_CR-2026-DET-296.pdf"", ""size"": 284100}]",demo,,,,bd5d4ca7-6361-4d25-977b-6734d4047230,2026-08-29 12:45:08,2026-08-29 12:45:08
FIR-152/DET/2026,7b660d9b-3286-4596-aba2-a065493d3053,b9af6e21-ff39-4174-bce7-d4fcdcfc9a9d,State Complainant,,Excise Act 32,2024-06-15 08:05:00,closed,Backend-seeded FIR for CR-2026-DET-053; derived from the Police FIR ER model.,"[{""name"": ""complaint_copy_CR-2026-DET-053.pdf"", ""size"": 154200}, {""name"": ""spot_mahazar_CR-2026-DET-053.pdf"", ""size"": 284100}]",demo,,,,be3ca3d1-ccd3-4996-90de-8a28861322d2,2026-08-29 12:45:07,2026-08-29 12:45:07
FIR-390/DET/2026,9c1a7ab3-78e4-4be4-8b2d-719adda23594,f36f5a0e-c026-4c91-9ec4-02b25920283e,State Complainant,,"IPC 420, IT Act 66D",2026-06-02 20:20:00,registered,Backend-seeded FIR for CR-2026-DET-291; derived from the Police FIR ER model.,"[{""name"": ""complaint_copy_CR-2026-DET-291.pdf"", ""size"": 154200}, {""name"": ""spot_mahazar_CR-2026-DET-291.pdf"", ""size"": 284100}]",demo,,,,be90b7fb-896b-4377-b8bf-bbbd3cf07700,2026-08-29 12:45:08,2026-08-29 12:45:08
FIR-310/DET/2026,6022d8b1-b67d-49f5-bd44-85eb98d5ac65,cf8c9086-2c1f-460b-86ae-70194c545cf9,Jyothi Lingegowda,+91 98800 00025,"NDPS 21, 22",2025-10-06 03:45:00,registered,Backend-seeded FIR for CR-2026-DET-211; derived from the Police FIR ER model.,"[{""name"": ""complaint_copy_CR-2026-DET-211.pdf"", ""size"": 154200}, {""name"": ""spot_mahazar_CR-2026-DET-211.pdf"", ""size"": 284100}]",demo,,,,bf534a99-74c2-4550-8d8e-77f63b318874,2026-08-29 12:45:08,2026-08-29 12:45:08
FIR-298/DET/2026,ee391c87-8837-4252-8d1b-1ef31dc3bc53,31d37711-b1aa-44be-b8fd-c1a4355577d9,Vijaya Kumari,+91 98800 00031,"IPC 323, 324",2025-08-28 18:25:00,registered,Backend-seeded FIR for CR-2026-DET-199; derived from the Police FIR ER model.,"[{""name"": ""complaint_copy_CR-2026-DET-199.pdf"", ""size"": 154200}, {""name"": ""spot_mahazar_CR-2026-DET-199.pdf"", ""size"": 284100}]",demo,,,,bfafe93e-ed31-45b8-820a-6098d25348f0,2026-08-29 12:45:08,2026-08-29 12:45:08
FIR-268/DET/2026,af70248b-91fe-4541-be51-6ad518eb9ec7,2fd383db-cd0b-4cca-9161-74533c0a3647,Fathima Begum,+91 98800 00008,"IPC 420, IT Act 66D",2025-05-29 21:25:00,closed,Backend-seeded FIR for CR-2026-DET-169; derived from the Police FIR ER model.,"[{""name"": ""complaint_copy_CR-2026-DET-169.pdf"", ""size"": 154200}, {""name"": ""spot_mahazar_CR-2026-DET-169.pdf"", ""size"": 284100}]",demo,,,,bfcd010c-4c81-4931-aa58-a1295a8057a5,2026-08-29 12:45:08,2026-08-29 12:45:08
FIR-270/DET/2026,5d07b0f1-d38c-42ff-aceb-33167841fb51,d90df2b2-c392-4aed-8af3-1024b8d7e0a0,State Complainant,,"IPC 323, 324",2025-06-06 20:25:00,closed,Backend-seeded FIR for CR-2026-DET-171; derived from the Police FIR ER model.,"[{""name"": ""complaint_copy_CR-2026-DET-171.pdf"", ""size"": 154200}, {""name"": ""spot_mahazar_CR-2026-DET-171.pdf"", ""size"": 284100}]",demo,,,,c0a2ed0d-d812-4253-8a02-e2a87967f677,2026-08-29 12:45:08,2026-08-29 12:45:08
FIR-275/DET/2026,83863ac9-745a-44e3-9c03-9e975872e3b6,905faca5-a4ac-49a1-bc88-1d5e1907b6cb,State Complainant,,Excise Act 32,2025-06-19 00:45:00,registered,Backend-seeded FIR for CR-2026-DET-176; derived from the Police FIR ER model.,"[{""name"": ""complaint_copy_CR-2026-DET-176.pdf"", ""size"": 154200}, {""name"": ""spot_mahazar_CR-2026-DET-176.pdf"", ""size"": 284100}]",demo,,,,c0dfaf1d-f2ca-4d52-90ec-ff4fb856e1b2,2026-08-29 12:45:08,2026-08-29 12:45:08
FIR-229/DET/2026,70a10b2b-fe0b-4b48-9408-f9ace396e4c4,e44eac9d-cdbe-4431-b175-c6dd48feca28,Sarojini Bhat,+91 98800 00026,"IPC 447, 506",2025-02-04 16:50:00,closed,Backend-seeded FIR for CR-2026-DET-130; derived from the Police FIR ER model.,"[{""name"": ""complaint_copy_CR-2026-DET-130.pdf"", ""size"": 154200}, {""name"": ""spot_mahazar_CR-2026-DET-130.pdf"", ""size"": 284100}]",demo,,,,c1775cbe-d0fa-4849-a596-fa28e35dcd26,2026-08-29 12:45:07,2026-08-29 12:45:07
FIR-178/DET/2026,5f5d8683-9fb7-47be-aefa-3692e799e461,83c263dd-8664-438d-8f3e-f73f66c623f9,Eshwarappa,+91 98800 00020,"IPC 447, 506",2024-09-03 18:00:00,registered,Backend-seeded FIR for CR-2026-DET-079; derived from the Police FIR ER model.,"[{""name"": ""complaint_copy_CR-2026-DET-079.pdf"", ""size"": 154200}, {""name"": ""spot_mahazar_CR-2026-DET-079.pdf"", ""size"": 284100}]",demo,,,,c1f34a4e-c220-40e7-9013-930e497b4d13,2026-08-29 12:45:07,2026-08-29 12:45:07
FIR-801/KPL/2026,cc8dbbbd-3e61-426f-98e9-0efcfc7af91e,f477b6e3-1f4a-46d7-a02e-bb78a32dd82b,State Complainant,,"IPC 420, IT Act 66D",2026-08-20 16:35:00,registered,Backend-seeded FIR for CR-2026-KPL-001; derived from the Police FIR ER model.,"[{""name"": ""complaint_copy_CR-2026-KPL-001.pdf"", ""size"": 154200}, {""name"": ""spot_mahazar_CR-2026-KPL-001.pdf"", ""size"": 284100}]",demo,,,,c275123c-f1af-4cc9-b45d-a09c96542f39,2026-08-29 12:45:07,2026-08-29 12:45:07
FIR-335/DET/2026,6b58a460-5cd0-4155-995d-5898573e5905,643e99ee-2480-49cb-b1b0-23ff69b53493,Pradeep Naik,+91 98800 00013,"NDPS 21, 22",2025-12-16 00:30:00,registered,Backend-seeded FIR for CR-2026-DET-236; derived from the Police FIR ER model.,"[{""name"": ""complaint_copy_CR-2026-DET-236.pdf"", ""size"": 154200}, {""name"": ""spot_mahazar_CR-2026-DET-236.pdf"", ""size"": 284100}]",demo,,,,c28285d4-222f-45cc-8cf6-9994fc3c282f,2026-08-29 12:45:08,2026-08-29 12:45:08
FIR-384/DET/2026,da58ba3a-f8e1-4bc2-bf42-84546fad927c,c01b3bfb-4c1b-4e70-bd24-9411fd4745f0,Mahantesh Patil,+91 98800 00027,"NDPS 21, 22",2026-05-11 01:40:00,closed,Backend-seeded FIR for CR-2026-DET-285; derived from the Police FIR ER model.,"[{""name"": ""complaint_copy_CR-2026-DET-285.pdf"", ""size"": 154200}, {""name"": ""spot_mahazar_CR-2026-DET-285.pdf"", ""size"": 284100}]",demo,,,,c3059bd8-7d9f-4f15-9318-fcb38c7ff432,2026-08-29 12:45:08,2026-08-29 12:45:08
FIR-701/CMG/2026,fa36523d-1030-4b0b-b182-2245ccc3983b,ca5236a4-32f9-4a78-8e38-29bb36d03874,State Complainant,,"IPC 379, 457",2026-08-11 04:25:00,registered,Backend-seeded FIR for CR-2026-CMG-001; derived from the Police FIR ER model.,"[{""name"": ""complaint_copy_CR-2026-CMG-001.pdf"", ""size"": 154200}, {""name"": ""spot_mahazar_CR-2026-CMG-001.pdf"", ""size"": 284100}]",demo,,,,c32f6f45-df49-44b1-bd9d-35ced0cfde4e,2026-08-29 12:45:07,2026-08-29 12:45:07
FIR-246/DET/2026,1be27dd3-49d6-4b52-a916-64be6aebe9df,d90df2b2-c392-4aed-8af3-1024b8d7e0a0,Arun Kumar,+91 98800 00038,Excise Act 32,2025-03-24 03:20:00,closed,Backend-seeded FIR for CR-2026-DET-147; derived from the Police FIR ER model.,"[{""name"": ""complaint_copy_CR-2026-DET-147.pdf"", ""size"": 154200}, {""name"": ""spot_mahazar_CR-2026-DET-147.pdf"", ""size"": 284100}]",demo,,,,c348eae6-f39c-4c5f-863f-9b922cd55b86,2026-08-29 12:45:08,2026-08-29 12:45:08
FIR-902/KLR/2026,bb1fbdd7-ffdd-4961-abb1-237a83bf56f7,314c456a-4c37-43b1-99a0-4b6239463b6f,State Complainant,,"NDPS 20, 21",2026-08-22 06:35:00,registered,Backend-seeded FIR for CR-2026-KLR-002; derived from the Police FIR ER model.,"[{""name"": ""complaint_copy_CR-2026-KLR-002.pdf"", ""size"": 154200}, {""name"": ""spot_mahazar_CR-2026-KLR-002.pdf"", ""size"": 284100}]",demo,,,,c3873605-23d2-44d9-bc51-214a9e001241,2026-08-29 12:45:07,2026-08-29 12:45:07
FIR-288/DET/2026,01e3b8cb-6369-4fa5-b43e-aa07b4547d71,c31cd5b1-71b1-4e9d-a06b-9fadde8f9e6f,State Complainant,,"DV Act, IPC 498A",2025-07-28 22:55:00,registered,Backend-seeded FIR for CR-2026-DET-189; derived from the Police FIR ER model.,"[{""name"": ""complaint_copy_CR-2026-DET-189.pdf"", ""size"": 154200}, {""name"": ""spot_mahazar_CR-2026-DET-189.pdf"", ""size"": 284100}]",demo,,,,c39882b7-f1b3-49be-82b1-b7860512b226,2026-08-29 12:45:08,2026-08-29 12:45:08
FIR-045/BNG/2026,1c33147e-6d08-4391-8adb-c69d2872d473,643e99ee-2480-49cb-b1b0-23ff69b53493,K. S. Narayanan,+91 98800 00001,"IPC 420, IT Act 66D",2026-08-26 19:15:00,registered,Backend-seeded FIR for CR-2026-BNG-001; derived from the Police FIR ER model.,"[{""name"": ""complaint_copy_CR-2026-BNG-001.pdf"", ""size"": 154200}, {""name"": ""spot_mahazar_CR-2026-BNG-001.pdf"", ""size"": 284100}]",demo,,,,c3bf9e8a-52c7-4cb5-91fe-3d6f337bf960,2026-08-29 12:45:07,2026-08-29 12:45:07
FIR-346/DET/2026,0a1287b2-4b8e-478a-adce-bdd80ad30777,219a87ba-850b-48e5-8a33-2151a3337db0,Ramesh Gowda,+91 98800 00033,"IPC 447, 506",2026-01-20 09:15:00,registered,Backend-seeded FIR for CR-2026-DET-247; derived from the Police FIR ER model.,"[{""name"": ""complaint_copy_CR-2026-DET-247.pdf"", ""size"": 154200}, {""name"": ""spot_mahazar_CR-2026-DET-247.pdf"", ""size"": 284100}]",demo,,,,c40af2d3-ca38-49b1-9ed5-25c5c8fc2018,2026-08-29 12:45:08,2026-08-29 12:45:08
FIR-222/DET/2026,499cb651-d391-4947-952f-470508a1bfd1,5bbc94f3-51a0-47de-802a-dd4b4ccedab1,State Complainant,,MMDR Act 21,2025-01-14 07:05:00,closed,Backend-seeded FIR for CR-2026-DET-123; derived from the Police FIR ER model.,"[{""name"": ""complaint_copy_CR-2026-DET-123.pdf"", ""size"": 154200}, {""name"": ""spot_mahazar_CR-2026-DET-123.pdf"", ""size"": 284100}]",demo,,,,c5a9a50e-8318-4207-adac-e17617800543,2026-08-29 12:45:07,2026-08-29 12:45:07
FIR-150/DET/2026,86161a59-57eb-4644-9bd0-1e5472e9177e,bf35b187-ebe7-4b59-8410-4293f883621a,State Complainant,,"IPC 420, IT Act 66D",2024-06-12 19:05:00,registered,Backend-seeded FIR for CR-2026-DET-051; derived from the Police FIR ER model.,"[{""name"": ""complaint_copy_CR-2026-DET-051.pdf"", ""size"": 154200}, {""name"": ""spot_mahazar_CR-2026-DET-051.pdf"", ""size"": 284100}]",demo,,,,c61c15dd-4446-4f65-b218-2accad6df845,2026-08-29 12:45:07,2026-08-29 12:45:07
FIR-241/DET/2026,2d16dbbc-5259-4655-807c-583e2ef6e199,f36f5a0e-c026-4c91-9ec4-02b25920283e,State Complainant,,"NDPS 21, 22",2025-03-08 04:15:00,registered,Backend-seeded FIR for CR-2026-DET-142; derived from the Police FIR ER model.,"[{""name"": ""complaint_copy_CR-2026-DET-142.pdf"", ""size"": 154200}, {""name"": ""spot_mahazar_CR-2026-DET-142.pdf"", ""size"": 284100}]",demo,,,,c6a615c9-f165-4c3e-8fbe-dee9bbb98340,2026-08-29 12:45:08,2026-08-29 12:45:08
FIR-123/KLB/2026,f498e3ed-f7ee-4d83-9a0d-0a1e6edac627,c01b3bfb-4c1b-4e70-bd24-9411fd4745f0,Ismail Nadaf,+91 98800 00029,MMDR Act 21,2026-08-21 07:45:00,registered,Backend-seeded FIR for CR-2026-KLB-002; derived from the Police FIR ER model.,"[{""name"": ""complaint_copy_CR-2026-KLB-002.pdf"", ""size"": 154200}, {""name"": ""spot_mahazar_CR-2026-KLB-002.pdf"", ""size"": 284100}]",demo,,,,c7a0d8a8-46c1-4184-ab4d-c3d7f9e8f9b1,2026-08-29 12:45:07,2026-08-29 12:45:07
FIR-314/DET/2026,867c4a68-08ca-4301-89ac-97e87ea54e1a,5121147d-f1ba-4bf4-9391-f5b7bb9124fb,State Complainant,,"IPC 379, 457",2025-10-17 05:35:00,registered,Backend-seeded FIR for CR-2026-DET-215; derived from the Police FIR ER model.,"[{""name"": ""complaint_copy_CR-2026-DET-215.pdf"", ""size"": 154200}, {""name"": ""spot_mahazar_CR-2026-DET-215.pdf"", ""size"": 284100}]",demo,,,,ca2cfb3c-4074-4f78-ab71-468f1c19e34b,2026-08-29 12:45:08,2026-08-29 12:45:08
FIR-601/SHG/2026,3d5d48c7-5acf-4071-9f1c-b0e5131df756,19ac4d07-7b48-4c0f-b27c-c36fdb9bf801,Arun Kumar,+91 98800 00038,MMDR Act 21,2026-08-13 05:05:00,registered,Backend-seeded FIR for CR-2026-SHG-001; derived from the Police FIR ER model.,"[{""name"": ""complaint_copy_CR-2026-SHG-001.pdf"", ""size"": 154200}, {""name"": ""spot_mahazar_CR-2026-SHG-001.pdf"", ""size"": 284100}]",demo,,,,ca665945-ca53-47d7-a3c4-7c6602d92dca,2026-08-29 12:45:07,2026-08-29 12:45:07
FIR-181/DET/2026,8b69f6f9-d0f8-4baa-8b11-f7c34519a4eb,5121147d-f1ba-4bf4-9391-f5b7bb9124fb,State Complainant,,"IPC 447, 506",2024-09-13 09:55:00,registered,Backend-seeded FIR for CR-2026-DET-082; derived from the Police FIR ER model.,"[{""name"": ""complaint_copy_CR-2026-DET-082.pdf"", ""size"": 154200}, {""name"": ""spot_mahazar_CR-2026-DET-082.pdf"", ""size"": 284100}]",demo,,,,cb2c9878-fa19-4515-97fc-995eeb953df1,2026-08-29 12:45:07,2026-08-29 12:45:07
FIR-244/DET/2026,af78b4d7-8868-43d5-b0de-a69fa644a598,f477b6e3-1f4a-46d7-a02e-bb78a32dd82b,Ismail Nadaf,+91 98800 00029,"IPC 420, IT Act 66D",2025-03-17 20:40:00,closed,Backend-seeded FIR for CR-2026-DET-145; derived from the Police FIR ER model.,"[{""name"": ""complaint_copy_CR-2026-DET-145.pdf"", ""size"": 154200}, {""name"": ""spot_mahazar_CR-2026-DET-145.pdf"", ""size"": 284100}]",demo,,,,cb8a938b-aeca-4a5b-b4ae-ab6a48a785d0,2026-08-29 12:45:08,2026-08-29 12:45:08
FIR-205/BLG/2026,300f0f43-7a03-411b-b872-dd00cbf9c141,31d37711-b1aa-44be-b8fd-c1a4355577d9,Bharat Hegde,+91 98800 00017,"IPC 379, 457",2026-08-14 03:30:00,registered,Backend-seeded FIR for CR-2026-BLG-002; derived from the Police FIR ER model.,"[{""name"": ""complaint_copy_CR-2026-BLG-002.pdf"", ""size"": 154200}, {""name"": ""spot_mahazar_CR-2026-BLG-002.pdf"", ""size"": 284100}]",demo,,,,cb9e17e6-e00f-47ed-b72b-3f8f57244cc1,2026-08-29 12:45:07,2026-08-29 12:45:07
FIR-210/DET/2026,43a741bf-613e-420a-bd4c-7783d03b0304,ca5236a4-32f9-4a78-8e38-29bb36d03874,Hema Malini,+91 98800 00023,"IPC 447, 506",2024-12-06 20:20:00,registered,Backend-seeded FIR for CR-2026-DET-111; derived from the Police FIR ER model.,"[{""name"": ""complaint_copy_CR-2026-DET-111.pdf"", ""size"": 154200}, {""name"": ""spot_mahazar_CR-2026-DET-111.pdf"", ""size"": 284100}]",demo,,,,cd8a1e8a-582a-4f7a-8487-0adba4a248c2,2026-08-29 12:45:07,2026-08-29 12:45:07
FIR-123/DET/2026,0d2222e9-9dc7-4723-b6af-1cd72129586b,314c456a-4c37-43b1-99a0-4b6239463b6f,Sarojini Bhat,+91 98800 00026,"IPC 379, 457",2024-03-24 03:20:00,registered,Backend-seeded FIR for CR-2026-DET-024; derived from the Police FIR ER model.,"[{""name"": ""complaint_copy_CR-2026-DET-024.pdf"", ""size"": 154200}, {""name"": ""spot_mahazar_CR-2026-DET-024.pdf"", ""size"": 284100}]",demo,,,,cdfa4108-1017-44a3-9a14-291389ff3926,2026-08-29 12:45:07,2026-08-29 12:45:07
FIR-388/DET/2026,7e0575ff-38a6-4530-adb1-3abbdf59260e,31d37711-b1aa-44be-b8fd-c1a4355577d9,Mahantesh Patil,+91 98800 00027,"IPC 447, 506",2026-05-25 18:25:00,registered,Backend-seeded FIR for CR-2026-DET-289; derived from the Police FIR ER model.,"[{""name"": ""complaint_copy_CR-2026-DET-289.pdf"", ""size"": 154200}, {""name"": ""spot_mahazar_CR-2026-DET-289.pdf"", ""size"": 284100}]",demo,,,,ce24e7e2-bc8d-4e80-b00e-a4bb65aac2f3,2026-08-29 12:45:08,2026-08-29 12:45:08
FIR-851/VJN/2026,fda38189-3bdb-46a3-b249-71427e089477,219a87ba-850b-48e5-8a33-2151a3337db0,State Complainant,,MMDR Act 21,2026-08-20 05:15:00,registered,Backend-seeded FIR for CR-2026-VJN-001; derived from the Police FIR ER model.,"[{""name"": ""complaint_copy_CR-2026-VJN-001.pdf"", ""size"": 154200}, {""name"": ""spot_mahazar_CR-2026-VJN-001.pdf"", ""size"": 284100}]",demo,,,,ce9c7095-ee1a-40de-9445-4e22f8eabe6f,2026-08-29 12:45:07,2026-08-29 12:45:07
FIR-299/DET/2026,ff68bd94-05d7-4cd9-85de-85bcbaed7af0,d90df2b2-c392-4aed-8af3-1024b8d7e0a0,State Complainant,,MMDR Act 21,2025-08-29 06:40:00,registered,Backend-seeded FIR for CR-2026-DET-200; derived from the Police FIR ER model.,"[{""name"": ""complaint_copy_CR-2026-DET-200.pdf"", ""size"": 154200}, {""name"": ""spot_mahazar_CR-2026-DET-200.pdf"", ""size"": 284100}]",demo,,,,cf066420-ebb4-46e5-981a-765f9fe712ad,2026-08-29 12:45:08,2026-08-29 12:45:08
FIR-318/DET/2026,4521b6ff-0fe6-4507-b957-0380fd411ffe,59c075bd-c5d7-48bc-b115-91f5b0d2cf7b,Gopal Krishna,+91 98800 00022,"IPC 323, 324",2025-10-27 22:10:00,registered,Backend-seeded FIR for CR-2026-DET-219; derived from the Police FIR ER model.,"[{""name"": ""complaint_copy_CR-2026-DET-219.pdf"", ""size"": 154200}, {""name"": ""spot_mahazar_CR-2026-DET-219.pdf"", ""size"": 284100}]",demo,,,,cf9d0a84-2e07-420a-bb66-65d0db7097c8,2026-08-29 12:45:08,2026-08-29 12:45:08
FIR-159/DET/2026,6f0ac6ad-fb12-482c-8d87-e10a9d53b3f2,a42d03ad-0de6-4b92-96ef-5ab3f60aff1e,State Complainant,,MMDR Act 21,2024-07-05 05:20:00,closed,Backend-seeded FIR for CR-2026-DET-060; derived from the Police FIR ER model.,"[{""name"": ""complaint_copy_CR-2026-DET-060.pdf"", ""size"": 154200}, {""name"": ""spot_mahazar_CR-2026-DET-060.pdf"", ""size"": 284100}]",demo,,,,d14da96b-746a-4c21-9505-f0f73f4ec4b0,2026-08-29 12:45:07,2026-08-29 12:45:07
FIR-250/DET/2026,d3c30489-7451-4036-b0c8-220e5ebb31e4,219a87ba-850b-48e5-8a33-2151a3337db0,Irfan Ahmed,+91 98800 00024,"IPC 447, 506",2025-04-08 20:40:00,closed,Backend-seeded FIR for CR-2026-DET-151; derived from the Police FIR ER model.,"[{""name"": ""complaint_copy_CR-2026-DET-151.pdf"", ""size"": 154200}, {""name"": ""spot_mahazar_CR-2026-DET-151.pdf"", ""size"": 284100}]",demo,,,,d19597ca-bd75-4f88-8674-09a9663f85d3,2026-08-29 12:45:08,2026-08-29 12:45:08
FIR-206/DET/2026,439da41d-8a87-4d9b-a501-c1b845b16ae5,f477b6e3-1f4a-46d7-a02e-bb78a32dd82b,Kavita Banakar,+91 98800 00028,Excise Act 32,2024-11-23 08:25:00,closed,Backend-seeded FIR for CR-2026-DET-107; derived from the Police FIR ER model.,"[{""name"": ""complaint_copy_CR-2026-DET-107.pdf"", ""size"": 154200}, {""name"": ""spot_mahazar_CR-2026-DET-107.pdf"", ""size"": 284100}]",demo,,,,d2831958-a453-4c4d-a263-5145d272a1b5,2026-08-29 12:45:07,2026-08-29 12:45:07
FIR-602/SHG/2026,3ddc3b2a-b02e-4391-9abb-157f70b670ae,19ac4d07-7b48-4c0f-b27c-c36fdb9bf801,State Complainant,,"IPC 420, IT Act 66D",2026-08-07 13:55:00,registered,Backend-seeded FIR for CR-2026-SHG-002; derived from the Police FIR ER model.,"[{""name"": ""complaint_copy_CR-2026-SHG-002.pdf"", ""size"": 154200}, {""name"": ""spot_mahazar_CR-2026-SHG-002.pdf"", ""size"": 284100}]",demo,,,,d2fde8c8-e028-47a4-a3cb-2178105f4d9c,2026-08-29 12:45:07,2026-08-29 12:45:07
FIR-852/VJN/2026,bd97266d-7b7a-4c3b-a1d3-954cbce5d01e,219a87ba-850b-48e5-8a33-2151a3337db0,State Complainant,,IPC 379,2026-08-09 02:15:00,registered,Backend-seeded FIR for CR-2026-VJN-002; derived from the Police FIR ER model.,"[{""name"": ""complaint_copy_CR-2026-VJN-002.pdf"", ""size"": 154200}, {""name"": ""spot_mahazar_CR-2026-VJN-002.pdf"", ""size"": 284100}]",demo,,,,d4695755-3f3b-44de-90d1-ac4d7b90fd8f,2026-08-29 12:45:07,2026-08-29 12:45:07
FIR-052/BNG/2026,104d2caa-241c-4d84-8754-de7b375d6f8e,643e99ee-2480-49cb-b1b0-23ff69b53493,K. S. Narayanan,+91 98800 00001,"IPC 419, IT Act 66C",2026-08-21 19:55:00,registered,Backend-seeded FIR for CR-2026-BNG-002; derived from the Police FIR ER model.,"[{""name"": ""complaint_copy_CR-2026-BNG-002.pdf"", ""size"": 154200}, {""name"": ""spot_mahazar_CR-2026-BNG-002.pdf"", ""size"": 284100}]",demo,,,,d4d5d505-4c41-4366-ab92-8f64a981c010,2026-08-29 12:45:07,2026-08-29 12:45:07
FIR-230/DET/2026,cd7d7548-f9bf-4a30-b08b-1578429670a8,5bbc94f3-51a0-47de-802a-dd4b4ccedab1,Eshwarappa,+91 98800 00020,"DV Act, IPC 498A",2025-02-07 01:00:00,registered,Backend-seeded FIR for CR-2026-DET-131; derived from the Police FIR ER model.,"[{""name"": ""complaint_copy_CR-2026-DET-131.pdf"", ""size"": 154200}, {""name"": ""spot_mahazar_CR-2026-DET-131.pdf"", ""size"": 284100}]",demo,,,,d4dba9fa-6595-49f7-b5d7-83ce51de3033,2026-08-29 12:45:07,2026-08-29 12:45:07
FIR-157/DET/2026,36b4aeec-60b5-46e7-ad34-357ba32499c6,8e38105b-15a3-48cb-8fe4-88a34542ccfa,Girijeshwar Rao,+91 98800 00015,"IPC 420, IT Act 66D",2024-07-01 13:35:00,registered,Backend-seeded FIR for CR-2026-DET-058; derived from the Police FIR ER model.,"[{""name"": ""complaint_copy_CR-2026-DET-058.pdf"", ""size"": 154200}, {""name"": ""spot_mahazar_CR-2026-DET-058.pdf"", ""size"": 284100}]",demo,,,,d5967e65-76a4-4a78-9922-6afe0605433a,2026-08-29 12:45:07,2026-08-29 12:45:07
FIR-361/DET/2026,4b494b74-1784-464a-9f68-872ca01fdb07,314c456a-4c37-43b1-99a0-4b6239463b6f,Eshwarappa,+91 98800 00020,"IPC 379, 457",2026-03-04 03:20:00,closed,Backend-seeded FIR for CR-2026-DET-262; derived from the Police FIR ER model.,"[{""name"": ""complaint_copy_CR-2026-DET-262.pdf"", ""size"": 154200}, {""name"": ""spot_mahazar_CR-2026-DET-262.pdf"", ""size"": 284100}]",demo,,,,d71bdbf8-839f-4413-aecb-1591e412c903,2026-08-29 12:45:08,2026-08-29 12:45:08
FIR-302/MND/2026,9a88a0ad-a2ac-424b-a4d2-f7ad76a84304,f36f5a0e-c026-4c91-9ec4-02b25920283e,State Complainant,,Excise Act 32,2026-08-09 05:05:00,registered,Backend-seeded FIR for CR-2026-MND-002; derived from the Police FIR ER model.,"[{""name"": ""complaint_copy_CR-2026-MND-002.pdf"", ""size"": 154200}, {""name"": ""spot_mahazar_CR-2026-MND-002.pdf"", ""size"": 284100}]",demo,,,,d75c3a2f-1276-459b-bfd1-f541d8df8ce0,2026-08-29 12:45:07,2026-08-29 12:45:07
FIR-322/DET/2026,5a49844a-e771-44c1-8e10-6dd146834f64,f4d572c8-e03b-4fe6-ac9e-c227c2dd9d4c,Manjula Devi,+91 98800 00036,"IPC 447, 506",2025-11-10 19:55:00,registered,Backend-seeded FIR for CR-2026-DET-223; derived from the Police FIR ER model.,"[{""name"": ""complaint_copy_CR-2026-DET-223.pdf"", ""size"": 154200}, {""name"": ""spot_mahazar_CR-2026-DET-223.pdf"", ""size"": 284100}]",demo,,,,d7d6cee8-0523-45ab-a7bd-9fad7541acdf,2026-08-29 12:45:08,2026-08-29 12:45:08
FIR-354/DET/2026,968a492b-8c08-484b-be53-e245f0d54f04,e44eac9d-cdbe-4431-b175-c6dd48feca28,Gopal Krishna,+91 98800 00022,"DV Act, IPC 498A",2026-02-10 23:25:00,closed,Backend-seeded FIR for CR-2026-DET-255; derived from the Police FIR ER model.,"[{""name"": ""complaint_copy_CR-2026-DET-255.pdf"", ""size"": 154200}, {""name"": ""spot_mahazar_CR-2026-DET-255.pdf"", ""size"": 284100}]",demo,,,,d9012c4c-112e-4e7a-be75-dc24725f63f5,2026-08-29 12:45:08,2026-08-29 12:45:08
FIR-122/KLB/2026,7c9faae7-56b8-4e72-bb86-48c80986d689,c01b3bfb-4c1b-4e70-bd24-9411fd4745f0,State Complainant,,"IPC 447, 506",2026-08-14 16:00:00,closed,Backend-seeded FIR for CR-2026-KLB-001; derived from the Police FIR ER model.,"[{""name"": ""complaint_copy_CR-2026-KLB-001.pdf"", ""size"": 154200}, {""name"": ""spot_mahazar_CR-2026-KLB-001.pdf"", ""size"": 284100}]",demo,,,,d99d28af-e95b-48a9-a906-b3a3429cfb3b,2026-08-29 12:45:07,2026-08-29 12:45:07
FIR-106/DET/2026,3339fd01-e192-4ded-b89e-5c23449a2387,643e99ee-2480-49cb-b1b0-23ff69b53493,Shashikala Devi,+91 98800 00034,Excise Act 32,2024-01-29 02:05:00,registered,Backend-seeded FIR for CR-2026-DET-007; derived from the Police FIR ER model.,"[{""name"": ""complaint_copy_CR-2026-DET-007.pdf"", ""size"": 154200}, {""name"": ""spot_mahazar_CR-2026-DET-007.pdf"", ""size"": 284100}]",demo,,,,d9a87d41-c4cd-470f-9281-ad87440dc111,2026-08-29 12:45:07,2026-08-29 12:45:07
FIR-054/BNG/2026,a9d3a055-8219-4e8c-9d9b-ad03bc6ffb57,643e99ee-2480-49cb-b1b0-23ff69b53493,Sunita Devi,+91 98800 00006,"IPC 420, IT Act 66D",2026-08-15 21:10:00,registered,Backend-seeded FIR for CR-2026-BNG-004; derived from the Police FIR ER model.,"[{""name"": ""complaint_copy_CR-2026-BNG-004.pdf"", ""size"": 154200}, {""name"": ""spot_mahazar_CR-2026-BNG-004.pdf"", ""size"": 284100}]",demo,,,,d9e04b0e-de7c-4f81-b7d9-bb514998025b,2026-08-29 12:45:07,2026-08-29 12:45:07
FIR-286/DET/2026,4aeb6527-1185-47a9-bce5-26e2bcc1bcc5,32ef8189-db8a-47c3-b687-3bf34a097b2b,State Complainant,,"IPC 420, IT Act 66D",2025-07-23 22:35:00,closed,Backend-seeded FIR for CR-2026-DET-187; derived from the Police FIR ER model.,"[{""name"": ""complaint_copy_CR-2026-DET-187.pdf"", ""size"": 154200}, {""name"": ""spot_mahazar_CR-2026-DET-187.pdf"", ""size"": 284100}]",demo,,,,daa9b36a-97d8-4f09-84bf-32d669ae1aae,2026-08-29 12:45:08,2026-08-29 12:45:08
FIR-180/DET/2026,cb525e2b-3ef9-4dc4-876f-271b395f55cf,5bbc94f3-51a0-47de-802a-dd4b4ccedab1,K. S. Narayanan,+91 98800 00001,MMDR Act 21,2024-09-09 05:15:00,closed,Backend-seeded FIR for CR-2026-DET-081; derived from the Police FIR ER model.,"[{""name"": ""complaint_copy_CR-2026-DET-081.pdf"", ""size"": 154200}, {""name"": ""spot_mahazar_CR-2026-DET-081.pdf"", ""size"": 284100}]",demo,,,,dd91492e-ea07-41c6-b080-63529ba95ba3,2026-08-29 12:45:07,2026-08-29 12:45:07
FIR-791/MYS/2026,543857ba-0012-40fb-b353-6f0722a2613e,6d399214-9acb-4a0b-98c8-ae0b2a17b775,Jyothi Lingegowda,+91 98800 00025,"IPC 420, IT Act 66D",2026-08-20 16:25:00,registered,Backend-seeded FIR for CR-2026-MYS-003; derived from the Police FIR ER model.,"[{""name"": ""complaint_copy_CR-2026-MYS-003.pdf"", ""size"": 154200}, {""name"": ""spot_mahazar_CR-2026-MYS-003.pdf"", ""size"": 284100}]",demo,,,,ddb368e5-5e2b-44ce-9620-61e328ce3176,2026-08-29 12:45:07,2026-08-29 12:45:07
FIR-323/DET/2026,6f05fc73-7ddf-4f3d-8462-d98c62b7bd64,bf35b187-ebe7-4b59-8410-4293f883621a,State Complainant,,Excise Act 32,2025-11-12 04:05:00,closed,Backend-seeded FIR for CR-2026-DET-224; derived from the Police FIR ER model.,"[{""name"": ""complaint_copy_CR-2026-DET-224.pdf"", ""size"": 154200}, {""name"": ""spot_mahazar_CR-2026-DET-224.pdf"", ""size"": 284100}]",demo,,,,ddc52207-261a-4dbd-ac69-408b60c8abfa,2026-08-29 12:45:08,2026-08-29 12:45:08
FIR-290/DET/2026,dd764888-d847-423f-bc86-9b2f19acb75b,a42d03ad-0de6-4b92-96ef-5ab3f60aff1e,Manjula Devi,+91 98800 00036,"IPC 447, 506",2025-08-05 12:55:00,registered,Backend-seeded FIR for CR-2026-DET-191; derived from the Police FIR ER model.,"[{""name"": ""complaint_copy_CR-2026-DET-191.pdf"", ""size"": 154200}, {""name"": ""spot_mahazar_CR-2026-DET-191.pdf"", ""size"": 284100}]",demo,,,,df478a5f-2626-4056-a80e-ddd4d65d59b4,2026-08-29 12:45:08,2026-08-29 12:45:08
FIR-155/DET/2026,48f8ed2c-ce1b-4021-884b-d73e071295c4,6d399214-9acb-4a0b-98c8-ae0b2a17b775,Padmavathi,+91 98800 00039,"IPC 323, 324",2024-06-23 13:25:00,closed,Backend-seeded FIR for CR-2026-DET-056; derived from the Police FIR ER model.,"[{""name"": ""complaint_copy_CR-2026-DET-056.pdf"", ""size"": 154200}, {""name"": ""spot_mahazar_CR-2026-DET-056.pdf"", ""size"": 284100}]",demo,,,,e127958f-203a-45ef-b795-29aacc585ec5,2026-08-29 12:45:07,2026-08-29 12:45:07
FIR-278/DET/2026,aee8d751-5384-4854-abe7-356c7d38c074,643e99ee-2480-49cb-b1b0-23ff69b53493,Sarojini Bhat,+91 98800 00026,Excise Act 32,2025-06-29 04:35:00,closed,Backend-seeded FIR for CR-2026-DET-179; derived from the Police FIR ER model.,"[{""name"": ""complaint_copy_CR-2026-DET-179.pdf"", ""size"": 154200}, {""name"": ""spot_mahazar_CR-2026-DET-179.pdf"", ""size"": 284100}]",demo,,,,e28d3b25-e405-4d6d-b9bc-4fd122572bd0,2026-08-29 12:45:08,2026-08-29 12:45:08
FIR-209/HSN/2026,8900e353-d4dd-4b14-9d4b-ac36327f8af7,d90df2b2-c392-4aed-8af3-1024b8d7e0a0,Ramesh Gowda,+91 98800 00033,"IPC 420, IT Act 66D",2026-08-19 21:20:00,registered,Backend-seeded FIR for CR-2026-HSN-002; derived from the Police FIR ER model.,"[{""name"": ""complaint_copy_CR-2026-HSN-002.pdf"", ""size"": 154200}, {""name"": ""spot_mahazar_CR-2026-HSN-002.pdf"", ""size"": 284100}]",demo,,,,e2fe5ac7-125f-4fb4-9e86-13ac54831ec6,2026-08-29 12:45:07,2026-08-29 12:45:07
FIR-105/DET/2026,27c7cce2-e904-4b01-a2ab-22cb39a67af8,c31cd5b1-71b1-4e9d-a06b-9fadde8f9e6f,State Complainant,,"IPC 379, 457",2024-01-28 04:40:00,registered,Backend-seeded FIR for CR-2026-DET-006; derived from the Police FIR ER model.,"[{""name"": ""complaint_copy_CR-2026-DET-006.pdf"", ""size"": 154200}, {""name"": ""spot_mahazar_CR-2026-DET-006.pdf"", ""size"": 284100}]",demo,,,,e30d8313-deae-457d-aa14-117e42b16a1c,2026-08-29 12:45:07,2026-08-29 12:45:07
FIR-236/DET/2026,fc6297c9-2143-4f21-be22-e298fcebd377,c31cd5b1-71b1-4e9d-a06b-9fadde8f9e6f,State Complainant,,"IPC 420, IT Act 66D",2025-02-22 13:45:00,registered,Backend-seeded FIR for CR-2026-DET-137; derived from the Police FIR ER model.,"[{""name"": ""complaint_copy_CR-2026-DET-137.pdf"", ""size"": 154200}, {""name"": ""spot_mahazar_CR-2026-DET-137.pdf"", ""size"": 284100}]",demo,,,,e6146d07-3616-4ad0-b71c-6e06b6c859d5,2026-08-29 12:45:07,2026-08-29 12:45:07
FIR-183/DET/2026,4b2e8ec6-f3a8-4449-8aa4-1a6f5587c41e,6d399214-9acb-4a0b-98c8-ae0b2a17b775,Fathima Begum,+91 98800 00008,"IPC 420, IT Act 66D",2024-09-19 18:20:00,closed,Backend-seeded FIR for CR-2026-DET-084; derived from the Police FIR ER model.,"[{""name"": ""complaint_copy_CR-2026-DET-084.pdf"", ""size"": 154200}, {""name"": ""spot_mahazar_CR-2026-DET-084.pdf"", ""size"": 284100}]",demo,,,,e64dbf86-e52c-4220-8b1e-e29d7b97d0aa,2026-08-29 12:45:07,2026-08-29 12:45:07
FIR-372/DET/2026,9fe6477f-a499-4e07-9862-f96059c28999,bf35b187-ebe7-4b59-8410-4293f883621a,State Complainant,,"IPC 379, 457",2026-04-09 01:15:00,registered,Backend-seeded FIR for CR-2026-DET-273; derived from the Police FIR ER model.,"[{""name"": ""complaint_copy_CR-2026-DET-273.pdf"", ""size"": 154200}, {""name"": ""spot_mahazar_CR-2026-DET-273.pdf"", ""size"": 284100}]",demo,,,,e7e2c027-7465-4010-8ff6-90d912fd004e,2026-08-29 12:45:08,2026-08-29 12:45:08
FIR-601/YDG/2026,009b99b2-c746-4ba7-b006-3df88e02f79f,27fea9ae-f398-4c45-a286-94af0bd08807,State Complainant,,"IPC 392, 397",2026-08-10 00:00:00,registered,Backend-seeded FIR for CR-2026-YDG-001; derived from the Police FIR ER model.,"[{""name"": ""complaint_copy_CR-2026-YDG-001.pdf"", ""size"": 154200}, {""name"": ""spot_mahazar_CR-2026-YDG-001.pdf"", ""size"": 284100}]",demo,,,,e7fd761f-2408-498f-aa18-2d43a9207d2c,2026-08-29 12:45:07,2026-08-29 12:45:07
FIR-370/DET/2026,c45182a5-de5f-4cf1-9018-fa511d65b60a,f477b6e3-1f4a-46d7-a02e-bb78a32dd82b,Dr. Vinay Murthy,+91 98800 00002,"IPC 379, 457",2026-04-02 22:55:00,registered,Backend-seeded FIR for CR-2026-DET-271; derived from the Police FIR ER model.,"[{""name"": ""complaint_copy_CR-2026-DET-271.pdf"", ""size"": 154200}, {""name"": ""spot_mahazar_CR-2026-DET-271.pdf"", ""size"": 284100}]",demo,,,,e8425c2c-5f19-4cd4-b94d-001995c45e26,2026-08-29 12:45:08,2026-08-29 12:45:08
FIR-399/DET/2026,72d921e4-e748-42fa-ae81-8d586a05b74b,cf8c9086-2c1f-460b-86ae-70194c545cf9,Ramesh Gowda,+91 98800 00033,"IPC 323, 324",2026-06-28 11:20:00,closed,Backend-seeded FIR for CR-2026-DET-300; derived from the Police FIR ER model.,"[{""name"": ""complaint_copy_CR-2026-DET-300.pdf"", ""size"": 154200}, {""name"": ""spot_mahazar_CR-2026-DET-300.pdf"", ""size"": 284100}]",demo,,,,e8d3f81b-0609-438c-aa75-e466c5241b91,2026-08-29 12:45:08,2026-08-29 12:45:08
FIR-332/DET/2026,e67e95d0-83d2-48f1-a371-cb6eff0670f7,c01b3bfb-4c1b-4e70-bd24-9411fd4745f0,Chitra K,+91 98800 00018,"IPC 447, 506",2025-12-09 19:45:00,registered,Backend-seeded FIR for CR-2026-DET-233; derived from the Police FIR ER model.,"[{""name"": ""complaint_copy_CR-2026-DET-233.pdf"", ""size"": 154200}, {""name"": ""spot_mahazar_CR-2026-DET-233.pdf"", ""size"": 284100}]",demo,,,,ea2689a8-e8f9-49e0-a0be-d4540d35687d,2026-08-29 12:45:08,2026-08-29 12:45:08
FIR-347/DET/2026,a6a751da-b91f-4820-a206-35d6fa32dc8c,19ac4d07-7b48-4c0f-b27c-c36fdb9bf801,State Complainant,,"IPC 420, IT Act 66D",2026-01-23 17:55:00,closed,Backend-seeded FIR for CR-2026-DET-248; derived from the Police FIR ER model.,"[{""name"": ""complaint_copy_CR-2026-DET-248.pdf"", ""size"": 154200}, {""name"": ""spot_mahazar_CR-2026-DET-248.pdf"", ""size"": 284100}]",demo,,,,eba1ca49-82a9-454f-b55e-80673c995750,2026-08-29 12:45:08,2026-08-29 12:45:08
FIR-134/DET/2026,b22a67ec-5456-4e7a-848f-bac6ea8409ea,5121147d-f1ba-4bf4-9391-f5b7bb9124fb,Kaveri Poojary,+91 98800 00037,"NDPS 21, 22",2024-04-23 22:40:00,registered,Backend-seeded FIR for CR-2026-DET-035; derived from the Police FIR ER model.,"[{""name"": ""complaint_copy_CR-2026-DET-035.pdf"", ""size"": 154200}, {""name"": ""spot_mahazar_CR-2026-DET-035.pdf"", ""size"": 284100}]",demo,,,,ec94f6cb-bd9f-472f-9c0e-9caac040c515,2026-08-29 12:45:07,2026-08-29 12:45:07
FIR-327/DET/2026,8a2c9fcc-d6a2-4cc4-87ac-031e622db58d,c01b3bfb-4c1b-4e70-bd24-9411fd4745f0,State Complainant,,"IPC 379, 457",2025-11-23 02:25:00,closed,Backend-seeded FIR for CR-2026-DET-228; derived from the Police FIR ER model.,"[{""name"": ""complaint_copy_CR-2026-DET-228.pdf"", ""size"": 154200}, {""name"": ""spot_mahazar_CR-2026-DET-228.pdf"", ""size"": 284100}]",demo,,,,ec9e997b-46fd-41fe-9548-e664f1368717,2026-08-29 12:45:08,2026-08-29 12:45:08
FIR-343/DET/2026,418e9816-4f54-4ab1-b70a-380e5cd6f363,4c15aede-a2ad-4322-bb3e-1264d9593b53,Mohan Krishna,+91 98800 00007,"DV Act, IPC 498A",2026-01-10 01:15:00,registered,Backend-seeded FIR for CR-2026-DET-244; derived from the Police FIR ER model.,"[{""name"": ""complaint_copy_CR-2026-DET-244.pdf"", ""size"": 154200}, {""name"": ""spot_mahazar_CR-2026-DET-244.pdf"", ""size"": 284100}]",demo,,,,ecfde32e-907e-4fac-9f67-69a3b72bc9cc,2026-08-29 12:45:08,2026-08-29 12:45:08
FIR-174/DET/2026,bed6105d-a151-43cc-b713-a3715c85b712,d90df2b2-c392-4aed-8af3-1024b8d7e0a0,Eshwarappa,+91 98800 00020,"NDPS 21, 22",2024-08-20 04:45:00,registered,Backend-seeded FIR for CR-2026-DET-075; derived from the Police FIR ER model.,"[{""name"": ""complaint_copy_CR-2026-DET-075.pdf"", ""size"": 154200}, {""name"": ""spot_mahazar_CR-2026-DET-075.pdf"", ""size"": 284100}]",demo,,,,eda29b25-6d44-48c8-8c94-9c01fd3c59c6,2026-08-29 12:45:07,2026-08-29 12:45:07
FIR-413/DET/2026,6709ce29-2e17-40f4-b707-3bf4c72279e0,19ac4d07-7b48-4c0f-b27c-c36fdb9bf801,Vasanth Kumar,+91 98800 00035,"DV Act, IPC 498A",2026-08-09 00:45:00,registered,Backend-seeded FIR for CR-2026-DET-314; derived from the Police FIR ER model.,"[{""name"": ""complaint_copy_CR-2026-DET-314.pdf"", ""size"": 154200}, {""name"": ""spot_mahazar_CR-2026-DET-314.pdf"", ""size"": 284100}]",demo,,,,ee603268-a970-42dc-9c83-a2e2dbb96d53,2026-08-29 12:45:08,2026-08-29 12:45:08
FIR-406/DET/2026,0061975f-241e-4ae3-b312-78d327b56cde,b19d0b00-458c-4d08-b530-342a4d4f368b,Jyothi Lingegowda,+91 98800 00025,"IPC 447, 506",2026-07-20 22:25:00,registered,Backend-seeded FIR for CR-2026-DET-307; derived from the Police FIR ER model.,"[{""name"": ""complaint_copy_CR-2026-DET-307.pdf"", ""size"": 154200}, {""name"": ""spot_mahazar_CR-2026-DET-307.pdf"", ""size"": 284100}]",demo,,,,ef7dc07c-117d-4cc0-ab44-eca561ec75e9,2026-08-29 12:45:08,2026-08-29 12:45:08
FIR-410/DET/2026,4ef85708-ef65-4357-ad83-7c3a1e0c0af7,c31cd5b1-71b1-4e9d-a06b-9fadde8f9e6f,Fathima Begum,+91 98800 00008,"DV Act, IPC 498A",2026-07-31 03:25:00,closed,Backend-seeded FIR for CR-2026-DET-311; derived from the Police FIR ER model.,"[{""name"": ""complaint_copy_CR-2026-DET-311.pdf"", ""size"": 154200}, {""name"": ""spot_mahazar_CR-2026-DET-311.pdf"", ""size"": 284100}]",demo,,,,efa71772-ebad-448c-840e-b9a6a4c3e96d,2026-08-29 12:45:08,2026-08-29 12:45:08
FIR-381/DET/2026,14e88047-1331-46de-9b4b-c47f45d0204b,cf8c9086-2c1f-460b-86ae-70194c545cf9,State Complainant,,Excise Act 32,2026-05-05 21:45:00,closed,Backend-seeded FIR for CR-2026-DET-282; derived from the Police FIR ER model.,"[{""name"": ""complaint_copy_CR-2026-DET-282.pdf"", ""size"": 154200}, {""name"": ""spot_mahazar_CR-2026-DET-282.pdf"", ""size"": 284100}]",demo,,,,f0936649-d866-4997-a759-206e844a0d1d,2026-08-29 12:45:08,2026-08-29 12:45:08
FIR-128/DET/2026,ece61a3e-de45-4d9a-ac70-ab2a42b6e42c,59c075bd-c5d7-48bc-b115-91f5b0d2cf7b,Ramesh Gowda,+91 98800 00033,"IPC 323, 324",2024-04-06 22:00:00,registered,Backend-seeded FIR for CR-2026-DET-029; derived from the Police FIR ER model.,"[{""name"": ""complaint_copy_CR-2026-DET-029.pdf"", ""size"": 154200}, {""name"": ""spot_mahazar_CR-2026-DET-029.pdf"", ""size"": 284100}]",demo,,,,f22ddc89-b41f-427a-8c03-43cb3a0c833c,2026-08-29 12:45:07,2026-08-29 12:45:07
FIR-132/DET/2026,a1e6f5c9-7041-4bc3-b9e2-b1542469509f,c01b3bfb-4c1b-4e70-bd24-9411fd4745f0,Dr. Vinay Murthy,+91 98800 00002,"NDPS 21, 22",2024-04-18 00:45:00,registered,Backend-seeded FIR for CR-2026-DET-033; derived from the Police FIR ER model.,"[{""name"": ""complaint_copy_CR-2026-DET-033.pdf"", ""size"": 154200}, {""name"": ""spot_mahazar_CR-2026-DET-033.pdf"", ""size"": 284100}]",demo,,,,f2599575-c0c8-4a2f-9b91-b17933b3b894,2026-08-29 12:45:07,2026-08-29 12:45:07
FIR-190/DET/2026,562887bc-fc12-4365-b5a8-4255c01fd4ac,643e99ee-2480-49cb-b1b0-23ff69b53493,State Complainant,,"IPC 323, 324",2024-10-08 11:45:00,registered,Backend-seeded FIR for CR-2026-DET-091; derived from the Police FIR ER model.,"[{""name"": ""complaint_copy_CR-2026-DET-091.pdf"", ""size"": 154200}, {""name"": ""spot_mahazar_CR-2026-DET-091.pdf"", ""size"": 284100}]",demo,,,,f45d7b03-ef22-4d18-9a93-74b9e6a60f4f,2026-08-29 12:45:07,2026-08-29 12:45:07
FIR-055/BNG/2026,6f86c7cb-a222-4e96-b851-c4c39e81a566,643e99ee-2480-49cb-b1b0-23ff69b53493,State Complainant,,"NDPS 21, 22",2026-08-18 04:10:00,registered,Backend-seeded FIR for CR-2026-BNG-005; derived from the Police FIR ER model.,"[{""name"": ""complaint_copy_CR-2026-BNG-005.pdf"", ""size"": 154200}, {""name"": ""spot_mahazar_CR-2026-BNG-005.pdf"", ""size"": 284100}]",demo,,,,f4cf0c90-d544-4edf-8174-e4f7f100a3d2,2026-08-29 12:45:07,2026-08-29 12:45:07
FIR-227/DET/2026,89411188-e3ec-4273-9021-6c4c8d8fd456,314c456a-4c37-43b1-99a0-4b6239463b6f,Eshwarappa,+91 98800 00020,MMDR Act 21,2025-01-26 10:00:00,registered,Backend-seeded FIR for CR-2026-DET-128; derived from the Police FIR ER model.,"[{""name"": ""complaint_copy_CR-2026-DET-128.pdf"", ""size"": 154200}, {""name"": ""spot_mahazar_CR-2026-DET-128.pdf"", ""size"": 284100}]",demo,,,,f57ba93b-c879-46e5-ab6e-c336f1a85c4c,2026-08-29 12:45:07,2026-08-29 12:45:07
FIR-149/DET/2026,5ca76092-c8d7-44d3-b4b8-372470b90ee0,c31cd5b1-71b1-4e9d-a06b-9fadde8f9e6f,Pradeep Naik,+91 98800 00013,MMDR Act 21,2024-06-07 09:50:00,registered,Backend-seeded FIR for CR-2026-DET-050; derived from the Police FIR ER model.,"[{""name"": ""complaint_copy_CR-2026-DET-050.pdf"", ""size"": 154200}, {""name"": ""spot_mahazar_CR-2026-DET-050.pdf"", ""size"": 284100}]",demo,,,,f5c174eb-78d3-4be6-9b91-479c60bb98d1,2026-08-29 12:45:07,2026-08-29 12:45:07
FIR-102/DET/2026,a731184f-93d6-40c0-8fd3-5688b379a177,31d37711-b1aa-44be-b8fd-c1a4355577d9,State Complainant,,"IPC 323, 324",2024-01-16 16:15:00,closed,Backend-seeded FIR for CR-2026-DET-003; derived from the Police FIR ER model.,"[{""name"": ""complaint_copy_CR-2026-DET-003.pdf"", ""size"": 154200}, {""name"": ""spot_mahazar_CR-2026-DET-003.pdf"", ""size"": 284100}]",demo,,,,f60af083-98c3-4919-ab51-e71e0ecb74ea,2026-08-29 12:45:07,2026-08-29 12:45:07
FIR-233/DET/2026,8d8effd6-7045-4ee8-989c-036db6be4ea3,f36f5a0e-c026-4c91-9ec4-02b25920283e,Gopal Krishna,+91 98800 00022,Excise Act 32,2025-02-14 08:25:00,registered,Backend-seeded FIR for CR-2026-DET-134; derived from the Police FIR ER model.,"[{""name"": ""complaint_copy_CR-2026-DET-134.pdf"", ""size"": 154200}, {""name"": ""spot_mahazar_CR-2026-DET-134.pdf"", ""size"": 284100}]",demo,,,,f60b7670-2e6a-498e-b90f-6290c53c2f1d,2026-08-29 12:45:07,2026-08-29 12:45:07
FIR-239/DET/2026,84ba8e8c-cb5b-4a19-bc72-4e1ea49d6c2e,bf35b187-ebe7-4b59-8410-4293f883621a,Vasanth Kumar,+91 98800 00035,"IPC 447, 506",2025-03-03 22:55:00,registered,Backend-seeded FIR for CR-2026-DET-140; derived from the Police FIR ER model.,"[{""name"": ""complaint_copy_CR-2026-DET-140.pdf"", ""size"": 154200}, {""name"": ""spot_mahazar_CR-2026-DET-140.pdf"", ""size"": 284100}]",demo,,,,f62908f5-cfb5-480e-b0d0-75300bb57b19,2026-08-29 12:45:07,2026-08-29 12:45:07
FIR-207/DET/2026,c1ba78d0-13da-475b-809b-574932e46ee4,5121147d-f1ba-4bf4-9391-f5b7bb9124fb,State Complainant,,"IPC 420, IT Act 66D",2024-11-26 19:55:00,registered,Backend-seeded FIR for CR-2026-DET-108; derived from the Police FIR ER model.,"[{""name"": ""complaint_copy_CR-2026-DET-108.pdf"", ""size"": 154200}, {""name"": ""spot_mahazar_CR-2026-DET-108.pdf"", ""size"": 284100}]",demo,,,,f62d87a7-6a50-48ff-ba9a-44020e1c2dfa,2026-08-29 12:45:07,2026-08-29 12:45:07
FIR-789/MYS/2026,31612598-9f3d-4032-a2d1-4dde33b5ff73,6d399214-9acb-4a0b-98c8-ae0b2a17b775,Dr. Vinay Murthy,+91 98800 00002,"IPC 379, 457",2026-08-23 02:50:00,registered,Backend-seeded FIR for CR-2026-MYS-001; derived from the Police FIR ER model.,"[{""name"": ""complaint_copy_CR-2026-MYS-001.pdf"", ""size"": 154200}, {""name"": ""spot_mahazar_CR-2026-MYS-001.pdf"", ""size"": 284100}]",demo,,,,f63ad945-662e-443f-aeb9-f9cd92216ec2,2026-08-29 12:45:07,2026-08-29 12:45:07
FIR-702/BDR/2026,aabf2b87-b00f-4c70-a5a0-23f28b027fed,2fd383db-cd0b-4cca-9161-74533c0a3647,State Complainant,,"IPC 323, 147",2026-07-30 14:45:00,closed,Backend-seeded FIR for CR-2026-BDR-002; derived from the Police FIR ER model.,"[{""name"": ""complaint_copy_CR-2026-BDR-002.pdf"", ""size"": 154200}, {""name"": ""spot_mahazar_CR-2026-BDR-002.pdf"", ""size"": 284100}]",demo,,,,f649a868-fcc7-41a2-bfe7-967838b49d1f,2026-08-29 12:45:07,2026-08-29 12:45:07
FIR-100/DET/2026,85480888-3872-402c-b20c-82cfb9837fde,35ec4bb7-90e0-43a2-9e8a-289e1339f1a0,Rajesh Kharvi,+91 98800 00041,"IPC 420, IT Act 66D",2024-01-14 14:00:00,registered,Backend-seeded FIR for CR-2026-DET-001; derived from the Police FIR ER model.,"[{""name"": ""complaint_copy_CR-2026-DET-001.pdf"", ""size"": 154200}, {""name"": ""spot_mahazar_CR-2026-DET-001.pdf"", ""size"": 284100}]",demo,,,,f829b077-efcf-4a06-9815-672f91123049,2026-08-29 12:45:07,2026-08-29 12:45:07
FIR-414/DET/2026,48ca3932-5a03-453e-a977-ef714179601a,643e99ee-2480-49cb-b1b0-23ff69b53493,State Complainant,,"NDPS 21, 22",2026-08-11 23:55:00,registered,Backend-seeded FIR for CR-2026-DET-315; derived from the Police FIR ER model.,"[{""name"": ""complaint_copy_CR-2026-DET-315.pdf"", ""size"": 154200}, {""name"": ""spot_mahazar_CR-2026-DET-315.pdf"", ""size"": 284100}]",demo,,,,f83976a8-fcbf-476d-b5d0-b41894b353c8,2026-08-29 12:45:08,2026-08-29 12:45:08
FIR-186/DET/2026,0e366b40-5de8-4aa8-89ab-739df17e3b28,f36f5a0e-c026-4c91-9ec4-02b25920283e,Dr. Vinay Murthy,+91 98800 00002,"IPC 447, 506",2024-09-26 19:55:00,registered,Backend-seeded FIR for CR-2026-DET-087; derived from the Police FIR ER model.,"[{""name"": ""complaint_copy_CR-2026-DET-087.pdf"", ""size"": 154200}, {""name"": ""spot_mahazar_CR-2026-DET-087.pdf"", ""size"": 284100}]",demo,,,,f8a51510-0107-4a1c-9af0-1e625189b0bb,2026-08-29 12:45:07,2026-08-29 12:45:07
FIR-117/DET/2026,d2707903-2037-4788-9db7-292b24c1a317,bf35b187-ebe7-4b59-8410-4293f883621a,State Complainant,,"IPC 447, 506",2024-03-02 03:05:00,closed,Backend-seeded FIR for CR-2026-DET-018; derived from the Police FIR ER model.,"[{""name"": ""complaint_copy_CR-2026-DET-018.pdf"", ""size"": 154200}, {""name"": ""spot_mahazar_CR-2026-DET-018.pdf"", ""size"": 284100}]",demo,,,,f8b82948-83e9-4651-b735-9fef6afc08cd,2026-08-29 12:45:07,2026-08-29 12:45:07
FIR-158/DET/2026,49137ef0-5a6e-4655-978a-1ceb29fc1f9a,32ef8189-db8a-47c3-b687-3bf34a097b2b,Irfan Ahmed,+91 98800 00024,"IPC 323, 324",2024-07-06 14:20:00,registered,Backend-seeded FIR for CR-2026-DET-059; derived from the Police FIR ER model.,"[{""name"": ""complaint_copy_CR-2026-DET-059.pdf"", ""size"": 154200}, {""name"": ""spot_mahazar_CR-2026-DET-059.pdf"", ""size"": 284100}]",demo,,,,f8ba79dc-a880-4fc1-a054-2664107953bf,2026-08-29 12:45:07,2026-08-29 12:45:07
FIR-188/DET/2026,63824aa9-48d6-48ed-bba0-fe8189236d8f,643e99ee-2480-49cb-b1b0-23ff69b53493,Ismail Nadaf,+91 98800 00029,Excise Act 32,2024-10-03 02:45:00,closed,Backend-seeded FIR for CR-2026-DET-089; derived from the Police FIR ER model.,"[{""name"": ""complaint_copy_CR-2026-DET-089.pdf"", ""size"": 154200}, {""name"": ""spot_mahazar_CR-2026-DET-089.pdf"", ""size"": 284100}]",demo,,,,f980f238-e230-41cb-9409-e41a9a121564,2026-08-29 12:45:07,2026-08-29 12:45:07
FIR-309/DET/2026,f2f09272-8a21-4522-9c77-7e8b51b36cce,314c456a-4c37-43b1-99a0-4b6239463b6f,State Complainant,,"IPC 420, IT Act 66D",2025-09-28 15:20:00,registered,Backend-seeded FIR for CR-2026-DET-210; derived from the Police FIR ER model.,"[{""name"": ""complaint_copy_CR-2026-DET-210.pdf"", ""size"": 154200}, {""name"": ""spot_mahazar_CR-2026-DET-210.pdf"", ""size"": 284100}]",demo,,,,f9e750b8-5307-433c-991e-2824c58ae792,2026-08-29 12:45:08,2026-08-29 12:45:08
FIR-111/DET/2026,3aa0053c-30fb-479a-aaf9-c1d27e7eb317,219a87ba-850b-48e5-8a33-2151a3337db0,Suma B,+91 98800 00014,"NDPS 21, 22",2024-02-13 22:00:00,registered,Backend-seeded FIR for CR-2026-DET-012; derived from the Police FIR ER model.,"[{""name"": ""complaint_copy_CR-2026-DET-012.pdf"", ""size"": 154200}, {""name"": ""spot_mahazar_CR-2026-DET-012.pdf"", ""size"": 284100}]",demo,,,,fa0005e3-63e3-4f65-b611-9ee396f5e934,2026-08-29 12:45:07,2026-08-29 12:45:07
FIR-116/DET/2026,b0b63b06-4410-4332-8905-00c7167b4713,c64ed64b-cdd0-4f79-9a2a-f2df9ce61320,State Complainant,,Excise Act 32,2024-03-03 00:20:00,registered,Backend-seeded FIR for CR-2026-DET-017; derived from the Police FIR ER model.,"[{""name"": ""complaint_copy_CR-2026-DET-017.pdf"", ""size"": 154200}, {""name"": ""spot_mahazar_CR-2026-DET-017.pdf"", ""size"": 284100}]",demo,,,,fb32cfae-aed0-45f5-a78c-84cffaa25c5e,2026-08-29 12:45:07,2026-08-29 12:45:07
FIR-262/DET/2026,8cf71d0e-5390-408c-afc0-d35b0f916f03,6d399214-9acb-4a0b-98c8-ae0b2a17b775,State Complainant,,MMDR Act 21,2025-05-11 04:35:00,closed,Backend-seeded FIR for CR-2026-DET-163; derived from the Police FIR ER model.,"[{""name"": ""complaint_copy_CR-2026-DET-163.pdf"", ""size"": 154200}, {""name"": ""spot_mahazar_CR-2026-DET-163.pdf"", ""size"": 284100}]",demo,,,,fb8b03a0-b73b-48ce-aaf8-6a772b320813,2026-08-29 12:45:08,2026-08-29 12:45:08
FIR-204/BLG/2026,c334a8a4-988d-4354-9c14-39c5ea7a4c54,31d37711-b1aa-44be-b8fd-c1a4355577d9,Prakash Jain,+91 98800 00004,Excise Act 32,2026-08-19 21:55:00,registered,Backend-seeded FIR for CR-2026-BLG-001; derived from the Police FIR ER model.,"[{""name"": ""complaint_copy_CR-2026-BLG-001.pdf"", ""size"": 154200}, {""name"": ""spot_mahazar_CR-2026-BLG-001.pdf"", ""size"": 284100}]",demo,,,,fbf13e45-72da-48b2-945a-982beef533ca,2026-08-29 12:45:07,2026-08-29 12:45:07
FIR-802/RCR/2026,18588e5e-9a47-4026-9420-d42729daad8a,4c15aede-a2ad-4322-bb3e-1264d9593b53,State Complainant,,"IPC 447, 468, 506",2026-08-04 18:20:00,registered,Backend-seeded FIR for CR-2026-RCR-002; derived from the Police FIR ER model.,"[{""name"": ""complaint_copy_CR-2026-RCR-002.pdf"", ""size"": 154200}, {""name"": ""spot_mahazar_CR-2026-RCR-002.pdf"", ""size"": 284100}]",demo,,,,fc265985-89ca-4439-91e5-1c7bfd4ad4d6,2026-08-29 12:45:07,2026-08-29 12:45:07
FIR-308/DET/2026,38bd8253-f622-46b3-b108-f2fac229ad72,c64ed64b-cdd0-4f79-9a2a-f2df9ce61320,Vasanth Kumar,+91 98800 00035,"IPC 447, 506",2025-09-25 19:55:00,closed,Backend-seeded FIR for CR-2026-DET-209; derived from the Police FIR ER model.,"[{""name"": ""complaint_copy_CR-2026-DET-209.pdf"", ""size"": 154200}, {""name"": ""spot_mahazar_CR-2026-DET-209.pdf"", ""size"": 284100}]",demo,,,,fc64e9e6-4e1d-43f5-8130-254d5c7bbedc,2026-08-29 12:45:08,2026-08-29 12:45:08
FIR-113/DET/2026,3b88028e-efad-4691-87bd-d46b81e1c349,b9af6e21-ff39-4174-bce7-d4fcdcfc9a9d,Irfan Ahmed,+91 98800 00024,"IPC 379, 457",2024-02-21 05:50:00,closed,Backend-seeded FIR for CR-2026-DET-014; derived from the Police FIR ER model.,"[{""name"": ""complaint_copy_CR-2026-DET-014.pdf"", ""size"": 154200}, {""name"": ""spot_mahazar_CR-2026-DET-014.pdf"", ""size"": 284100}]",demo,,,,fd451e5c-3295-407a-a3d6-e5f9ed1c327b,2026-08-29 12:45:07,2026-08-29 12:45:07
FIR-171/DET/2026,236471e0-9aac-4fa6-ad52-7c2f44a3f9ca,35ec4bb7-90e0-43a2-9e8a-289e1339f1a0,Mahantesh Patil,+91 98800 00027,"NDPS 21, 22",2024-08-13 00:35:00,closed,Backend-seeded FIR for CR-2026-DET-072; derived from the Police FIR ER model.,"[{""name"": ""complaint_copy_CR-2026-DET-072.pdf"", ""size"": 154200}, {""name"": ""spot_mahazar_CR-2026-DET-072.pdf"", ""size"": 284100}]",demo,,,,fd9aa433-32c7-4dd4-a8ab-4b2f0b7c6e9e,2026-08-29 12:45:07,2026-08-29 12:45:07
FIR-122/DET/2026,9af383fb-d75d-4d5e-ac70-84dc15a9fc12,cf8c9086-2c1f-460b-86ae-70194c545cf9,Sunita Devi,+91 98800 00006,"IPC 420, IT Act 66D",2024-03-16 19:25:00,registered,Backend-seeded FIR for CR-2026-DET-023; derived from the Police FIR ER model.,"[{""name"": ""complaint_copy_CR-2026-DET-023.pdf"", ""size"": 154200}, {""name"": ""spot_mahazar_CR-2026-DET-023.pdf"", ""size"": 284100}]",demo,,,,fdb5efe8-7d5a-4abd-b433-19ab50c55d93,2026-08-29 12:45:07,2026-08-29 12:45:07
FIR-221/DET/2026,657d9afd-d7c1-48ff-a48c-2ef7f3e2d52c,e44eac9d-cdbe-4431-b175-c6dd48feca28,State Complainant,,"NDPS 21, 22",2025-01-08 22:35:00,registered,Backend-seeded FIR for CR-2026-DET-122; derived from the Police FIR ER model.,"[{""name"": ""complaint_copy_CR-2026-DET-122.pdf"", ""size"": 154200}, {""name"": ""spot_mahazar_CR-2026-DET-122.pdf"", ""size"": 284100}]",demo,,,,fdcc7bf5-14ff-4296-86a7-b6d38b428e64,2026-08-29 12:45:07,2026-08-29 12:45:07
FIR-356/DET/2026,b79d5e0b-0a43-42e6-ae74-e8e5e1d5640c,35ec4bb7-90e0-43a2-9e8a-289e1339f1a0,State Complainant,,"NDPS 21, 22",2026-02-20 04:45:00,registered,Backend-seeded FIR for CR-2026-DET-257; derived from the Police FIR ER model.,"[{""name"": ""complaint_copy_CR-2026-DET-257.pdf"", ""size"": 154200}, {""name"": ""spot_mahazar_CR-2026-DET-257.pdf"", ""size"": 284100}]",demo,,,,fe035761-2dee-4747-bc6d-f69a7740e4ca,2026-08-29 12:45:08,2026-08-29 12:45:08
FIR-272/DET/2026,c903f87d-df4a-449f-aeb0-0ae073728cd4,32ef8189-db8a-47c3-b687-3bf34a097b2b,Rajesh Kharvi,+91 98800 00041,"IPC 447, 506",2025-06-11 17:40:00,registered,Backend-seeded FIR for CR-2026-DET-173; derived from the Police FIR ER model.,"[{""name"": ""complaint_copy_CR-2026-DET-173.pdf"", ""size"": 154200}, {""name"": ""spot_mahazar_CR-2026-DET-173.pdf"", ""size"": 284100}]",demo,,,,fe4a7eb9-b5cf-4ea2-a503-8636087d579e,2026-08-29 12:45:08,2026-08-29 12:45:08
FIR-790/MYS/2026,8ef3f28f-fb5b-40ac-9f29-df82186fb78c,6d399214-9acb-4a0b-98c8-ae0b2a17b775,Dr. Vinay Murthy,+91 98800 00002,IPC 380,2026-08-11 05:15:00,closed,Backend-seeded FIR for CR-2026-MYS-002; derived from the Police FIR ER model.,"[{""name"": ""complaint_copy_CR-2026-MYS-002.pdf"", ""size"": 154200}, {""name"": ""spot_mahazar_CR-2026-MYS-002.pdf"", ""size"": 284100}]",demo,,,,ff73a8f8-e4a8-4ae2-b220-b3ccf79a4682,2026-08-29 12:45:07,2026-08-29 12:45:07
